solid OpenSCAD_Model
  facet normal 0.0490565 -0.998796 0
    outer loop
      vertex 90.4 0 0
      vertex 90.9881 0.0288849 22
      vertex 90.4 0 22
    endloop
  endfacet
  facet normal 0.0490565 -0.998796 0
    outer loop
      vertex 90.9881 0.0288849 22
      vertex 90.4 0 0
      vertex 90.9881 0.0288849 0
    endloop
  endfacet
  facet normal 0.97 0.243104 -0
    outer loop
      vertex 96.2523 56.7 6.6
      vertex 96.1416 57.1417 22
      vertex 96.2523 56.7 22
    endloop
  endfacet
  facet normal 0.97 0.243104 0
    outer loop
      vertex 96.1416 57.1417 22
      vertex 96.2523 56.7 6.6
      vertex 96.1416 57.1417 0
    endloop
  endfacet
  facet normal 0.970098 0.242712 -0
    outer loop
      vertex 96.2847 56.5705 0
      vertex 96.2523 56.7 6.6
      vertex 96.2847 56.5705 6.6
    endloop
  endfacet
  facet normal 0.970023 0.243015 -6.322e-06
    outer loop
      vertex 96.2523 56.7 6.6
      vertex 96.2847 56.5705 0
      vertex 96.1416 57.1417 0
    endloop
  endfacet
  facet normal -0.595695 -0.80321 0
    outer loop
      vertex 2.19363 1.36194 0
      vertex 2.66658 1.01118 22
      vertex 2.19363 1.36194 22
    endloop
  endfacet
  facet normal -0.595695 -0.80321 -0
    outer loop
      vertex 2.66658 1.01118 22
      vertex 2.19363 1.36194 0
      vertex 2.66658 1.01118 0
    endloop
  endfacet
  facet normal -0.14675 -0.989174 0
    outer loop
      vertex 4.82945 0.115295 0
      vertex 5.4119 0.0288849 22
      vertex 4.82945 0.115295 22
    endloop
  endfacet
  facet normal -0.14675 -0.989174 -0
    outer loop
      vertex 5.4119 0.0288849 22
      vertex 4.82945 0.115295 0
      vertex 5.4119 0.0288849 0
    endloop
  endfacet
  facet normal 0 -1 0
    outer loop
      vertex 32.2 0 18.5
      vertex 64.2 0 20.3
      vertex 32.2 0 20.3
    endloop
  endfacet
  facet normal 0 -1 -0
    outer loop
      vertex 64.2 0 20.3
      vertex 32.2 0 18.5
      vertex 64.2 0 18.5
    endloop
  endfacet
  facet normal 0 -1 0
    outer loop
      vertex 32.2 0 20.3
      vertex 6 0 22
      vertex 23.2 0 20.3
    endloop
  endfacet
  facet normal 0 -1 0
    outer loop
      vertex 8.7 0 16.1
      vertex 23.2 0 20.3
      vertex 6 0 22
    endloop
  endfacet
  facet normal 0 -1 0
    outer loop
      vertex 8.7 0 16.1
      vertex 32.2 0 18.5
      vertex 23.2 0 18.5
    endloop
  endfacet
  facet normal 0 -1 -0
    outer loop
      vertex 32.2 0 18.5
      vertex 8.7 0 16.1
      vertex 64.2 0 18.5
    endloop
  endfacet
  facet normal 0 -1 0
    outer loop
      vertex 87.7 0 16.1
      vertex 64.2 0 18.5
      vertex 8.7 0 16.1
    endloop
  endfacet
  facet normal 0 -1 -0
    outer loop
      vertex 23.2 0 20.3
      vertex 8.7 0 16.1
      vertex 23.2 0 18.5
    endloop
  endfacet
  facet normal 0 -1 0
    outer loop
      vertex 6 0 22
      vertex 8.7 0 6.8
      vertex 8.7 0 16.1
    endloop
  endfacet
  facet normal 0 -1 -0
    outer loop
      vertex 8.7 0 6.8
      vertex 6 0 0
      vertex 87.7 0 6.8
    endloop
  endfacet
  facet normal 0 -1 0
    outer loop
      vertex 6 0 0
      vertex 8.7 0 6.8
      vertex 6 0 22
    endloop
  endfacet
  facet normal 0 -1 0
    outer loop
      vertex 6 0 22
      vertex 32.2 0 20.3
      vertex 90.4 0 22
    endloop
  endfacet
  facet normal 0 -1 0
    outer loop
      vertex 64.2 0 20.3
      vertex 90.4 0 22
      vertex 32.2 0 20.3
    endloop
  endfacet
  facet normal 0 -1 0
    outer loop
      vertex 73.2 0 20.3
      vertex 90.4 0 22
      vertex 64.2 0 20.3
    endloop
  endfacet
  facet normal 0 -1 0
    outer loop
      vertex 87.7 0 16.1
      vertex 73.2 0 20.3
      vertex 73.2 0 18.5
    endloop
  endfacet
  facet normal 0 -1 0
    outer loop
      vertex 64.2 0 18.5
      vertex 87.7 0 16.1
      vertex 73.2 0 18.5
    endloop
  endfacet
  facet normal 0 -1 0
    outer loop
      vertex 73.2 0 20.3
      vertex 87.7 0 16.1
      vertex 90.4 0 22
    endloop
  endfacet
  facet normal 0 -1 0
    outer loop
      vertex 87.7 0 6.8
      vertex 90.4 0 22
      vertex 87.7 0 16.1
    endloop
  endfacet
  facet normal 0 -1 0
    outer loop
      vertex 87.7 0 6.8
      vertex 90.4 0 0
      vertex 90.4 0 22
    endloop
  endfacet
  facet normal 0 -1 0
    outer loop
      vertex 90.4 0 0
      vertex 87.7 0 6.8
      vertex 6 0 0
    endloop
  endfacet
  facet normal 0 1 -0
    outer loop
      vertex 29.2 61.4 8
      vertex 26.7 61.4 16
      vertex 29.2 61.4 16
    endloop
  endfacet
  facet normal 0 1 0
    outer loop
      vertex 26.7 61.4 16
      vertex 29.2 61.4 8
      vertex 26.7 61.4 8
    endloop
  endfacet
  facet normal 0 1 -0
    outer loop
      vertex 33.7 61.4 8
      vertex 31.2 61.4 16
      vertex 33.7 61.4 16
    endloop
  endfacet
  facet normal 0 1 0
    outer loop
      vertex 31.2 61.4 16
      vertex 33.7 61.4 8
      vertex 31.2 61.4 8
    endloop
  endfacet
  facet normal 0 1 -0
    outer loop
      vertex 38.2 61.4 8
      vertex 35.7 61.4 16
      vertex 38.2 61.4 16
    endloop
  endfacet
  facet normal 0 1 0
    outer loop
      vertex 35.7 61.4 16
      vertex 38.2 61.4 8
      vertex 35.7 61.4 8
    endloop
  endfacet
  facet normal 0 1 -0
    outer loop
      vertex 42.7 61.4 8
      vertex 40.2 61.4 16
      vertex 42.7 61.4 16
    endloop
  endfacet
  facet normal 0 1 0
    outer loop
      vertex 40.2 61.4 16
      vertex 42.7 61.4 8
      vertex 40.2 61.4 8
    endloop
  endfacet
  facet normal 0 1 -0
    outer loop
      vertex 47.2 61.4 8
      vertex 44.7 61.4 16
      vertex 47.2 61.4 16
    endloop
  endfacet
  facet normal 0 1 0
    outer loop
      vertex 44.7 61.4 16
      vertex 47.2 61.4 8
      vertex 44.7 61.4 8
    endloop
  endfacet
  facet normal 0 1 -0
    outer loop
      vertex 51.7 61.4 8
      vertex 49.2 61.4 16
      vertex 51.7 61.4 16
    endloop
  endfacet
  facet normal 0 1 0
    outer loop
      vertex 49.2 61.4 16
      vertex 51.7 61.4 8
      vertex 49.2 61.4 8
    endloop
  endfacet
  facet normal 0 1 -0
    outer loop
      vertex 56.2 61.4 8
      vertex 53.7 61.4 16
      vertex 56.2 61.4 16
    endloop
  endfacet
  facet normal 0 1 0
    outer loop
      vertex 53.7 61.4 16
      vertex 56.2 61.4 8
      vertex 53.7 61.4 8
    endloop
  endfacet
  facet normal 0 1 -0
    outer loop
      vertex 60.7 61.4 8
      vertex 58.2 61.4 16
      vertex 60.7 61.4 16
    endloop
  endfacet
  facet normal 0 1 0
    outer loop
      vertex 58.2 61.4 16
      vertex 60.7 61.4 8
      vertex 58.2 61.4 8
    endloop
  endfacet
  facet normal 0 1 -0
    outer loop
      vertex 65.2 61.4 8
      vertex 62.7 61.4 16
      vertex 65.2 61.4 16
    endloop
  endfacet
  facet normal 0 1 0
    outer loop
      vertex 62.7 61.4 16
      vertex 65.2 61.4 8
      vertex 62.7 61.4 8
    endloop
  endfacet
  facet normal 0 1 -0
    outer loop
      vertex 69.7 61.4 8
      vertex 67.2 61.4 16
      vertex 69.7 61.4 16
    endloop
  endfacet
  facet normal 0 1 0
    outer loop
      vertex 67.2 61.4 16
      vertex 69.7 61.4 8
      vertex 67.2 61.4 8
    endloop
  endfacet
  facet normal 0 1 -0
    outer loop
      vertex 74.2 61.4 8
      vertex 71.7 61.4 16
      vertex 74.2 61.4 16
    endloop
  endfacet
  facet normal 0 1 0
    outer loop
      vertex 71.7 61.4 16
      vertex 74.2 61.4 8
      vertex 71.7 61.4 8
    endloop
  endfacet
  facet normal 0 1 0
    outer loop
      vertex 60.7 61.4 16
      vertex 64.2 61.4 20.3
      vertex 64.2 61.4 18.5
    endloop
  endfacet
  facet normal 0 1 0
    outer loop
      vertex 64.2 61.4 20.3
      vertex 49.2 61.4 16
      vertex 32.2 61.4 20.3
    endloop
  endfacet
  facet normal 0 1 0
    outer loop
      vertex 64.2 61.4 20.3
      vertex 90.4 61.4 22
      vertex 73.2 61.4 20.3
    endloop
  endfacet
  facet normal 0 1 -0
    outer loop
      vertex 76.2 61.4 16
      vertex 73.2 61.4 20.3
      vertex 90.4 61.4 22
    endloop
  endfacet
  facet normal 0 1 -0
    outer loop
      vertex 69.7 61.4 16
      vertex 64.2 61.4 18.5
      vertex 73.2 61.4 18.5
    endloop
  endfacet
  facet normal 0 1 0
    outer loop
      vertex 64.2 61.4 20.3
      vertex 51.7 61.4 16
      vertex 49.2 61.4 16
    endloop
  endfacet
  facet normal 0 1 -0
    outer loop
      vertex 74.2 61.4 16
      vertex 73.2 61.4 18.5
      vertex 76.2 61.4 16
    endloop
  endfacet
  facet normal 0 1 0
    outer loop
      vertex 73.2 61.4 20.3
      vertex 76.2 61.4 16
      vertex 73.2 61.4 18.5
    endloop
  endfacet
  facet normal 0 1 0
    outer loop
      vertex 90.4 61.4 22
      vertex 76.2 61.4 8
      vertex 76.2 61.4 16
    endloop
  endfacet
  facet normal 0 1 0
    outer loop
      vertex 90.4 61.4 0
      vertex 74.2 61.4 8
      vertex 76.2 61.4 8
    endloop
  endfacet
  facet normal 0 1 0
    outer loop
      vertex 74.2 61.4 8
      vertex 90.4 61.4 0
      vertex 71.7 61.4 8
    endloop
  endfacet
  facet normal 0 1 0
    outer loop
      vertex 71.7 61.4 8
      vertex 90.4 61.4 0
      vertex 69.7 61.4 8
    endloop
  endfacet
  facet normal 0 1 0
    outer loop
      vertex 69.7 61.4 8
      vertex 90.4 61.4 0
      vertex 67.2 61.4 8
    endloop
  endfacet
  facet normal 0 1 0
    outer loop
      vertex 67.2 61.4 8
      vertex 90.4 61.4 0
      vertex 65.2 61.4 8
    endloop
  endfacet
  facet normal 0 1 0
    outer loop
      vertex 65.2 61.4 8
      vertex 90.4 61.4 0
      vertex 62.7 61.4 8
    endloop
  endfacet
  facet normal 0 1 0
    outer loop
      vertex 62.7 61.4 8
      vertex 90.4 61.4 0
      vertex 60.7 61.4 8
    endloop
  endfacet
  facet normal 0 1 0
    outer loop
      vertex 60.7 61.4 8
      vertex 90.4 61.4 0
      vertex 58.2 61.4 8
    endloop
  endfacet
  facet normal 0 1 0
    outer loop
      vertex 58.2 61.4 8
      vertex 90.4 61.4 0
      vertex 56.2 61.4 8
    endloop
  endfacet
  facet normal 0 1 0
    outer loop
      vertex 56.2 61.4 8
      vertex 90.4 61.4 0
      vertex 53.7 61.4 8
    endloop
  endfacet
  facet normal 0 1 0
    outer loop
      vertex 53.7 61.4 8
      vertex 90.4 61.4 0
      vertex 51.7 61.4 8
    endloop
  endfacet
  facet normal 0 1 0
    outer loop
      vertex 51.7 61.4 8
      vertex 90.4 61.4 0
      vertex 49.2 61.4 8
    endloop
  endfacet
  facet normal 0 1 0
    outer loop
      vertex 49.2 61.4 8
      vertex 90.4 61.4 0
      vertex 47.2 61.4 8
    endloop
  endfacet
  facet normal 0 1 0
    outer loop
      vertex 6 61.4 0
      vertex 47.2 61.4 8
      vertex 90.4 61.4 0
    endloop
  endfacet
  facet normal 0 1 0
    outer loop
      vertex 47.2 61.4 8
      vertex 6 61.4 0
      vertex 44.7 61.4 8
    endloop
  endfacet
  facet normal 0 1 0
    outer loop
      vertex 44.7 61.4 8
      vertex 6 61.4 0
      vertex 42.7 61.4 8
    endloop
  endfacet
  facet normal 0 1 0
    outer loop
      vertex 42.7 61.4 8
      vertex 6 61.4 0
      vertex 40.2 61.4 8
    endloop
  endfacet
  facet normal 0 1 0
    outer loop
      vertex 40.2 61.4 8
      vertex 6 61.4 0
      vertex 38.2 61.4 8
    endloop
  endfacet
  facet normal 0 1 0
    outer loop
      vertex 38.2 61.4 8
      vertex 6 61.4 0
      vertex 35.7 61.4 8
    endloop
  endfacet
  facet normal 0 1 0
    outer loop
      vertex 35.7 61.4 8
      vertex 6 61.4 0
      vertex 33.7 61.4 8
    endloop
  endfacet
  facet normal 0 1 0
    outer loop
      vertex 33.7 61.4 8
      vertex 6 61.4 0
      vertex 31.2 61.4 8
    endloop
  endfacet
  facet normal 0 1 0
    outer loop
      vertex 31.2 61.4 8
      vertex 6 61.4 0
      vertex 29.2 61.4 8
    endloop
  endfacet
  facet normal 0 1 0
    outer loop
      vertex 29.2 61.4 8
      vertex 6 61.4 0
      vertex 26.7 61.4 8
    endloop
  endfacet
  facet normal 0 1 -0
    outer loop
      vertex 90.4 61.4 0
      vertex 76.2 61.4 8
      vertex 90.4 61.4 22
    endloop
  endfacet
  facet normal 0 1 0
    outer loop
      vertex 90.4 61.4 22
      vertex 64.2 61.4 20.3
      vertex 6 61.4 22
    endloop
  endfacet
  facet normal 0 1 -0
    outer loop
      vertex 32.2 61.4 20.3
      vertex 6 61.4 22
      vertex 64.2 61.4 20.3
    endloop
  endfacet
  facet normal 0 1 -0
    outer loop
      vertex 23.2 61.4 20.3
      vertex 6 61.4 22
      vertex 32.2 61.4 20.3
    endloop
  endfacet
  facet normal 0 1 -0
    outer loop
      vertex 23.2 61.4 18.5
      vertex 6 61.4 22
      vertex 23.2 61.4 20.3
    endloop
  endfacet
  facet normal 0 1 0
    outer loop
      vertex 71.7 61.4 16
      vertex 73.2 61.4 18.5
      vertex 74.2 61.4 16
    endloop
  endfacet
  facet normal 0 1 0
    outer loop
      vertex 69.7 61.4 16
      vertex 73.2 61.4 18.5
      vertex 71.7 61.4 16
    endloop
  endfacet
  facet normal 0 1 0
    outer loop
      vertex 64.2 61.4 18.5
      vertex 69.7 61.4 16
      vertex 67.2 61.4 16
    endloop
  endfacet
  facet normal 0 1 0
    outer loop
      vertex 64.2 61.4 18.5
      vertex 67.2 61.4 16
      vertex 65.2 61.4 16
    endloop
  endfacet
  facet normal 0 1 0
    outer loop
      vertex 64.2 61.4 18.5
      vertex 65.2 61.4 16
      vertex 62.7 61.4 16
    endloop
  endfacet
  facet normal 0 1 0
    outer loop
      vertex 64.2 61.4 18.5
      vertex 62.7 61.4 16
      vertex 60.7 61.4 16
    endloop
  endfacet
  facet normal 0 1 0
    outer loop
      vertex 64.2 61.4 20.3
      vertex 60.7 61.4 16
      vertex 58.2 61.4 16
    endloop
  endfacet
  facet normal 0 1 0
    outer loop
      vertex 64.2 61.4 20.3
      vertex 58.2 61.4 16
      vertex 56.2 61.4 16
    endloop
  endfacet
  facet normal 0 1 0
    outer loop
      vertex 64.2 61.4 20.3
      vertex 56.2 61.4 16
      vertex 53.7 61.4 16
    endloop
  endfacet
  facet normal 0 1 0
    outer loop
      vertex 64.2 61.4 20.3
      vertex 53.7 61.4 16
      vertex 51.7 61.4 16
    endloop
  endfacet
  facet normal 0 1 -0
    outer loop
      vertex 47.2 61.4 16
      vertex 32.2 61.4 20.3
      vertex 49.2 61.4 16
    endloop
  endfacet
  facet normal 0 1 -0
    outer loop
      vertex 44.7 61.4 16
      vertex 32.2 61.4 20.3
      vertex 47.2 61.4 16
    endloop
  endfacet
  facet normal 0 1 -0
    outer loop
      vertex 42.7 61.4 16
      vertex 32.2 61.4 20.3
      vertex 44.7 61.4 16
    endloop
  endfacet
  facet normal 0 1 -0
    outer loop
      vertex 40.2 61.4 16
      vertex 32.2 61.4 20.3
      vertex 42.7 61.4 16
    endloop
  endfacet
  facet normal 0 1 -0
    outer loop
      vertex 38.2 61.4 16
      vertex 32.2 61.4 20.3
      vertex 40.2 61.4 16
    endloop
  endfacet
  facet normal 0 1 -0
    outer loop
      vertex 35.7 61.4 16
      vertex 32.2 61.4 20.3
      vertex 38.2 61.4 16
    endloop
  endfacet
  facet normal 0 1 0
    outer loop
      vertex 32.2 61.4 20.3
      vertex 35.7 61.4 16
      vertex 32.2 61.4 18.5
    endloop
  endfacet
  facet normal 0 1 -0
    outer loop
      vertex 33.7 61.4 16
      vertex 32.2 61.4 18.5
      vertex 35.7 61.4 16
    endloop
  endfacet
  facet normal 0 1 0
    outer loop
      vertex 31.2 61.4 16
      vertex 32.2 61.4 18.5
      vertex 33.7 61.4 16
    endloop
  endfacet
  facet normal 0 1 0
    outer loop
      vertex 29.2 61.4 16
      vertex 32.2 61.4 18.5
      vertex 31.2 61.4 16
    endloop
  endfacet
  facet normal 0 1 0
    outer loop
      vertex 26.7 61.4 16
      vertex 32.2 61.4 18.5
      vertex 29.2 61.4 16
    endloop
  endfacet
  facet normal 0 1 0
    outer loop
      vertex 32.2 61.4 18.5
      vertex 26.7 61.4 16
      vertex 23.2 61.4 18.5
    endloop
  endfacet
  facet normal 0 1 -0
    outer loop
      vertex 24.7 61.4 16
      vertex 23.2 61.4 18.5
      vertex 26.7 61.4 16
    endloop
  endfacet
  facet normal 0 1 -0
    outer loop
      vertex 24.7 61.4 8
      vertex 23.2 61.4 18.5
      vertex 24.7 61.4 16
    endloop
  endfacet
  facet normal 0 1 0
    outer loop
      vertex 23.2 61.4 18.5
      vertex 24.7 61.4 8
      vertex 6 61.4 22
    endloop
  endfacet
  facet normal 0 1 0
    outer loop
      vertex 24.7 61.4 8
      vertex 6 61.4 0
      vertex 6 61.4 22
    endloop
  endfacet
  facet normal 0 1 0
    outer loop
      vertex 26.7 61.4 8
      vertex 6 61.4 0
      vertex 24.7 61.4 8
    endloop
  endfacet
  facet normal 0 0 1
    outer loop
      vertex 93.9659 56.7 22
      vertex 96.1416 57.1417 22
      vertex 95.9433 57.6961 22
    endloop
  endfacet
  facet normal 0 0 1
    outer loop
      vertex 93.9107 56.8542 22
      vertex 95.9433 57.6961 22
      vertex 95.6915 58.2284 22
    endloop
  endfacet
  facet normal 0 0 1
    outer loop
      vertex 93.7513 57.1913 22
      vertex 95.6915 58.2284 22
      vertex 95.3888 58.7334 22
    endloop
  endfacet
  facet normal 0 0 1
    outer loop
      vertex 93.5596 57.5112 22
      vertex 95.3888 58.7334 22
      vertex 95.0381 59.2064 22
    endloop
  endfacet
  facet normal 0 0 1
    outer loop
      vertex 93.3374 57.8107 22
      vertex 95.0381 59.2064 22
      vertex 94.6426 59.6426 22
    endloop
  endfacet
  facet normal 0 0 1
    outer loop
      vertex 93.087 58.087 22
      vertex 94.6426 59.6426 22
      vertex 94.2064 60.0381 22
    endloop
  endfacet
  facet normal 0 0 1
    outer loop
      vertex 95.3888 58.7334 22
      vertex 93.5596 57.5112 22
      vertex 93.7513 57.1913 22
    endloop
  endfacet
  facet normal 0 0 1
    outer loop
      vertex 96.1416 57.1417 22
      vertex 93.9659 56.7 22
      vertex 96.2523 56.7 22
    endloop
  endfacet
  facet normal 0 0 1
    outer loop
      vertex 95.9433 57.6961 22
      vertex 93.9107 56.8542 22
      vertex 93.9659 56.7 22
    endloop
  endfacet
  facet normal 0 0 1
    outer loop
      vertex 92.8107 58.3374 22
      vertex 94.2064 60.0381 22
      vertex 93.7334 60.3888 22
    endloop
  endfacet
  facet normal 0 0 1
    outer loop
      vertex 95.6915 58.2284 22
      vertex 93.7513 57.1913 22
      vertex 93.9107 56.8542 22
    endloop
  endfacet
  facet normal 0 0 1
    outer loop
      vertex 95.0381 59.2064 22
      vertex 93.3374 57.8107 22
      vertex 93.5596 57.5112 22
    endloop
  endfacet
  facet normal 0 0 1
    outer loop
      vertex 92.5112 58.5596 22
      vertex 93.7334 60.3888 22
      vertex 93.2284 60.6915 22
    endloop
  endfacet
  facet normal 0 0 1
    outer loop
      vertex 94.6426 59.6426 22
      vertex 93.087 58.087 22
      vertex 93.3374 57.8107 22
    endloop
  endfacet
  facet normal 0 0 1
    outer loop
      vertex 94.2064 60.0381 22
      vertex 92.8107 58.3374 22
      vertex 93.087 58.087 22
    endloop
  endfacet
  facet normal 0 0 1
    outer loop
      vertex 92.1913 58.7513 22
      vertex 93.2284 60.6915 22
      vertex 92.6961 60.9433 22
    endloop
  endfacet
  facet normal 0 0 1
    outer loop
      vertex 93.7334 60.3888 22
      vertex 92.5112 58.5596 22
      vertex 92.8107 58.3374 22
    endloop
  endfacet
  facet normal 0 0 1
    outer loop
      vertex 93.2284 60.6915 22
      vertex 92.1913 58.7513 22
      vertex 92.5112 58.5596 22
    endloop
  endfacet
  facet normal 0 0 1
    outer loop
      vertex 91.8542 58.9107 22
      vertex 92.6961 60.9433 22
      vertex 92.1417 61.1416 22
    endloop
  endfacet
  facet normal 0 0 1
    outer loop
      vertex 92.6961 60.9433 22
      vertex 91.8542 58.9107 22
      vertex 92.1913 58.7513 22
    endloop
  endfacet
  facet normal 0 0 1
    outer loop
      vertex 91.5031 59.0364 22
      vertex 92.1417 61.1416 22
      vertex 91.5705 61.2847 22
    endloop
  endfacet
  facet normal 0 0 1
    outer loop
      vertex 92.1417 61.1416 22
      vertex 91.5031 59.0364 22
      vertex 91.8542 58.9107 22
    endloop
  endfacet
  facet normal 0 0 1
    outer loop
      vertex 91.5705 61.2847 22
      vertex 91.1413 59.127 22
      vertex 91.5031 59.0364 22
    endloop
  endfacet
  facet normal 0 0 1
    outer loop
      vertex 90.9881 61.3711 22
      vertex 91.1413 59.127 22
      vertex 91.5705 61.2847 22
    endloop
  endfacet
  facet normal 0 0 1
    outer loop
      vertex 90.9881 61.3711 22
      vertex 90.7725 59.1817 22
      vertex 91.1413 59.127 22
    endloop
  endfacet
  facet normal 0 0 1
    outer loop
      vertex 90.4 61.4 22
      vertex 90.7725 59.1817 22
      vertex 90.9881 61.3711 22
    endloop
  endfacet
  facet normal 0 0 1
    outer loop
      vertex 90.4 61.4 22
      vertex 90.4 59.2 22
      vertex 90.7725 59.1817 22
    endloop
  endfacet
  facet normal -0 0 1
    outer loop
      vertex 6 61.4 22
      vertex 90.4 59.2 22
      vertex 90.4 61.4 22
    endloop
  endfacet
  facet normal 0 0 1
    outer loop
      vertex 6 61.4 22
      vertex 6 59.2 22
      vertex 90.4 59.2 22
    endloop
  endfacet
  facet normal 0 0 1
    outer loop
      vertex 6 61.4 22
      vertex 5.62753 59.1817 22
      vertex 6 59.2 22
    endloop
  endfacet
  facet normal -0 0 1
    outer loop
      vertex 5.4119 61.3711 22
      vertex 5.62753 59.1817 22
      vertex 6 61.4 22
    endloop
  endfacet
  facet normal 0 0 1
    outer loop
      vertex 5.4119 61.3711 22
      vertex 5.25865 59.127 22
      vertex 5.62753 59.1817 22
    endloop
  endfacet
  facet normal -0 0 1
    outer loop
      vertex 4.82945 61.2847 22
      vertex 5.25865 59.127 22
      vertex 5.4119 61.3711 22
    endloop
  endfacet
  facet normal 0 0 1
    outer loop
      vertex 5.25865 59.127 22
      vertex 4.82945 61.2847 22
      vertex 4.89691 59.0364 22
    endloop
  endfacet
  facet normal -0 0 1
    outer loop
      vertex 4.25829 61.1416 22
      vertex 4.89691 59.0364 22
      vertex 4.82945 61.2847 22
    endloop
  endfacet
  facet normal 0 0 1
    outer loop
      vertex 4.89691 59.0364 22
      vertex 4.25829 61.1416 22
      vertex 4.54581 58.9107 22
    endloop
  endfacet
  facet normal -0 0 1
    outer loop
      vertex 3.7039 60.9433 22
      vertex 4.54581 58.9107 22
      vertex 4.25829 61.1416 22
    endloop
  endfacet
  facet normal 0 0 1
    outer loop
      vertex 4.54581 58.9107 22
      vertex 3.7039 60.9433 22
      vertex 4.20869 58.7513 22
    endloop
  endfacet
  facet normal -0 0 1
    outer loop
      vertex 3.17162 60.6915 22
      vertex 4.20869 58.7513 22
      vertex 3.7039 60.9433 22
    endloop
  endfacet
  facet normal 0 0 1
    outer loop
      vertex 4.20869 58.7513 22
      vertex 3.17162 60.6915 22
      vertex 3.88884 58.5596 22
    endloop
  endfacet
  facet normal -0 0 1
    outer loop
      vertex 2.66658 60.3888 22
      vertex 3.88884 58.5596 22
      vertex 3.17162 60.6915 22
    endloop
  endfacet
  facet normal 0 0 1
    outer loop
      vertex 3.88884 58.5596 22
      vertex 2.66658 60.3888 22
      vertex 3.58931 58.3374 22
    endloop
  endfacet
  facet normal -0 0 1
    outer loop
      vertex 2.19363 60.0381 22
      vertex 3.58931 58.3374 22
      vertex 2.66658 60.3888 22
    endloop
  endfacet
  facet normal 0 0 1
    outer loop
      vertex 3.58931 58.3374 22
      vertex 2.19363 60.0381 22
      vertex 3.31299 58.087 22
    endloop
  endfacet
  facet normal -0 0 1
    outer loop
      vertex 1.75735 59.6426 22
      vertex 3.31299 58.087 22
      vertex 2.19363 60.0381 22
    endloop
  endfacet
  facet normal 0 0 1
    outer loop
      vertex 3.31299 58.087 22
      vertex 1.75735 59.6426 22
      vertex 3.06256 57.8107 22
    endloop
  endfacet
  facet normal -0 0 1
    outer loop
      vertex 1.36194 59.2064 22
      vertex 3.06256 57.8107 22
      vertex 1.75735 59.6426 22
    endloop
  endfacet
  facet normal 0 0 1
    outer loop
      vertex 3.06256 57.8107 22
      vertex 1.36194 59.2064 22
      vertex 2.84041 57.5112 22
    endloop
  endfacet
  facet normal -0 0 1
    outer loop
      vertex 1.01118 58.7334 22
      vertex 2.84041 57.5112 22
      vertex 1.36194 59.2064 22
    endloop
  endfacet
  facet normal 0 0 1
    outer loop
      vertex 2.84041 57.5112 22
      vertex 1.01118 58.7334 22
      vertex 2.6487 57.1913 22
    endloop
  endfacet
  facet normal -0 0 1
    outer loop
      vertex 0.456726 57.6961 22
      vertex 2.48926 56.8542 22
      vertex 0.708466 58.2284 22
    endloop
  endfacet
  facet normal 0 0 1
    outer loop
      vertex 2.6487 57.1913 22
      vertex 0.708466 58.2284 22
      vertex 2.48926 56.8542 22
    endloop
  endfacet
  facet normal -0 0 1
    outer loop
      vertex 0.708466 58.2284 22
      vertex 2.6487 57.1913 22
      vertex 1.01118 58.7334 22
    endloop
  endfacet
  facet normal -0 0 1
    outer loop
      vertex 93.9659 4.7 22
      vertex 96.1416 4.25829 22
      vertex 96.2523 4.7 22
    endloop
  endfacet
  facet normal 0 0 1
    outer loop
      vertex 96.1416 4.25829 22
      vertex 93.9659 4.7 22
      vertex 95.9433 3.7039 22
    endloop
  endfacet
  facet normal -0 0 1
    outer loop
      vertex 93.9107 4.54581 22
      vertex 95.9433 3.7039 22
      vertex 93.9659 4.7 22
    endloop
  endfacet
  facet normal -0 0 1
    outer loop
      vertex 93.7513 4.20869 22
      vertex 95.6915 3.17162 22
      vertex 93.9107 4.54581 22
    endloop
  endfacet
  facet normal -0 0 1
    outer loop
      vertex 93.5596 3.88884 22
      vertex 95.3888 2.66658 22
      vertex 93.7513 4.20869 22
    endloop
  endfacet
  facet normal 0 0 1
    outer loop
      vertex 95.3888 2.66658 22
      vertex 93.5596 3.88884 22
      vertex 95.0381 2.19363 22
    endloop
  endfacet
  facet normal 0 0 1
    outer loop
      vertex 95.9433 3.7039 22
      vertex 93.9107 4.54581 22
      vertex 95.6915 3.17162 22
    endloop
  endfacet
  facet normal 0 0 1
    outer loop
      vertex 95.6915 3.17162 22
      vertex 93.7513 4.20869 22
      vertex 95.3888 2.66658 22
    endloop
  endfacet
  facet normal -0 0 1
    outer loop
      vertex 93.3374 3.58931 22
      vertex 95.0381 2.19363 22
      vertex 93.5596 3.88884 22
    endloop
  endfacet
  facet normal 0 0 1
    outer loop
      vertex 95.0381 2.19363 22
      vertex 93.3374 3.58931 22
      vertex 94.6426 1.75735 22
    endloop
  endfacet
  facet normal -0 0 1
    outer loop
      vertex 93.087 3.31299 22
      vertex 94.6426 1.75735 22
      vertex 93.3374 3.58931 22
    endloop
  endfacet
  facet normal 0 0 1
    outer loop
      vertex 94.6426 1.75735 22
      vertex 93.087 3.31299 22
      vertex 94.2064 1.36194 22
    endloop
  endfacet
  facet normal -0 0 1
    outer loop
      vertex 92.8107 3.06256 22
      vertex 94.2064 1.36194 22
      vertex 93.087 3.31299 22
    endloop
  endfacet
  facet normal 0 0 1
    outer loop
      vertex 94.2064 1.36194 22
      vertex 92.8107 3.06256 22
      vertex 93.7334 1.01118 22
    endloop
  endfacet
  facet normal -0 0 1
    outer loop
      vertex 92.5112 2.84041 22
      vertex 93.7334 1.01118 22
      vertex 92.8107 3.06256 22
    endloop
  endfacet
  facet normal 0 0 1
    outer loop
      vertex 93.7334 1.01118 22
      vertex 92.5112 2.84041 22
      vertex 93.2284 0.708466 22
    endloop
  endfacet
  facet normal -0 0 1
    outer loop
      vertex 92.1913 2.6487 22
      vertex 93.2284 0.708466 22
      vertex 92.5112 2.84041 22
    endloop
  endfacet
  facet normal 0 0 1
    outer loop
      vertex 93.2284 0.708466 22
      vertex 92.1913 2.6487 22
      vertex 92.6961 0.456726 22
    endloop
  endfacet
  facet normal -0 0 1
    outer loop
      vertex 91.8542 2.48926 22
      vertex 92.6961 0.456726 22
      vertex 92.1913 2.6487 22
    endloop
  endfacet
  facet normal 0 0 1
    outer loop
      vertex 92.6961 0.456726 22
      vertex 91.8542 2.48926 22
      vertex 92.1417 0.258362 22
    endloop
  endfacet
  facet normal -0 0 1
    outer loop
      vertex 91.5031 2.36363 22
      vertex 92.1417 0.258362 22
      vertex 91.8542 2.48926 22
    endloop
  endfacet
  facet normal 0 0 1
    outer loop
      vertex 92.1417 0.258362 22
      vertex 91.5031 2.36363 22
      vertex 91.5705 0.115295 22
    endloop
  endfacet
  facet normal -0 0 1
    outer loop
      vertex 91.1413 2.27301 22
      vertex 91.5705 0.115295 22
      vertex 91.5031 2.36363 22
    endloop
  endfacet
  facet normal 0 0 1
    outer loop
      vertex 91.1413 2.27301 22
      vertex 90.9881 0.0288849 22
      vertex 91.5705 0.115295 22
    endloop
  endfacet
  facet normal -0 0 1
    outer loop
      vertex 90.7725 2.21829 22
      vertex 90.9881 0.0288849 22
      vertex 91.1413 2.27301 22
    endloop
  endfacet
  facet normal -0 0 1
    outer loop
      vertex 90.4 2.2 22
      vertex 90.9881 0.0288849 22
      vertex 90.7725 2.21829 22
    endloop
  endfacet
  facet normal 0 0 1
    outer loop
      vertex 90.4 2.2 22
      vertex 90.4 0 22
      vertex 90.9881 0.0288849 22
    endloop
  endfacet
  facet normal -0 0 1
    outer loop
      vertex 6 2.2 22
      vertex 90.4 0 22
      vertex 90.4 2.2 22
    endloop
  endfacet
  facet normal 0 0 1
    outer loop
      vertex 6 2.2 22
      vertex 6 0 22
      vertex 90.4 0 22
    endloop
  endfacet
  facet normal 0 0 1
    outer loop
      vertex 5.62753 2.21829 22
      vertex 6 0 22
      vertex 6 2.2 22
    endloop
  endfacet
  facet normal 0 0 1
    outer loop
      vertex 5.62753 2.21829 22
      vertex 5.4119 0.0288849 22
      vertex 6 0 22
    endloop
  endfacet
  facet normal 0 0 1
    outer loop
      vertex 5.25865 2.27301 22
      vertex 5.4119 0.0288849 22
      vertex 5.62753 2.21829 22
    endloop
  endfacet
  facet normal 0 0 1
    outer loop
      vertex 4.82945 0.115295 22
      vertex 5.25865 2.27301 22
      vertex 4.89691 2.36363 22
    endloop
  endfacet
  facet normal 0 0 1
    outer loop
      vertex 5.25865 2.27301 22
      vertex 4.82945 0.115295 22
      vertex 5.4119 0.0288849 22
    endloop
  endfacet
  facet normal 0 0 1
    outer loop
      vertex 4.25829 0.258362 22
      vertex 4.89691 2.36363 22
      vertex 4.54581 2.48926 22
    endloop
  endfacet
  facet normal 0 0 1
    outer loop
      vertex 4.89691 2.36363 22
      vertex 4.25829 0.258362 22
      vertex 4.82945 0.115295 22
    endloop
  endfacet
  facet normal 0 0 1
    outer loop
      vertex 3.7039 0.456726 22
      vertex 4.54581 2.48926 22
      vertex 4.20869 2.6487 22
    endloop
  endfacet
  facet normal 0 0 1
    outer loop
      vertex 3.17162 0.708466 22
      vertex 4.20869 2.6487 22
      vertex 3.88884 2.84041 22
    endloop
  endfacet
  facet normal 0 0 1
    outer loop
      vertex 4.54581 2.48926 22
      vertex 3.7039 0.456726 22
      vertex 4.25829 0.258362 22
    endloop
  endfacet
  facet normal 0 0 1
    outer loop
      vertex 2.66658 1.01118 22
      vertex 3.88884 2.84041 22
      vertex 3.58931 3.06256 22
    endloop
  endfacet
  facet normal 0 0 1
    outer loop
      vertex 2.19363 1.36194 22
      vertex 3.58931 3.06256 22
      vertex 3.31299 3.31299 22
    endloop
  endfacet
  facet normal 0 0 1
    outer loop
      vertex 4.20869 2.6487 22
      vertex 3.17162 0.708466 22
      vertex 3.7039 0.456726 22
    endloop
  endfacet
  facet normal 0 0 1
    outer loop
      vertex 1.75735 1.75735 22
      vertex 3.31299 3.31299 22
      vertex 3.06256 3.58931 22
    endloop
  endfacet
  facet normal 0 0 1
    outer loop
      vertex 1.36194 2.19363 22
      vertex 3.06256 3.58931 22
      vertex 2.84041 3.88884 22
    endloop
  endfacet
  facet normal 0 0 1
    outer loop
      vertex 3.88884 2.84041 22
      vertex 2.66658 1.01118 22
      vertex 3.17162 0.708466 22
    endloop
  endfacet
  facet normal 0 0 1
    outer loop
      vertex 1.01118 2.66658 22
      vertex 2.84041 3.88884 22
      vertex 2.6487 4.20869 22
    endloop
  endfacet
  facet normal 0 0 1
    outer loop
      vertex 0.708466 3.17162 22
      vertex 2.6487 4.20869 22
      vertex 2.48926 4.54581 22
    endloop
  endfacet
  facet normal 0 0 1
    outer loop
      vertex 0.456726 3.7039 22
      vertex 2.48926 4.54581 22
      vertex 2.36363 4.89691 22
    endloop
  endfacet
  facet normal 0 0 1
    outer loop
      vertex 0.258362 4.25829 22
      vertex 2.36363 4.89691 22
      vertex 2.27301 5.25865 22
    endloop
  endfacet
  facet normal 0 0 1
    outer loop
      vertex 0.115295 4.82945 22
      vertex 2.27301 5.25865 22
      vertex 2.21829 5.62753 22
    endloop
  endfacet
  facet normal 0 0 1
    outer loop
      vertex 3.58931 3.06256 22
      vertex 2.19363 1.36194 22
      vertex 2.66658 1.01118 22
    endloop
  endfacet
  facet normal 0 0 1
    outer loop
      vertex 0.0288849 5.4119 22
      vertex 2.21829 5.62753 22
      vertex 2.2 6 22
    endloop
  endfacet
  facet normal 0 0 1
    outer loop
      vertex 2.2 55.4 22
      vertex 0 55.4 22
      vertex 2.2 6 22
    endloop
  endfacet
  facet normal 0 0 1
    outer loop
      vertex 2.48926 56.8542 22
      vertex 0.456726 57.6961 22
      vertex 2.36363 56.5031 22
    endloop
  endfacet
  facet normal 0 0 1
    outer loop
      vertex 0 6 22
      vertex 2.2 6 22
      vertex 0 55.4 22
    endloop
  endfacet
  facet normal -0 0 1
    outer loop
      vertex 0.258362 57.1417 22
      vertex 2.36363 56.5031 22
      vertex 0.456726 57.6961 22
    endloop
  endfacet
  facet normal 0 -0 1
    outer loop
      vertex 0.0288849 5.4119 22
      vertex 2.2 6 22
      vertex 0 6 22
    endloop
  endfacet
  facet normal 0 0 1
    outer loop
      vertex 2.36363 56.5031 22
      vertex 0.258362 57.1417 22
      vertex 2.27301 56.1413 22
    endloop
  endfacet
  facet normal 0 0 1
    outer loop
      vertex 3.31299 3.31299 22
      vertex 1.75735 1.75735 22
      vertex 2.19363 1.36194 22
    endloop
  endfacet
  facet normal -0 0 1
    outer loop
      vertex 0.115295 56.5705 22
      vertex 2.27301 56.1413 22
      vertex 0.258362 57.1417 22
    endloop
  endfacet
  facet normal 0 0 1
    outer loop
      vertex 3.06256 3.58931 22
      vertex 1.36194 2.19363 22
      vertex 1.75735 1.75735 22
    endloop
  endfacet
  facet normal 0 0 1
    outer loop
      vertex 2.27301 56.1413 22
      vertex 0.115295 56.5705 22
      vertex 2.21829 55.7725 22
    endloop
  endfacet
  facet normal 0 0 1
    outer loop
      vertex 2.84041 3.88884 22
      vertex 1.01118 2.66658 22
      vertex 1.36194 2.19363 22
    endloop
  endfacet
  facet normal -0 0 1
    outer loop
      vertex 0.0288849 55.9881 22
      vertex 2.21829 55.7725 22
      vertex 0.115295 56.5705 22
    endloop
  endfacet
  facet normal 0 0 1
    outer loop
      vertex 2.6487 4.20869 22
      vertex 0.708466 3.17162 22
      vertex 1.01118 2.66658 22
    endloop
  endfacet
  facet normal 0 0 1
    outer loop
      vertex 2.21829 55.7725 22
      vertex 0.0288849 55.9881 22
      vertex 2.2 55.4 22
    endloop
  endfacet
  facet normal 0 0 1
    outer loop
      vertex 2.48926 4.54581 22
      vertex 0.456726 3.7039 22
      vertex 0.708466 3.17162 22
    endloop
  endfacet
  facet normal 0 0 1
    outer loop
      vertex 2.2 55.4 22
      vertex 0.0288849 55.9881 22
      vertex 0 55.4 22
    endloop
  endfacet
  facet normal 0 0 1
    outer loop
      vertex 2.36363 4.89691 22
      vertex 0.258362 4.25829 22
      vertex 0.456726 3.7039 22
    endloop
  endfacet
  facet normal 0 0 1
    outer loop
      vertex 2.27301 5.25865 22
      vertex 0.115295 4.82945 22
      vertex 0.258362 4.25829 22
    endloop
  endfacet
  facet normal 0 0 1
    outer loop
      vertex 2.21829 5.62753 22
      vertex 0.0288849 5.4119 22
      vertex 0.115295 4.82945 22
    endloop
  endfacet
  facet normal -0.941546 0.336885 0
    outer loop
      vertex 0.258362 57.1417 0
      vertex 0.456726 57.6961 22
      vertex 0.456726 57.6961 0
    endloop
  endfacet
  facet normal -0.941546 0.336885 0
    outer loop
      vertex 0.456726 57.6961 22
      vertex 0.258362 57.1417 0
      vertex 0.258362 57.1417 22
    endloop
  endfacet
  facet normal 0.243015 0.970023 -0
    outer loop
      vertex 92.1417 61.1416 0
      vertex 91.5705 61.2847 22
      vertex 92.1417 61.1416 22
    endloop
  endfacet
  facet normal 0.243015 0.970023 0
    outer loop
      vertex 91.5705 61.2847 22
      vertex 92.1417 61.1416 0
      vertex 91.5705 61.2847 0
    endloop
  endfacet
  facet normal 0.427612 0.903962 -0
    outer loop
      vertex 93.2284 60.6915 0
      vertex 92.6961 60.9433 22
      vertex 93.2284 60.6915 22
    endloop
  endfacet
  facet normal 0.427612 0.903962 0
    outer loop
      vertex 92.6961 60.9433 22
      vertex 93.2284 60.6915 0
      vertex 92.6961 60.9433 0
    endloop
  endfacet
  facet normal -0.989172 0.146762 0
    outer loop
      vertex 0.0288849 55.9881 0
      vertex 0.115295 56.5705 22
      vertex 0.115295 56.5705 0
    endloop
  endfacet
  facet normal -0.989172 0.146762 0
    outer loop
      vertex 0.115295 56.5705 22
      vertex 0.0288849 55.9881 0
      vertex 0.0288849 55.9881 22
    endloop
  endfacet
  facet normal 0.989176 -0.146733 0
    outer loop
      vertex 96.2847 4.82945 6.6
      vertex 96.3711 5.4119 0
      vertex 96.3711 5.4119 6.6
    endloop
  endfacet
  facet normal 0.989176 -0.146733 0
    outer loop
      vertex 96.3711 5.4119 0
      vertex 96.2847 4.82945 6.6
      vertex 96.2847 4.82945 0
    endloop
  endfacet
  facet normal -0.803241 0.595655 0
    outer loop
      vertex 1.01118 58.7334 0
      vertex 1.36194 59.2064 22
      vertex 1.36194 59.2064 0
    endloop
  endfacet
  facet normal -0.803241 0.595655 0
    outer loop
      vertex 1.36194 59.2064 22
      vertex 1.01118 58.7334 0
      vertex 1.01118 58.7334 22
    endloop
  endfacet
  facet normal -0.146733 0.989176 0
    outer loop
      vertex 5.4119 61.3711 0
      vertex 4.82945 61.2847 22
      vertex 5.4119 61.3711 22
    endloop
  endfacet
  facet normal -0.146733 0.989176 0
    outer loop
      vertex 4.82945 61.2847 22
      vertex 5.4119 61.3711 0
      vertex 4.82945 61.2847 0
    endloop
  endfacet
  facet normal -0.514109 -0.857725 0
    outer loop
      vertex 2.66658 1.01118 0
      vertex 3.17162 0.708466 22
      vertex 2.66658 1.01118 22
    endloop
  endfacet
  facet normal -0.514109 -0.857725 -0
    outer loop
      vertex 3.17162 0.708466 22
      vertex 2.66658 1.01118 0
      vertex 3.17162 0.708466 0
    endloop
  endfacet
  facet normal -0.336794 0.941578 0
    outer loop
      vertex 4.25829 61.1416 0
      vertex 3.7039 60.9433 22
      vertex 4.25829 61.1416 22
    endloop
  endfacet
  facet normal -0.336794 0.941578 0
    outer loop
      vertex 3.7039 60.9433 22
      vertex 4.25829 61.1416 0
      vertex 3.7039 60.9433 0
    endloop
  endfacet
  facet normal 0.427529 -0.904002 0
    outer loop
      vertex 92.6961 0.456726 0
      vertex 93.2284 0.708466 22
      vertex 92.6961 0.456726 22
    endloop
  endfacet
  facet normal 0.427529 -0.904002 0
    outer loop
      vertex 93.2284 0.708466 22
      vertex 92.6961 0.456726 0
      vertex 93.2284 0.708466 0
    endloop
  endfacet
  facet normal 0.514121 0.857718 -0
    outer loop
      vertex 93.7334 60.3888 0
      vertex 93.2284 60.6915 22
      vertex 93.7334 60.3888 22
    endloop
  endfacet
  facet normal 0.514121 0.857718 0
    outer loop
      vertex 93.2284 60.6915 22
      vertex 93.7334 60.3888 0
      vertex 93.2284 60.6915 0
    endloop
  endfacet
  facet normal -0.0490565 -0.998796 0
    outer loop
      vertex 5.4119 0.0288849 0
      vertex 6 0 22
      vertex 5.4119 0.0288849 22
    endloop
  endfacet
  facet normal -0.0490565 -0.998796 -0
    outer loop
      vertex 6 0 22
      vertex 5.4119 0.0288849 0
      vertex 6 0 0
    endloop
  endfacet
  facet normal -0.904002 0.427529 0
    outer loop
      vertex 0.456726 57.6961 0
      vertex 0.708466 58.2284 22
      vertex 0.708466 58.2284 0
    endloop
  endfacet
  facet normal -0.904002 0.427529 0
    outer loop
      vertex 0.708466 58.2284 22
      vertex 0.456726 57.6961 0
      vertex 0.456726 57.6961 22
    endloop
  endfacet
  facet normal -0.857707 0.514139 0
    outer loop
      vertex 0.708466 58.2284 0
      vertex 1.01118 58.7334 22
      vertex 1.01118 58.7334 0
    endloop
  endfacet
  facet normal -0.857707 0.514139 0
    outer loop
      vertex 1.01118 58.7334 22
      vertex 0.708466 58.2284 0
      vertex 0.708466 58.2284 22
    endloop
  endfacet
  facet normal -0.989174 -0.14675 0
    outer loop
      vertex 0.115295 4.82945 0
      vertex 0.0288849 5.4119 22
      vertex 0.0288849 5.4119 0
    endloop
  endfacet
  facet normal -0.989174 -0.14675 0
    outer loop
      vertex 0.0288849 5.4119 22
      vertex 0.115295 4.82945 0
      vertex 0.115295 4.82945 22
    endloop
  endfacet
  facet normal -1 0 0
    outer loop
      vertex 0 44.7 8.2
      vertex 0 55.4 0
      vertex 0 44.7 3.5
    endloop
  endfacet
  facet normal -1 0 0
    outer loop
      vertex 0 55.4 0
      vertex 0 16.7 3.5
      vertex 0 44.7 3.5
    endloop
  endfacet
  facet normal -1 -0 0
    outer loop
      vertex 0 16.7 3.5
      vertex 0 6 0
      vertex 0 16.7 8.2
    endloop
  endfacet
  facet normal -1 0 0
    outer loop
      vertex 0 6 0
      vertex 0 16.7 3.5
      vertex 0 55.4 0
    endloop
  endfacet
  facet normal -1 0 0
    outer loop
      vertex 0 55.4 0
      vertex 0 44.7 8.2
      vertex 0 55.4 22
    endloop
  endfacet
  facet normal -1 0 0
    outer loop
      vertex 0 16.7 8.2
      vertex 0 55.4 22
      vertex 0 44.7 8.2
    endloop
  endfacet
  facet normal -1 0 0
    outer loop
      vertex 0 16.7 8.2
      vertex 0 6 22
      vertex 0 55.4 22
    endloop
  endfacet
  facet normal -1 0 0
    outer loop
      vertex 0 6 22
      vertex 0 16.7 8.2
      vertex 0 6 0
    endloop
  endfacet
  facet normal 1 -0 0
    outer loop
      vertex 96.4 6 6.6
      vertex 96.4 55.4 0
      vertex 96.4 55.4 6.6
    endloop
  endfacet
  facet normal 1 0 0
    outer loop
      vertex 96.4 55.4 0
      vertex 96.4 6 6.6
      vertex 96.4 6 0
    endloop
  endfacet
  facet normal 0.671616 -0.740899 0
    outer loop
      vertex 94.2064 1.36194 0
      vertex 94.6426 1.75735 22
      vertex 94.2064 1.36194 22
    endloop
  endfacet
  facet normal 0.671616 -0.740899 0
    outer loop
      vertex 94.6426 1.75735 22
      vertex 94.2064 1.36194 0
      vertex 94.6426 1.75735 0
    endloop
  endfacet
  facet normal -0.0490821 0.998795 0
    outer loop
      vertex 6 61.4 0
      vertex 5.4119 61.3711 22
      vertex 6 61.4 22
    endloop
  endfacet
  facet normal -0.0490821 0.998795 0
    outer loop
      vertex 5.4119 61.3711 22
      vertex 6 61.4 0
      vertex 5.4119 61.3711 0
    endloop
  endfacet
  facet normal 0.0490821 0.998795 -0
    outer loop
      vertex 90.9881 61.3711 0
      vertex 90.4 61.4 22
      vertex 90.9881 61.3711 22
    endloop
  endfacet
  facet normal 0.0490821 0.998795 0
    outer loop
      vertex 90.4 61.4 22
      vertex 90.9881 61.3711 0
      vertex 90.4 61.4 0
    endloop
  endfacet
  facet normal 0.595589 0.803289 -0
    outer loop
      vertex 94.2064 60.0381 0
      vertex 93.7334 60.3888 22
      vertex 94.2064 60.0381 22
    endloop
  endfacet
  facet normal 0.595589 0.803289 0
    outer loop
      vertex 93.7334 60.3888 22
      vertex 94.2064 60.0381 0
      vertex 93.7334 60.3888 0
    endloop
  endfacet
  facet normal -0.427625 0.903956 0
    outer loop
      vertex 3.7039 60.9433 0
      vertex 3.17162 60.6915 22
      vertex 3.7039 60.9433 22
    endloop
  endfacet
  facet normal -0.427625 0.903956 0
    outer loop
      vertex 3.17162 60.6915 22
      vertex 3.7039 60.9433 0
      vertex 3.17162 60.6915 0
    endloop
  endfacet
  facet normal -0.740961 -0.671549 0
    outer loop
      vertex 1.75735 1.75735 0
      vertex 1.36194 2.19363 22
      vertex 1.36194 2.19363 0
    endloop
  endfacet
  facet normal -0.740961 -0.671549 0
    outer loop
      vertex 1.36194 2.19363 22
      vertex 1.75735 1.75735 0
      vertex 1.75735 1.75735 22
    endloop
  endfacet
  facet normal -0.59563 0.803259 0
    outer loop
      vertex 2.66658 60.3888 0
      vertex 2.19363 60.0381 22
      vertex 2.66658 60.3888 22
    endloop
  endfacet
  facet normal -0.59563 0.803259 0
    outer loop
      vertex 2.19363 60.0381 22
      vertex 2.66658 60.3888 0
      vertex 2.19363 60.0381 0
    endloop
  endfacet
  facet normal 0.146762 -0.989172 0
    outer loop
      vertex 90.9881 0.0288849 0
      vertex 91.5705 0.115295 22
      vertex 90.9881 0.0288849 22
    endloop
  endfacet
  facet normal 0.146762 -0.989172 0
    outer loop
      vertex 91.5705 0.115295 22
      vertex 90.9881 0.0288849 0
      vertex 91.5705 0.115295 0
    endloop
  endfacet
  facet normal 0.903962 0.427612 0
    outer loop
      vertex 95.9433 57.6961 22
      vertex 95.6915 58.2284 0
      vertex 95.6915 58.2284 22
    endloop
  endfacet
  facet normal 0.903962 0.427612 0
    outer loop
      vertex 95.6915 58.2284 0
      vertex 95.9433 57.6961 22
      vertex 95.9433 57.6961 0
    endloop
  endfacet
  facet normal -0.740899 0.671616 0
    outer loop
      vertex 1.36194 59.2064 0
      vertex 1.75735 59.6426 22
      vertex 1.75735 59.6426 0
    endloop
  endfacet
  facet normal -0.740899 0.671616 0
    outer loop
      vertex 1.75735 59.6426 22
      vertex 1.36194 59.2064 0
      vertex 1.36194 59.2064 22
    endloop
  endfacet
  facet normal -0.242978 -0.970032 0
    outer loop
      vertex 4.25829 0.258362 0
      vertex 4.82945 0.115295 22
      vertex 4.25829 0.258362 22
    endloop
  endfacet
  facet normal -0.242978 -0.970032 -0
    outer loop
      vertex 4.82945 0.115295 22
      vertex 4.25829 0.258362 0
      vertex 4.82945 0.115295 0
    endloop
  endfacet
  facet normal -0.941544 -0.33689 0
    outer loop
      vertex 0.456726 3.7039 0
      vertex 0.258362 4.25829 22
      vertex 0.258362 4.25829 0
    endloop
  endfacet
  facet normal -0.941544 -0.33689 0
    outer loop
      vertex 0.258362 4.25829 22
      vertex 0.456726 3.7039 0
      vertex 0.456726 3.7039 22
    endloop
  endfacet
  facet normal 0.146746 0.989174 -0
    outer loop
      vertex 91.5705 61.2847 0
      vertex 90.9881 61.3711 22
      vertex 91.5705 61.2847 22
    endloop
  endfacet
  facet normal 0.146746 0.989174 0
    outer loop
      vertex 90.9881 61.3711 22
      vertex 91.5705 61.2847 0
      vertex 90.9881 61.3711 0
    endloop
  endfacet
  facet normal 0.94158 0.336788 0
    outer loop
      vertex 96.1416 57.1417 22
      vertex 95.9433 57.6961 0
      vertex 95.9433 57.6961 22
    endloop
  endfacet
  facet normal 0.94158 0.336788 0
    outer loop
      vertex 95.9433 57.6961 0
      vertex 96.1416 57.1417 22
      vertex 96.1416 57.1417 0
    endloop
  endfacet
  facet normal -0.427542 -0.903996 0
    outer loop
      vertex 3.17162 0.708466 0
      vertex 3.7039 0.456726 22
      vertex 3.17162 0.708466 22
    endloop
  endfacet
  facet normal -0.427542 -0.903996 -0
    outer loop
      vertex 3.7039 0.456726 22
      vertex 3.17162 0.708466 0
      vertex 3.7039 0.456726 0
    endloop
  endfacet
  facet normal 0.740823 0.6717 0
    outer loop
      vertex 95.0381 59.2064 22
      vertex 94.6426 59.6426 0
      vertex 94.6426 59.6426 22
    endloop
  endfacet
  facet normal 0.740823 0.6717 0
    outer loop
      vertex 94.6426 59.6426 0
      vertex 95.0381 59.2064 22
      vertex 95.0381 59.2064 0
    endloop
  endfacet
  facet normal 0.336788 0.94158 -0
    outer loop
      vertex 92.6961 60.9433 0
      vertex 92.1417 61.1416 22
      vertex 92.6961 60.9433 22
    endloop
  endfacet
  facet normal 0.336788 0.94158 0
    outer loop
      vertex 92.1417 61.1416 22
      vertex 92.6961 60.9433 0
      vertex 92.1417 61.1416 0
    endloop
  endfacet
  facet normal -0.33689 -0.941544 0
    outer loop
      vertex 3.7039 0.456726 0
      vertex 4.25829 0.258362 22
      vertex 3.7039 0.456726 22
    endloop
  endfacet
  facet normal -0.33689 -0.941544 -0
    outer loop
      vertex 4.25829 0.258362 22
      vertex 3.7039 0.456726 0
      vertex 4.25829 0.258362 0
    endloop
  endfacet
  facet normal 0.857736 -0.514091 0
    outer loop
      vertex 95.3888 2.66658 22
      vertex 95.6915 3.17162 0
      vertex 95.6915 3.17162 22
    endloop
  endfacet
  facet normal 0.857736 -0.514091 0
    outer loop
      vertex 95.6915 3.17162 0
      vertex 95.3888 2.66658 22
      vertex 95.3888 2.66658 0
    endloop
  endfacet
  facet normal 0.6717 0.740823 -0
    outer loop
      vertex 94.6426 59.6426 0
      vertex 94.2064 60.0381 22
      vertex 94.6426 59.6426 22
    endloop
  endfacet
  facet normal 0.6717 0.740823 0
    outer loop
      vertex 94.2064 60.0381 22
      vertex 94.6426 59.6426 0
      vertex 94.2064 60.0381 0
    endloop
  endfacet
  facet normal 0.803289 0.595589 0
    outer loop
      vertex 95.3888 58.7334 22
      vertex 95.0381 59.2064 0
      vertex 95.0381 59.2064 22
    endloop
  endfacet
  facet normal 0.803289 0.595589 0
    outer loop
      vertex 95.0381 59.2064 0
      vertex 95.3888 58.7334 22
      vertex 95.3888 58.7334 0
    endloop
  endfacet
  facet normal -0.998796 0.0490565 0
    outer loop
      vertex 0 55.4 0
      vertex 0.0288849 55.9881 22
      vertex 0.0288849 55.9881 0
    endloop
  endfacet
  facet normal -0.998796 0.0490565 0
    outer loop
      vertex 0.0288849 55.9881 22
      vertex 0 55.4 0
      vertex 0 55.4 22
    endloop
  endfacet
  facet normal 0.336885 -0.941546 0
    outer loop
      vertex 92.1417 0.258362 0
      vertex 92.6961 0.456726 22
      vertex 92.1417 0.258362 22
    endloop
  endfacet
  facet normal 0.336885 -0.941546 0
    outer loop
      vertex 92.6961 0.456726 22
      vertex 92.1417 0.258362 0
      vertex 92.6961 0.456726 0
    endloop
  endfacet
  facet normal -0.970036 0.242962 0
    outer loop
      vertex 0.115295 56.5705 0
      vertex 0.258362 57.1417 22
      vertex 0.258362 57.1417 0
    endloop
  endfacet
  facet normal -0.970036 0.242962 0
    outer loop
      vertex 0.258362 57.1417 22
      vertex 0.115295 56.5705 0
      vertex 0.115295 56.5705 22
    endloop
  endfacet
  facet normal 0.740884 -0.671632 0
    outer loop
      vertex 94.6426 1.75735 22
      vertex 95.0381 2.19363 0
      vertex 95.0381 2.19363 22
    endloop
  endfacet
  facet normal 0.740884 -0.671632 0
    outer loop
      vertex 95.0381 2.19363 0
      vertex 94.6426 1.75735 22
      vertex 94.6426 1.75735 0
    endloop
  endfacet
  facet normal -0.243031 0.970018 0
    outer loop
      vertex 4.82945 61.2847 0
      vertex 4.25829 61.1416 22
      vertex 4.82945 61.2847 22
    endloop
  endfacet
  facet normal -0.243031 0.970018 0
    outer loop
      vertex 4.25829 61.1416 22
      vertex 4.82945 61.2847 0
      vertex 4.25829 61.1416 0
    endloop
  endfacet
  facet normal 0.242962 -0.970036 0
    outer loop
      vertex 91.5705 0.115295 0
      vertex 92.1417 0.258362 22
      vertex 91.5705 0.115295 22
    endloop
  endfacet
  facet normal 0.242962 -0.970036 0
    outer loop
      vertex 92.1417 0.258362 22
      vertex 91.5705 0.115295 0
      vertex 92.1417 0.258362 0
    endloop
  endfacet
  facet normal 0.903956 -0.427625 0
    outer loop
      vertex 95.6915 3.17162 22
      vertex 95.9433 3.7039 0
      vertex 95.9433 3.7039 22
    endloop
  endfacet
  facet normal 0.903956 -0.427625 0
    outer loop
      vertex 95.9433 3.7039 0
      vertex 95.6915 3.17162 22
      vertex 95.6915 3.17162 0
    endloop
  endfacet
  facet normal -0.671549 -0.740961 0
    outer loop
      vertex 1.75735 1.75735 0
      vertex 2.19363 1.36194 22
      vertex 1.75735 1.75735 22
    endloop
  endfacet
  facet normal -0.671549 -0.740961 -0
    outer loop
      vertex 2.19363 1.36194 22
      vertex 1.75735 1.75735 0
      vertex 2.19363 1.36194 0
    endloop
  endfacet
  facet normal -0.903996 -0.427542 0
    outer loop
      vertex 0.708466 3.17162 0
      vertex 0.456726 3.7039 22
      vertex 0.456726 3.7039 0
    endloop
  endfacet
  facet normal -0.903996 -0.427542 0
    outer loop
      vertex 0.456726 3.7039 22
      vertex 0.708466 3.17162 0
      vertex 0.708466 3.17162 22
    endloop
  endfacet
  facet normal 0.803259 -0.59563 0
    outer loop
      vertex 95.0381 2.19363 22
      vertex 95.3888 2.66658 0
      vertex 95.3888 2.66658 22
    endloop
  endfacet
  facet normal 0.803259 -0.59563 0
    outer loop
      vertex 95.3888 2.66658 0
      vertex 95.0381 2.19363 22
      vertex 95.0381 2.19363 0
    endloop
  endfacet
  facet normal -0.671632 0.740884 0
    outer loop
      vertex 2.19363 60.0381 0
      vertex 1.75735 59.6426 22
      vertex 2.19363 60.0381 22
    endloop
  endfacet
  facet normal -0.671632 0.740884 0
    outer loop
      vertex 1.75735 59.6426 22
      vertex 2.19363 60.0381 0
      vertex 1.75735 59.6426 0
    endloop
  endfacet
  facet normal 0.514139 -0.857707 0
    outer loop
      vertex 93.2284 0.708466 0
      vertex 93.7334 1.01118 22
      vertex 93.2284 0.708466 22
    endloop
  endfacet
  facet normal 0.514139 -0.857707 0
    outer loop
      vertex 93.7334 1.01118 22
      vertex 93.2284 0.708466 0
      vertex 93.7334 1.01118 0
    endloop
  endfacet
  facet normal 0.941578 -0.336794 0
    outer loop
      vertex 95.9433 3.7039 22
      vertex 96.1416 4.25829 0
      vertex 96.1416 4.25829 22
    endloop
  endfacet
  facet normal 0.941578 -0.336794 0
    outer loop
      vertex 96.1416 4.25829 0
      vertex 95.9433 3.7039 22
      vertex 95.9433 3.7039 0
    endloop
  endfacet
  facet normal -0.514091 0.857736 0
    outer loop
      vertex 3.17162 60.6915 0
      vertex 2.66658 60.3888 22
      vertex 3.17162 60.6915 22
    endloop
  endfacet
  facet normal -0.514091 0.857736 0
    outer loop
      vertex 2.66658 60.3888 22
      vertex 3.17162 60.6915 0
      vertex 2.66658 60.3888 0
    endloop
  endfacet
  facet normal 0.970002 -0.243099 0
    outer loop
      vertex 96.2523 4.7 22
      vertex 96.1416 4.25829 22
      vertex 96.2523 4.7 6.6
    endloop
  endfacet
  facet normal 0.970076 -0.2428 0
    outer loop
      vertex 96.2523 4.7 6.6
      vertex 96.2847 4.82945 0
      vertex 96.2847 4.82945 6.6
    endloop
  endfacet
  facet normal 0.970002 -0.243099 0
    outer loop
      vertex 96.1416 4.25829 0
      vertex 96.2523 4.7 6.6
      vertex 96.1416 4.25829 22
    endloop
  endfacet
  facet normal 0.970018 -0.243031 -4.81477e-06
    outer loop
      vertex 96.2523 4.7 6.6
      vertex 96.1416 4.25829 0
      vertex 96.2847 4.82945 0
    endloop
  endfacet
  facet normal -0.998796 -0.0490565 0
    outer loop
      vertex 0.0288849 5.4119 0
      vertex 0 6 22
      vertex 0 6 0
    endloop
  endfacet
  facet normal -0.998796 -0.0490565 0
    outer loop
      vertex 0 6 22
      vertex 0.0288849 5.4119 0
      vertex 0.0288849 5.4119 22
    endloop
  endfacet
  facet normal 0.857718 0.514121 0
    outer loop
      vertex 95.6915 58.2284 22
      vertex 95.3888 58.7334 0
      vertex 95.3888 58.7334 22
    endloop
  endfacet
  facet normal 0.857718 0.514121 0
    outer loop
      vertex 95.3888 58.7334 0
      vertex 95.6915 58.2284 22
      vertex 95.6915 58.2284 0
    endloop
  endfacet
  facet normal 0.989174 0.146746 0
    outer loop
      vertex 96.3711 55.9881 6.6
      vertex 96.2847 56.5705 0
      vertex 96.2847 56.5705 6.6
    endloop
  endfacet
  facet normal 0.989174 0.146746 0
    outer loop
      vertex 96.2847 56.5705 0
      vertex 96.3711 55.9881 6.6
      vertex 96.3711 55.9881 0
    endloop
  endfacet
  facet normal 0.998795 -0.0490821 0
    outer loop
      vertex 96.3711 5.4119 6.6
      vertex 96.4 6 0
      vertex 96.4 6 6.6
    endloop
  endfacet
  facet normal 0.998795 -0.0490821 0
    outer loop
      vertex 96.4 6 0
      vertex 96.3711 5.4119 6.6
      vertex 96.3711 5.4119 0
    endloop
  endfacet
  facet normal 0.998795 0.0490821 0
    outer loop
      vertex 96.4 55.4 6.6
      vertex 96.3711 55.9881 0
      vertex 96.3711 55.9881 6.6
    endloop
  endfacet
  facet normal 0.998795 0.0490821 0
    outer loop
      vertex 96.3711 55.9881 0
      vertex 96.4 55.4 6.6
      vertex 96.4 55.4 0
    endloop
  endfacet
  facet normal -0.970032 -0.242978 0
    outer loop
      vertex 0.258362 4.25829 0
      vertex 0.115295 4.82945 22
      vertex 0.115295 4.82945 0
    endloop
  endfacet
  facet normal -0.970032 -0.242978 0
    outer loop
      vertex 0.115295 4.82945 22
      vertex 0.258362 4.25829 0
      vertex 0.258362 4.25829 22
    endloop
  endfacet
  facet normal 0.595655 -0.803241 0
    outer loop
      vertex 93.7334 1.01118 0
      vertex 94.2064 1.36194 22
      vertex 93.7334 1.01118 22
    endloop
  endfacet
  facet normal 0.595655 -0.803241 0
    outer loop
      vertex 94.2064 1.36194 22
      vertex 93.7334 1.01118 0
      vertex 94.2064 1.36194 0
    endloop
  endfacet
  facet normal -0.80321 -0.595695 0
    outer loop
      vertex 1.36194 2.19363 0
      vertex 1.01118 2.66658 22
      vertex 1.01118 2.66658 0
    endloop
  endfacet
  facet normal -0.80321 -0.595695 0
    outer loop
      vertex 1.01118 2.66658 22
      vertex 1.36194 2.19363 0
      vertex 1.36194 2.19363 22
    endloop
  endfacet
  facet normal -0.857725 -0.514109 0
    outer loop
      vertex 1.01118 2.66658 0
      vertex 0.708466 3.17162 22
      vertex 0.708466 3.17162 0
    endloop
  endfacet
  facet normal -0.857725 -0.514109 0
    outer loop
      vertex 0.708466 3.17162 22
      vertex 1.01118 2.66658 0
      vertex 1.01118 2.66658 22
    endloop
  endfacet
  facet normal 0 0 -1
    outer loop
      vertex 15.0239 11.524 0
      vertex 30.7 14.7 0
      vertex 15.1491 11.0242 0
    endloop
  endfacet
  facet normal 0 0 -1
    outer loop
      vertex 30.7 46.7 0
      vertex 15.2247 50.8854 0
      vertex 15.25 51.4 0
    endloop
  endfacet
  facet normal 0 0 -1
    outer loop
      vertex 14.8504 12.0091 0
      vertex 30.7 14.7 0
      vertex 15.0239 11.524 0
    endloop
  endfacet
  facet normal 0 0 -1
    outer loop
      vertex 30.7 46.7 0
      vertex 15.1491 50.3758 0
      vertex 15.2247 50.8854 0
    endloop
  endfacet
  facet normal 0 0 -1
    outer loop
      vertex 14.6301 12.4748 0
      vertex 30.7 14.7 0
      vertex 14.8504 12.0091 0
    endloop
  endfacet
  facet normal 0 0 -1
    outer loop
      vertex 30.7 46.7 0
      vertex 15.0239 49.876 0
      vertex 15.1491 50.3758 0
    endloop
  endfacet
  facet normal 0 0 -1
    outer loop
      vertex 14.3652 12.9167 0
      vertex 30.7 14.7 0
      vertex 14.6301 12.4748 0
    endloop
  endfacet
  facet normal 0 0 -1
    outer loop
      vertex 30.7 46.7 0
      vertex 14.8504 49.3909 0
      vertex 15.0239 49.876 0
    endloop
  endfacet
  facet normal 0 0 -1
    outer loop
      vertex 14.0583 13.3306 0
      vertex 30.7 14.7 0
      vertex 14.3652 12.9167 0
    endloop
  endfacet
  facet normal 0 0 -1
    outer loop
      vertex 30.7 46.7 0
      vertex 14.6301 48.9252 0
      vertex 14.8504 49.3909 0
    endloop
  endfacet
  facet normal 0 0 -1
    outer loop
      vertex 13.7123 13.7123 0
      vertex 30.7 14.7 0
      vertex 14.0583 13.3306 0
    endloop
  endfacet
  facet normal 0 0 -1
    outer loop
      vertex 30.7 46.7 0
      vertex 14.3652 48.4833 0
      vertex 14.6301 48.9252 0
    endloop
  endfacet
  facet normal 0 0 -1
    outer loop
      vertex 13.3306 14.0583 0
      vertex 30.7 14.7 0
      vertex 13.7123 13.7123 0
    endloop
  endfacet
  facet normal 0 0 -1
    outer loop
      vertex 30.7 46.7 0
      vertex 14.0583 48.0694 0
      vertex 14.3652 48.4833 0
    endloop
  endfacet
  facet normal 0 0 -1
    outer loop
      vertex 12.9167 14.3652 0
      vertex 30.7 14.7 0
      vertex 13.3306 14.0583 0
    endloop
  endfacet
  facet normal 0 0 -1
    outer loop
      vertex 30.7 46.7 0
      vertex 13.7123 47.6877 0
      vertex 14.0583 48.0694 0
    endloop
  endfacet
  facet normal 0 0 -1
    outer loop
      vertex 12.4748 14.6301 0
      vertex 30.7 14.7 0
      vertex 12.9167 14.3652 0
    endloop
  endfacet
  facet normal 0 0 -1
    outer loop
      vertex 30.7 46.7 0
      vertex 13.3306 47.3417 0
      vertex 13.7123 47.6877 0
    endloop
  endfacet
  facet normal -0 0 -1
    outer loop
      vertex 30.7 14.7 0
      vertex 12.4748 14.6301 0
      vertex 30.7 46.7 0
    endloop
  endfacet
  facet normal 0 0 -1
    outer loop
      vertex 30.7 46.7 0
      vertex 12.9167 47.0348 0
      vertex 13.3306 47.3417 0
    endloop
  endfacet
  facet normal 0 0 -1
    outer loop
      vertex 12.4748 46.7699 0
      vertex 30.7 46.7 0
      vertex 12.4748 14.6301 0
    endloop
  endfacet
  facet normal 0 0 -1
    outer loop
      vertex 30.7 46.7 0
      vertex 12.4748 46.7699 0
      vertex 12.9167 47.0348 0
    endloop
  endfacet
  facet normal 0 0 -1
    outer loop
      vertex 12.0091 14.8504 0
      vertex 12.4748 46.7699 0
      vertex 12.4748 14.6301 0
    endloop
  endfacet
  facet normal 0 0 -1
    outer loop
      vertex 12.0091 14.8504 0
      vertex 12.0091 46.5496 0
      vertex 12.4748 46.7699 0
    endloop
  endfacet
  facet normal 0 0 -1
    outer loop
      vertex 11.524 15.0239 0
      vertex 12.0091 46.5496 0
      vertex 12.0091 14.8504 0
    endloop
  endfacet
  facet normal 0 0 -1
    outer loop
      vertex 11.524 15.0239 0
      vertex 11.524 46.3761 0
      vertex 12.0091 46.5496 0
    endloop
  endfacet
  facet normal 0 0 -1
    outer loop
      vertex 11.0242 15.1491 0
      vertex 11.524 46.3761 0
      vertex 11.524 15.0239 0
    endloop
  endfacet
  facet normal 0 0 -1
    outer loop
      vertex 11.0242 15.1491 0
      vertex 11.0242 46.2509 0
      vertex 11.524 46.3761 0
    endloop
  endfacet
  facet normal 0 0 -1
    outer loop
      vertex 10.5146 15.2247 0
      vertex 11.0242 46.2509 0
      vertex 11.0242 15.1491 0
    endloop
  endfacet
  facet normal 0 0 -1
    outer loop
      vertex 10.5146 15.2247 0
      vertex 10.5146 46.1753 0
      vertex 11.0242 46.2509 0
    endloop
  endfacet
  facet normal 0 0 -1
    outer loop
      vertex 10 15.25 0
      vertex 10.5146 46.1753 0
      vertex 10.5146 15.2247 0
    endloop
  endfacet
  facet normal 0 0 -1
    outer loop
      vertex 10 15.25 0
      vertex 10 46.15 0
      vertex 10.5146 46.1753 0
    endloop
  endfacet
  facet normal 0 0 -1
    outer loop
      vertex 9.48541 15.2247 0
      vertex 10 46.15 0
      vertex 10 15.25 0
    endloop
  endfacet
  facet normal 0 0 -1
    outer loop
      vertex 9.48541 15.2247 0
      vertex 9.48541 46.1753 0
      vertex 10 46.15 0
    endloop
  endfacet
  facet normal 0 0 -1
    outer loop
      vertex 8.97578 15.1491 0
      vertex 9.48541 46.1753 0
      vertex 9.48541 15.2247 0
    endloop
  endfacet
  facet normal 0 0 -1
    outer loop
      vertex 8.97578 15.1491 0
      vertex 8.97578 46.2509 0
      vertex 9.48541 46.1753 0
    endloop
  endfacet
  facet normal 0 0 -1
    outer loop
      vertex 8.476 15.0239 0
      vertex 8.97578 46.2509 0
      vertex 8.97578 15.1491 0
    endloop
  endfacet
  facet normal 0 0 -1
    outer loop
      vertex 8.476 15.0239 0
      vertex 8.476 46.3761 0
      vertex 8.97578 46.2509 0
    endloop
  endfacet
  facet normal 0 0 -1
    outer loop
      vertex 7.99091 14.8504 0
      vertex 8.476 46.3761 0
      vertex 8.476 15.0239 0
    endloop
  endfacet
  facet normal 0 0 -1
    outer loop
      vertex 7.99091 14.8504 0
      vertex 7.99091 46.5496 0
      vertex 8.476 46.3761 0
    endloop
  endfacet
  facet normal 0 0 -1
    outer loop
      vertex 7.52517 14.6301 0
      vertex 7.99091 46.5496 0
      vertex 7.99091 14.8504 0
    endloop
  endfacet
  facet normal 0 0 -1
    outer loop
      vertex 7.52517 14.6301 0
      vertex 7.52517 46.7699 0
      vertex 7.99091 46.5496 0
    endloop
  endfacet
  facet normal 0 0 -1
    outer loop
      vertex 7.08326 14.3652 0
      vertex 7.52517 46.7699 0
      vertex 7.52517 14.6301 0
    endloop
  endfacet
  facet normal 0 0 -1
    outer loop
      vertex 7.08326 14.3652 0
      vertex 7.08326 47.0348 0
      vertex 7.52517 46.7699 0
    endloop
  endfacet
  facet normal 0 0 -1
    outer loop
      vertex 6.66943 14.0583 0
      vertex 7.08326 47.0348 0
      vertex 7.08326 14.3652 0
    endloop
  endfacet
  facet normal 0 0 -1
    outer loop
      vertex 6.66943 14.0583 0
      vertex 6.66943 47.3417 0
      vertex 7.08326 47.0348 0
    endloop
  endfacet
  facet normal 0 0 -1
    outer loop
      vertex 6.28769 13.7123 0
      vertex 6.66943 47.3417 0
      vertex 6.66943 14.0583 0
    endloop
  endfacet
  facet normal 0 0 -1
    outer loop
      vertex 6.28769 13.7123 0
      vertex 6.28769 47.6877 0
      vertex 6.66943 47.3417 0
    endloop
  endfacet
  facet normal 0 0 -1
    outer loop
      vertex 5.94169 13.3306 0
      vertex 6.28769 47.6877 0
      vertex 6.28769 13.7123 0
    endloop
  endfacet
  facet normal 0 0 -1
    outer loop
      vertex 5.94169 13.3306 0
      vertex 5.94169 48.0694 0
      vertex 6.28769 47.6877 0
    endloop
  endfacet
  facet normal 0 0 -1
    outer loop
      vertex 5.63478 12.9167 0
      vertex 5.94169 48.0694 0
      vertex 5.94169 13.3306 0
    endloop
  endfacet
  facet normal 0 0 -1
    outer loop
      vertex 5.63478 12.9167 0
      vertex 5.63478 48.4833 0
      vertex 5.94169 48.0694 0
    endloop
  endfacet
  facet normal 0 0 -1
    outer loop
      vertex 0 6 0
      vertex 5.63478 12.9167 0
      vertex 5.36991 12.4748 0
    endloop
  endfacet
  facet normal -0 0 -1
    outer loop
      vertex 5.63478 12.9167 0
      vertex 0 6 0
      vertex 5.63478 48.4833 0
    endloop
  endfacet
  facet normal 0 0 -1
    outer loop
      vertex 0 6 0
      vertex 5.36991 12.4748 0
      vertex 5.14963 12.0091 0
    endloop
  endfacet
  facet normal 0 0 -1
    outer loop
      vertex 0 55.4 0
      vertex 5.63478 48.4833 0
      vertex 0 6 0
    endloop
  endfacet
  facet normal 0 0 -1
    outer loop
      vertex 0 6 0
      vertex 5.14963 12.0091 0
      vertex 4.97606 11.524 0
    endloop
  endfacet
  facet normal 0 0 -1
    outer loop
      vertex 5.63478 48.4833 0
      vertex 0 55.4 0
      vertex 5.36991 48.9252 0
    endloop
  endfacet
  facet normal 0 0 -1
    outer loop
      vertex 0 6 0
      vertex 4.97606 11.524 0
      vertex 4.85088 11.0242 0
    endloop
  endfacet
  facet normal 0 0 -1
    outer loop
      vertex 5.36991 48.9252 0
      vertex 0 55.4 0
      vertex 5.14963 49.3909 0
    endloop
  endfacet
  facet normal 0 0 -1
    outer loop
      vertex 0 6 0
      vertex 4.85088 11.0242 0
      vertex 4.77528 10.5146 0
    endloop
  endfacet
  facet normal 0 0 -1
    outer loop
      vertex 5.14963 49.3909 0
      vertex 0 55.4 0
      vertex 4.97606 49.876 0
    endloop
  endfacet
  facet normal 0 0 -1
    outer loop
      vertex 0 6 0
      vertex 4.77528 10.5146 0
      vertex 4.75 10 0
    endloop
  endfacet
  facet normal 0 0 -1
    outer loop
      vertex 4.97606 49.876 0
      vertex 0 55.4 0
      vertex 4.85088 50.3758 0
    endloop
  endfacet
  facet normal 0 0 -1
    outer loop
      vertex 91.4239 11.524 0
      vertex 96.4 6 0
      vertex 91.5491 11.0242 0
    endloop
  endfacet
  facet normal 0 0 -1
    outer loop
      vertex 96.4 55.4 0
      vertex 91.6247 50.8854 0
      vertex 91.65 51.4 0
    endloop
  endfacet
  facet normal 0 0 -1
    outer loop
      vertex 91.2504 12.0091 0
      vertex 96.4 6 0
      vertex 91.4239 11.524 0
    endloop
  endfacet
  facet normal 0 0 -1
    outer loop
      vertex 96.4 55.4 0
      vertex 91.5491 50.3758 0
      vertex 91.6247 50.8854 0
    endloop
  endfacet
  facet normal 0 0 -1
    outer loop
      vertex 91.0301 12.4748 0
      vertex 96.4 6 0
      vertex 91.2504 12.0091 0
    endloop
  endfacet
  facet normal 0 0 -1
    outer loop
      vertex 96.4 55.4 0
      vertex 91.4239 49.876 0
      vertex 91.5491 50.3758 0
    endloop
  endfacet
  facet normal 0 0 -1
    outer loop
      vertex 90.7652 12.9167 0
      vertex 96.4 6 0
      vertex 91.0301 12.4748 0
    endloop
  endfacet
  facet normal 0 0 -1
    outer loop
      vertex 96.4 55.4 0
      vertex 91.2504 49.3909 0
      vertex 91.4239 49.876 0
    endloop
  endfacet
  facet normal 0 0 -1
    outer loop
      vertex 96.4 6 0
      vertex 90.7652 12.9167 0
      vertex 96.4 55.4 0
    endloop
  endfacet
  facet normal 0 0 -1
    outer loop
      vertex 96.4 55.4 0
      vertex 91.0301 48.9252 0
      vertex 91.2504 49.3909 0
    endloop
  endfacet
  facet normal 0 0 -1
    outer loop
      vertex 90.7652 48.4833 0
      vertex 96.4 55.4 0
      vertex 90.7652 12.9167 0
    endloop
  endfacet
  facet normal 0 0 -1
    outer loop
      vertex 96.4 55.4 0
      vertex 90.7652 48.4833 0
      vertex 91.0301 48.9252 0
    endloop
  endfacet
  facet normal 0 0 -1
    outer loop
      vertex 90.4583 13.3306 0
      vertex 90.7652 48.4833 0
      vertex 90.7652 12.9167 0
    endloop
  endfacet
  facet normal 0 0 -1
    outer loop
      vertex 90.4583 13.3306 0
      vertex 90.4583 48.0694 0
      vertex 90.7652 48.4833 0
    endloop
  endfacet
  facet normal 0 0 -1
    outer loop
      vertex 90.1123 13.7123 0
      vertex 90.4583 48.0694 0
      vertex 90.4583 13.3306 0
    endloop
  endfacet
  facet normal 0 0 -1
    outer loop
      vertex 90.1123 13.7123 0
      vertex 90.1123 47.6877 0
      vertex 90.4583 48.0694 0
    endloop
  endfacet
  facet normal 0 0 -1
    outer loop
      vertex 89.7306 14.0583 0
      vertex 90.1123 47.6877 0
      vertex 90.1123 13.7123 0
    endloop
  endfacet
  facet normal 0 0 -1
    outer loop
      vertex 89.7306 14.0583 0
      vertex 89.7306 47.3417 0
      vertex 90.1123 47.6877 0
    endloop
  endfacet
  facet normal 0 0 -1
    outer loop
      vertex 89.3167 14.3652 0
      vertex 89.7306 47.3417 0
      vertex 89.7306 14.0583 0
    endloop
  endfacet
  facet normal 0 0 -1
    outer loop
      vertex 89.3167 14.3652 0
      vertex 89.3167 47.0348 0
      vertex 89.7306 47.3417 0
    endloop
  endfacet
  facet normal 0 0 -1
    outer loop
      vertex 88.8748 14.6301 0
      vertex 89.3167 47.0348 0
      vertex 89.3167 14.3652 0
    endloop
  endfacet
  facet normal 0 0 -1
    outer loop
      vertex 88.8748 14.6301 0
      vertex 88.8748 46.7699 0
      vertex 89.3167 47.0348 0
    endloop
  endfacet
  facet normal 0 0 -1
    outer loop
      vertex 88.4091 14.8504 0
      vertex 88.8748 46.7699 0
      vertex 88.8748 14.6301 0
    endloop
  endfacet
  facet normal 0 0 -1
    outer loop
      vertex 88.4091 14.8504 0
      vertex 88.4091 46.5496 0
      vertex 88.8748 46.7699 0
    endloop
  endfacet
  facet normal 0 0 -1
    outer loop
      vertex 87.924 15.0239 0
      vertex 88.4091 46.5496 0
      vertex 88.4091 14.8504 0
    endloop
  endfacet
  facet normal 0 0 -1
    outer loop
      vertex 87.924 15.0239 0
      vertex 87.924 46.3761 0
      vertex 88.4091 46.5496 0
    endloop
  endfacet
  facet normal 0 0 -1
    outer loop
      vertex 87.4242 15.1491 0
      vertex 87.924 46.3761 0
      vertex 87.924 15.0239 0
    endloop
  endfacet
  facet normal 0 0 -1
    outer loop
      vertex 87.4242 15.1491 0
      vertex 87.4242 46.2509 0
      vertex 87.924 46.3761 0
    endloop
  endfacet
  facet normal 0 0 -1
    outer loop
      vertex 86.9146 15.2247 0
      vertex 87.4242 46.2509 0
      vertex 87.4242 15.1491 0
    endloop
  endfacet
  facet normal 0 0 -1
    outer loop
      vertex 86.9146 15.2247 0
      vertex 86.9146 46.1753 0
      vertex 87.4242 46.2509 0
    endloop
  endfacet
  facet normal 0 0 -1
    outer loop
      vertex 86.4 15.25 0
      vertex 86.9146 46.1753 0
      vertex 86.9146 15.2247 0
    endloop
  endfacet
  facet normal 0 0 -1
    outer loop
      vertex 86.4 15.25 0
      vertex 86.4 46.15 0
      vertex 86.9146 46.1753 0
    endloop
  endfacet
  facet normal 0 0 -1
    outer loop
      vertex 85.8854 15.2247 0
      vertex 86.4 46.15 0
      vertex 86.4 15.25 0
    endloop
  endfacet
  facet normal 0 0 -1
    outer loop
      vertex 85.8854 15.2247 0
      vertex 85.8854 46.1753 0
      vertex 86.4 46.15 0
    endloop
  endfacet
  facet normal 0 0 -1
    outer loop
      vertex 85.3758 15.1491 0
      vertex 85.8854 46.1753 0
      vertex 85.8854 15.2247 0
    endloop
  endfacet
  facet normal 0 0 -1
    outer loop
      vertex 85.3758 15.1491 0
      vertex 85.3758 46.2509 0
      vertex 85.8854 46.1753 0
    endloop
  endfacet
  facet normal 0 0 -1
    outer loop
      vertex 84.876 15.0239 0
      vertex 85.3758 46.2509 0
      vertex 85.3758 15.1491 0
    endloop
  endfacet
  facet normal 0 0 -1
    outer loop
      vertex 84.876 15.0239 0
      vertex 84.876 46.3761 0
      vertex 85.3758 46.2509 0
    endloop
  endfacet
  facet normal 0 0 -1
    outer loop
      vertex 84.3909 14.8504 0
      vertex 84.876 46.3761 0
      vertex 84.876 15.0239 0
    endloop
  endfacet
  facet normal 0 0 -1
    outer loop
      vertex 84.3909 14.8504 0
      vertex 84.3909 46.5496 0
      vertex 84.876 46.3761 0
    endloop
  endfacet
  facet normal 0 0 -1
    outer loop
      vertex 83.9252 14.6301 0
      vertex 84.3909 46.5496 0
      vertex 84.3909 14.8504 0
    endloop
  endfacet
  facet normal 0 0 -1
    outer loop
      vertex 83.9252 14.6301 0
      vertex 83.9252 46.7699 0
      vertex 84.3909 46.5496 0
    endloop
  endfacet
  facet normal 0 0 -1
    outer loop
      vertex 68.7 14.7 0
      vertex 83.9252 14.6301 0
      vertex 83.4833 14.3652 0
    endloop
  endfacet
  facet normal 0 0 -1
    outer loop
      vertex 83.9252 14.6301 0
      vertex 68.7 14.7 0
      vertex 83.9252 46.7699 0
    endloop
  endfacet
  facet normal 0 0 -1
    outer loop
      vertex 68.7 14.7 0
      vertex 83.4833 14.3652 0
      vertex 83.0694 14.0583 0
    endloop
  endfacet
  facet normal 0 0 -1
    outer loop
      vertex 68.7 46.7 0
      vertex 83.9252 46.7699 0
      vertex 68.7 14.7 0
    endloop
  endfacet
  facet normal 0 0 -1
    outer loop
      vertex 68.7 14.7 0
      vertex 83.0694 14.0583 0
      vertex 82.6877 13.7123 0
    endloop
  endfacet
  facet normal -0 0 -1
    outer loop
      vertex 83.9252 46.7699 0
      vertex 68.7 46.7 0
      vertex 83.4833 47.0348 0
    endloop
  endfacet
  facet normal 0 0 -1
    outer loop
      vertex 68.7 14.7 0
      vertex 82.6877 13.7123 0
      vertex 82.3417 13.3306 0
    endloop
  endfacet
  facet normal -0 0 -1
    outer loop
      vertex 83.4833 47.0348 0
      vertex 68.7 46.7 0
      vertex 83.0694 47.3417 0
    endloop
  endfacet
  facet normal 0 0 -1
    outer loop
      vertex 68.7 14.7 0
      vertex 82.3417 13.3306 0
      vertex 82.0348 12.9167 0
    endloop
  endfacet
  facet normal -0 0 -1
    outer loop
      vertex 83.0694 47.3417 0
      vertex 68.7 46.7 0
      vertex 82.6877 47.6877 0
    endloop
  endfacet
  facet normal 0 0 -1
    outer loop
      vertex 68.7 14.7 0
      vertex 82.0348 12.9167 0
      vertex 81.7699 12.4748 0
    endloop
  endfacet
  facet normal -0 0 -1
    outer loop
      vertex 82.6877 47.6877 0
      vertex 68.7 46.7 0
      vertex 82.3417 48.0694 0
    endloop
  endfacet
  facet normal 0 0 -1
    outer loop
      vertex 68.7 14.7 0
      vertex 81.7699 12.4748 0
      vertex 81.5496 12.0091 0
    endloop
  endfacet
  facet normal -0 0 -1
    outer loop
      vertex 82.3417 48.0694 0
      vertex 68.7 46.7 0
      vertex 82.0348 48.4833 0
    endloop
  endfacet
  facet normal 0 0 -1
    outer loop
      vertex 68.7 14.7 0
      vertex 81.5496 12.0091 0
      vertex 81.3761 11.524 0
    endloop
  endfacet
  facet normal -0 0 -1
    outer loop
      vertex 82.0348 48.4833 0
      vertex 68.7 46.7 0
      vertex 81.7699 48.9252 0
    endloop
  endfacet
  facet normal 0 0 -1
    outer loop
      vertex 68.7 14.7 0
      vertex 81.3761 11.524 0
      vertex 81.2509 11.0242 0
    endloop
  endfacet
  facet normal -0 0 -1
    outer loop
      vertex 81.7699 48.9252 0
      vertex 68.7 46.7 0
      vertex 81.5496 49.3909 0
    endloop
  endfacet
  facet normal 0 0 -1
    outer loop
      vertex 68.7 14.7 0
      vertex 81.2509 11.0242 0
      vertex 81.1753 10.5146 0
    endloop
  endfacet
  facet normal -0 0 -1
    outer loop
      vertex 81.5496 49.3909 0
      vertex 68.7 46.7 0
      vertex 81.3761 49.876 0
    endloop
  endfacet
  facet normal 0 0 -1
    outer loop
      vertex 68.7 14.7 0
      vertex 81.1753 10.5146 0
      vertex 81.15 10 0
    endloop
  endfacet
  facet normal -0 0 -1
    outer loop
      vertex 81.3761 49.876 0
      vertex 68.7 46.7 0
      vertex 81.2509 50.3758 0
    endloop
  endfacet
  facet normal 0 0 -1
    outer loop
      vertex 91.0301 7.52517 0
      vertex 96.4 6 0
      vertex 96.3711 5.4119 0
    endloop
  endfacet
  facet normal 0 0 -1
    outer loop
      vertex 91.6247 10.5146 0
      vertex 96.4 6 0
      vertex 91.65 10 0
    endloop
  endfacet
  facet normal 0 0 -1
    outer loop
      vertex 90.7652 7.08326 0
      vertex 96.3711 5.4119 0
      vertex 96.2847 4.82945 0
    endloop
  endfacet
  facet normal 0 0 -1
    outer loop
      vertex 91.5491 11.0242 0
      vertex 96.4 6 0
      vertex 91.6247 10.5146 0
    endloop
  endfacet
  facet normal 0 0 -1
    outer loop
      vertex 90.7652 7.08326 0
      vertex 96.2847 4.82945 0
      vertex 96.1416 4.25829 0
    endloop
  endfacet
  facet normal 0 0 -1
    outer loop
      vertex 91.6247 51.9146 0
      vertex 96.4 55.4 0
      vertex 91.65 51.4 0
    endloop
  endfacet
  facet normal 0 0 -1
    outer loop
      vertex 90.7652 7.08326 0
      vertex 96.1416 4.25829 0
      vertex 95.9433 3.7039 0
    endloop
  endfacet
  facet normal 0 0 -1
    outer loop
      vertex 91.5491 52.4242 0
      vertex 96.4 55.4 0
      vertex 91.6247 51.9146 0
    endloop
  endfacet
  facet normal 0 0 -1
    outer loop
      vertex 90.4583 6.66943 0
      vertex 95.9433 3.7039 0
      vertex 95.6915 3.17162 0
    endloop
  endfacet
  facet normal 0 0 -1
    outer loop
      vertex 91.4239 52.924 0
      vertex 96.4 55.4 0
      vertex 91.5491 52.4242 0
    endloop
  endfacet
  facet normal 0 0 -1
    outer loop
      vertex 90.4583 6.66943 0
      vertex 95.6915 3.17162 0
      vertex 95.3888 2.66658 0
    endloop
  endfacet
  facet normal 0 0 -1
    outer loop
      vertex 91.2504 53.4091 0
      vertex 96.4 55.4 0
      vertex 91.4239 52.924 0
    endloop
  endfacet
  facet normal 0 0 -1
    outer loop
      vertex 90.4583 6.66943 0
      vertex 95.3888 2.66658 0
      vertex 95.0381 2.19363 0
    endloop
  endfacet
  facet normal 0 0 -1
    outer loop
      vertex 91.0301 53.8748 0
      vertex 96.4 55.4 0
      vertex 91.2504 53.4091 0
    endloop
  endfacet
  facet normal 0 0 -1
    outer loop
      vertex 90.1123 6.28769 0
      vertex 95.0381 2.19363 0
      vertex 94.6426 1.75735 0
    endloop
  endfacet
  facet normal -0 0 -1
    outer loop
      vertex 96.4 55.4 0
      vertex 91.0301 53.8748 0
      vertex 96.3711 55.9881 0
    endloop
  endfacet
  facet normal 0 0 -1
    outer loop
      vertex 90.1123 6.28769 0
      vertex 94.6426 1.75735 0
      vertex 94.2064 1.36194 0
    endloop
  endfacet
  facet normal 0 0 -1
    outer loop
      vertex 90.7652 54.3167 0
      vertex 96.3711 55.9881 0
      vertex 91.0301 53.8748 0
    endloop
  endfacet
  facet normal 0 0 -1
    outer loop
      vertex 90.1123 6.28769 0
      vertex 94.2064 1.36194 0
      vertex 93.7334 1.01118 0
    endloop
  endfacet
  facet normal -0 0 -1
    outer loop
      vertex 96.3711 55.9881 0
      vertex 90.7652 54.3167 0
      vertex 96.2847 56.5705 0
    endloop
  endfacet
  facet normal 0 0 -1
    outer loop
      vertex 89.7306 5.94169 0
      vertex 93.7334 1.01118 0
      vertex 93.2284 0.708466 0
    endloop
  endfacet
  facet normal -0 0 -1
    outer loop
      vertex 96.2847 56.5705 0
      vertex 90.7652 54.3167 0
      vertex 96.1416 57.1417 0
    endloop
  endfacet
  facet normal 0 0 -1
    outer loop
      vertex 89.7306 5.94169 0
      vertex 93.2284 0.708466 0
      vertex 92.6961 0.456726 0
    endloop
  endfacet
  facet normal -0 0 -1
    outer loop
      vertex 96.1416 57.1417 0
      vertex 90.7652 54.3167 0
      vertex 95.9433 57.6961 0
    endloop
  endfacet
  facet normal 0 0 -1
    outer loop
      vertex 89.7306 5.94169 0
      vertex 92.6961 0.456726 0
      vertex 92.1417 0.258362 0
    endloop
  endfacet
  facet normal 0 0 -1
    outer loop
      vertex 90.4583 54.7306 0
      vertex 95.9433 57.6961 0
      vertex 90.7652 54.3167 0
    endloop
  endfacet
  facet normal -0 0 -1
    outer loop
      vertex 95.9433 57.6961 0
      vertex 90.4583 54.7306 0
      vertex 95.6915 58.2284 0
    endloop
  endfacet
  facet normal 0 0 -1
    outer loop
      vertex 96.4 6 0
      vertex 91.6247 9.48541 0
      vertex 91.65 10 0
    endloop
  endfacet
  facet normal 0 0 -1
    outer loop
      vertex 89.3167 5.63478 0
      vertex 92.1417 0.258362 0
      vertex 91.5705 0.115295 0
    endloop
  endfacet
  facet normal 0 0 -1
    outer loop
      vertex 96.4 6 0
      vertex 91.5491 8.97578 0
      vertex 91.6247 9.48541 0
    endloop
  endfacet
  facet normal 0 0 -1
    outer loop
      vertex 96.4 6 0
      vertex 91.4239 8.476 0
      vertex 91.5491 8.97578 0
    endloop
  endfacet
  facet normal 0 0 -1
    outer loop
      vertex 96.4 6 0
      vertex 91.2504 7.99091 0
      vertex 91.4239 8.476 0
    endloop
  endfacet
  facet normal 0 0 -1
    outer loop
      vertex 96.4 6 0
      vertex 91.0301 7.52517 0
      vertex 91.2504 7.99091 0
    endloop
  endfacet
  facet normal 0 0 -1
    outer loop
      vertex 89.3167 5.63478 0
      vertex 91.5705 0.115295 0
      vertex 90.9881 0.0288849 0
    endloop
  endfacet
  facet normal 0 0 -1
    outer loop
      vertex 96.3711 5.4119 0
      vertex 90.7652 7.08326 0
      vertex 91.0301 7.52517 0
    endloop
  endfacet
  facet normal 0 0 -1
    outer loop
      vertex 95.9433 3.7039 0
      vertex 90.4583 6.66943 0
      vertex 90.7652 7.08326 0
    endloop
  endfacet
  facet normal 0 0 -1
    outer loop
      vertex 88.8748 5.36991 0
      vertex 90.9881 0.0288849 0
      vertex 90.4 0 0
    endloop
  endfacet
  facet normal 0 0 -1
    outer loop
      vertex 95.0381 2.19363 0
      vertex 90.1123 6.28769 0
      vertex 90.4583 6.66943 0
    endloop
  endfacet
  facet normal 0 0 -1
    outer loop
      vertex 93.7334 1.01118 0
      vertex 89.7306 5.94169 0
      vertex 90.1123 6.28769 0
    endloop
  endfacet
  facet normal 0 0 -1
    outer loop
      vertex 92.1417 0.258362 0
      vertex 89.3167 5.63478 0
      vertex 89.7306 5.94169 0
    endloop
  endfacet
  facet normal 0 0 -1
    outer loop
      vertex 90.9881 0.0288849 0
      vertex 88.8748 5.36991 0
      vertex 89.3167 5.63478 0
    endloop
  endfacet
  facet normal 0 0 -1
    outer loop
      vertex 90.4 0 0
      vertex 88.4091 5.14963 0
      vertex 88.8748 5.36991 0
    endloop
  endfacet
  facet normal 0 0 -1
    outer loop
      vertex 90.4 0 0
      vertex 87.924 4.97606 0
      vertex 88.4091 5.14963 0
    endloop
  endfacet
  facet normal 0 0 -1
    outer loop
      vertex 90.4 0 0
      vertex 87.4242 4.85088 0
      vertex 87.924 4.97606 0
    endloop
  endfacet
  facet normal 0 0 -1
    outer loop
      vertex 90.4 0 0
      vertex 86.9146 4.77528 0
      vertex 87.4242 4.85088 0
    endloop
  endfacet
  facet normal 0 0 -1
    outer loop
      vertex 90.4 0 0
      vertex 86.4 4.75 0
      vertex 86.9146 4.77528 0
    endloop
  endfacet
  facet normal 0 0 -1
    outer loop
      vertex 90.4 0 0
      vertex 85.8854 4.77528 0
      vertex 86.4 4.75 0
    endloop
  endfacet
  facet normal 0 0 -1
    outer loop
      vertex 90.4 0 0
      vertex 85.3758 4.85088 0
      vertex 85.8854 4.77528 0
    endloop
  endfacet
  facet normal 0 0 -1
    outer loop
      vertex 90.4 0 0
      vertex 84.876 4.97606 0
      vertex 85.3758 4.85088 0
    endloop
  endfacet
  facet normal 0 0 -1
    outer loop
      vertex 90.4 0 0
      vertex 84.3909 5.14963 0
      vertex 84.876 4.97606 0
    endloop
  endfacet
  facet normal 0 0 -1
    outer loop
      vertex 90.4 0 0
      vertex 83.9252 5.36991 0
      vertex 84.3909 5.14963 0
    endloop
  endfacet
  facet normal 0 0 -1
    outer loop
      vertex 90.4 0 0
      vertex 83.4833 5.63478 0
      vertex 83.9252 5.36991 0
    endloop
  endfacet
  facet normal 0 0 -1
    outer loop
      vertex 54.7 14.7 0
      vertex 83.4833 5.63478 0
      vertex 90.4 0 0
    endloop
  endfacet
  facet normal -0 0 -1
    outer loop
      vertex 81.2509 50.3758 0
      vertex 68.7 46.7 0
      vertex 81.1753 50.8854 0
    endloop
  endfacet
  facet normal 0 0 -1
    outer loop
      vertex 81.1753 9.48541 0
      vertex 68.7 14.7 0
      vertex 81.15 10 0
    endloop
  endfacet
  facet normal 0 0 -1
    outer loop
      vertex 81.2509 8.97578 0
      vertex 68.7 14.7 0
      vertex 81.1753 9.48541 0
    endloop
  endfacet
  facet normal 0 0 -1
    outer loop
      vertex 81.3761 8.476 0
      vertex 68.7 14.7 0
      vertex 81.2509 8.97578 0
    endloop
  endfacet
  facet normal 0 0 -1
    outer loop
      vertex 81.5496 7.99091 0
      vertex 68.7 14.7 0
      vertex 81.3761 8.476 0
    endloop
  endfacet
  facet normal 0 0 -1
    outer loop
      vertex 81.7699 7.52517 0
      vertex 68.7 14.7 0
      vertex 81.5496 7.99091 0
    endloop
  endfacet
  facet normal 0 0 -1
    outer loop
      vertex 82.0348 7.08326 0
      vertex 68.7 14.7 0
      vertex 81.7699 7.52517 0
    endloop
  endfacet
  facet normal 0 0 -1
    outer loop
      vertex 66.7 14.7 0
      vertex 82.0348 7.08326 0
      vertex 82.3417 6.66943 0
    endloop
  endfacet
  facet normal 0 0 -1
    outer loop
      vertex 64.7 14.7 0
      vertex 82.3417 6.66943 0
      vertex 82.6877 6.28769 0
    endloop
  endfacet
  facet normal 0 0 -1
    outer loop
      vertex 60.7 14.7 0
      vertex 82.6877 6.28769 0
      vertex 83.0694 5.94169 0
    endloop
  endfacet
  facet normal -0 -0 -1
    outer loop
      vertex 56.7 14.7 0
      vertex 83.4833 5.63478 0
      vertex 54.7 14.7 0
    endloop
  endfacet
  facet normal 0 0 -1
    outer loop
      vertex 82.0348 7.08326 0
      vertex 66.7 14.7 0
      vertex 68.7 14.7 0
    endloop
  endfacet
  facet normal 0 0 -1
    outer loop
      vertex 66.7 14.7 0
      vertex 64.7 14.7 0
      vertex 66.7 46.7 0
    endloop
  endfacet
  facet normal 0 0 -1
    outer loop
      vertex 82.3417 6.66943 0
      vertex 64.7 14.7 0
      vertex 66.7 14.7 0
    endloop
  endfacet
  facet normal 0 0 -1
    outer loop
      vertex 82.6877 6.28769 0
      vertex 62.7 14.7 0
      vertex 64.7 14.7 0
    endloop
  endfacet
  facet normal 0 0 -1
    outer loop
      vertex 62.7 14.7 0
      vertex 60.7 14.7 0
      vertex 62.7 46.7 0
    endloop
  endfacet
  facet normal 0 0 -1
    outer loop
      vertex 82.6877 6.28769 0
      vertex 60.7 14.7 0
      vertex 62.7 14.7 0
    endloop
  endfacet
  facet normal 0 0 -1
    outer loop
      vertex 83.0694 5.94169 0
      vertex 58.7 14.7 0
      vertex 60.7 14.7 0
    endloop
  endfacet
  facet normal 0 0 -1
    outer loop
      vertex 58.7 14.7 0
      vertex 56.7 14.7 0
      vertex 58.7 46.7 0
    endloop
  endfacet
  facet normal 0 0 -1
    outer loop
      vertex 83.0694 5.94169 0
      vertex 56.7 14.7 0
      vertex 58.7 14.7 0
    endloop
  endfacet
  facet normal 0 0 -1
    outer loop
      vertex 83.4833 5.63478 0
      vertex 56.7 14.7 0
      vertex 83.0694 5.94169 0
    endloop
  endfacet
  facet normal 0 0 -1
    outer loop
      vertex 54.7 14.7 0
      vertex 52.7 14.7 0
      vertex 54.7 46.7 0
    endloop
  endfacet
  facet normal 0 0 -1
    outer loop
      vertex 90.4 0 0
      vertex 52.7 14.7 0
      vertex 54.7 14.7 0
    endloop
  endfacet
  facet normal 0 0 -1
    outer loop
      vertex 90.4 0 0
      vertex 50.7 14.7 0
      vertex 52.7 14.7 0
    endloop
  endfacet
  facet normal 0 0 -1
    outer loop
      vertex 50.7 14.7 0
      vertex 48.7 14.7 0
      vertex 50.7 46.7 0
    endloop
  endfacet
  facet normal 0 0 -1
    outer loop
      vertex 90.4 0 0
      vertex 48.7 14.7 0
      vertex 50.7 14.7 0
    endloop
  endfacet
  facet normal 0 0 -1
    outer loop
      vertex 90.4 0 0
      vertex 46.7 14.7 0
      vertex 48.7 14.7 0
    endloop
  endfacet
  facet normal 0 0 -1
    outer loop
      vertex 46.7 14.7 0
      vertex 44.7 14.7 0
      vertex 46.7 46.7 0
    endloop
  endfacet
  facet normal 0 0 -1
    outer loop
      vertex 6 0 0
      vertex 46.7 14.7 0
      vertex 90.4 0 0
    endloop
  endfacet
  facet normal -0 0 -1
    outer loop
      vertex 46.7 14.7 0
      vertex 6 0 0
      vertex 44.7 14.7 0
    endloop
  endfacet
  facet normal 0 0 -1
    outer loop
      vertex 42.7 14.7 0
      vertex 40.7 14.7 0
      vertex 42.7 46.7 0
    endloop
  endfacet
  facet normal -0 0 -1
    outer loop
      vertex 44.7 14.7 0
      vertex 6 0 0
      vertex 42.7 14.7 0
    endloop
  endfacet
  facet normal 0 -0 -1
    outer loop
      vertex 12.9167 5.63478 0
      vertex 42.7 14.7 0
      vertex 6 0 0
    endloop
  endfacet
  facet normal 0 0 -1
    outer loop
      vertex 38.7 14.7 0
      vertex 36.7 14.7 0
      vertex 38.7 46.7 0
    endloop
  endfacet
  facet normal -0 0 -1
    outer loop
      vertex 42.7 14.7 0
      vertex 12.9167 5.63478 0
      vertex 40.7 14.7 0
    endloop
  endfacet
  facet normal -0 0 -1
    outer loop
      vertex 40.7 14.7 0
      vertex 12.9167 5.63478 0
      vertex 38.7 14.7 0
    endloop
  endfacet
  facet normal 0 0 -1
    outer loop
      vertex 34.7 14.7 0
      vertex 32.7 14.7 0
      vertex 34.7 46.7 0
    endloop
  endfacet
  facet normal 0 -0 -1
    outer loop
      vertex 13.3306 5.94169 0
      vertex 38.7 14.7 0
      vertex 12.9167 5.63478 0
    endloop
  endfacet
  facet normal -0 0 -1
    outer loop
      vertex 36.7 14.7 0
      vertex 13.3306 5.94169 0
      vertex 34.7 14.7 0
    endloop
  endfacet
  facet normal 0 0 -1
    outer loop
      vertex 15.2247 10.5146 0
      vertex 30.7 14.7 0
      vertex 15.25 10 0
    endloop
  endfacet
  facet normal -0 0 -1
    outer loop
      vertex 34.7 14.7 0
      vertex 13.7123 6.28769 0
      vertex 32.7 14.7 0
    endloop
  endfacet
  facet normal 0 0 -1
    outer loop
      vertex 30.7 14.7 0
      vertex 15.2247 9.48541 0
      vertex 15.25 10 0
    endloop
  endfacet
  facet normal 0 0 -1
    outer loop
      vertex 30.7 14.7 0
      vertex 15.1491 8.97578 0
      vertex 15.2247 9.48541 0
    endloop
  endfacet
  facet normal 0 0 -1
    outer loop
      vertex 30.7 14.7 0
      vertex 15.0239 8.476 0
      vertex 15.1491 8.97578 0
    endloop
  endfacet
  facet normal 0 0 -1
    outer loop
      vertex 30.7 14.7 0
      vertex 14.8504 7.99091 0
      vertex 15.0239 8.476 0
    endloop
  endfacet
  facet normal 0 0 -1
    outer loop
      vertex 30.7 14.7 0
      vertex 14.6301 7.52517 0
      vertex 14.8504 7.99091 0
    endloop
  endfacet
  facet normal 0 0 -1
    outer loop
      vertex 30.7 14.7 0
      vertex 14.3652 7.08326 0
      vertex 14.6301 7.52517 0
    endloop
  endfacet
  facet normal 0 0 -1
    outer loop
      vertex 30.7 14.7 0
      vertex 14.0583 6.66943 0
      vertex 14.3652 7.08326 0
    endloop
  endfacet
  facet normal -0 0 -1
    outer loop
      vertex 32.7 14.7 0
      vertex 14.0583 6.66943 0
      vertex 30.7 14.7 0
    endloop
  endfacet
  facet normal 0 -0 -1
    outer loop
      vertex 14.0583 6.66943 0
      vertex 32.7 14.7 0
      vertex 13.7123 6.28769 0
    endloop
  endfacet
  facet normal 0 -0 -1
    outer loop
      vertex 13.7123 6.28769 0
      vertex 34.7 14.7 0
      vertex 13.3306 5.94169 0
    endloop
  endfacet
  facet normal -0 0 -1
    outer loop
      vertex 38.7 14.7 0
      vertex 13.3306 5.94169 0
      vertex 36.7 14.7 0
    endloop
  endfacet
  facet normal 0 0 -1
    outer loop
      vertex 12.9167 5.63478 0
      vertex 6 0 0
      vertex 12.4748 5.36991 0
    endloop
  endfacet
  facet normal 0 0 -1
    outer loop
      vertex 12.4748 5.36991 0
      vertex 6 0 0
      vertex 12.0091 5.14963 0
    endloop
  endfacet
  facet normal 0 0 -1
    outer loop
      vertex 12.0091 5.14963 0
      vertex 6 0 0
      vertex 11.524 4.97606 0
    endloop
  endfacet
  facet normal 0 0 -1
    outer loop
      vertex 11.524 4.97606 0
      vertex 6 0 0
      vertex 11.0242 4.85088 0
    endloop
  endfacet
  facet normal 0 0 -1
    outer loop
      vertex 11.0242 4.85088 0
      vertex 6 0 0
      vertex 10.5146 4.77528 0
    endloop
  endfacet
  facet normal 0 0 -1
    outer loop
      vertex 10.5146 4.77528 0
      vertex 6 0 0
      vertex 10 4.75 0
    endloop
  endfacet
  facet normal -0 0 -1
    outer loop
      vertex 10 4.75 0
      vertex 6 0 0
      vertex 9.48541 4.77528 0
    endloop
  endfacet
  facet normal 0 0 -1
    outer loop
      vertex 6 0 0
      vertex 8.97578 4.85088 0
      vertex 9.48541 4.77528 0
    endloop
  endfacet
  facet normal 0 0 -1
    outer loop
      vertex 6 0 0
      vertex 8.476 4.97606 0
      vertex 8.97578 4.85088 0
    endloop
  endfacet
  facet normal 0 0 -1
    outer loop
      vertex 6 0 0
      vertex 7.99091 5.14963 0
      vertex 8.476 4.97606 0
    endloop
  endfacet
  facet normal 0 0 -1
    outer loop
      vertex 6 0 0
      vertex 7.52517 5.36991 0
      vertex 7.99091 5.14963 0
    endloop
  endfacet
  facet normal 0 0 -1
    outer loop
      vertex 5.4119 0.0288849 0
      vertex 7.52517 5.36991 0
      vertex 6 0 0
    endloop
  endfacet
  facet normal -0 0 -1
    outer loop
      vertex 7.52517 5.36991 0
      vertex 5.4119 0.0288849 0
      vertex 7.08326 5.63478 0
    endloop
  endfacet
  facet normal 0 0 -1
    outer loop
      vertex 4.82945 0.115295 0
      vertex 7.08326 5.63478 0
      vertex 5.4119 0.0288849 0
    endloop
  endfacet
  facet normal 0 0 -1
    outer loop
      vertex 4.25829 0.258362 0
      vertex 7.08326 5.63478 0
      vertex 4.82945 0.115295 0
    endloop
  endfacet
  facet normal -0 0 -1
    outer loop
      vertex 7.08326 5.63478 0
      vertex 4.25829 0.258362 0
      vertex 6.66943 5.94169 0
    endloop
  endfacet
  facet normal 0 0 -1
    outer loop
      vertex 3.7039 0.456726 0
      vertex 6.66943 5.94169 0
      vertex 4.25829 0.258362 0
    endloop
  endfacet
  facet normal 0 0 -1
    outer loop
      vertex 3.17162 0.708466 0
      vertex 6.66943 5.94169 0
      vertex 3.7039 0.456726 0
    endloop
  endfacet
  facet normal 0 0 -1
    outer loop
      vertex 2.66658 1.01118 0
      vertex 6.66943 5.94169 0
      vertex 3.17162 0.708466 0
    endloop
  endfacet
  facet normal -0 0 -1
    outer loop
      vertex 6.66943 5.94169 0
      vertex 2.66658 1.01118 0
      vertex 6.28769 6.28769 0
    endloop
  endfacet
  facet normal 0 0 -1
    outer loop
      vertex 2.19363 1.36194 0
      vertex 6.28769 6.28769 0
      vertex 2.66658 1.01118 0
    endloop
  endfacet
  facet normal 0 0 -1
    outer loop
      vertex 1.75735 1.75735 0
      vertex 6.28769 6.28769 0
      vertex 2.19363 1.36194 0
    endloop
  endfacet
  facet normal 0 0 -1
    outer loop
      vertex 1.36194 2.19363 0
      vertex 6.28769 6.28769 0
      vertex 1.75735 1.75735 0
    endloop
  endfacet
  facet normal -0 0 -1
    outer loop
      vertex 6.28769 6.28769 0
      vertex 1.36194 2.19363 0
      vertex 5.94169 6.66943 0
    endloop
  endfacet
  facet normal 0 0 -1
    outer loop
      vertex 0.708466 3.17162 0
      vertex 5.94169 6.66943 0
      vertex 1.01118 2.66658 0
    endloop
  endfacet
  facet normal 0 0 -1
    outer loop
      vertex 1.01118 2.66658 0
      vertex 5.94169 6.66943 0
      vertex 1.36194 2.19363 0
    endloop
  endfacet
  facet normal -0 0 -1
    outer loop
      vertex 95.6915 58.2284 0
      vertex 90.4583 54.7306 0
      vertex 95.3888 58.7334 0
    endloop
  endfacet
  facet normal -0 0 -1
    outer loop
      vertex 95.3888 58.7334 0
      vertex 90.4583 54.7306 0
      vertex 95.0381 59.2064 0
    endloop
  endfacet
  facet normal 0 0 -1
    outer loop
      vertex 90.1123 55.1123 0
      vertex 95.0381 59.2064 0
      vertex 90.4583 54.7306 0
    endloop
  endfacet
  facet normal -0 0 -1
    outer loop
      vertex 95.0381 59.2064 0
      vertex 90.1123 55.1123 0
      vertex 94.6426 59.6426 0
    endloop
  endfacet
  facet normal -0 0 -1
    outer loop
      vertex 94.6426 59.6426 0
      vertex 90.1123 55.1123 0
      vertex 94.2064 60.0381 0
    endloop
  endfacet
  facet normal -0 0 -1
    outer loop
      vertex 94.2064 60.0381 0
      vertex 90.1123 55.1123 0
      vertex 93.7334 60.3888 0
    endloop
  endfacet
  facet normal 0 0 -1
    outer loop
      vertex 89.7306 55.4583 0
      vertex 93.7334 60.3888 0
      vertex 90.1123 55.1123 0
    endloop
  endfacet
  facet normal -0 0 -1
    outer loop
      vertex 93.7334 60.3888 0
      vertex 89.7306 55.4583 0
      vertex 93.2284 60.6915 0
    endloop
  endfacet
  facet normal -0 0 -1
    outer loop
      vertex 93.2284 60.6915 0
      vertex 89.7306 55.4583 0
      vertex 92.6961 60.9433 0
    endloop
  endfacet
  facet normal -0 0 -1
    outer loop
      vertex 92.6961 60.9433 0
      vertex 89.7306 55.4583 0
      vertex 92.1417 61.1416 0
    endloop
  endfacet
  facet normal 0 0 -1
    outer loop
      vertex 89.3167 55.7652 0
      vertex 92.1417 61.1416 0
      vertex 89.7306 55.4583 0
    endloop
  endfacet
  facet normal -0 0 -1
    outer loop
      vertex 92.1417 61.1416 0
      vertex 89.3167 55.7652 0
      vertex 91.5705 61.2847 0
    endloop
  endfacet
  facet normal -0 0 -1
    outer loop
      vertex 91.5705 61.2847 0
      vertex 89.3167 55.7652 0
      vertex 90.9881 61.3711 0
    endloop
  endfacet
  facet normal 0 0 -1
    outer loop
      vertex 88.8748 56.0301 0
      vertex 90.9881 61.3711 0
      vertex 89.3167 55.7652 0
    endloop
  endfacet
  facet normal -0 0 -1
    outer loop
      vertex 90.9881 61.3711 0
      vertex 88.8748 56.0301 0
      vertex 90.4 61.4 0
    endloop
  endfacet
  facet normal 0 0 -1
    outer loop
      vertex 88.4091 56.2504 0
      vertex 90.4 61.4 0
      vertex 88.8748 56.0301 0
    endloop
  endfacet
  facet normal 0 0 -1
    outer loop
      vertex 87.924 56.4239 0
      vertex 90.4 61.4 0
      vertex 88.4091 56.2504 0
    endloop
  endfacet
  facet normal 0 0 -1
    outer loop
      vertex 87.4242 56.5491 0
      vertex 90.4 61.4 0
      vertex 87.924 56.4239 0
    endloop
  endfacet
  facet normal 0 0 -1
    outer loop
      vertex 86.9146 56.6247 0
      vertex 90.4 61.4 0
      vertex 87.4242 56.5491 0
    endloop
  endfacet
  facet normal 0 0 -1
    outer loop
      vertex 86.4 56.65 0
      vertex 90.4 61.4 0
      vertex 86.9146 56.6247 0
    endloop
  endfacet
  facet normal 0 0 -1
    outer loop
      vertex 85.8854 56.6247 0
      vertex 90.4 61.4 0
      vertex 86.4 56.65 0
    endloop
  endfacet
  facet normal 0 0 -1
    outer loop
      vertex 85.3758 56.5491 0
      vertex 90.4 61.4 0
      vertex 85.8854 56.6247 0
    endloop
  endfacet
  facet normal 0 0 -1
    outer loop
      vertex 84.876 56.4239 0
      vertex 90.4 61.4 0
      vertex 85.3758 56.5491 0
    endloop
  endfacet
  facet normal 0 0 -1
    outer loop
      vertex 84.3909 56.2504 0
      vertex 90.4 61.4 0
      vertex 84.876 56.4239 0
    endloop
  endfacet
  facet normal 0 0 -1
    outer loop
      vertex 83.9252 56.0301 0
      vertex 90.4 61.4 0
      vertex 84.3909 56.2504 0
    endloop
  endfacet
  facet normal 0 0 -1
    outer loop
      vertex 83.4833 55.7652 0
      vertex 90.4 61.4 0
      vertex 83.9252 56.0301 0
    endloop
  endfacet
  facet normal 0 0 -1
    outer loop
      vertex 56.7 46.7 0
      vertex 83.4833 55.7652 0
      vertex 83.0694 55.4583 0
    endloop
  endfacet
  facet normal -0 0 -1
    outer loop
      vertex 81.1753 50.8854 0
      vertex 68.7 46.7 0
      vertex 81.15 51.4 0
    endloop
  endfacet
  facet normal -0 0 -1
    outer loop
      vertex 81.15 51.4 0
      vertex 68.7 46.7 0
      vertex 81.1753 51.9146 0
    endloop
  endfacet
  facet normal -0 0 -1
    outer loop
      vertex 81.1753 51.9146 0
      vertex 68.7 46.7 0
      vertex 81.2509 52.4242 0
    endloop
  endfacet
  facet normal -0 0 -1
    outer loop
      vertex 81.2509 52.4242 0
      vertex 68.7 46.7 0
      vertex 81.3761 52.924 0
    endloop
  endfacet
  facet normal 0 0 -1
    outer loop
      vertex 68.7 46.7 0
      vertex 81.5496 53.4091 0
      vertex 81.3761 52.924 0
    endloop
  endfacet
  facet normal 0 0 -1
    outer loop
      vertex 68.7 46.7 0
      vertex 81.7699 53.8748 0
      vertex 81.5496 53.4091 0
    endloop
  endfacet
  facet normal 0 0 -1
    outer loop
      vertex 68.7 46.7 0
      vertex 82.0348 54.3167 0
      vertex 81.7699 53.8748 0
    endloop
  endfacet
  facet normal 0 0 -1
    outer loop
      vertex 66.7 46.7 0
      vertex 82.0348 54.3167 0
      vertex 68.7 46.7 0
    endloop
  endfacet
  facet normal -0 0 -1
    outer loop
      vertex 82.0348 54.3167 0
      vertex 66.7 46.7 0
      vertex 82.3417 54.7306 0
    endloop
  endfacet
  facet normal 0 0 -1
    outer loop
      vertex 64.7 46.7 0
      vertex 82.3417 54.7306 0
      vertex 66.7 46.7 0
    endloop
  endfacet
  facet normal -0 0 -1
    outer loop
      vertex 82.3417 54.7306 0
      vertex 64.7 46.7 0
      vertex 82.6877 55.1123 0
    endloop
  endfacet
  facet normal 0 0 -1
    outer loop
      vertex 62.7 46.7 0
      vertex 82.6877 55.1123 0
      vertex 64.7 46.7 0
    endloop
  endfacet
  facet normal 0 0 -1
    outer loop
      vertex 64.7 46.7 0
      vertex 66.7 46.7 0
      vertex 64.7 14.7 0
    endloop
  endfacet
  facet normal 0 0 -1
    outer loop
      vertex 60.7 46.7 0
      vertex 82.6877 55.1123 0
      vertex 62.7 46.7 0
    endloop
  endfacet
  facet normal -0 0 -1
    outer loop
      vertex 82.6877 55.1123 0
      vertex 60.7 46.7 0
      vertex 83.0694 55.4583 0
    endloop
  endfacet
  facet normal 0 0 -1
    outer loop
      vertex 60.7 46.7 0
      vertex 62.7 46.7 0
      vertex 60.7 14.7 0
    endloop
  endfacet
  facet normal 0 0 -1
    outer loop
      vertex 58.7 46.7 0
      vertex 83.0694 55.4583 0
      vertex 60.7 46.7 0
    endloop
  endfacet
  facet normal 0 0 -1
    outer loop
      vertex 56.7 46.7 0
      vertex 83.0694 55.4583 0
      vertex 58.7 46.7 0
    endloop
  endfacet
  facet normal 0 0 -1
    outer loop
      vertex 56.7 46.7 0
      vertex 58.7 46.7 0
      vertex 56.7 14.7 0
    endloop
  endfacet
  facet normal 0 0 -1
    outer loop
      vertex 83.4833 55.7652 0
      vertex 56.7 46.7 0
      vertex 54.7 46.7 0
    endloop
  endfacet
  facet normal -0 0 -1
    outer loop
      vertex 83.4833 55.7652 0
      vertex 54.7 46.7 0
      vertex 90.4 61.4 0
    endloop
  endfacet
  facet normal 0 0 -1
    outer loop
      vertex 52.7 46.7 0
      vertex 54.7 46.7 0
      vertex 52.7 14.7 0
    endloop
  endfacet
  facet normal 0 0 -1
    outer loop
      vertex 52.7 46.7 0
      vertex 90.4 61.4 0
      vertex 54.7 46.7 0
    endloop
  endfacet
  facet normal 0 0 -1
    outer loop
      vertex 50.7 46.7 0
      vertex 90.4 61.4 0
      vertex 52.7 46.7 0
    endloop
  endfacet
  facet normal 0 0 -1
    outer loop
      vertex 48.7 46.7 0
      vertex 50.7 46.7 0
      vertex 48.7 14.7 0
    endloop
  endfacet
  facet normal 0 0 -1
    outer loop
      vertex 48.7 46.7 0
      vertex 90.4 61.4 0
      vertex 50.7 46.7 0
    endloop
  endfacet
  facet normal 0 0 -1
    outer loop
      vertex 46.7 46.7 0
      vertex 90.4 61.4 0
      vertex 48.7 46.7 0
    endloop
  endfacet
  facet normal 0 0 -1
    outer loop
      vertex 44.7 46.7 0
      vertex 46.7 46.7 0
      vertex 44.7 14.7 0
    endloop
  endfacet
  facet normal 0 0 -1
    outer loop
      vertex 6 61.4 0
      vertex 46.7 46.7 0
      vertex 44.7 46.7 0
    endloop
  endfacet
  facet normal 0 0 -1
    outer loop
      vertex 6 61.4 0
      vertex 44.7 46.7 0
      vertex 42.7 46.7 0
    endloop
  endfacet
  facet normal 0 0 -1
    outer loop
      vertex 40.7 46.7 0
      vertex 42.7 46.7 0
      vertex 40.7 14.7 0
    endloop
  endfacet
  facet normal 0 0 -1
    outer loop
      vertex 12.9167 55.7652 0
      vertex 42.7 46.7 0
      vertex 40.7 46.7 0
    endloop
  endfacet
  facet normal 0 0 -1
    outer loop
      vertex 12.9167 55.7652 0
      vertex 40.7 46.7 0
      vertex 38.7 46.7 0
    endloop
  endfacet
  facet normal 0 0 -1
    outer loop
      vertex 36.7 46.7 0
      vertex 38.7 46.7 0
      vertex 36.7 14.7 0
    endloop
  endfacet
  facet normal 0 0 -1
    outer loop
      vertex 13.3306 55.4583 0
      vertex 38.7 46.7 0
      vertex 36.7 46.7 0
    endloop
  endfacet
  facet normal 0 0 -1
    outer loop
      vertex 13.3306 55.4583 0
      vertex 36.7 46.7 0
      vertex 34.7 46.7 0
    endloop
  endfacet
  facet normal 0 0 -1
    outer loop
      vertex 32.7 46.7 0
      vertex 34.7 46.7 0
      vertex 32.7 14.7 0
    endloop
  endfacet
  facet normal 0 0 -1
    outer loop
      vertex 13.7123 55.1123 0
      vertex 34.7 46.7 0
      vertex 32.7 46.7 0
    endloop
  endfacet
  facet normal 0 0 -1
    outer loop
      vertex 14.0583 54.7306 0
      vertex 32.7 46.7 0
      vertex 30.7 46.7 0
    endloop
  endfacet
  facet normal 0 0 -1
    outer loop
      vertex 15.1491 11.0242 0
      vertex 30.7 14.7 0
      vertex 15.2247 10.5146 0
    endloop
  endfacet
  facet normal 0 0 -1
    outer loop
      vertex 15.2247 51.9146 0
      vertex 30.7 46.7 0
      vertex 15.25 51.4 0
    endloop
  endfacet
  facet normal 0 0 -1
    outer loop
      vertex 15.1491 52.4242 0
      vertex 30.7 46.7 0
      vertex 15.2247 51.9146 0
    endloop
  endfacet
  facet normal 0 0 -1
    outer loop
      vertex 15.0239 52.924 0
      vertex 30.7 46.7 0
      vertex 15.1491 52.4242 0
    endloop
  endfacet
  facet normal 0 0 -1
    outer loop
      vertex 14.8504 53.4091 0
      vertex 30.7 46.7 0
      vertex 15.0239 52.924 0
    endloop
  endfacet
  facet normal 0 0 -1
    outer loop
      vertex 14.6301 53.8748 0
      vertex 30.7 46.7 0
      vertex 14.8504 53.4091 0
    endloop
  endfacet
  facet normal 0 0 -1
    outer loop
      vertex 14.3652 54.3167 0
      vertex 30.7 46.7 0
      vertex 14.6301 53.8748 0
    endloop
  endfacet
  facet normal 0 0 -1
    outer loop
      vertex 14.0583 54.7306 0
      vertex 30.7 46.7 0
      vertex 14.3652 54.3167 0
    endloop
  endfacet
  facet normal 0 0 -1
    outer loop
      vertex 32.7 46.7 0
      vertex 14.0583 54.7306 0
      vertex 13.7123 55.1123 0
    endloop
  endfacet
  facet normal 0 0 -1
    outer loop
      vertex 34.7 46.7 0
      vertex 13.7123 55.1123 0
      vertex 13.3306 55.4583 0
    endloop
  endfacet
  facet normal 0 0 -1
    outer loop
      vertex 38.7 46.7 0
      vertex 13.3306 55.4583 0
      vertex 12.9167 55.7652 0
    endloop
  endfacet
  facet normal 0 0 -1
    outer loop
      vertex 42.7 46.7 0
      vertex 12.9167 55.7652 0
      vertex 6 61.4 0
    endloop
  endfacet
  facet normal 0 0 -1
    outer loop
      vertex 6 61.4 0
      vertex 12.9167 55.7652 0
      vertex 12.4748 56.0301 0
    endloop
  endfacet
  facet normal 0 0 -1
    outer loop
      vertex 6 61.4 0
      vertex 12.4748 56.0301 0
      vertex 12.0091 56.2504 0
    endloop
  endfacet
  facet normal 0 0 -1
    outer loop
      vertex 6 61.4 0
      vertex 12.0091 56.2504 0
      vertex 11.524 56.4239 0
    endloop
  endfacet
  facet normal 0 0 -1
    outer loop
      vertex 6 61.4 0
      vertex 11.524 56.4239 0
      vertex 11.0242 56.5491 0
    endloop
  endfacet
  facet normal 0 0 -1
    outer loop
      vertex 6 61.4 0
      vertex 11.0242 56.5491 0
      vertex 10.5146 56.6247 0
    endloop
  endfacet
  facet normal 0 0 -1
    outer loop
      vertex 6 61.4 0
      vertex 10.5146 56.6247 0
      vertex 10 56.65 0
    endloop
  endfacet
  facet normal 0 0 -1
    outer loop
      vertex 6 61.4 0
      vertex 10 56.65 0
      vertex 9.48541 56.6247 0
    endloop
  endfacet
  facet normal 0 0 -1
    outer loop
      vertex 46.7 46.7 0
      vertex 6 61.4 0
      vertex 90.4 61.4 0
    endloop
  endfacet
  facet normal 0 0 -1
    outer loop
      vertex 8.97578 56.5491 0
      vertex 6 61.4 0
      vertex 9.48541 56.6247 0
    endloop
  endfacet
  facet normal 0 0 -1
    outer loop
      vertex 8.476 56.4239 0
      vertex 6 61.4 0
      vertex 8.97578 56.5491 0
    endloop
  endfacet
  facet normal 0 0 -1
    outer loop
      vertex 7.99091 56.2504 0
      vertex 6 61.4 0
      vertex 8.476 56.4239 0
    endloop
  endfacet
  facet normal 0 0 -1
    outer loop
      vertex 7.52517 56.0301 0
      vertex 6 61.4 0
      vertex 7.99091 56.2504 0
    endloop
  endfacet
  facet normal 0 0 -1
    outer loop
      vertex 5.4119 61.3711 0
      vertex 7.52517 56.0301 0
      vertex 7.08326 55.7652 0
    endloop
  endfacet
  facet normal 0 0 -1
    outer loop
      vertex 4.25829 61.1416 0
      vertex 7.08326 55.7652 0
      vertex 6.66943 55.4583 0
    endloop
  endfacet
  facet normal 0 0 -1
    outer loop
      vertex 2.66658 60.3888 0
      vertex 6.66943 55.4583 0
      vertex 6.28769 55.1123 0
    endloop
  endfacet
  facet normal 0 0 -1
    outer loop
      vertex 1.36194 59.2064 0
      vertex 6.28769 55.1123 0
      vertex 5.94169 54.7306 0
    endloop
  endfacet
  facet normal 0 0 -1
    outer loop
      vertex 0.456726 57.6961 0
      vertex 5.94169 54.7306 0
      vertex 5.63478 54.3167 0
    endloop
  endfacet
  facet normal 0 0 -1
    outer loop
      vertex 7.52517 56.0301 0
      vertex 5.4119 61.3711 0
      vertex 6 61.4 0
    endloop
  endfacet
  facet normal 0 0 -1
    outer loop
      vertex 0.0288849 55.9881 0
      vertex 5.63478 54.3167 0
      vertex 5.36991 53.8748 0
    endloop
  endfacet
  facet normal 0 0 -1
    outer loop
      vertex 0 55.4 0
      vertex 5.36991 53.8748 0
      vertex 5.14963 53.4091 0
    endloop
  endfacet
  facet normal 0 0 -1
    outer loop
      vertex 0 55.4 0
      vertex 5.14963 53.4091 0
      vertex 4.97606 52.924 0
    endloop
  endfacet
  facet normal 0 0 -1
    outer loop
      vertex 0 55.4 0
      vertex 4.97606 52.924 0
      vertex 4.85088 52.4242 0
    endloop
  endfacet
  facet normal 0 0 -1
    outer loop
      vertex 7.08326 55.7652 0
      vertex 4.82945 61.2847 0
      vertex 5.4119 61.3711 0
    endloop
  endfacet
  facet normal 0 0 -1
    outer loop
      vertex 0 55.4 0
      vertex 4.85088 52.4242 0
      vertex 4.77528 51.9146 0
    endloop
  endfacet
  facet normal 0 0 -1
    outer loop
      vertex 0 55.4 0
      vertex 4.77528 51.9146 0
      vertex 4.75 51.4 0
    endloop
  endfacet
  facet normal 0 0 -1
    outer loop
      vertex 4.85088 50.3758 0
      vertex 0 55.4 0
      vertex 4.77528 50.8854 0
    endloop
  endfacet
  facet normal 0 0 -1
    outer loop
      vertex 4.77528 50.8854 0
      vertex 0 55.4 0
      vertex 4.75 51.4 0
    endloop
  endfacet
  facet normal 0 0 -1
    outer loop
      vertex 0.456726 3.7039 0
      vertex 5.94169 6.66943 0
      vertex 0.708466 3.17162 0
    endloop
  endfacet
  facet normal 0 0 -1
    outer loop
      vertex 5.36991 53.8748 0
      vertex 0 55.4 0
      vertex 0.0288849 55.9881 0
    endloop
  endfacet
  facet normal -0 0 -1
    outer loop
      vertex 5.94169 6.66943 0
      vertex 0.456726 3.7039 0
      vertex 5.63478 7.08326 0
    endloop
  endfacet
  facet normal 0 0 -1
    outer loop
      vertex 7.08326 55.7652 0
      vertex 4.25829 61.1416 0
      vertex 4.82945 61.2847 0
    endloop
  endfacet
  facet normal 0 0 -1
    outer loop
      vertex 0.258362 4.25829 0
      vertex 5.63478 7.08326 0
      vertex 0.456726 3.7039 0
    endloop
  endfacet
  facet normal 0 0 -1
    outer loop
      vertex 6.66943 55.4583 0
      vertex 3.7039 60.9433 0
      vertex 4.25829 61.1416 0
    endloop
  endfacet
  facet normal 0 0 -1
    outer loop
      vertex 0.115295 4.82945 0
      vertex 5.63478 7.08326 0
      vertex 0.258362 4.25829 0
    endloop
  endfacet
  facet normal 0 0 -1
    outer loop
      vertex 6.66943 55.4583 0
      vertex 3.17162 60.6915 0
      vertex 3.7039 60.9433 0
    endloop
  endfacet
  facet normal 0 0 -1
    outer loop
      vertex 0.0288849 5.4119 0
      vertex 5.63478 7.08326 0
      vertex 0.115295 4.82945 0
    endloop
  endfacet
  facet normal 0 0 -1
    outer loop
      vertex 6.66943 55.4583 0
      vertex 2.66658 60.3888 0
      vertex 3.17162 60.6915 0
    endloop
  endfacet
  facet normal -0 0 -1
    outer loop
      vertex 5.63478 7.08326 0
      vertex 0.0288849 5.4119 0
      vertex 5.36991 7.52517 0
    endloop
  endfacet
  facet normal 0 0 -1
    outer loop
      vertex 6.28769 55.1123 0
      vertex 2.19363 60.0381 0
      vertex 2.66658 60.3888 0
    endloop
  endfacet
  facet normal 0 0 -1
    outer loop
      vertex 0 6 0
      vertex 5.36991 7.52517 0
      vertex 0.0288849 5.4119 0
    endloop
  endfacet
  facet normal 0 0 -1
    outer loop
      vertex 6.28769 55.1123 0
      vertex 1.75735 59.6426 0
      vertex 2.19363 60.0381 0
    endloop
  endfacet
  facet normal -0 0 -1
    outer loop
      vertex 5.36991 7.52517 0
      vertex 0 6 0
      vertex 5.14963 7.99091 0
    endloop
  endfacet
  facet normal 0 0 -1
    outer loop
      vertex 6.28769 55.1123 0
      vertex 1.36194 59.2064 0
      vertex 1.75735 59.6426 0
    endloop
  endfacet
  facet normal -0 0 -1
    outer loop
      vertex 5.14963 7.99091 0
      vertex 0 6 0
      vertex 4.97606 8.476 0
    endloop
  endfacet
  facet normal 0 0 -1
    outer loop
      vertex 5.94169 54.7306 0
      vertex 1.01118 58.7334 0
      vertex 1.36194 59.2064 0
    endloop
  endfacet
  facet normal -0 0 -1
    outer loop
      vertex 4.97606 8.476 0
      vertex 0 6 0
      vertex 4.85088 8.97578 0
    endloop
  endfacet
  facet normal 0 0 -1
    outer loop
      vertex 5.94169 54.7306 0
      vertex 0.708466 58.2284 0
      vertex 1.01118 58.7334 0
    endloop
  endfacet
  facet normal -0 0 -1
    outer loop
      vertex 4.85088 8.97578 0
      vertex 0 6 0
      vertex 4.77528 9.48541 0
    endloop
  endfacet
  facet normal 0 0 -1
    outer loop
      vertex 5.94169 54.7306 0
      vertex 0.456726 57.6961 0
      vertex 0.708466 58.2284 0
    endloop
  endfacet
  facet normal -0 0 -1
    outer loop
      vertex 4.77528 9.48541 0
      vertex 0 6 0
      vertex 4.75 10 0
    endloop
  endfacet
  facet normal 0 0 -1
    outer loop
      vertex 5.63478 54.3167 0
      vertex 0.258362 57.1417 0
      vertex 0.456726 57.6961 0
    endloop
  endfacet
  facet normal 0 0 -1
    outer loop
      vertex 5.63478 54.3167 0
      vertex 0.115295 56.5705 0
      vertex 0.258362 57.1417 0
    endloop
  endfacet
  facet normal 0 0 -1
    outer loop
      vertex 5.63478 54.3167 0
      vertex 0.0288849 55.9881 0
      vertex 0.115295 56.5705 0
    endloop
  endfacet
  facet normal -0.242965 0.970035 0
    outer loop
      vertex 91.5031 2.36363 2
      vertex 91.1413 2.27301 22
      vertex 91.5031 2.36363 22
    endloop
  endfacet
  facet normal -0.242965 0.970035 0
    outer loop
      vertex 91.1413 2.27301 22
      vertex 91.5031 2.36363 2
      vertex 91.1413 2.27301 2
    endloop
  endfacet
  facet normal 0 1 -0
    outer loop
      vertex 64.2 2.2 18.5
      vertex 32.2 2.2 20.3
      vertex 64.2 2.2 20.3
    endloop
  endfacet
  facet normal 0 1 0
    outer loop
      vertex 32.2 2.2 20.3
      vertex 64.2 2.2 18.5
      vertex 32.2 2.2 18.5
    endloop
  endfacet
  facet normal 0 1 0
    outer loop
      vertex 64.2 2.2 20.3
      vertex 90.4 2.2 22
      vertex 73.2 2.2 20.3
    endloop
  endfacet
  facet normal 0 1 -0
    outer loop
      vertex 87.7 2.2 16.1
      vertex 73.2 2.2 20.3
      vertex 90.4 2.2 22
    endloop
  endfacet
  facet normal 0 1 0
    outer loop
      vertex 87.7 2.2 16.1
      vertex 64.2 2.2 18.5
      vertex 73.2 2.2 18.5
    endloop
  endfacet
  facet normal 0 1 0
    outer loop
      vertex 64.2 2.2 18.5
      vertex 87.7 2.2 16.1
      vertex 32.2 2.2 18.5
    endloop
  endfacet
  facet normal 0 1 0
    outer loop
      vertex 8.7 2.2 16.1
      vertex 32.2 2.2 18.5
      vertex 87.7 2.2 16.1
    endloop
  endfacet
  facet normal 0 1 0
    outer loop
      vertex 73.2 2.2 20.3
      vertex 87.7 2.2 16.1
      vertex 73.2 2.2 18.5
    endloop
  endfacet
  facet normal 0 1 -0
    outer loop
      vertex 90.4 2.2 2
      vertex 87.7 2.2 16.1
      vertex 90.4 2.2 22
    endloop
  endfacet
  facet normal 0 1 0
    outer loop
      vertex 87.7 2.2 6.8
      vertex 90.4 2.2 2
      vertex 8.7 2.2 6.8
    endloop
  endfacet
  facet normal 0 1 0
    outer loop
      vertex 87.7 2.2 16.1
      vertex 90.4 2.2 2
      vertex 87.7 2.2 6.8
    endloop
  endfacet
  facet normal 0 1 0
    outer loop
      vertex 90.4 2.2 22
      vertex 64.2 2.2 20.3
      vertex 6 2.2 22
    endloop
  endfacet
  facet normal 0 1 -0
    outer loop
      vertex 32.2 2.2 20.3
      vertex 6 2.2 22
      vertex 64.2 2.2 20.3
    endloop
  endfacet
  facet normal 0 1 -0
    outer loop
      vertex 23.2 2.2 20.3
      vertex 6 2.2 22
      vertex 32.2 2.2 20.3
    endloop
  endfacet
  facet normal 0 1 0
    outer loop
      vertex 8.7 2.2 16.1
      vertex 23.2 2.2 20.3
      vertex 23.2 2.2 18.5
    endloop
  endfacet
  facet normal 0 1 0
    outer loop
      vertex 32.2 2.2 18.5
      vertex 8.7 2.2 16.1
      vertex 23.2 2.2 18.5
    endloop
  endfacet
  facet normal 0 1 0
    outer loop
      vertex 23.2 2.2 20.3
      vertex 8.7 2.2 16.1
      vertex 6 2.2 22
    endloop
  endfacet
  facet normal 0 1 0
    outer loop
      vertex 6 2.2 2
      vertex 8.7 2.2 16.1
      vertex 8.7 2.2 6.8
    endloop
  endfacet
  facet normal 0 1 0
    outer loop
      vertex 8.7 2.2 16.1
      vertex 6 2.2 2
      vertex 6 2.2 22
    endloop
  endfacet
  facet normal 0 1 0
    outer loop
      vertex 6 2.2 2
      vertex 8.7 2.2 6.8
      vertex 90.4 2.2 2
    endloop
  endfacet
  facet normal -0.146766 0.989171 0
    outer loop
      vertex 91.1413 2.27301 2
      vertex 90.7725 2.21829 22
      vertex 91.1413 2.27301 22
    endloop
  endfacet
  facet normal -0.146766 0.989171 0
    outer loop
      vertex 90.7725 2.21829 22
      vertex 91.1413 2.27301 2
      vertex 90.7725 2.21829 2
    endloop
  endfacet
  facet normal 0.427455 -0.904037 0
    outer loop
      vertex 4.20869 58.7513 2
      vertex 4.54581 58.9107 22
      vertex 4.20869 58.7513 22
    endloop
  endfacet
  facet normal 0.427455 -0.904037 0
    outer loop
      vertex 4.54581 58.9107 22
      vertex 4.20869 58.7513 2
      vertex 4.54581 58.9107 2
    endloop
  endfacet
  facet normal -0.0490416 0.998797 0
    outer loop
      vertex 90.7725 2.21829 2
      vertex 90.4 2.2 22
      vertex 90.7725 2.21829 22
    endloop
  endfacet
  facet normal -0.0490416 0.998797 0
    outer loop
      vertex 90.4 2.2 22
      vertex 90.7725 2.21829 2
      vertex 90.4 2.2 2
    endloop
  endfacet
  facet normal 0.243003 0.970026 -0
    outer loop
      vertex 5.25865 2.27301 2
      vertex 4.89691 2.36363 22
      vertex 5.25865 2.27301 22
    endloop
  endfacet
  facet normal 0.243003 0.970026 0
    outer loop
      vertex 4.89691 2.36363 22
      vertex 5.25865 2.27301 2
      vertex 4.89691 2.36363 2
    endloop
  endfacet
  facet normal 0.970035 -0.242965 0
    outer loop
      vertex 2.27301 56.1413 22
      vertex 2.36363 56.5031 2
      vertex 2.36363 56.5031 22
    endloop
  endfacet
  facet normal 0.970035 -0.242965 0
    outer loop
      vertex 2.36363 56.5031 2
      vertex 2.27301 56.1413 22
      vertex 2.27301 56.1413 2
    endloop
  endfacet
  facet normal 0.3369 0.94154 -0
    outer loop
      vertex 4.89691 2.36363 2
      vertex 4.54581 2.48926 22
      vertex 4.89691 2.36363 22
    endloop
  endfacet
  facet normal 0.3369 0.94154 0
    outer loop
      vertex 4.54581 2.48926 22
      vertex 4.89691 2.36363 2
      vertex 4.54581 2.48926 2
    endloop
  endfacet
  facet normal 0.146735 0.989176 -0
    outer loop
      vertex 5.62753 2.21829 2
      vertex 5.25865 2.27301 22
      vertex 5.62753 2.21829 22
    endloop
  endfacet
  facet normal 0.146735 0.989176 0
    outer loop
      vertex 5.25865 2.27301 22
      vertex 5.62753 2.21829 2
      vertex 5.25865 2.27301 2
    endloop
  endfacet
  facet normal 0.0490723 -0.998795 0
    outer loop
      vertex 5.62753 59.1817 2
      vertex 6 59.2 22
      vertex 5.62753 59.1817 22
    endloop
  endfacet
  facet normal 0.0490723 -0.998795 0
    outer loop
      vertex 6 59.2 22
      vertex 5.62753 59.1817 2
      vertex 6 59.2 2
    endloop
  endfacet
  facet normal 0.970026 0.243003 0
    outer loop
      vertex 2.36363 4.89691 22
      vertex 2.27301 5.25865 2
      vertex 2.27301 5.25865 22
    endloop
  endfacet
  facet normal 0.970026 0.243003 0
    outer loop
      vertex 2.27301 5.25865 2
      vertex 2.36363 4.89691 22
      vertex 2.36363 4.89691 2
    endloop
  endfacet
  facet normal -0.941477 0.337078 0
    outer loop
      vertex 94.0364 4.89691 2
      vertex 93.9659 4.7 6.6
      vertex 94.0364 4.89691 6.6
    endloop
  endfacet
  facet normal -0.941481 0.337067 -5.6137e-07
    outer loop
      vertex 93.9107 4.54581 2
      vertex 93.9659 4.7 6.6
      vertex 94.0364 4.89691 2
    endloop
  endfacet
  facet normal -0.941486 0.337052 0
    outer loop
      vertex 93.9107 4.54581 22
      vertex 93.9659 4.7 6.6
      vertex 93.9107 4.54581 2
    endloop
  endfacet
  facet normal -0.941486 0.337052 0
    outer loop
      vertex 93.9659 4.7 6.6
      vertex 93.9107 4.54581 22
      vertex 93.9659 4.7 22
    endloop
  endfacet
  facet normal -1 0 0
    outer loop
      vertex 94.2 6 2
      vertex 94.2 55.4 6.6
      vertex 94.2 55.4 2
    endloop
  endfacet
  facet normal -1 -0 0
    outer loop
      vertex 94.2 55.4 6.6
      vertex 94.2 6 2
      vertex 94.2 6 6.6
    endloop
  endfacet
  facet normal -0.740983 -0.671524 0
    outer loop
      vertex 93.3374 57.8107 6
      vertex 93.087 58.087 22
      vertex 93.087 58.087 6
    endloop
  endfacet
  facet normal -0.740983 -0.671524 0
    outer loop
      vertex 93.087 58.087 22
      vertex 93.3374 57.8107 6
      vertex 93.3374 57.8107 22
    endloop
  endfacet
  facet normal 1 0 0
    outer loop
      vertex 2.2 55.4 22
      vertex 2.2 44.7 8.2
      vertex 2.2 55.4 2
    endloop
  endfacet
  facet normal 1 0 0
    outer loop
      vertex 2.2 55.4 22
      vertex 2.2 16.7 8.2
      vertex 2.2 44.7 8.2
    endloop
  endfacet
  facet normal 1 0 0
    outer loop
      vertex 2.2 6 2
      vertex 2.2 16.7 8.2
      vertex 2.2 6 22
    endloop
  endfacet
  facet normal 1 -0 0
    outer loop
      vertex 2.2 6 22
      vertex 2.2 16.7 8.2
      vertex 2.2 55.4 22
    endloop
  endfacet
  facet normal 1 -0 0
    outer loop
      vertex 2.2 44.7 3.5
      vertex 2.2 55.4 2
      vertex 2.2 44.7 8.2
    endloop
  endfacet
  facet normal 1 -0 0
    outer loop
      vertex 2.2 16.7 3.5
      vertex 2.2 55.4 2
      vertex 2.2 44.7 3.5
    endloop
  endfacet
  facet normal 1 0 0
    outer loop
      vertex 2.2 16.7 3.5
      vertex 2.2 6 2
      vertex 2.2 55.4 2
    endloop
  endfacet
  facet normal 1 0 0
    outer loop
      vertex 2.2 16.7 8.2
      vertex 2.2 6 2
      vertex 2.2 16.7 3.5
    endloop
  endfacet
  facet normal -0.242914 -0.970048 0
    outer loop
      vertex 91.1413 59.127 2
      vertex 91.5031 59.0364 22
      vertex 91.1413 59.127 22
    endloop
  endfacet
  facet normal -0.242914 -0.970048 -0
    outer loop
      vertex 91.5031 59.0364 22
      vertex 91.1413 59.127 2
      vertex 91.5031 59.0364 2
    endloop
  endfacet
  facet normal -0.741007 0.671497 0
    outer loop
      vertex 93.087 3.31299 6
      vertex 93.3374 3.58931 22
      vertex 93.3374 3.58931 6
    endloop
  endfacet
  facet normal -0.741007 0.671497 0
    outer loop
      vertex 93.3374 3.58931 22
      vertex 93.087 3.31299 6
      vertex 93.087 3.31299 22
    endloop
  endfacet
  facet normal 0.740967 0.671542 0
    outer loop
      vertex 3.31299 3.31299 22
      vertex 3.06256 3.58931 6
      vertex 3.06256 3.58931 22
    endloop
  endfacet
  facet normal 0.740967 0.671542 0
    outer loop
      vertex 3.06256 3.58931 6
      vertex 3.31299 3.31299 22
      vertex 3.31299 3.31299 6
    endloop
  endfacet
  facet normal 0.671497 -0.741007 0
    outer loop
      vertex 3.31299 58.087 6
      vertex 3.58931 58.3374 22
      vertex 3.31299 58.087 22
    endloop
  endfacet
  facet normal 0.671497 -0.741007 0
    outer loop
      vertex 3.58931 58.3374 22
      vertex 3.31299 58.087 6
      vertex 3.58931 58.3374 6
    endloop
  endfacet
  facet normal -0.998795 -0.0490683 0
    outer loop
      vertex 94.2 55.4 2
      vertex 94.1817 55.7725 6.6
      vertex 94.1817 55.7725 2
    endloop
  endfacet
  facet normal -0.998795 -0.0490683 0
    outer loop
      vertex 94.1817 55.7725 6.6
      vertex 94.2 55.4 2
      vertex 94.2 55.4 6.6
    endloop
  endfacet
  facet normal -0.514022 -0.857777 2.26242e-07
    outer loop
      vertex 92.1913 58.7513 22
      vertex 92.2769 58.7 6
      vertex 92.5112 58.5596 22
    endloop
  endfacet
  facet normal -0.514054 -0.857758 0
    outer loop
      vertex 92.1913 58.7513 2
      vertex 92.2769 58.7 6
      vertex 92.1913 58.7513 22
    endloop
  endfacet
  facet normal -0.514054 -0.857758 -0
    outer loop
      vertex 92.2769 58.7 6
      vertex 92.1913 58.7513 2
      vertex 92.2769 58.7 2
    endloop
  endfacet
  facet normal -0.514011 -0.857784 -0
    outer loop
      vertex 92.5112 58.5596 22
      vertex 92.2769 58.7 6
      vertex 92.5112 58.5596 6
    endloop
  endfacet
  facet normal 0.514101 0.857729 -2.57942e-08
    outer loop
      vertex 4.20869 2.6487 22
      vertex 4.1231 2.7 6
      vertex 3.88884 2.84041 22
    endloop
  endfacet
  facet normal 0.514098 0.857732 -0
    outer loop
      vertex 4.20869 2.6487 2
      vertex 4.1231 2.7 6
      vertex 4.20869 2.6487 22
    endloop
  endfacet
  facet normal 0.514098 0.857732 0
    outer loop
      vertex 4.1231 2.7 6
      vertex 4.20869 2.6487 2
      vertex 4.1231 2.7 2
    endloop
  endfacet
  facet normal 0.514103 0.857729 0
    outer loop
      vertex 3.88884 2.84041 22
      vertex 4.1231 2.7 6
      vertex 3.88884 2.84041 6
    endloop
  endfacet
  facet normal 0 -1 0
    outer loop
      vertex 71.7 59.2 8
      vertex 74.2 59.2 16
      vertex 71.7 59.2 16
    endloop
  endfacet
  facet normal 0 -1 -0
    outer loop
      vertex 74.2 59.2 16
      vertex 71.7 59.2 8
      vertex 74.2 59.2 8
    endloop
  endfacet
  facet normal 0 -1 0
    outer loop
      vertex 67.2 59.2 8
      vertex 69.7 59.2 16
      vertex 67.2 59.2 16
    endloop
  endfacet
  facet normal 0 -1 -0
    outer loop
      vertex 69.7 59.2 16
      vertex 67.2 59.2 8
      vertex 69.7 59.2 8
    endloop
  endfacet
  facet normal 0 -1 0
    outer loop
      vertex 62.7 59.2 8
      vertex 65.2 59.2 16
      vertex 62.7 59.2 16
    endloop
  endfacet
  facet normal 0 -1 -0
    outer loop
      vertex 65.2 59.2 16
      vertex 62.7 59.2 8
      vertex 65.2 59.2 8
    endloop
  endfacet
  facet normal 0 -1 0
    outer loop
      vertex 58.2 59.2 8
      vertex 60.7 59.2 16
      vertex 58.2 59.2 16
    endloop
  endfacet
  facet normal 0 -1 -0
    outer loop
      vertex 60.7 59.2 16
      vertex 58.2 59.2 8
      vertex 60.7 59.2 8
    endloop
  endfacet
  facet normal 0 -1 0
    outer loop
      vertex 53.7 59.2 8
      vertex 56.2 59.2 16
      vertex 53.7 59.2 16
    endloop
  endfacet
  facet normal 0 -1 -0
    outer loop
      vertex 56.2 59.2 16
      vertex 53.7 59.2 8
      vertex 56.2 59.2 8
    endloop
  endfacet
  facet normal 0 -1 0
    outer loop
      vertex 49.2 59.2 8
      vertex 51.7 59.2 16
      vertex 49.2 59.2 16
    endloop
  endfacet
  facet normal 0 -1 -0
    outer loop
      vertex 51.7 59.2 16
      vertex 49.2 59.2 8
      vertex 51.7 59.2 8
    endloop
  endfacet
  facet normal 0 -1 0
    outer loop
      vertex 44.7 59.2 8
      vertex 47.2 59.2 16
      vertex 44.7 59.2 16
    endloop
  endfacet
  facet normal 0 -1 -0
    outer loop
      vertex 47.2 59.2 16
      vertex 44.7 59.2 8
      vertex 47.2 59.2 8
    endloop
  endfacet
  facet normal 0 -1 0
    outer loop
      vertex 40.2 59.2 8
      vertex 42.7 59.2 16
      vertex 40.2 59.2 16
    endloop
  endfacet
  facet normal 0 -1 -0
    outer loop
      vertex 42.7 59.2 16
      vertex 40.2 59.2 8
      vertex 42.7 59.2 8
    endloop
  endfacet
  facet normal 0 -1 0
    outer loop
      vertex 35.7 59.2 8
      vertex 38.2 59.2 16
      vertex 35.7 59.2 16
    endloop
  endfacet
  facet normal 0 -1 -0
    outer loop
      vertex 38.2 59.2 16
      vertex 35.7 59.2 8
      vertex 38.2 59.2 8
    endloop
  endfacet
  facet normal 0 -1 0
    outer loop
      vertex 31.2 59.2 8
      vertex 33.7 59.2 16
      vertex 31.2 59.2 16
    endloop
  endfacet
  facet normal 0 -1 -0
    outer loop
      vertex 33.7 59.2 16
      vertex 31.2 59.2 8
      vertex 33.7 59.2 8
    endloop
  endfacet
  facet normal 0 -1 0
    outer loop
      vertex 26.7 59.2 8
      vertex 29.2 59.2 16
      vertex 26.7 59.2 16
    endloop
  endfacet
  facet normal 0 -1 -0
    outer loop
      vertex 29.2 59.2 16
      vertex 26.7 59.2 8
      vertex 29.2 59.2 8
    endloop
  endfacet
  facet normal 0 -1 0
    outer loop
      vertex 35.7 59.2 16
      vertex 32.2 59.2 20.3
      vertex 32.2 59.2 18.5
    endloop
  endfacet
  facet normal 0 -1 0
    outer loop
      vertex 32.2 59.2 20.3
      vertex 47.2 59.2 16
      vertex 64.2 59.2 20.3
    endloop
  endfacet
  facet normal 0 -1 0
    outer loop
      vertex 32.2 59.2 20.3
      vertex 6 59.2 22
      vertex 23.2 59.2 20.3
    endloop
  endfacet
  facet normal 0 -1 0
    outer loop
      vertex 6 59.2 22
      vertex 23.2 59.2 18.5
      vertex 23.2 59.2 20.3
    endloop
  endfacet
  facet normal 0 -1 0
    outer loop
      vertex 26.7 59.2 16
      vertex 32.2 59.2 18.5
      vertex 23.2 59.2 18.5
    endloop
  endfacet
  facet normal 0 -1 0
    outer loop
      vertex 32.2 59.2 20.3
      vertex 44.7 59.2 16
      vertex 47.2 59.2 16
    endloop
  endfacet
  facet normal 0 -1 0
    outer loop
      vertex 26.7 59.2 16
      vertex 23.2 59.2 18.5
      vertex 24.7 59.2 16
    endloop
  endfacet
  facet normal 0 -1 0
    outer loop
      vertex 6 59.2 2
      vertex 23.2 59.2 18.5
      vertex 6 59.2 22
    endloop
  endfacet
  facet normal 0 -1 0
    outer loop
      vertex 23.2 59.2 18.5
      vertex 24.7 59.2 8
      vertex 24.7 59.2 16
    endloop
  endfacet
  facet normal 0 -1 0
    outer loop
      vertex 6 59.2 2
      vertex 26.7 59.2 8
      vertex 24.7 59.2 8
    endloop
  endfacet
  facet normal 0 -1 -0
    outer loop
      vertex 26.7 59.2 8
      vertex 6 59.2 2
      vertex 29.2 59.2 8
    endloop
  endfacet
  facet normal 0 -1 -0
    outer loop
      vertex 29.2 59.2 8
      vertex 6 59.2 2
      vertex 31.2 59.2 8
    endloop
  endfacet
  facet normal 0 -1 -0
    outer loop
      vertex 31.2 59.2 8
      vertex 6 59.2 2
      vertex 33.7 59.2 8
    endloop
  endfacet
  facet normal 0 -1 -0
    outer loop
      vertex 33.7 59.2 8
      vertex 6 59.2 2
      vertex 35.7 59.2 8
    endloop
  endfacet
  facet normal 0 -1 -0
    outer loop
      vertex 35.7 59.2 8
      vertex 6 59.2 2
      vertex 38.2 59.2 8
    endloop
  endfacet
  facet normal 0 -1 -0
    outer loop
      vertex 38.2 59.2 8
      vertex 6 59.2 2
      vertex 40.2 59.2 8
    endloop
  endfacet
  facet normal 0 -1 -0
    outer loop
      vertex 40.2 59.2 8
      vertex 6 59.2 2
      vertex 42.7 59.2 8
    endloop
  endfacet
  facet normal 0 -1 -0
    outer loop
      vertex 42.7 59.2 8
      vertex 6 59.2 2
      vertex 44.7 59.2 8
    endloop
  endfacet
  facet normal 0 -1 -0
    outer loop
      vertex 44.7 59.2 8
      vertex 6 59.2 2
      vertex 47.2 59.2 8
    endloop
  endfacet
  facet normal 0 -1 -0
    outer loop
      vertex 47.2 59.2 8
      vertex 6 59.2 2
      vertex 49.2 59.2 8
    endloop
  endfacet
  facet normal 0 -1 0
    outer loop
      vertex 90.4 59.2 2
      vertex 49.2 59.2 8
      vertex 6 59.2 2
    endloop
  endfacet
  facet normal 0 -1 0
    outer loop
      vertex 49.2 59.2 8
      vertex 90.4 59.2 2
      vertex 51.7 59.2 8
    endloop
  endfacet
  facet normal 0 -1 0
    outer loop
      vertex 51.7 59.2 8
      vertex 90.4 59.2 2
      vertex 53.7 59.2 8
    endloop
  endfacet
  facet normal 0 -1 0
    outer loop
      vertex 53.7 59.2 8
      vertex 90.4 59.2 2
      vertex 56.2 59.2 8
    endloop
  endfacet
  facet normal 0 -1 0
    outer loop
      vertex 56.2 59.2 8
      vertex 90.4 59.2 2
      vertex 58.2 59.2 8
    endloop
  endfacet
  facet normal 0 -1 0
    outer loop
      vertex 58.2 59.2 8
      vertex 90.4 59.2 2
      vertex 60.7 59.2 8
    endloop
  endfacet
  facet normal 0 -1 0
    outer loop
      vertex 60.7 59.2 8
      vertex 90.4 59.2 2
      vertex 62.7 59.2 8
    endloop
  endfacet
  facet normal 0 -1 0
    outer loop
      vertex 62.7 59.2 8
      vertex 90.4 59.2 2
      vertex 65.2 59.2 8
    endloop
  endfacet
  facet normal 0 -1 0
    outer loop
      vertex 65.2 59.2 8
      vertex 90.4 59.2 2
      vertex 67.2 59.2 8
    endloop
  endfacet
  facet normal 0 -1 0
    outer loop
      vertex 69.7 59.2 8
      vertex 90.4 59.2 2
      vertex 71.7 59.2 8
    endloop
  endfacet
  facet normal 0 -1 0
    outer loop
      vertex 71.7 59.2 8
      vertex 90.4 59.2 2
      vertex 74.2 59.2 8
    endloop
  endfacet
  facet normal 0 -1 0
    outer loop
      vertex 67.2 59.2 8
      vertex 90.4 59.2 2
      vertex 69.7 59.2 8
    endloop
  endfacet
  facet normal 0 -1 -0
    outer loop
      vertex 23.2 59.2 18.5
      vertex 6 59.2 2
      vertex 24.7 59.2 8
    endloop
  endfacet
  facet normal 0 -1 0
    outer loop
      vertex 6 59.2 22
      vertex 32.2 59.2 20.3
      vertex 90.4 59.2 22
    endloop
  endfacet
  facet normal 0 -1 0
    outer loop
      vertex 64.2 59.2 20.3
      vertex 90.4 59.2 22
      vertex 32.2 59.2 20.3
    endloop
  endfacet
  facet normal 0 -1 0
    outer loop
      vertex 73.2 59.2 20.3
      vertex 90.4 59.2 22
      vertex 64.2 59.2 20.3
    endloop
  endfacet
  facet normal 0 -1 0
    outer loop
      vertex 76.2 59.2 16
      vertex 73.2 59.2 20.3
      vertex 73.2 59.2 18.5
    endloop
  endfacet
  facet normal 0 -1 0
    outer loop
      vertex 32.2 59.2 18.5
      vertex 26.7 59.2 16
      vertex 29.2 59.2 16
    endloop
  endfacet
  facet normal 0 -1 0
    outer loop
      vertex 32.2 59.2 18.5
      vertex 29.2 59.2 16
      vertex 31.2 59.2 16
    endloop
  endfacet
  facet normal 0 -1 -0
    outer loop
      vertex 32.2 59.2 18.5
      vertex 31.2 59.2 16
      vertex 33.7 59.2 16
    endloop
  endfacet
  facet normal 0 -1 0
    outer loop
      vertex 32.2 59.2 18.5
      vertex 33.7 59.2 16
      vertex 35.7 59.2 16
    endloop
  endfacet
  facet normal 0 -1 0
    outer loop
      vertex 32.2 59.2 20.3
      vertex 35.7 59.2 16
      vertex 38.2 59.2 16
    endloop
  endfacet
  facet normal 0 -1 0
    outer loop
      vertex 32.2 59.2 20.3
      vertex 38.2 59.2 16
      vertex 40.2 59.2 16
    endloop
  endfacet
  facet normal 0 -1 0
    outer loop
      vertex 32.2 59.2 20.3
      vertex 40.2 59.2 16
      vertex 42.7 59.2 16
    endloop
  endfacet
  facet normal 0 -1 0
    outer loop
      vertex 32.2 59.2 20.3
      vertex 42.7 59.2 16
      vertex 44.7 59.2 16
    endloop
  endfacet
  facet normal 0 -1 0
    outer loop
      vertex 49.2 59.2 16
      vertex 64.2 59.2 20.3
      vertex 47.2 59.2 16
    endloop
  endfacet
  facet normal 0 -1 0
    outer loop
      vertex 51.7 59.2 16
      vertex 64.2 59.2 20.3
      vertex 49.2 59.2 16
    endloop
  endfacet
  facet normal 0 -1 0
    outer loop
      vertex 53.7 59.2 16
      vertex 64.2 59.2 20.3
      vertex 51.7 59.2 16
    endloop
  endfacet
  facet normal 0 -1 0
    outer loop
      vertex 56.2 59.2 16
      vertex 64.2 59.2 20.3
      vertex 53.7 59.2 16
    endloop
  endfacet
  facet normal 0 -1 0
    outer loop
      vertex 58.2 59.2 16
      vertex 64.2 59.2 20.3
      vertex 56.2 59.2 16
    endloop
  endfacet
  facet normal 0 -1 0
    outer loop
      vertex 60.7 59.2 16
      vertex 64.2 59.2 20.3
      vertex 58.2 59.2 16
    endloop
  endfacet
  facet normal 0 -1 -0
    outer loop
      vertex 64.2 59.2 20.3
      vertex 60.7 59.2 16
      vertex 64.2 59.2 18.5
    endloop
  endfacet
  facet normal 0 -1 0
    outer loop
      vertex 62.7 59.2 16
      vertex 64.2 59.2 18.5
      vertex 60.7 59.2 16
    endloop
  endfacet
  facet normal 0 -1 0
    outer loop
      vertex 65.2 59.2 16
      vertex 64.2 59.2 18.5
      vertex 62.7 59.2 16
    endloop
  endfacet
  facet normal 0 -1 0
    outer loop
      vertex 67.2 59.2 16
      vertex 64.2 59.2 18.5
      vertex 65.2 59.2 16
    endloop
  endfacet
  facet normal 0 -1 0
    outer loop
      vertex 69.7 59.2 16
      vertex 64.2 59.2 18.5
      vertex 67.2 59.2 16
    endloop
  endfacet
  facet normal 0 -1 0
    outer loop
      vertex 64.2 59.2 18.5
      vertex 69.7 59.2 16
      vertex 73.2 59.2 18.5
    endloop
  endfacet
  facet normal 0 -1 0
    outer loop
      vertex 71.7 59.2 16
      vertex 73.2 59.2 18.5
      vertex 69.7 59.2 16
    endloop
  endfacet
  facet normal 0 -1 0
    outer loop
      vertex 74.2 59.2 16
      vertex 73.2 59.2 18.5
      vertex 71.7 59.2 16
    endloop
  endfacet
  facet normal 0 -1 0
    outer loop
      vertex 76.2 59.2 16
      vertex 73.2 59.2 18.5
      vertex 74.2 59.2 16
    endloop
  endfacet
  facet normal 0 -1 0
    outer loop
      vertex 73.2 59.2 20.3
      vertex 76.2 59.2 16
      vertex 90.4 59.2 22
    endloop
  endfacet
  facet normal 0 -1 0
    outer loop
      vertex 76.2 59.2 8
      vertex 90.4 59.2 22
      vertex 76.2 59.2 16
    endloop
  endfacet
  facet normal 0 -1 0
    outer loop
      vertex 76.2 59.2 8
      vertex 90.4 59.2 2
      vertex 90.4 59.2 22
    endloop
  endfacet
  facet normal 0 -1 0
    outer loop
      vertex 74.2 59.2 8
      vertex 90.4 59.2 2
      vertex 76.2 59.2 8
    endloop
  endfacet
  facet normal 0.857767 -0.514038 0
    outer loop
      vertex 2.84041 57.5112 22
      vertex 2.7 57.2769 6
      vertex 2.84041 57.5112 6
    endloop
  endfacet
  facet normal 0.857765 -0.514042 8.27868e-08
    outer loop
      vertex 2.6487 57.1913 22
      vertex 2.7 57.2769 6
      vertex 2.84041 57.5112 22
    endloop
  endfacet
  facet normal 0.857758 -0.514054 0
    outer loop
      vertex 2.6487 57.1913 2
      vertex 2.7 57.2769 6
      vertex 2.6487 57.1913 22
    endloop
  endfacet
  facet normal 0.857758 -0.514054 0
    outer loop
      vertex 2.7 57.2769 6
      vertex 2.6487 57.1913 2
      vertex 2.7 57.2769 2
    endloop
  endfacet
  facet normal -0.857784 -0.514011 0
    outer loop
      vertex 93.7 57.2769 6
      vertex 93.5596 57.5112 22
      vertex 93.5596 57.5112 6
    endloop
  endfacet
  facet normal -0.857758 -0.514054 -0
    outer loop
      vertex 93.7513 57.1913 22
      vertex 93.7 57.2769 6
      vertex 93.7513 57.1913 2
    endloop
  endfacet
  facet normal -0.857777 -0.514022 2.26242e-07
    outer loop
      vertex 93.7 57.2769 6
      vertex 93.7513 57.1913 22
      vertex 93.5596 57.5112 22
    endloop
  endfacet
  facet normal -0.857758 -0.514054 0
    outer loop
      vertex 93.7 57.2769 2
      vertex 93.7513 57.1913 2
      vertex 93.7 57.2769 6
    endloop
  endfacet
  facet normal 0.595792 -0.803139 0
    outer loop
      vertex 3.58931 58.3374 6
      vertex 3.88884 58.5596 22
      vertex 3.58931 58.3374 22
    endloop
  endfacet
  facet normal 0.595792 -0.803139 0
    outer loop
      vertex 3.88884 58.5596 22
      vertex 3.58931 58.3374 6
      vertex 3.88884 58.5596 6
    endloop
  endfacet
  facet normal 0.903995 0.427542 0
    outer loop
      vertex 2.6487 4.20869 22
      vertex 2.48926 4.54581 2
      vertex 2.48926 4.54581 22
    endloop
  endfacet
  facet normal 0.903995 0.427542 0
    outer loop
      vertex 2.48926 4.54581 2
      vertex 2.6487 4.20869 22
      vertex 2.6487 4.20869 2
    endloop
  endfacet
  facet normal 0.337067 -0.941481 0
    outer loop
      vertex 4.54581 58.9107 2
      vertex 4.89691 59.0364 22
      vertex 4.54581 58.9107 22
    endloop
  endfacet
  facet normal 0.337067 -0.941481 0
    outer loop
      vertex 4.89691 59.0364 22
      vertex 4.54581 58.9107 2
      vertex 4.89691 59.0364 2
    endloop
  endfacet
  facet normal -0.970048 -0.242914 0
    outer loop
      vertex 94.127 56.1413 2
      vertex 94.0364 56.5031 6.6
      vertex 94.0364 56.5031 2
    endloop
  endfacet
  facet normal -0.970048 -0.242914 0
    outer loop
      vertex 94.0364 56.5031 6.6
      vertex 94.127 56.1413 2
      vertex 94.127 56.1413 6.6
    endloop
  endfacet
  facet normal -0.671524 -0.740983 0
    outer loop
      vertex 92.8107 58.3374 6
      vertex 93.087 58.087 22
      vertex 92.8107 58.3374 22
    endloop
  endfacet
  facet normal -0.671524 -0.740983 -0
    outer loop
      vertex 93.087 58.087 22
      vertex 92.8107 58.3374 6
      vertex 93.087 58.087 6
    endloop
  endfacet
  facet normal 0.740943 -0.671568 0
    outer loop
      vertex 3.06256 57.8107 22
      vertex 3.31299 58.087 6
      vertex 3.31299 58.087 22
    endloop
  endfacet
  facet normal 0.740943 -0.671568 0
    outer loop
      vertex 3.31299 58.087 6
      vertex 3.06256 57.8107 22
      vertex 3.06256 57.8107 6
    endloop
  endfacet
  facet normal 0.146683 -0.989184 0
    outer loop
      vertex 5.25865 59.127 2
      vertex 5.62753 59.1817 22
      vertex 5.25865 59.127 22
    endloop
  endfacet
  facet normal 0.146683 -0.989184 0
    outer loop
      vertex 5.62753 59.1817 22
      vertex 5.25865 59.127 2
      vertex 5.62753 59.1817 2
    endloop
  endfacet
  facet normal 0.242952 -0.970038 0
    outer loop
      vertex 4.89691 59.0364 2
      vertex 5.25865 59.127 22
      vertex 4.89691 59.0364 22
    endloop
  endfacet
  facet normal 0.242952 -0.970038 0
    outer loop
      vertex 5.25865 59.127 22
      vertex 4.89691 59.0364 2
      vertex 5.25865 59.127 2
    endloop
  endfacet
  facet normal 0.514082 -0.857741 0
    outer loop
      vertex 3.88884 58.5596 6
      vertex 4.20869 58.7513 22
      vertex 3.88884 58.5596 22
    endloop
  endfacet
  facet normal 0.51406 -0.857754 5.99324e-07
    outer loop
      vertex 4.12311 58.7 6
      vertex 4.20869 58.7513 22
      vertex 3.88884 58.5596 6
    endloop
  endfacet
  facet normal 0.514142 -0.857705 0
    outer loop
      vertex 4.20869 58.7513 2
      vertex 4.12311 58.7 6
      vertex 4.12311 58.7 2
    endloop
  endfacet
  facet normal 0.514142 -0.857705 0
    outer loop
      vertex 4.12311 58.7 6
      vertex 4.20869 58.7513 2
      vertex 4.20869 58.7513 22
    endloop
  endfacet
  facet normal -0.671568 0.740943 0
    outer loop
      vertex 93.087 3.31299 6
      vertex 92.8107 3.06256 22
      vertex 93.087 3.31299 22
    endloop
  endfacet
  facet normal -0.671568 0.740943 0
    outer loop
      vertex 92.8107 3.06256 22
      vertex 93.087 3.31299 6
      vertex 92.8107 3.06256 6
    endloop
  endfacet
  facet normal -0.941493 -0.337033 0
    outer loop
      vertex 93.9107 56.8542 2
      vertex 93.9659 56.7 6.6
      vertex 93.9107 56.8542 22
    endloop
  endfacet
  facet normal -0.941481 -0.337067 -1.29412e-06
    outer loop
      vertex 94.0364 56.5031 2
      vertex 93.9659 56.7 6.6
      vertex 93.9107 56.8542 2
    endloop
  endfacet
  facet normal -0.941471 -0.337094 0
    outer loop
      vertex 93.9659 56.7 6.6
      vertex 94.0364 56.5031 2
      vertex 94.0364 56.5031 6.6
    endloop
  endfacet
  facet normal -0.941493 -0.337033 0
    outer loop
      vertex 93.9107 56.8542 22
      vertex 93.9659 56.7 6.6
      vertex 93.9659 56.7 22
    endloop
  endfacet
  facet normal 0.803175 -0.595744 0
    outer loop
      vertex 2.84041 57.5112 22
      vertex 3.06256 57.8107 6
      vertex 3.06256 57.8107 22
    endloop
  endfacet
  facet normal 0.803175 -0.595744 0
    outer loop
      vertex 3.06256 57.8107 6
      vertex 2.84041 57.5112 22
      vertex 2.84041 57.5112 6
    endloop
  endfacet
  facet normal -0.514042 0.857765 0
    outer loop
      vertex 92.5112 2.84041 6
      vertex 92.1913 2.6487 22
      vertex 92.5112 2.84041 22
    endloop
  endfacet
  facet normal -0.514038 0.857767 1.13033e-07
    outer loop
      vertex 92.2769 2.7 6
      vertex 92.1913 2.6487 22
      vertex 92.5112 2.84041 6
    endloop
  endfacet
  facet normal -0.514054 0.857758 0
    outer loop
      vertex 92.1913 2.6487 2
      vertex 92.2769 2.7 6
      vertex 92.2769 2.7 2
    endloop
  endfacet
  facet normal -0.514054 0.857758 0
    outer loop
      vertex 92.2769 2.7 6
      vertex 92.1913 2.6487 2
      vertex 92.1913 2.6487 22
    endloop
  endfacet
  facet normal 0.427542 0.903995 -0
    outer loop
      vertex 4.54581 2.48926 2
      vertex 4.20869 2.6487 22
      vertex 4.54581 2.48926 22
    endloop
  endfacet
  facet normal 0.427542 0.903995 0
    outer loop
      vertex 4.20869 2.6487 22
      vertex 4.54581 2.48926 2
      vertex 4.20869 2.6487 2
    endloop
  endfacet
  facet normal -0.59583 -0.80311 0
    outer loop
      vertex 92.5112 58.5596 6
      vertex 92.8107 58.3374 22
      vertex 92.5112 58.5596 22
    endloop
  endfacet
  facet normal -0.59583 -0.80311 -0
    outer loop
      vertex 92.8107 58.3374 22
      vertex 92.5112 58.5596 6
      vertex 92.8107 58.3374 6
    endloop
  endfacet
  facet normal 0.94154 -0.3369 0
    outer loop
      vertex 2.36363 56.5031 22
      vertex 2.48926 56.8542 2
      vertex 2.48926 56.8542 22
    endloop
  endfacet
  facet normal 0.94154 -0.3369 0
    outer loop
      vertex 2.48926 56.8542 2
      vertex 2.36363 56.5031 22
      vertex 2.36363 56.5031 2
    endloop
  endfacet
  facet normal 0.94154 0.3369 0
    outer loop
      vertex 2.48926 4.54581 22
      vertex 2.36363 4.89691 2
      vertex 2.36363 4.89691 22
    endloop
  endfacet
  facet normal 0.94154 0.3369 0
    outer loop
      vertex 2.36363 4.89691 2
      vertex 2.48926 4.54581 22
      vertex 2.48926 4.54581 2
    endloop
  endfacet
  facet normal -0.970038 0.242952 0
    outer loop
      vertex 94.0364 4.89691 2
      vertex 94.127 5.25865 6.6
      vertex 94.127 5.25865 2
    endloop
  endfacet
  facet normal -0.970038 0.242952 0
    outer loop
      vertex 94.127 5.25865 6.6
      vertex 94.0364 4.89691 2
      vertex 94.0364 4.89691 6.6
    endloop
  endfacet
  facet normal 0.595705 0.803203 -0
    outer loop
      vertex 3.88884 2.84041 6
      vertex 3.58931 3.06256 22
      vertex 3.88884 2.84041 22
    endloop
  endfacet
  facet normal 0.595705 0.803203 0
    outer loop
      vertex 3.58931 3.06256 22
      vertex 3.88884 2.84041 6
      vertex 3.58931 3.06256 6
    endloop
  endfacet
  facet normal 0.989171 -0.146766 0
    outer loop
      vertex 2.21829 55.7725 22
      vertex 2.27301 56.1413 2
      vertex 2.27301 56.1413 22
    endloop
  endfacet
  facet normal 0.989171 -0.146766 0
    outer loop
      vertex 2.27301 56.1413 2
      vertex 2.21829 55.7725 22
      vertex 2.21829 55.7725 2
    endloop
  endfacet
  facet normal -0.989184 0.146683 0
    outer loop
      vertex 94.127 5.25865 2
      vertex 94.1817 5.62753 6.6
      vertex 94.1817 5.62753 2
    endloop
  endfacet
  facet normal -0.989184 0.146683 0
    outer loop
      vertex 94.1817 5.62753 6.6
      vertex 94.127 5.25865 2
      vertex 94.127 5.25865 6.6
    endloop
  endfacet
  facet normal 0.903986 -0.427563 0
    outer loop
      vertex 2.48926 56.8542 22
      vertex 2.6487 57.1913 2
      vertex 2.6487 57.1913 22
    endloop
  endfacet
  facet normal 0.903986 -0.427563 0
    outer loop
      vertex 2.6487 57.1913 2
      vertex 2.48926 56.8542 22
      vertex 2.48926 56.8542 2
    endloop
  endfacet
  facet normal 0.998797 -0.0490416 0
    outer loop
      vertex 2.2 55.4 22
      vertex 2.21829 55.7725 2
      vertex 2.21829 55.7725 22
    endloop
  endfacet
  facet normal 0.998797 -0.0490416 0
    outer loop
      vertex 2.21829 55.7725 2
      vertex 2.2 55.4 22
      vertex 2.2 55.4 2
    endloop
  endfacet
  facet normal 0.998797 0.0490455 0
    outer loop
      vertex 2.21829 5.62753 22
      vertex 2.2 6 2
      vertex 2.2 6 22
    endloop
  endfacet
  facet normal 0.998797 0.0490455 0
    outer loop
      vertex 2.2 6 2
      vertex 2.21829 5.62753 22
      vertex 2.21829 5.62753 2
    endloop
  endfacet
  facet normal -0 0 1
    outer loop
      vertex 2.7 51.7 2
      vertex 9.7 9.7 2
      vertex 9.7 51.7 2
    endloop
  endfacet
  facet normal 0 0 1
    outer loop
      vertex 9.7 9.7 2
      vertex 2.7 51.7 2
      vertex 2.7 9.7 2
    endloop
  endfacet
  facet normal 0 0 1
    outer loop
      vertex 91.8542 58.9107 2
      vertex 92.2769 58.7 2
      vertex 92.1913 58.7513 2
    endloop
  endfacet
  facet normal 0 0 1
    outer loop
      vertex 91.5031 59.0364 2
      vertex 92.2769 58.7 2
      vertex 91.8542 58.9107 2
    endloop
  endfacet
  facet normal 0 0 1
    outer loop
      vertex 91.1413 59.127 2
      vertex 92.2769 58.7 2
      vertex 91.5031 59.0364 2
    endloop
  endfacet
  facet normal 0 0 1
    outer loop
      vertex 90.7725 59.1817 2
      vertex 92.2769 58.7 2
      vertex 91.1413 59.127 2
    endloop
  endfacet
  facet normal 0 0 1
    outer loop
      vertex 90.4 59.2 2
      vertex 92.2769 58.7 2
      vertex 90.7725 59.1817 2
    endloop
  endfacet
  facet normal 0 0 1
    outer loop
      vertex 90.4 59.2 2
      vertex 86.7 58.7 2
      vertex 92.2769 58.7 2
    endloop
  endfacet
  facet normal 0 0 1
    outer loop
      vertex 68.7 46.7 2
      vertex 86.7 51.7 2
      vertex 86.7 58.7 2
    endloop
  endfacet
  facet normal 0 0 1
    outer loop
      vertex 86.7 51.7 2
      vertex 68.7 46.7 2
      vertex 86.7 9.7 2
    endloop
  endfacet
  facet normal -0 0 1
    outer loop
      vertex 68.7 14.7 2
      vertex 86.7 9.7 2
      vertex 68.7 46.7 2
    endloop
  endfacet
  facet normal 0 0 1
    outer loop
      vertex 86.7 58.7 2
      vertex 66.7 46.7 2
      vertex 68.7 46.7 2
    endloop
  endfacet
  facet normal 0 0 1
    outer loop
      vertex 66.7 46.7 2
      vertex 64.7 46.7 2
      vertex 66.7 14.7 2
    endloop
  endfacet
  facet normal 0 0 1
    outer loop
      vertex 86.7 58.7 2
      vertex 64.7 46.7 2
      vertex 66.7 46.7 2
    endloop
  endfacet
  facet normal 0 0 1
    outer loop
      vertex 86.7 58.7 2
      vertex 62.7 46.7 2
      vertex 64.7 46.7 2
    endloop
  endfacet
  facet normal 0 0 1
    outer loop
      vertex 62.7 46.7 2
      vertex 60.7 46.7 2
      vertex 62.7 14.7 2
    endloop
  endfacet
  facet normal 0 0 1
    outer loop
      vertex 86.7 58.7 2
      vertex 60.7 46.7 2
      vertex 62.7 46.7 2
    endloop
  endfacet
  facet normal 0 0 1
    outer loop
      vertex 86.7 58.7 2
      vertex 58.7 46.7 2
      vertex 60.7 46.7 2
    endloop
  endfacet
  facet normal 0 0 1
    outer loop
      vertex 58.7 46.7 2
      vertex 56.7 46.7 2
      vertex 58.7 14.7 2
    endloop
  endfacet
  facet normal 0 0 1
    outer loop
      vertex 86.7 58.7 2
      vertex 56.7 46.7 2
      vertex 58.7 46.7 2
    endloop
  endfacet
  facet normal 0 0 1
    outer loop
      vertex 86.7 58.7 2
      vertex 54.7 46.7 2
      vertex 56.7 46.7 2
    endloop
  endfacet
  facet normal 0 0 1
    outer loop
      vertex 54.7 46.7 2
      vertex 52.7 46.7 2
      vertex 54.7 14.7 2
    endloop
  endfacet
  facet normal 0 0 1
    outer loop
      vertex 86.7 58.7 2
      vertex 52.7 46.7 2
      vertex 54.7 46.7 2
    endloop
  endfacet
  facet normal 0 0 1
    outer loop
      vertex 86.7 58.7 2
      vertex 50.7 46.7 2
      vertex 52.7 46.7 2
    endloop
  endfacet
  facet normal 0 0 1
    outer loop
      vertex 50.7 46.7 2
      vertex 48.7 46.7 2
      vertex 50.7 14.7 2
    endloop
  endfacet
  facet normal 0 0 1
    outer loop
      vertex 86.7 58.7 2
      vertex 48.7 46.7 2
      vertex 50.7 46.7 2
    endloop
  endfacet
  facet normal 0 0 1
    outer loop
      vertex 86.7 58.7 2
      vertex 46.7 46.7 2
      vertex 48.7 46.7 2
    endloop
  endfacet
  facet normal 0 0 1
    outer loop
      vertex 46.7 46.7 2
      vertex 44.7 46.7 2
      vertex 46.7 14.7 2
    endloop
  endfacet
  facet normal -0 0 1
    outer loop
      vertex 9.7 58.7 2
      vertex 46.7 46.7 2
      vertex 86.7 58.7 2
    endloop
  endfacet
  facet normal 0 0 1
    outer loop
      vertex 46.7 46.7 2
      vertex 9.7 58.7 2
      vertex 44.7 46.7 2
    endloop
  endfacet
  facet normal 0 0 1
    outer loop
      vertex 42.7 46.7 2
      vertex 40.7 46.7 2
      vertex 42.7 14.7 2
    endloop
  endfacet
  facet normal 0 0 1
    outer loop
      vertex 44.7 46.7 2
      vertex 9.7 58.7 2
      vertex 42.7 46.7 2
    endloop
  endfacet
  facet normal 0 0 1
    outer loop
      vertex 42.7 46.7 2
      vertex 9.7 58.7 2
      vertex 40.7 46.7 2
    endloop
  endfacet
  facet normal 0 0 1
    outer loop
      vertex 38.7 46.7 2
      vertex 36.7 46.7 2
      vertex 38.7 14.7 2
    endloop
  endfacet
  facet normal 0 0 1
    outer loop
      vertex 40.7 46.7 2
      vertex 9.7 58.7 2
      vertex 38.7 46.7 2
    endloop
  endfacet
  facet normal 0 0 1
    outer loop
      vertex 38.7 46.7 2
      vertex 9.7 58.7 2
      vertex 36.7 46.7 2
    endloop
  endfacet
  facet normal 0 0 1
    outer loop
      vertex 34.7 46.7 2
      vertex 32.7 46.7 2
      vertex 34.7 14.7 2
    endloop
  endfacet
  facet normal 0 0 1
    outer loop
      vertex 36.7 46.7 2
      vertex 9.7 58.7 2
      vertex 34.7 46.7 2
    endloop
  endfacet
  facet normal 0 0 1
    outer loop
      vertex 34.7 46.7 2
      vertex 9.7 58.7 2
      vertex 32.7 46.7 2
    endloop
  endfacet
  facet normal -0 0 1
    outer loop
      vertex 9.7 51.7 2
      vertex 30.7 46.7 2
      vertex 9.7 58.7 2
    endloop
  endfacet
  facet normal 0 0 1
    outer loop
      vertex 32.7 46.7 2
      vertex 9.7 58.7 2
      vertex 30.7 46.7 2
    endloop
  endfacet
  facet normal 0 0 1
    outer loop
      vertex 90.4 59.2 2
      vertex 9.7 58.7 2
      vertex 86.7 58.7 2
    endloop
  endfacet
  facet normal -0 0 1
    outer loop
      vertex 6 59.2 2
      vertex 9.7 58.7 2
      vertex 90.4 59.2 2
    endloop
  endfacet
  facet normal 0 0 1
    outer loop
      vertex 4.12311 58.7 2
      vertex 6 59.2 2
      vertex 5.62753 59.1817 2
    endloop
  endfacet
  facet normal 0 0 1
    outer loop
      vertex 4.12311 58.7 2
      vertex 5.62753 59.1817 2
      vertex 5.25865 59.127 2
    endloop
  endfacet
  facet normal 0 0 1
    outer loop
      vertex 4.12311 58.7 2
      vertex 5.25865 59.127 2
      vertex 4.89691 59.0364 2
    endloop
  endfacet
  facet normal 0 0 1
    outer loop
      vertex 4.12311 58.7 2
      vertex 4.89691 59.0364 2
      vertex 4.54581 58.9107 2
    endloop
  endfacet
  facet normal 0 0 1
    outer loop
      vertex 4.12311 58.7 2
      vertex 4.54581 58.9107 2
      vertex 4.20869 58.7513 2
    endloop
  endfacet
  facet normal 0 0 1
    outer loop
      vertex 6 59.2 2
      vertex 4.12311 58.7 2
      vertex 9.7 58.7 2
    endloop
  endfacet
  facet normal -0 0 1
    outer loop
      vertex 86.7 51.7 2
      vertex 93.7 9.7 2
      vertex 93.7 51.7 2
    endloop
  endfacet
  facet normal 0 0 1
    outer loop
      vertex 93.7 9.7 2
      vertex 86.7 51.7 2
      vertex 86.7 9.7 2
    endloop
  endfacet
  facet normal 0 0 1
    outer loop
      vertex 93.7 57.2769 2
      vertex 94.2 55.4 2
      vertex 94.1817 55.7725 2
    endloop
  endfacet
  facet normal 0 0 1
    outer loop
      vertex 94.2 55.4 2
      vertex 93.7 51.7 2
      vertex 94.2 6 2
    endloop
  endfacet
  facet normal 0 0 1
    outer loop
      vertex 93.7 57.2769 2
      vertex 94.1817 55.7725 2
      vertex 94.127 56.1413 2
    endloop
  endfacet
  facet normal -0 0 1
    outer loop
      vertex 93.7 9.7 2
      vertex 94.2 6 2
      vertex 93.7 51.7 2
    endloop
  endfacet
  facet normal 0 0 1
    outer loop
      vertex 93.7 57.2769 2
      vertex 94.127 56.1413 2
      vertex 94.0364 56.5031 2
    endloop
  endfacet
  facet normal 0 0 1
    outer loop
      vertex 93.7 4.12311 2
      vertex 94.2 6 2
      vertex 93.7 9.7 2
    endloop
  endfacet
  facet normal 0 0 1
    outer loop
      vertex 93.7 57.2769 2
      vertex 94.0364 56.5031 2
      vertex 93.9107 56.8542 2
    endloop
  endfacet
  facet normal 0 0 1
    outer loop
      vertex 94.2 6 2
      vertex 93.7 4.12311 2
      vertex 94.1817 5.62753 2
    endloop
  endfacet
  facet normal 0 0 1
    outer loop
      vertex 93.7 57.2769 2
      vertex 93.9107 56.8542 2
      vertex 93.7513 57.1913 2
    endloop
  endfacet
  facet normal 0 0 1
    outer loop
      vertex 94.1817 5.62753 2
      vertex 93.7 4.12311 2
      vertex 94.127 5.25865 2
    endloop
  endfacet
  facet normal 0 0 1
    outer loop
      vertex 94.2 55.4 2
      vertex 93.7 57.2769 2
      vertex 93.7 51.7 2
    endloop
  endfacet
  facet normal 0 0 1
    outer loop
      vertex 94.127 5.25865 2
      vertex 93.7 4.12311 2
      vertex 94.0364 4.89691 2
    endloop
  endfacet
  facet normal 0 0 1
    outer loop
      vertex 94.0364 4.89691 2
      vertex 93.7 4.12311 2
      vertex 93.9107 4.54581 2
    endloop
  endfacet
  facet normal 0 0 1
    outer loop
      vertex 93.9107 4.54581 2
      vertex 93.7 4.12311 2
      vertex 93.7513 4.20869 2
    endloop
  endfacet
  facet normal 0 0 1
    outer loop
      vertex 92.2769 2.7 2
      vertex 91.8542 2.48926 2
      vertex 92.1913 2.6487 2
    endloop
  endfacet
  facet normal 0 0 1
    outer loop
      vertex 92.2769 2.7 2
      vertex 91.5031 2.36363 2
      vertex 91.8542 2.48926 2
    endloop
  endfacet
  facet normal 0 0 1
    outer loop
      vertex 92.2769 2.7 2
      vertex 91.1413 2.27301 2
      vertex 91.5031 2.36363 2
    endloop
  endfacet
  facet normal 0 0 1
    outer loop
      vertex 92.2769 2.7 2
      vertex 90.7725 2.21829 2
      vertex 91.1413 2.27301 2
    endloop
  endfacet
  facet normal 0 0 1
    outer loop
      vertex 92.2769 2.7 2
      vertex 90.4 2.2 2
      vertex 90.7725 2.21829 2
    endloop
  endfacet
  facet normal -0 0 1
    outer loop
      vertex 86.7 2.7 2
      vertex 90.4 2.2 2
      vertex 92.2769 2.7 2
    endloop
  endfacet
  facet normal 0 0 1
    outer loop
      vertex 86.7 9.7 2
      vertex 68.7 14.7 2
      vertex 86.7 2.7 2
    endloop
  endfacet
  facet normal -0 0 1
    outer loop
      vertex 66.7 14.7 2
      vertex 86.7 2.7 2
      vertex 68.7 14.7 2
    endloop
  endfacet
  facet normal 0 0 1
    outer loop
      vertex 64.7 14.7 2
      vertex 66.7 14.7 2
      vertex 64.7 46.7 2
    endloop
  endfacet
  facet normal -0 0 1
    outer loop
      vertex 64.7 14.7 2
      vertex 86.7 2.7 2
      vertex 66.7 14.7 2
    endloop
  endfacet
  facet normal -0 0 1
    outer loop
      vertex 62.7 14.7 2
      vertex 86.7 2.7 2
      vertex 64.7 14.7 2
    endloop
  endfacet
  facet normal 0 0 1
    outer loop
      vertex 60.7 14.7 2
      vertex 62.7 14.7 2
      vertex 60.7 46.7 2
    endloop
  endfacet
  facet normal -0 0 1
    outer loop
      vertex 60.7 14.7 2
      vertex 86.7 2.7 2
      vertex 62.7 14.7 2
    endloop
  endfacet
  facet normal -0 0 1
    outer loop
      vertex 58.7 14.7 2
      vertex 86.7 2.7 2
      vertex 60.7 14.7 2
    endloop
  endfacet
  facet normal 0 0 1
    outer loop
      vertex 56.7 14.7 2
      vertex 58.7 14.7 2
      vertex 56.7 46.7 2
    endloop
  endfacet
  facet normal -0 0 1
    outer loop
      vertex 56.7 14.7 2
      vertex 86.7 2.7 2
      vertex 58.7 14.7 2
    endloop
  endfacet
  facet normal -0 0 1
    outer loop
      vertex 54.7 14.7 2
      vertex 86.7 2.7 2
      vertex 56.7 14.7 2
    endloop
  endfacet
  facet normal 0 0 1
    outer loop
      vertex 52.7 14.7 2
      vertex 54.7 14.7 2
      vertex 52.7 46.7 2
    endloop
  endfacet
  facet normal -0 0 1
    outer loop
      vertex 52.7 14.7 2
      vertex 86.7 2.7 2
      vertex 54.7 14.7 2
    endloop
  endfacet
  facet normal -0 0 1
    outer loop
      vertex 50.7 14.7 2
      vertex 86.7 2.7 2
      vertex 52.7 14.7 2
    endloop
  endfacet
  facet normal 0 0 1
    outer loop
      vertex 48.7 14.7 2
      vertex 50.7 14.7 2
      vertex 48.7 46.7 2
    endloop
  endfacet
  facet normal -0 0 1
    outer loop
      vertex 48.7 14.7 2
      vertex 86.7 2.7 2
      vertex 50.7 14.7 2
    endloop
  endfacet
  facet normal -0 0 1
    outer loop
      vertex 46.7 14.7 2
      vertex 86.7 2.7 2
      vertex 48.7 14.7 2
    endloop
  endfacet
  facet normal 0 0 1
    outer loop
      vertex 44.7 14.7 2
      vertex 46.7 14.7 2
      vertex 44.7 46.7 2
    endloop
  endfacet
  facet normal 0 0 1
    outer loop
      vertex 9.7 2.7 2
      vertex 46.7 14.7 2
      vertex 44.7 14.7 2
    endloop
  endfacet
  facet normal 0 0 1
    outer loop
      vertex 9.7 2.7 2
      vertex 44.7 14.7 2
      vertex 42.7 14.7 2
    endloop
  endfacet
  facet normal 0 0 1
    outer loop
      vertex 40.7 14.7 2
      vertex 42.7 14.7 2
      vertex 40.7 46.7 2
    endloop
  endfacet
  facet normal 0 0 1
    outer loop
      vertex 9.7 2.7 2
      vertex 42.7 14.7 2
      vertex 40.7 14.7 2
    endloop
  endfacet
  facet normal 0 0 1
    outer loop
      vertex 9.7 2.7 2
      vertex 40.7 14.7 2
      vertex 38.7 14.7 2
    endloop
  endfacet
  facet normal 0 0 1
    outer loop
      vertex 36.7 14.7 2
      vertex 38.7 14.7 2
      vertex 36.7 46.7 2
    endloop
  endfacet
  facet normal 0 0 1
    outer loop
      vertex 9.7 2.7 2
      vertex 38.7 14.7 2
      vertex 36.7 14.7 2
    endloop
  endfacet
  facet normal 0 0 1
    outer loop
      vertex 9.7 2.7 2
      vertex 36.7 14.7 2
      vertex 34.7 14.7 2
    endloop
  endfacet
  facet normal 0 0 1
    outer loop
      vertex 32.7 14.7 2
      vertex 34.7 14.7 2
      vertex 32.7 46.7 2
    endloop
  endfacet
  facet normal 0 0 1
    outer loop
      vertex 9.7 2.7 2
      vertex 34.7 14.7 2
      vertex 32.7 14.7 2
    endloop
  endfacet
  facet normal 0 0 1
    outer loop
      vertex 9.7 2.7 2
      vertex 32.7 14.7 2
      vertex 30.7 14.7 2
    endloop
  endfacet
  facet normal 0 0 1
    outer loop
      vertex 30.7 46.7 2
      vertex 9.7 51.7 2
      vertex 30.7 14.7 2
    endloop
  endfacet
  facet normal 0 0 1
    outer loop
      vertex 9.7 9.7 2
      vertex 30.7 14.7 2
      vertex 9.7 51.7 2
    endloop
  endfacet
  facet normal 0 0 1
    outer loop
      vertex 9.7 2.7 2
      vertex 30.7 14.7 2
      vertex 9.7 9.7 2
    endloop
  endfacet
  facet normal 0 0 1
    outer loop
      vertex 46.7 14.7 2
      vertex 9.7 2.7 2
      vertex 86.7 2.7 2
    endloop
  endfacet
  facet normal 0 0 1
    outer loop
      vertex 86.7 2.7 2
      vertex 9.7 2.7 2
      vertex 90.4 2.2 2
    endloop
  endfacet
  facet normal 0 0 1
    outer loop
      vertex 9.7 2.7 2
      vertex 6 2.2 2
      vertex 90.4 2.2 2
    endloop
  endfacet
  facet normal -0 0 1
    outer loop
      vertex 4.1231 2.7 2
      vertex 6 2.2 2
      vertex 9.7 2.7 2
    endloop
  endfacet
  facet normal 0 0 1
    outer loop
      vertex 6 2.2 2
      vertex 4.1231 2.7 2
      vertex 5.62753 2.21829 2
    endloop
  endfacet
  facet normal 0 0 1
    outer loop
      vertex 5.62753 2.21829 2
      vertex 4.1231 2.7 2
      vertex 5.25865 2.27301 2
    endloop
  endfacet
  facet normal 0 0 1
    outer loop
      vertex 5.25865 2.27301 2
      vertex 4.1231 2.7 2
      vertex 4.89691 2.36363 2
    endloop
  endfacet
  facet normal 0 0 1
    outer loop
      vertex 4.89691 2.36363 2
      vertex 4.1231 2.7 2
      vertex 4.54581 2.48926 2
    endloop
  endfacet
  facet normal 0 0 1
    outer loop
      vertex 4.54581 2.48926 2
      vertex 4.1231 2.7 2
      vertex 4.20869 2.6487 2
    endloop
  endfacet
  facet normal -0 0 1
    outer loop
      vertex 2.2 55.4 2
      vertex 2.7 51.7 2
      vertex 2.7 57.2769 2
    endloop
  endfacet
  facet normal 0 0 1
    outer loop
      vertex 2.7 51.7 2
      vertex 2.2 55.4 2
      vertex 2.7 9.7 2
    endloop
  endfacet
  facet normal 0 0 1
    outer loop
      vertex 2.48926 56.8542 2
      vertex 2.7 57.2769 2
      vertex 2.6487 57.1913 2
    endloop
  endfacet
  facet normal 0 0 1
    outer loop
      vertex 2.2 6 2
      vertex 2.7 9.7 2
      vertex 2.2 55.4 2
    endloop
  endfacet
  facet normal 0 0 1
    outer loop
      vertex 2.7 57.2769 2
      vertex 2.48926 56.8542 2
      vertex 2.2 55.4 2
    endloop
  endfacet
  facet normal 0 0 1
    outer loop
      vertex 2.7 9.7 2
      vertex 2.2 6 2
      vertex 2.7 4.1231 2
    endloop
  endfacet
  facet normal 0 0 1
    outer loop
      vertex 2.2 55.4 2
      vertex 2.48926 56.8542 2
      vertex 2.36363 56.5031 2
    endloop
  endfacet
  facet normal -0 -0 1
    outer loop
      vertex 2.48926 4.54581 2
      vertex 2.7 4.1231 2
      vertex 2.2 6 2
    endloop
  endfacet
  facet normal 0 0 1
    outer loop
      vertex 2.2 55.4 2
      vertex 2.36363 56.5031 2
      vertex 2.27301 56.1413 2
    endloop
  endfacet
  facet normal 0 0 1
    outer loop
      vertex 2.7 4.1231 2
      vertex 2.48926 4.54581 2
      vertex 2.6487 4.20869 2
    endloop
  endfacet
  facet normal 0 0 1
    outer loop
      vertex 2.2 55.4 2
      vertex 2.27301 56.1413 2
      vertex 2.21829 55.7725 2
    endloop
  endfacet
  facet normal 0 0 1
    outer loop
      vertex 2.48926 4.54581 2
      vertex 2.2 6 2
      vertex 2.36363 4.89691 2
    endloop
  endfacet
  facet normal 0 0 1
    outer loop
      vertex 2.36363 4.89691 2
      vertex 2.2 6 2
      vertex 2.27301 5.25865 2
    endloop
  endfacet
  facet normal 0 0 1
    outer loop
      vertex 2.27301 5.25865 2
      vertex 2.2 6 2
      vertex 2.21829 5.62753 2
    endloop
  endfacet
  facet normal -0.904027 -0.427475 0
    outer loop
      vertex 93.9107 56.8542 2
      vertex 93.7513 57.1913 22
      vertex 93.7513 57.1913 2
    endloop
  endfacet
  facet normal -0.904027 -0.427475 0
    outer loop
      vertex 93.7513 57.1913 22
      vertex 93.9107 56.8542 2
      vertex 93.9107 56.8542 22
    endloop
  endfacet
  facet normal 0.989176 0.146735 0
    outer loop
      vertex 2.27301 5.25865 22
      vertex 2.21829 5.62753 2
      vertex 2.21829 5.62753 22
    endloop
  endfacet
  facet normal 0.989176 0.146735 0
    outer loop
      vertex 2.21829 5.62753 2
      vertex 2.27301 5.25865 22
      vertex 2.27301 5.25865 2
    endloop
  endfacet
  facet normal -0.337067 -0.941481 0
    outer loop
      vertex 91.5031 59.0364 2
      vertex 91.8542 58.9107 22
      vertex 91.5031 59.0364 22
    endloop
  endfacet
  facet normal -0.337067 -0.941481 -0
    outer loop
      vertex 91.8542 58.9107 22
      vertex 91.5031 59.0364 2
      vertex 91.8542 58.9107 2
    endloop
  endfacet
  facet normal -0.427475 -0.904027 0
    outer loop
      vertex 91.8542 58.9107 2
      vertex 92.1913 58.7513 22
      vertex 91.8542 58.9107 22
    endloop
  endfacet
  facet normal -0.427475 -0.904027 -0
    outer loop
      vertex 92.1913 58.7513 22
      vertex 91.8542 58.9107 2
      vertex 92.1913 58.7513 2
    endloop
  endfacet
  facet normal 0.0490455 0.998797 -0
    outer loop
      vertex 6 2.2 2
      vertex 5.62753 2.21829 22
      vertex 6 2.2 22
    endloop
  endfacet
  facet normal 0.0490455 0.998797 0
    outer loop
      vertex 5.62753 2.21829 22
      vertex 6 2.2 2
      vertex 5.62753 2.21829 2
    endloop
  endfacet
  facet normal 0.857732 0.514098 0
    outer loop
      vertex 2.6487 4.20869 22
      vertex 2.7 4.1231 6
      vertex 2.6487 4.20869 2
    endloop
  endfacet
  facet normal 0.857729 0.514101 -2.57942e-08
    outer loop
      vertex 2.84041 3.88884 22
      vertex 2.7 4.1231 6
      vertex 2.6487 4.20869 22
    endloop
  endfacet
  facet normal 0.857729 0.514103 0
    outer loop
      vertex 2.7 4.1231 6
      vertex 2.84041 3.88884 22
      vertex 2.84041 3.88884 6
    endloop
  endfacet
  facet normal 0.857732 0.514098 0
    outer loop
      vertex 2.6487 4.20869 2
      vertex 2.7 4.1231 6
      vertex 2.7 4.1231 2
    endloop
  endfacet
  facet normal -0.989179 -0.146714 0
    outer loop
      vertex 94.1817 55.7725 2
      vertex 94.127 56.1413 6.6
      vertex 94.127 56.1413 2
    endloop
  endfacet
  facet normal -0.989179 -0.146714 0
    outer loop
      vertex 94.127 56.1413 6.6
      vertex 94.1817 55.7725 2
      vertex 94.1817 55.7725 6.6
    endloop
  endfacet
  facet normal 0.671542 0.740967 -0
    outer loop
      vertex 3.58931 3.06256 6
      vertex 3.31299 3.31299 22
      vertex 3.58931 3.06256 22
    endloop
  endfacet
  facet normal 0.671542 0.740967 0
    outer loop
      vertex 3.31299 3.31299 22
      vertex 3.58931 3.06256 6
      vertex 3.31299 3.31299 6
    endloop
  endfacet
  facet normal -0.146714 -0.989179 0
    outer loop
      vertex 90.7725 59.1817 2
      vertex 91.1413 59.127 22
      vertex 90.7725 59.1817 22
    endloop
  endfacet
  facet normal -0.146714 -0.989179 -0
    outer loop
      vertex 91.1413 59.127 22
      vertex 90.7725 59.1817 2
      vertex 91.1413 59.127 2
    endloop
  endfacet
  facet normal -0.0490683 -0.998795 0
    outer loop
      vertex 90.4 59.2 2
      vertex 90.7725 59.1817 22
      vertex 90.4 59.2 22
    endloop
  endfacet
  facet normal -0.0490683 -0.998795 -0
    outer loop
      vertex 90.7725 59.1817 22
      vertex 90.4 59.2 2
      vertex 90.7725 59.1817 2
    endloop
  endfacet
  facet normal -0.595744 0.803175 0
    outer loop
      vertex 92.8107 3.06256 6
      vertex 92.5112 2.84041 22
      vertex 92.8107 3.06256 22
    endloop
  endfacet
  facet normal -0.595744 0.803175 0
    outer loop
      vertex 92.5112 2.84041 22
      vertex 92.8107 3.06256 6
      vertex 92.5112 2.84041 6
    endloop
  endfacet
  facet normal -0.80311 -0.59583 0
    outer loop
      vertex 93.5596 57.5112 6
      vertex 93.3374 57.8107 22
      vertex 93.3374 57.8107 6
    endloop
  endfacet
  facet normal -0.80311 -0.59583 0
    outer loop
      vertex 93.3374 57.8107 22
      vertex 93.5596 57.5112 6
      vertex 93.5596 57.5112 22
    endloop
  endfacet
  facet normal -0.998795 0.0490723 0
    outer loop
      vertex 94.1817 5.62753 2
      vertex 94.2 6 6.6
      vertex 94.2 6 2
    endloop
  endfacet
  facet normal -0.998795 0.0490723 0
    outer loop
      vertex 94.2 6 6.6
      vertex 94.1817 5.62753 2
      vertex 94.1817 5.62753 6.6
    endloop
  endfacet
  facet normal -0.857705 0.514142 0
    outer loop
      vertex 93.7 4.12311 6
      vertex 93.7513 4.20869 2
      vertex 93.7 4.12311 2
    endloop
  endfacet
  facet normal -0.857705 0.514142 0
    outer loop
      vertex 93.7513 4.20869 2
      vertex 93.7 4.12311 6
      vertex 93.7513 4.20869 22
    endloop
  endfacet
  facet normal -0.857754 0.51406 5.99324e-07
    outer loop
      vertex 93.5596 3.88884 6
      vertex 93.7513 4.20869 22
      vertex 93.7 4.12311 6
    endloop
  endfacet
  facet normal -0.857741 0.514082 0
    outer loop
      vertex 93.7513 4.20869 22
      vertex 93.5596 3.88884 6
      vertex 93.5596 3.88884 22
    endloop
  endfacet
  facet normal -0.904037 0.427455 0
    outer loop
      vertex 93.7513 4.20869 2
      vertex 93.9107 4.54581 22
      vertex 93.9107 4.54581 2
    endloop
  endfacet
  facet normal -0.904037 0.427455 0
    outer loop
      vertex 93.9107 4.54581 22
      vertex 93.7513 4.20869 2
      vertex 93.7513 4.20869 22
    endloop
  endfacet
  facet normal 0.803203 0.595705 0
    outer loop
      vertex 3.06256 3.58931 22
      vertex 2.84041 3.88884 6
      vertex 2.84041 3.88884 22
    endloop
  endfacet
  facet normal 0.803203 0.595705 0
    outer loop
      vertex 2.84041 3.88884 6
      vertex 3.06256 3.58931 22
      vertex 3.06256 3.58931 6
    endloop
  endfacet
  facet normal -0.803139 0.595792 0
    outer loop
      vertex 93.3374 3.58931 6
      vertex 93.5596 3.88884 22
      vertex 93.5596 3.88884 6
    endloop
  endfacet
  facet normal -0.803139 0.595792 0
    outer loop
      vertex 93.5596 3.88884 22
      vertex 93.3374 3.58931 6
      vertex 93.3374 3.58931 22
    endloop
  endfacet
  facet normal -0.427563 0.903986 0
    outer loop
      vertex 92.1913 2.6487 2
      vertex 91.8542 2.48926 22
      vertex 92.1913 2.6487 22
    endloop
  endfacet
  facet normal -0.427563 0.903986 0
    outer loop
      vertex 91.8542 2.48926 22
      vertex 92.1913 2.6487 2
      vertex 91.8542 2.48926 2
    endloop
  endfacet
  facet normal -0.3369 0.94154 0
    outer loop
      vertex 91.8542 2.48926 2
      vertex 91.5031 2.36363 22
      vertex 91.8542 2.48926 22
    endloop
  endfacet
  facet normal -0.3369 0.94154 0
    outer loop
      vertex 91.5031 2.36363 22
      vertex 91.8542 2.48926 2
      vertex 91.5031 2.36363 2
    endloop
  endfacet
  facet normal 1 -0 0
    outer loop
      vertex 9.7 2.7 6
      vertex 9.7 9.7 2
      vertex 9.7 9.7 6
    endloop
  endfacet
  facet normal 1 0 0
    outer loop
      vertex 9.7 9.7 2
      vertex 9.7 2.7 6
      vertex 9.7 2.7 2
    endloop
  endfacet
  facet normal 0 0 1
    outer loop
      vertex 9.7 9.7 6
      vertex 4.1231 2.7 6
      vertex 9.7 2.7 6
    endloop
  endfacet
  facet normal -0 0 1
    outer loop
      vertex 2.7 4.1231 6
      vertex 4.1231 2.7 6
      vertex 9.7 9.7 6
    endloop
  endfacet
  facet normal -0 -0 1
    outer loop
      vertex 3.58931 3.06256 6
      vertex 4.1231 2.7 6
      vertex 2.7 4.1231 6
    endloop
  endfacet
  facet normal 0 0 1
    outer loop
      vertex 4.1231 2.7 6
      vertex 3.58931 3.06256 6
      vertex 3.88884 2.84041 6
    endloop
  endfacet
  facet normal 0 0 1
    outer loop
      vertex 3.58931 3.06256 6
      vertex 2.7 4.1231 6
      vertex 3.31299 3.31299 6
    endloop
  endfacet
  facet normal 0 0 1
    outer loop
      vertex 3.31299 3.31299 6
      vertex 2.7 4.1231 6
      vertex 3.06256 3.58931 6
    endloop
  endfacet
  facet normal 0 0 1
    outer loop
      vertex 2.7 4.1231 6
      vertex 9.7 9.7 6
      vertex 2.7 9.7 6
    endloop
  endfacet
  facet normal 0 0 1
    outer loop
      vertex 3.06256 3.58931 6
      vertex 2.7 4.1231 6
      vertex 2.84041 3.88884 6
    endloop
  endfacet
  facet normal -1 0 0
    outer loop
      vertex 2.7 4.1231 2
      vertex 2.7 9.7 6
      vertex 2.7 9.7 2
    endloop
  endfacet
  facet normal -1 -0 0
    outer loop
      vertex 2.7 9.7 6
      vertex 2.7 4.1231 2
      vertex 2.7 4.1231 6
    endloop
  endfacet
  facet normal 0 1 -0
    outer loop
      vertex 9.7 9.7 2
      vertex 2.7 9.7 6
      vertex 9.7 9.7 6
    endloop
  endfacet
  facet normal 0 1 0
    outer loop
      vertex 2.7 9.7 6
      vertex 9.7 9.7 2
      vertex 2.7 9.7 2
    endloop
  endfacet
  facet normal 0 -1 0
    outer loop
      vertex 4.1231 2.7 2
      vertex 9.7 2.7 6
      vertex 4.1231 2.7 6
    endloop
  endfacet
  facet normal 0 -1 -0
    outer loop
      vertex 9.7 2.7 6
      vertex 4.1231 2.7 2
      vertex 9.7 2.7 2
    endloop
  endfacet
  facet normal 1 -0 0
    outer loop
      vertex 9.7 51.7 6
      vertex 9.7 58.7 2
      vertex 9.7 58.7 6
    endloop
  endfacet
  facet normal 1 0 0
    outer loop
      vertex 9.7 58.7 2
      vertex 9.7 51.7 6
      vertex 9.7 51.7 2
    endloop
  endfacet
  facet normal -0 0 1
    outer loop
      vertex 4.12311 58.7 6
      vertex 9.7 51.7 6
      vertex 9.7 58.7 6
    endloop
  endfacet
  facet normal 0 0 1
    outer loop
      vertex 3.58931 58.3374 6
      vertex 4.12311 58.7 6
      vertex 3.88884 58.5596 6
    endloop
  endfacet
  facet normal 0 0 1
    outer loop
      vertex 4.12311 58.7 6
      vertex 3.58931 58.3374 6
      vertex 2.7 57.2769 6
    endloop
  endfacet
  facet normal 0 0 1
    outer loop
      vertex 2.7 57.2769 6
      vertex 3.58931 58.3374 6
      vertex 3.31299 58.087 6
    endloop
  endfacet
  facet normal 0 0 1
    outer loop
      vertex 2.7 57.2769 6
      vertex 3.31299 58.087 6
      vertex 3.06256 57.8107 6
    endloop
  endfacet
  facet normal 0 0 1
    outer loop
      vertex 2.7 57.2769 6
      vertex 3.06256 57.8107 6
      vertex 2.84041 57.5112 6
    endloop
  endfacet
  facet normal 0 0 1
    outer loop
      vertex 4.12311 58.7 6
      vertex 2.7 57.2769 6
      vertex 9.7 51.7 6
    endloop
  endfacet
  facet normal 0 0 1
    outer loop
      vertex 9.7 51.7 6
      vertex 2.7 57.2769 6
      vertex 2.7 51.7 6
    endloop
  endfacet
  facet normal -1 0 0
    outer loop
      vertex 2.7 51.7 2
      vertex 2.7 57.2769 6
      vertex 2.7 57.2769 2
    endloop
  endfacet
  facet normal -1 -0 0
    outer loop
      vertex 2.7 57.2769 6
      vertex 2.7 51.7 2
      vertex 2.7 51.7 6
    endloop
  endfacet
  facet normal 0 1 -0
    outer loop
      vertex 9.7 58.7 2
      vertex 4.12311 58.7 6
      vertex 9.7 58.7 6
    endloop
  endfacet
  facet normal 0 1 0
    outer loop
      vertex 4.12311 58.7 6
      vertex 9.7 58.7 2
      vertex 4.12311 58.7 2
    endloop
  endfacet
  facet normal 0 -1 0
    outer loop
      vertex 2.7 51.7 2
      vertex 9.7 51.7 6
      vertex 2.7 51.7 6
    endloop
  endfacet
  facet normal 0 -1 -0
    outer loop
      vertex 9.7 51.7 6
      vertex 2.7 51.7 2
      vertex 9.7 51.7 2
    endloop
  endfacet
  facet normal 1 -0 0
    outer loop
      vertex 93.7 4.12311 6
      vertex 93.7 9.7 2
      vertex 93.7 9.7 6
    endloop
  endfacet
  facet normal 1 0 0
    outer loop
      vertex 93.7 9.7 2
      vertex 93.7 4.12311 6
      vertex 93.7 4.12311 2
    endloop
  endfacet
  facet normal -0 0 1
    outer loop
      vertex 86.7 9.7 6
      vertex 93.7 4.12311 6
      vertex 93.7 9.7 6
    endloop
  endfacet
  facet normal 0 -0 1
    outer loop
      vertex 92.2769 2.7 6
      vertex 93.7 4.12311 6
      vertex 86.7 9.7 6
    endloop
  endfacet
  facet normal 0 -0 1
    outer loop
      vertex 93.3374 3.58931 6
      vertex 93.7 4.12311 6
      vertex 92.2769 2.7 6
    endloop
  endfacet
  facet normal 0 0 1
    outer loop
      vertex 93.7 4.12311 6
      vertex 93.3374 3.58931 6
      vertex 93.5596 3.88884 6
    endloop
  endfacet
  facet normal 0 0 1
    outer loop
      vertex 93.3374 3.58931 6
      vertex 92.2769 2.7 6
      vertex 93.087 3.31299 6
    endloop
  endfacet
  facet normal 0 0 1
    outer loop
      vertex 93.087 3.31299 6
      vertex 92.2769 2.7 6
      vertex 92.8107 3.06256 6
    endloop
  endfacet
  facet normal 0 0 1
    outer loop
      vertex 92.8107 3.06256 6
      vertex 92.2769 2.7 6
      vertex 92.5112 2.84041 6
    endloop
  endfacet
  facet normal 0 0 1
    outer loop
      vertex 92.2769 2.7 6
      vertex 86.7 9.7 6
      vertex 86.7 2.7 6
    endloop
  endfacet
  facet normal -1 0 0
    outer loop
      vertex 86.7 2.7 2
      vertex 86.7 9.7 6
      vertex 86.7 9.7 2
    endloop
  endfacet
  facet normal -1 -0 0
    outer loop
      vertex 86.7 9.7 6
      vertex 86.7 2.7 2
      vertex 86.7 2.7 6
    endloop
  endfacet
  facet normal 0 1 -0
    outer loop
      vertex 93.7 9.7 2
      vertex 86.7 9.7 6
      vertex 93.7 9.7 6
    endloop
  endfacet
  facet normal 0 1 0
    outer loop
      vertex 86.7 9.7 6
      vertex 93.7 9.7 2
      vertex 86.7 9.7 2
    endloop
  endfacet
  facet normal 0 -1 0
    outer loop
      vertex 86.7 2.7 2
      vertex 92.2769 2.7 6
      vertex 86.7 2.7 6
    endloop
  endfacet
  facet normal 0 -1 -0
    outer loop
      vertex 92.2769 2.7 6
      vertex 86.7 2.7 2
      vertex 92.2769 2.7 2
    endloop
  endfacet
  facet normal 1 -0 0
    outer loop
      vertex 93.7 51.7 6
      vertex 93.7 57.2769 2
      vertex 93.7 57.2769 6
    endloop
  endfacet
  facet normal 1 0 0
    outer loop
      vertex 93.7 57.2769 2
      vertex 93.7 51.7 6
      vertex 93.7 51.7 2
    endloop
  endfacet
  facet normal 0 0 1
    outer loop
      vertex 93.3374 57.8107 6
      vertex 93.7 57.2769 6
      vertex 93.5596 57.5112 6
    endloop
  endfacet
  facet normal 0 0 1
    outer loop
      vertex 93.7 57.2769 6
      vertex 93.3374 57.8107 6
      vertex 92.2769 58.7 6
    endloop
  endfacet
  facet normal 0 0 1
    outer loop
      vertex 92.2769 58.7 6
      vertex 93.3374 57.8107 6
      vertex 93.087 58.087 6
    endloop
  endfacet
  facet normal 0 0 1
    outer loop
      vertex 92.2769 58.7 6
      vertex 93.087 58.087 6
      vertex 92.8107 58.3374 6
    endloop
  endfacet
  facet normal 0 0 1
    outer loop
      vertex 92.2769 58.7 6
      vertex 92.8107 58.3374 6
      vertex 92.5112 58.5596 6
    endloop
  endfacet
  facet normal 0 0 1
    outer loop
      vertex 93.7 57.2769 6
      vertex 92.2769 58.7 6
      vertex 86.7 51.7 6
    endloop
  endfacet
  facet normal 0 0 1
    outer loop
      vertex 86.7 51.7 6
      vertex 92.2769 58.7 6
      vertex 86.7 58.7 6
    endloop
  endfacet
  facet normal 0 0 1
    outer loop
      vertex 93.7 57.2769 6
      vertex 86.7 51.7 6
      vertex 93.7 51.7 6
    endloop
  endfacet
  facet normal -1 0 0
    outer loop
      vertex 86.7 51.7 2
      vertex 86.7 58.7 6
      vertex 86.7 58.7 2
    endloop
  endfacet
  facet normal -1 -0 0
    outer loop
      vertex 86.7 58.7 6
      vertex 86.7 51.7 2
      vertex 86.7 51.7 6
    endloop
  endfacet
  facet normal 0 1 -0
    outer loop
      vertex 92.2769 58.7 2
      vertex 86.7 58.7 6
      vertex 92.2769 58.7 6
    endloop
  endfacet
  facet normal 0 1 0
    outer loop
      vertex 86.7 58.7 6
      vertex 92.2769 58.7 2
      vertex 86.7 58.7 2
    endloop
  endfacet
  facet normal 0 -1 0
    outer loop
      vertex 86.7 51.7 2
      vertex 93.7 51.7 6
      vertex 86.7 51.7 6
    endloop
  endfacet
  facet normal 0 -1 -0
    outer loop
      vertex 93.7 51.7 6
      vertex 86.7 51.7 2
      vertex 93.7 51.7 2
    endloop
  endfacet
  facet normal 0 0 1
    outer loop
      vertex 94.2 55.4 6.6
      vertex 96.4 55.4 6.6
      vertex 96.3711 55.9881 6.6
    endloop
  endfacet
  facet normal 0 0 1
    outer loop
      vertex 96.4 55.4 6.6
      vertex 94.2 55.4 6.6
      vertex 96.4 6 6.6
    endloop
  endfacet
  facet normal 0 0 1
    outer loop
      vertex 94.1817 55.7725 6.6
      vertex 96.3711 55.9881 6.6
      vertex 96.2847 56.5705 6.6
    endloop
  endfacet
  facet normal 0 0 1
    outer loop
      vertex 94.2 6 6.6
      vertex 96.4 6 6.6
      vertex 94.2 55.4 6.6
    endloop
  endfacet
  facet normal 0 0 1
    outer loop
      vertex 94.127 56.1413 6.6
      vertex 96.2847 56.5705 6.6
      vertex 96.2523 56.7 6.6
    endloop
  endfacet
  facet normal 0 0 1
    outer loop
      vertex 96.4 6 6.6
      vertex 94.2 6 6.6
      vertex 96.3711 5.4119 6.6
    endloop
  endfacet
  facet normal -0 0 1
    outer loop
      vertex 94.1817 5.62753 6.6
      vertex 96.3711 5.4119 6.6
      vertex 94.2 6 6.6
    endloop
  endfacet
  facet normal 0 0 1
    outer loop
      vertex 96.3711 55.9881 6.6
      vertex 94.1817 55.7725 6.6
      vertex 94.2 55.4 6.6
    endloop
  endfacet
  facet normal 0 0 1
    outer loop
      vertex 96.2847 56.5705 6.6
      vertex 94.127 56.1413 6.6
      vertex 94.1817 55.7725 6.6
    endloop
  endfacet
  facet normal 0 0 1
    outer loop
      vertex 96.2523 56.7 6.6
      vertex 94.0364 56.5031 6.6
      vertex 94.127 56.1413 6.6
    endloop
  endfacet
  facet normal 0 -0 1
    outer loop
      vertex 94.0364 56.5031 6.6
      vertex 96.2523 56.7 6.6
      vertex 93.9659 56.7 6.6
    endloop
  endfacet
  facet normal 0 0 1
    outer loop
      vertex 96.3711 5.4119 6.6
      vertex 94.1817 5.62753 6.6
      vertex 96.2847 4.82945 6.6
    endloop
  endfacet
  facet normal -0 0 1
    outer loop
      vertex 94.127 5.25865 6.6
      vertex 96.2847 4.82945 6.6
      vertex 94.1817 5.62753 6.6
    endloop
  endfacet
  facet normal 0 0 1
    outer loop
      vertex 96.2847 4.82945 6.6
      vertex 94.127 5.25865 6.6
      vertex 96.2523 4.7 6.6
    endloop
  endfacet
  facet normal -0 0 1
    outer loop
      vertex 94.0364 4.89691 6.6
      vertex 96.2523 4.7 6.6
      vertex 94.127 5.25865 6.6
    endloop
  endfacet
  facet normal 0 0 1
    outer loop
      vertex 96.2523 4.7 6.6
      vertex 94.0364 4.89691 6.6
      vertex 93.9659 4.7 6.6
    endloop
  endfacet
  facet normal 0 -1 0
    outer loop
      vertex 93.9659 56.7 6.6
      vertex 96.2523 56.7 22
      vertex 93.9659 56.7 22
    endloop
  endfacet
  facet normal 0 -1 -0
    outer loop
      vertex 96.2523 56.7 22
      vertex 93.9659 56.7 6.6
      vertex 96.2523 56.7 6.6
    endloop
  endfacet
  facet normal 0 1 -0
    outer loop
      vertex 96.2523 4.7 6.6
      vertex 93.9659 4.7 22
      vertex 96.2523 4.7 22
    endloop
  endfacet
  facet normal 0 1 0
    outer loop
      vertex 93.9659 4.7 22
      vertex 96.2523 4.7 6.6
      vertex 93.9659 4.7 6.6
    endloop
  endfacet
  facet normal -1 0 0
    outer loop
      vertex 87.7 0 6.8
      vertex 87.7 2.2 16.1
      vertex 87.7 2.2 6.8
    endloop
  endfacet
  facet normal -1 -0 0
    outer loop
      vertex 87.7 2.2 16.1
      vertex 87.7 0 6.8
      vertex 87.7 0 16.1
    endloop
  endfacet
  facet normal 0 0 -1
    outer loop
      vertex 8.7 0 16.1
      vertex 87.7 2.2 16.1
      vertex 87.7 0 16.1
    endloop
  endfacet
  facet normal -0 0 -1
    outer loop
      vertex 87.7 2.2 16.1
      vertex 8.7 0 16.1
      vertex 8.7 2.2 16.1
    endloop
  endfacet
  facet normal -0 0 1
    outer loop
      vertex 8.7 2.2 6.8
      vertex 87.7 0 6.8
      vertex 87.7 2.2 6.8
    endloop
  endfacet
  facet normal 0 0 1
    outer loop
      vertex 87.7 0 6.8
      vertex 8.7 2.2 6.8
      vertex 8.7 0 6.8
    endloop
  endfacet
  facet normal 1 -0 0
    outer loop
      vertex 8.7 0 16.1
      vertex 8.7 2.2 6.8
      vertex 8.7 2.2 16.1
    endloop
  endfacet
  facet normal 1 0 0
    outer loop
      vertex 8.7 2.2 6.8
      vertex 8.7 0 16.1
      vertex 8.7 0 6.8
    endloop
  endfacet
  facet normal 0 0 -1
    outer loop
      vertex 0 16.7 8.2
      vertex 2.2 44.7 8.2
      vertex 2.2 16.7 8.2
    endloop
  endfacet
  facet normal -0 0 -1
    outer loop
      vertex 2.2 44.7 8.2
      vertex 0 16.7 8.2
      vertex 0 44.7 8.2
    endloop
  endfacet
  facet normal -0 0 1
    outer loop
      vertex 0 44.7 3.5
      vertex 2.2 16.7 3.5
      vertex 2.2 44.7 3.5
    endloop
  endfacet
  facet normal 0 0 1
    outer loop
      vertex 2.2 16.7 3.5
      vertex 0 44.7 3.5
      vertex 0 16.7 3.5
    endloop
  endfacet
  facet normal 0 -1 0
    outer loop
      vertex 0 44.7 3.5
      vertex 2.2 44.7 8.2
      vertex 0 44.7 8.2
    endloop
  endfacet
  facet normal 0 -1 -0
    outer loop
      vertex 2.2 44.7 8.2
      vertex 0 44.7 3.5
      vertex 2.2 44.7 3.5
    endloop
  endfacet
  facet normal 0 1 -0
    outer loop
      vertex 2.2 16.7 3.5
      vertex 0 16.7 8.2
      vertex 2.2 16.7 8.2
    endloop
  endfacet
  facet normal 0 1 0
    outer loop
      vertex 0 16.7 8.2
      vertex 2.2 16.7 3.5
      vertex 0 16.7 3.5
    endloop
  endfacet
  facet normal -1 0 0
    outer loop
      vertex 26.7 59.2 8
      vertex 26.7 61.4 16
      vertex 26.7 61.4 8
    endloop
  endfacet
  facet normal -1 -0 0
    outer loop
      vertex 26.7 61.4 16
      vertex 26.7 59.2 8
      vertex 26.7 59.2 16
    endloop
  endfacet
  facet normal 0 0 -1
    outer loop
      vertex 24.7 59.2 16
      vertex 26.7 61.4 16
      vertex 26.7 59.2 16
    endloop
  endfacet
  facet normal -0 0 -1
    outer loop
      vertex 26.7 61.4 16
      vertex 24.7 59.2 16
      vertex 24.7 61.4 16
    endloop
  endfacet
  facet normal -0 0 1
    outer loop
      vertex 24.7 61.4 8
      vertex 26.7 59.2 8
      vertex 26.7 61.4 8
    endloop
  endfacet
  facet normal 0 0 1
    outer loop
      vertex 26.7 59.2 8
      vertex 24.7 61.4 8
      vertex 24.7 59.2 8
    endloop
  endfacet
  facet normal 1 -0 0
    outer loop
      vertex 24.7 59.2 16
      vertex 24.7 61.4 8
      vertex 24.7 61.4 16
    endloop
  endfacet
  facet normal 1 0 0
    outer loop
      vertex 24.7 61.4 8
      vertex 24.7 59.2 16
      vertex 24.7 59.2 8
    endloop
  endfacet
  facet normal -1 0 0
    outer loop
      vertex 31.2 59.2 8
      vertex 31.2 61.4 16
      vertex 31.2 61.4 8
    endloop
  endfacet
  facet normal -1 -0 0
    outer loop
      vertex 31.2 61.4 16
      vertex 31.2 59.2 8
      vertex 31.2 59.2 16
    endloop
  endfacet
  facet normal 0 0 -1
    outer loop
      vertex 29.2 59.2 16
      vertex 31.2 61.4 16
      vertex 31.2 59.2 16
    endloop
  endfacet
  facet normal -0 0 -1
    outer loop
      vertex 31.2 61.4 16
      vertex 29.2 59.2 16
      vertex 29.2 61.4 16
    endloop
  endfacet
  facet normal -0 0 1
    outer loop
      vertex 29.2 61.4 8
      vertex 31.2 59.2 8
      vertex 31.2 61.4 8
    endloop
  endfacet
  facet normal 0 0 1
    outer loop
      vertex 31.2 59.2 8
      vertex 29.2 61.4 8
      vertex 29.2 59.2 8
    endloop
  endfacet
  facet normal 1 -0 0
    outer loop
      vertex 29.2 59.2 16
      vertex 29.2 61.4 8
      vertex 29.2 61.4 16
    endloop
  endfacet
  facet normal 1 0 0
    outer loop
      vertex 29.2 61.4 8
      vertex 29.2 59.2 16
      vertex 29.2 59.2 8
    endloop
  endfacet
  facet normal -1 0 0
    outer loop
      vertex 35.7 59.2 8
      vertex 35.7 61.4 16
      vertex 35.7 61.4 8
    endloop
  endfacet
  facet normal -1 -0 0
    outer loop
      vertex 35.7 61.4 16
      vertex 35.7 59.2 8
      vertex 35.7 59.2 16
    endloop
  endfacet
  facet normal 0 0 -1
    outer loop
      vertex 33.7 59.2 16
      vertex 35.7 61.4 16
      vertex 35.7 59.2 16
    endloop
  endfacet
  facet normal -0 0 -1
    outer loop
      vertex 35.7 61.4 16
      vertex 33.7 59.2 16
      vertex 33.7 61.4 16
    endloop
  endfacet
  facet normal -0 0 1
    outer loop
      vertex 33.7 61.4 8
      vertex 35.7 59.2 8
      vertex 35.7 61.4 8
    endloop
  endfacet
  facet normal 0 0 1
    outer loop
      vertex 35.7 59.2 8
      vertex 33.7 61.4 8
      vertex 33.7 59.2 8
    endloop
  endfacet
  facet normal 1 -0 0
    outer loop
      vertex 33.7 59.2 16
      vertex 33.7 61.4 8
      vertex 33.7 61.4 16
    endloop
  endfacet
  facet normal 1 0 0
    outer loop
      vertex 33.7 61.4 8
      vertex 33.7 59.2 16
      vertex 33.7 59.2 8
    endloop
  endfacet
  facet normal -1 0 0
    outer loop
      vertex 40.2 59.2 8
      vertex 40.2 61.4 16
      vertex 40.2 61.4 8
    endloop
  endfacet
  facet normal -1 -0 0
    outer loop
      vertex 40.2 61.4 16
      vertex 40.2 59.2 8
      vertex 40.2 59.2 16
    endloop
  endfacet
  facet normal 0 0 -1
    outer loop
      vertex 38.2 59.2 16
      vertex 40.2 61.4 16
      vertex 40.2 59.2 16
    endloop
  endfacet
  facet normal -0 0 -1
    outer loop
      vertex 40.2 61.4 16
      vertex 38.2 59.2 16
      vertex 38.2 61.4 16
    endloop
  endfacet
  facet normal -0 0 1
    outer loop
      vertex 38.2 61.4 8
      vertex 40.2 59.2 8
      vertex 40.2 61.4 8
    endloop
  endfacet
  facet normal 0 0 1
    outer loop
      vertex 40.2 59.2 8
      vertex 38.2 61.4 8
      vertex 38.2 59.2 8
    endloop
  endfacet
  facet normal 1 -0 0
    outer loop
      vertex 38.2 59.2 16
      vertex 38.2 61.4 8
      vertex 38.2 61.4 16
    endloop
  endfacet
  facet normal 1 0 0
    outer loop
      vertex 38.2 61.4 8
      vertex 38.2 59.2 16
      vertex 38.2 59.2 8
    endloop
  endfacet
  facet normal -1 0 0
    outer loop
      vertex 44.7 59.2 8
      vertex 44.7 61.4 16
      vertex 44.7 61.4 8
    endloop
  endfacet
  facet normal -1 -0 0
    outer loop
      vertex 44.7 61.4 16
      vertex 44.7 59.2 8
      vertex 44.7 59.2 16
    endloop
  endfacet
  facet normal 0 0 -1
    outer loop
      vertex 42.7 59.2 16
      vertex 44.7 61.4 16
      vertex 44.7 59.2 16
    endloop
  endfacet
  facet normal -0 0 -1
    outer loop
      vertex 44.7 61.4 16
      vertex 42.7 59.2 16
      vertex 42.7 61.4 16
    endloop
  endfacet
  facet normal -0 0 1
    outer loop
      vertex 42.7 61.4 8
      vertex 44.7 59.2 8
      vertex 44.7 61.4 8
    endloop
  endfacet
  facet normal 0 0 1
    outer loop
      vertex 44.7 59.2 8
      vertex 42.7 61.4 8
      vertex 42.7 59.2 8
    endloop
  endfacet
  facet normal 1 -0 0
    outer loop
      vertex 42.7 59.2 16
      vertex 42.7 61.4 8
      vertex 42.7 61.4 16
    endloop
  endfacet
  facet normal 1 0 0
    outer loop
      vertex 42.7 61.4 8
      vertex 42.7 59.2 16
      vertex 42.7 59.2 8
    endloop
  endfacet
  facet normal -1 0 0
    outer loop
      vertex 49.2 59.2 8
      vertex 49.2 61.4 16
      vertex 49.2 61.4 8
    endloop
  endfacet
  facet normal -1 -0 0
    outer loop
      vertex 49.2 61.4 16
      vertex 49.2 59.2 8
      vertex 49.2 59.2 16
    endloop
  endfacet
  facet normal 0 0 -1
    outer loop
      vertex 47.2 59.2 16
      vertex 49.2 61.4 16
      vertex 49.2 59.2 16
    endloop
  endfacet
  facet normal -0 0 -1
    outer loop
      vertex 49.2 61.4 16
      vertex 47.2 59.2 16
      vertex 47.2 61.4 16
    endloop
  endfacet
  facet normal -0 0 1
    outer loop
      vertex 47.2 61.4 8
      vertex 49.2 59.2 8
      vertex 49.2 61.4 8
    endloop
  endfacet
  facet normal 0 0 1
    outer loop
      vertex 49.2 59.2 8
      vertex 47.2 61.4 8
      vertex 47.2 59.2 8
    endloop
  endfacet
  facet normal 1 -0 0
    outer loop
      vertex 47.2 59.2 16
      vertex 47.2 61.4 8
      vertex 47.2 61.4 16
    endloop
  endfacet
  facet normal 1 0 0
    outer loop
      vertex 47.2 61.4 8
      vertex 47.2 59.2 16
      vertex 47.2 59.2 8
    endloop
  endfacet
  facet normal -1 0 0
    outer loop
      vertex 53.7 59.2 8
      vertex 53.7 61.4 16
      vertex 53.7 61.4 8
    endloop
  endfacet
  facet normal -1 -0 0
    outer loop
      vertex 53.7 61.4 16
      vertex 53.7 59.2 8
      vertex 53.7 59.2 16
    endloop
  endfacet
  facet normal 0 0 -1
    outer loop
      vertex 51.7 59.2 16
      vertex 53.7 61.4 16
      vertex 53.7 59.2 16
    endloop
  endfacet
  facet normal -0 0 -1
    outer loop
      vertex 53.7 61.4 16
      vertex 51.7 59.2 16
      vertex 51.7 61.4 16
    endloop
  endfacet
  facet normal -0 0 1
    outer loop
      vertex 51.7 61.4 8
      vertex 53.7 59.2 8
      vertex 53.7 61.4 8
    endloop
  endfacet
  facet normal 0 0 1
    outer loop
      vertex 53.7 59.2 8
      vertex 51.7 61.4 8
      vertex 51.7 59.2 8
    endloop
  endfacet
  facet normal 1 -0 0
    outer loop
      vertex 51.7 59.2 16
      vertex 51.7 61.4 8
      vertex 51.7 61.4 16
    endloop
  endfacet
  facet normal 1 0 0
    outer loop
      vertex 51.7 61.4 8
      vertex 51.7 59.2 16
      vertex 51.7 59.2 8
    endloop
  endfacet
  facet normal -1 0 0
    outer loop
      vertex 58.2 59.2 8
      vertex 58.2 61.4 16
      vertex 58.2 61.4 8
    endloop
  endfacet
  facet normal -1 -0 0
    outer loop
      vertex 58.2 61.4 16
      vertex 58.2 59.2 8
      vertex 58.2 59.2 16
    endloop
  endfacet
  facet normal 0 0 -1
    outer loop
      vertex 56.2 59.2 16
      vertex 58.2 61.4 16
      vertex 58.2 59.2 16
    endloop
  endfacet
  facet normal -0 0 -1
    outer loop
      vertex 58.2 61.4 16
      vertex 56.2 59.2 16
      vertex 56.2 61.4 16
    endloop
  endfacet
  facet normal -0 0 1
    outer loop
      vertex 56.2 61.4 8
      vertex 58.2 59.2 8
      vertex 58.2 61.4 8
    endloop
  endfacet
  facet normal 0 0 1
    outer loop
      vertex 58.2 59.2 8
      vertex 56.2 61.4 8
      vertex 56.2 59.2 8
    endloop
  endfacet
  facet normal 1 -0 0
    outer loop
      vertex 56.2 59.2 16
      vertex 56.2 61.4 8
      vertex 56.2 61.4 16
    endloop
  endfacet
  facet normal 1 0 0
    outer loop
      vertex 56.2 61.4 8
      vertex 56.2 59.2 16
      vertex 56.2 59.2 8
    endloop
  endfacet
  facet normal -1 0 0
    outer loop
      vertex 62.7 59.2 8
      vertex 62.7 61.4 16
      vertex 62.7 61.4 8
    endloop
  endfacet
  facet normal -1 -0 0
    outer loop
      vertex 62.7 61.4 16
      vertex 62.7 59.2 8
      vertex 62.7 59.2 16
    endloop
  endfacet
  facet normal 0 0 -1
    outer loop
      vertex 60.7 59.2 16
      vertex 62.7 61.4 16
      vertex 62.7 59.2 16
    endloop
  endfacet
  facet normal -0 0 -1
    outer loop
      vertex 62.7 61.4 16
      vertex 60.7 59.2 16
      vertex 60.7 61.4 16
    endloop
  endfacet
  facet normal -0 0 1
    outer loop
      vertex 60.7 61.4 8
      vertex 62.7 59.2 8
      vertex 62.7 61.4 8
    endloop
  endfacet
  facet normal 0 0 1
    outer loop
      vertex 62.7 59.2 8
      vertex 60.7 61.4 8
      vertex 60.7 59.2 8
    endloop
  endfacet
  facet normal 1 -0 0
    outer loop
      vertex 60.7 59.2 16
      vertex 60.7 61.4 8
      vertex 60.7 61.4 16
    endloop
  endfacet
  facet normal 1 0 0
    outer loop
      vertex 60.7 61.4 8
      vertex 60.7 59.2 16
      vertex 60.7 59.2 8
    endloop
  endfacet
  facet normal -1 0 0
    outer loop
      vertex 67.2 59.2 8
      vertex 67.2 61.4 16
      vertex 67.2 61.4 8
    endloop
  endfacet
  facet normal -1 -0 0
    outer loop
      vertex 67.2 61.4 16
      vertex 67.2 59.2 8
      vertex 67.2 59.2 16
    endloop
  endfacet
  facet normal 0 0 -1
    outer loop
      vertex 65.2 59.2 16
      vertex 67.2 61.4 16
      vertex 67.2 59.2 16
    endloop
  endfacet
  facet normal -0 0 -1
    outer loop
      vertex 67.2 61.4 16
      vertex 65.2 59.2 16
      vertex 65.2 61.4 16
    endloop
  endfacet
  facet normal -0 0 1
    outer loop
      vertex 65.2 61.4 8
      vertex 67.2 59.2 8
      vertex 67.2 61.4 8
    endloop
  endfacet
  facet normal 0 0 1
    outer loop
      vertex 67.2 59.2 8
      vertex 65.2 61.4 8
      vertex 65.2 59.2 8
    endloop
  endfacet
  facet normal 1 -0 0
    outer loop
      vertex 65.2 59.2 16
      vertex 65.2 61.4 8
      vertex 65.2 61.4 16
    endloop
  endfacet
  facet normal 1 0 0
    outer loop
      vertex 65.2 61.4 8
      vertex 65.2 59.2 16
      vertex 65.2 59.2 8
    endloop
  endfacet
  facet normal -1 0 0
    outer loop
      vertex 71.7 59.2 8
      vertex 71.7 61.4 16
      vertex 71.7 61.4 8
    endloop
  endfacet
  facet normal -1 -0 0
    outer loop
      vertex 71.7 61.4 16
      vertex 71.7 59.2 8
      vertex 71.7 59.2 16
    endloop
  endfacet
  facet normal 0 0 -1
    outer loop
      vertex 69.7 59.2 16
      vertex 71.7 61.4 16
      vertex 71.7 59.2 16
    endloop
  endfacet
  facet normal -0 0 -1
    outer loop
      vertex 71.7 61.4 16
      vertex 69.7 59.2 16
      vertex 69.7 61.4 16
    endloop
  endfacet
  facet normal -0 0 1
    outer loop
      vertex 69.7 61.4 8
      vertex 71.7 59.2 8
      vertex 71.7 61.4 8
    endloop
  endfacet
  facet normal 0 0 1
    outer loop
      vertex 71.7 59.2 8
      vertex 69.7 61.4 8
      vertex 69.7 59.2 8
    endloop
  endfacet
  facet normal 1 -0 0
    outer loop
      vertex 69.7 59.2 16
      vertex 69.7 61.4 8
      vertex 69.7 61.4 16
    endloop
  endfacet
  facet normal 1 0 0
    outer loop
      vertex 69.7 61.4 8
      vertex 69.7 59.2 16
      vertex 69.7 59.2 8
    endloop
  endfacet
  facet normal -1 0 0
    outer loop
      vertex 76.2 59.2 8
      vertex 76.2 61.4 16
      vertex 76.2 61.4 8
    endloop
  endfacet
  facet normal -1 -0 0
    outer loop
      vertex 76.2 61.4 16
      vertex 76.2 59.2 8
      vertex 76.2 59.2 16
    endloop
  endfacet
  facet normal 0 0 -1
    outer loop
      vertex 74.2 59.2 16
      vertex 76.2 61.4 16
      vertex 76.2 59.2 16
    endloop
  endfacet
  facet normal -0 0 -1
    outer loop
      vertex 76.2 61.4 16
      vertex 74.2 59.2 16
      vertex 74.2 61.4 16
    endloop
  endfacet
  facet normal -0 0 1
    outer loop
      vertex 74.2 61.4 8
      vertex 76.2 59.2 8
      vertex 76.2 61.4 8
    endloop
  endfacet
  facet normal 0 0 1
    outer loop
      vertex 76.2 59.2 8
      vertex 74.2 61.4 8
      vertex 74.2 59.2 8
    endloop
  endfacet
  facet normal 1 -0 0
    outer loop
      vertex 74.2 59.2 16
      vertex 74.2 61.4 8
      vertex 74.2 61.4 16
    endloop
  endfacet
  facet normal 1 0 0
    outer loop
      vertex 74.2 61.4 8
      vertex 74.2 59.2 16
      vertex 74.2 59.2 8
    endloop
  endfacet
  facet normal -1 0 0
    outer loop
      vertex 32.7 14.7 0
      vertex 32.7 46.7 2
      vertex 32.7 46.7 0
    endloop
  endfacet
  facet normal -1 -0 0
    outer loop
      vertex 32.7 46.7 2
      vertex 32.7 14.7 0
      vertex 32.7 14.7 2
    endloop
  endfacet
  facet normal 1 -0 0
    outer loop
      vertex 30.7 14.7 2
      vertex 30.7 46.7 0
      vertex 30.7 46.7 2
    endloop
  endfacet
  facet normal 1 0 0
    outer loop
      vertex 30.7 46.7 0
      vertex 30.7 14.7 2
      vertex 30.7 14.7 0
    endloop
  endfacet
  facet normal 0 -1 0
    outer loop
      vertex 30.7 46.7 0
      vertex 32.7 46.7 2
      vertex 30.7 46.7 2
    endloop
  endfacet
  facet normal 0 -1 -0
    outer loop
      vertex 32.7 46.7 2
      vertex 30.7 46.7 0
      vertex 32.7 46.7 0
    endloop
  endfacet
  facet normal 0 1 -0
    outer loop
      vertex 32.7 14.7 0
      vertex 30.7 14.7 2
      vertex 32.7 14.7 2
    endloop
  endfacet
  facet normal 0 1 0
    outer loop
      vertex 30.7 14.7 2
      vertex 32.7 14.7 0
      vertex 30.7 14.7 0
    endloop
  endfacet
  facet normal -1 0 0
    outer loop
      vertex 36.7 14.7 0
      vertex 36.7 46.7 2
      vertex 36.7 46.7 0
    endloop
  endfacet
  facet normal -1 -0 0
    outer loop
      vertex 36.7 46.7 2
      vertex 36.7 14.7 0
      vertex 36.7 14.7 2
    endloop
  endfacet
  facet normal 1 -0 0
    outer loop
      vertex 34.7 14.7 2
      vertex 34.7 46.7 0
      vertex 34.7 46.7 2
    endloop
  endfacet
  facet normal 1 0 0
    outer loop
      vertex 34.7 46.7 0
      vertex 34.7 14.7 2
      vertex 34.7 14.7 0
    endloop
  endfacet
  facet normal 0 -1 0
    outer loop
      vertex 34.7 46.7 0
      vertex 36.7 46.7 2
      vertex 34.7 46.7 2
    endloop
  endfacet
  facet normal 0 -1 -0
    outer loop
      vertex 36.7 46.7 2
      vertex 34.7 46.7 0
      vertex 36.7 46.7 0
    endloop
  endfacet
  facet normal 0 1 -0
    outer loop
      vertex 36.7 14.7 0
      vertex 34.7 14.7 2
      vertex 36.7 14.7 2
    endloop
  endfacet
  facet normal 0 1 0
    outer loop
      vertex 34.7 14.7 2
      vertex 36.7 14.7 0
      vertex 34.7 14.7 0
    endloop
  endfacet
  facet normal -1 0 0
    outer loop
      vertex 40.7 14.7 0
      vertex 40.7 46.7 2
      vertex 40.7 46.7 0
    endloop
  endfacet
  facet normal -1 -0 0
    outer loop
      vertex 40.7 46.7 2
      vertex 40.7 14.7 0
      vertex 40.7 14.7 2
    endloop
  endfacet
  facet normal 1 -0 0
    outer loop
      vertex 38.7 14.7 2
      vertex 38.7 46.7 0
      vertex 38.7 46.7 2
    endloop
  endfacet
  facet normal 1 0 0
    outer loop
      vertex 38.7 46.7 0
      vertex 38.7 14.7 2
      vertex 38.7 14.7 0
    endloop
  endfacet
  facet normal 0 -1 0
    outer loop
      vertex 38.7 46.7 0
      vertex 40.7 46.7 2
      vertex 38.7 46.7 2
    endloop
  endfacet
  facet normal 0 -1 -0
    outer loop
      vertex 40.7 46.7 2
      vertex 38.7 46.7 0
      vertex 40.7 46.7 0
    endloop
  endfacet
  facet normal 0 1 -0
    outer loop
      vertex 40.7 14.7 0
      vertex 38.7 14.7 2
      vertex 40.7 14.7 2
    endloop
  endfacet
  facet normal 0 1 0
    outer loop
      vertex 38.7 14.7 2
      vertex 40.7 14.7 0
      vertex 38.7 14.7 0
    endloop
  endfacet
  facet normal -1 0 0
    outer loop
      vertex 44.7 14.7 0
      vertex 44.7 46.7 2
      vertex 44.7 46.7 0
    endloop
  endfacet
  facet normal -1 -0 0
    outer loop
      vertex 44.7 46.7 2
      vertex 44.7 14.7 0
      vertex 44.7 14.7 2
    endloop
  endfacet
  facet normal 1 -0 0
    outer loop
      vertex 42.7 14.7 2
      vertex 42.7 46.7 0
      vertex 42.7 46.7 2
    endloop
  endfacet
  facet normal 1 0 0
    outer loop
      vertex 42.7 46.7 0
      vertex 42.7 14.7 2
      vertex 42.7 14.7 0
    endloop
  endfacet
  facet normal 0 -1 0
    outer loop
      vertex 42.7 46.7 0
      vertex 44.7 46.7 2
      vertex 42.7 46.7 2
    endloop
  endfacet
  facet normal 0 -1 -0
    outer loop
      vertex 44.7 46.7 2
      vertex 42.7 46.7 0
      vertex 44.7 46.7 0
    endloop
  endfacet
  facet normal 0 1 -0
    outer loop
      vertex 44.7 14.7 0
      vertex 42.7 14.7 2
      vertex 44.7 14.7 2
    endloop
  endfacet
  facet normal 0 1 0
    outer loop
      vertex 42.7 14.7 2
      vertex 44.7 14.7 0
      vertex 42.7 14.7 0
    endloop
  endfacet
  facet normal -1 0 0
    outer loop
      vertex 48.7 14.7 0
      vertex 48.7 46.7 2
      vertex 48.7 46.7 0
    endloop
  endfacet
  facet normal -1 -0 0
    outer loop
      vertex 48.7 46.7 2
      vertex 48.7 14.7 0
      vertex 48.7 14.7 2
    endloop
  endfacet
  facet normal 1 -0 0
    outer loop
      vertex 46.7 14.7 2
      vertex 46.7 46.7 0
      vertex 46.7 46.7 2
    endloop
  endfacet
  facet normal 1 0 0
    outer loop
      vertex 46.7 46.7 0
      vertex 46.7 14.7 2
      vertex 46.7 14.7 0
    endloop
  endfacet
  facet normal 0 -1 0
    outer loop
      vertex 46.7 46.7 0
      vertex 48.7 46.7 2
      vertex 46.7 46.7 2
    endloop
  endfacet
  facet normal 0 -1 -0
    outer loop
      vertex 48.7 46.7 2
      vertex 46.7 46.7 0
      vertex 48.7 46.7 0
    endloop
  endfacet
  facet normal 0 1 -0
    outer loop
      vertex 48.7 14.7 0
      vertex 46.7 14.7 2
      vertex 48.7 14.7 2
    endloop
  endfacet
  facet normal 0 1 0
    outer loop
      vertex 46.7 14.7 2
      vertex 48.7 14.7 0
      vertex 46.7 14.7 0
    endloop
  endfacet
  facet normal -1 0 0
    outer loop
      vertex 52.7 14.7 0
      vertex 52.7 46.7 2
      vertex 52.7 46.7 0
    endloop
  endfacet
  facet normal -1 -0 0
    outer loop
      vertex 52.7 46.7 2
      vertex 52.7 14.7 0
      vertex 52.7 14.7 2
    endloop
  endfacet
  facet normal 1 -0 0
    outer loop
      vertex 50.7 14.7 2
      vertex 50.7 46.7 0
      vertex 50.7 46.7 2
    endloop
  endfacet
  facet normal 1 0 0
    outer loop
      vertex 50.7 46.7 0
      vertex 50.7 14.7 2
      vertex 50.7 14.7 0
    endloop
  endfacet
  facet normal 0 -1 0
    outer loop
      vertex 50.7 46.7 0
      vertex 52.7 46.7 2
      vertex 50.7 46.7 2
    endloop
  endfacet
  facet normal 0 -1 -0
    outer loop
      vertex 52.7 46.7 2
      vertex 50.7 46.7 0
      vertex 52.7 46.7 0
    endloop
  endfacet
  facet normal 0 1 -0
    outer loop
      vertex 52.7 14.7 0
      vertex 50.7 14.7 2
      vertex 52.7 14.7 2
    endloop
  endfacet
  facet normal 0 1 0
    outer loop
      vertex 50.7 14.7 2
      vertex 52.7 14.7 0
      vertex 50.7 14.7 0
    endloop
  endfacet
  facet normal -1 0 0
    outer loop
      vertex 56.7 14.7 0
      vertex 56.7 46.7 2
      vertex 56.7 46.7 0
    endloop
  endfacet
  facet normal -1 -0 0
    outer loop
      vertex 56.7 46.7 2
      vertex 56.7 14.7 0
      vertex 56.7 14.7 2
    endloop
  endfacet
  facet normal 1 -0 0
    outer loop
      vertex 54.7 14.7 2
      vertex 54.7 46.7 0
      vertex 54.7 46.7 2
    endloop
  endfacet
  facet normal 1 0 0
    outer loop
      vertex 54.7 46.7 0
      vertex 54.7 14.7 2
      vertex 54.7 14.7 0
    endloop
  endfacet
  facet normal 0 -1 0
    outer loop
      vertex 54.7 46.7 0
      vertex 56.7 46.7 2
      vertex 54.7 46.7 2
    endloop
  endfacet
  facet normal 0 -1 -0
    outer loop
      vertex 56.7 46.7 2
      vertex 54.7 46.7 0
      vertex 56.7 46.7 0
    endloop
  endfacet
  facet normal 0 1 -0
    outer loop
      vertex 56.7 14.7 0
      vertex 54.7 14.7 2
      vertex 56.7 14.7 2
    endloop
  endfacet
  facet normal 0 1 0
    outer loop
      vertex 54.7 14.7 2
      vertex 56.7 14.7 0
      vertex 54.7 14.7 0
    endloop
  endfacet
  facet normal -1 0 0
    outer loop
      vertex 60.7 14.7 0
      vertex 60.7 46.7 2
      vertex 60.7 46.7 0
    endloop
  endfacet
  facet normal -1 -0 0
    outer loop
      vertex 60.7 46.7 2
      vertex 60.7 14.7 0
      vertex 60.7 14.7 2
    endloop
  endfacet
  facet normal 1 -0 0
    outer loop
      vertex 58.7 14.7 2
      vertex 58.7 46.7 0
      vertex 58.7 46.7 2
    endloop
  endfacet
  facet normal 1 0 0
    outer loop
      vertex 58.7 46.7 0
      vertex 58.7 14.7 2
      vertex 58.7 14.7 0
    endloop
  endfacet
  facet normal 0 -1 0
    outer loop
      vertex 58.7 46.7 0
      vertex 60.7 46.7 2
      vertex 58.7 46.7 2
    endloop
  endfacet
  facet normal 0 -1 -0
    outer loop
      vertex 60.7 46.7 2
      vertex 58.7 46.7 0
      vertex 60.7 46.7 0
    endloop
  endfacet
  facet normal 0 1 -0
    outer loop
      vertex 60.7 14.7 0
      vertex 58.7 14.7 2
      vertex 60.7 14.7 2
    endloop
  endfacet
  facet normal 0 1 0
    outer loop
      vertex 58.7 14.7 2
      vertex 60.7 14.7 0
      vertex 58.7 14.7 0
    endloop
  endfacet
  facet normal -1 0 0
    outer loop
      vertex 64.7 14.7 0
      vertex 64.7 46.7 2
      vertex 64.7 46.7 0
    endloop
  endfacet
  facet normal -1 -0 0
    outer loop
      vertex 64.7 46.7 2
      vertex 64.7 14.7 0
      vertex 64.7 14.7 2
    endloop
  endfacet
  facet normal 1 -0 0
    outer loop
      vertex 62.7 14.7 2
      vertex 62.7 46.7 0
      vertex 62.7 46.7 2
    endloop
  endfacet
  facet normal 1 0 0
    outer loop
      vertex 62.7 46.7 0
      vertex 62.7 14.7 2
      vertex 62.7 14.7 0
    endloop
  endfacet
  facet normal 0 -1 0
    outer loop
      vertex 62.7 46.7 0
      vertex 64.7 46.7 2
      vertex 62.7 46.7 2
    endloop
  endfacet
  facet normal 0 -1 -0
    outer loop
      vertex 64.7 46.7 2
      vertex 62.7 46.7 0
      vertex 64.7 46.7 0
    endloop
  endfacet
  facet normal 0 1 -0
    outer loop
      vertex 64.7 14.7 0
      vertex 62.7 14.7 2
      vertex 64.7 14.7 2
    endloop
  endfacet
  facet normal 0 1 0
    outer loop
      vertex 62.7 14.7 2
      vertex 64.7 14.7 0
      vertex 62.7 14.7 0
    endloop
  endfacet
  facet normal -1 0 0
    outer loop
      vertex 68.7 14.7 0
      vertex 68.7 46.7 2
      vertex 68.7 46.7 0
    endloop
  endfacet
  facet normal -1 -0 0
    outer loop
      vertex 68.7 46.7 2
      vertex 68.7 14.7 0
      vertex 68.7 14.7 2
    endloop
  endfacet
  facet normal 1 -0 0
    outer loop
      vertex 66.7 14.7 2
      vertex 66.7 46.7 0
      vertex 66.7 46.7 2
    endloop
  endfacet
  facet normal 1 0 0
    outer loop
      vertex 66.7 46.7 0
      vertex 66.7 14.7 2
      vertex 66.7 14.7 0
    endloop
  endfacet
  facet normal 0 -1 0
    outer loop
      vertex 66.7 46.7 0
      vertex 68.7 46.7 2
      vertex 66.7 46.7 2
    endloop
  endfacet
  facet normal 0 -1 -0
    outer loop
      vertex 68.7 46.7 2
      vertex 66.7 46.7 0
      vertex 68.7 46.7 0
    endloop
  endfacet
  facet normal 0 1 -0
    outer loop
      vertex 68.7 14.7 0
      vertex 66.7 14.7 2
      vertex 68.7 14.7 2
    endloop
  endfacet
  facet normal 0 1 0
    outer loop
      vertex 66.7 14.7 2
      vertex 68.7 14.7 0
      vertex 66.7 14.7 0
    endloop
  endfacet
  facet normal -1 0 0
    outer loop
      vertex 32.2 0 18.5
      vertex 32.2 2.2 20.3
      vertex 32.2 2.2 18.5
    endloop
  endfacet
  facet normal -1 -0 0
    outer loop
      vertex 32.2 2.2 20.3
      vertex 32.2 0 18.5
      vertex 32.2 0 20.3
    endloop
  endfacet
  facet normal 0 0 -1
    outer loop
      vertex 23.2 0 20.3
      vertex 32.2 2.2 20.3
      vertex 32.2 0 20.3
    endloop
  endfacet
  facet normal -0 0 -1
    outer loop
      vertex 32.2 2.2 20.3
      vertex 23.2 0 20.3
      vertex 23.2 2.2 20.3
    endloop
  endfacet
  facet normal -0 0 1
    outer loop
      vertex 23.2 2.2 18.5
      vertex 32.2 0 18.5
      vertex 32.2 2.2 18.5
    endloop
  endfacet
  facet normal 0 0 1
    outer loop
      vertex 32.2 0 18.5
      vertex 23.2 2.2 18.5
      vertex 23.2 0 18.5
    endloop
  endfacet
  facet normal 1 -0 0
    outer loop
      vertex 23.2 0 20.3
      vertex 23.2 2.2 18.5
      vertex 23.2 2.2 20.3
    endloop
  endfacet
  facet normal 1 0 0
    outer loop
      vertex 23.2 2.2 18.5
      vertex 23.2 0 20.3
      vertex 23.2 0 18.5
    endloop
  endfacet
  facet normal -1 0 0
    outer loop
      vertex 32.2 59.2 18.5
      vertex 32.2 61.4 20.3
      vertex 32.2 61.4 18.5
    endloop
  endfacet
  facet normal -1 -0 0
    outer loop
      vertex 32.2 61.4 20.3
      vertex 32.2 59.2 18.5
      vertex 32.2 59.2 20.3
    endloop
  endfacet
  facet normal 0 0 -1
    outer loop
      vertex 23.2 59.2 20.3
      vertex 32.2 61.4 20.3
      vertex 32.2 59.2 20.3
    endloop
  endfacet
  facet normal -0 0 -1
    outer loop
      vertex 32.2 61.4 20.3
      vertex 23.2 59.2 20.3
      vertex 23.2 61.4 20.3
    endloop
  endfacet
  facet normal -0 0 1
    outer loop
      vertex 23.2 61.4 18.5
      vertex 32.2 59.2 18.5
      vertex 32.2 61.4 18.5
    endloop
  endfacet
  facet normal 0 0 1
    outer loop
      vertex 32.2 59.2 18.5
      vertex 23.2 61.4 18.5
      vertex 23.2 59.2 18.5
    endloop
  endfacet
  facet normal 1 -0 0
    outer loop
      vertex 23.2 59.2 20.3
      vertex 23.2 61.4 18.5
      vertex 23.2 61.4 20.3
    endloop
  endfacet
  facet normal 1 0 0
    outer loop
      vertex 23.2 61.4 18.5
      vertex 23.2 59.2 20.3
      vertex 23.2 59.2 18.5
    endloop
  endfacet
  facet normal -1 0 0
    outer loop
      vertex 73.2 0 18.5
      vertex 73.2 2.2 20.3
      vertex 73.2 2.2 18.5
    endloop
  endfacet
  facet normal -1 -0 0
    outer loop
      vertex 73.2 2.2 20.3
      vertex 73.2 0 18.5
      vertex 73.2 0 20.3
    endloop
  endfacet
  facet normal 0 0 -1
    outer loop
      vertex 64.2 0 20.3
      vertex 73.2 2.2 20.3
      vertex 73.2 0 20.3
    endloop
  endfacet
  facet normal -0 0 -1
    outer loop
      vertex 73.2 2.2 20.3
      vertex 64.2 0 20.3
      vertex 64.2 2.2 20.3
    endloop
  endfacet
  facet normal -0 0 1
    outer loop
      vertex 64.2 2.2 18.5
      vertex 73.2 0 18.5
      vertex 73.2 2.2 18.5
    endloop
  endfacet
  facet normal 0 0 1
    outer loop
      vertex 73.2 0 18.5
      vertex 64.2 2.2 18.5
      vertex 64.2 0 18.5
    endloop
  endfacet
  facet normal 1 -0 0
    outer loop
      vertex 64.2 0 20.3
      vertex 64.2 2.2 18.5
      vertex 64.2 2.2 20.3
    endloop
  endfacet
  facet normal 1 0 0
    outer loop
      vertex 64.2 2.2 18.5
      vertex 64.2 0 20.3
      vertex 64.2 0 18.5
    endloop
  endfacet
  facet normal -1 0 0
    outer loop
      vertex 73.2 59.2 18.5
      vertex 73.2 61.4 20.3
      vertex 73.2 61.4 18.5
    endloop
  endfacet
  facet normal -1 -0 0
    outer loop
      vertex 73.2 61.4 20.3
      vertex 73.2 59.2 18.5
      vertex 73.2 59.2 20.3
    endloop
  endfacet
  facet normal 0 0 -1
    outer loop
      vertex 64.2 59.2 20.3
      vertex 73.2 61.4 20.3
      vertex 73.2 59.2 20.3
    endloop
  endfacet
  facet normal -0 0 -1
    outer loop
      vertex 73.2 61.4 20.3
      vertex 64.2 59.2 20.3
      vertex 64.2 61.4 20.3
    endloop
  endfacet
  facet normal -0 0 1
    outer loop
      vertex 64.2 61.4 18.5
      vertex 73.2 59.2 18.5
      vertex 73.2 61.4 18.5
    endloop
  endfacet
  facet normal 0 0 1
    outer loop
      vertex 73.2 59.2 18.5
      vertex 64.2 61.4 18.5
      vertex 64.2 59.2 18.5
    endloop
  endfacet
  facet normal 1 -0 0
    outer loop
      vertex 64.2 59.2 20.3
      vertex 64.2 61.4 18.5
      vertex 64.2 61.4 20.3
    endloop
  endfacet
  facet normal 1 0 0
    outer loop
      vertex 64.2 61.4 18.5
      vertex 64.2 59.2 20.3
      vertex 64.2 59.2 18.5
    endloop
  endfacet
  facet normal 0.336893 0.941543 -0
    outer loop
      vertex 8.476 4.97606 0
      vertex 7.99091 5.14963 0.99
      vertex 8.476 4.97606 0.99
    endloop
  endfacet
  facet normal 0.336893 0.941543 0
    outer loop
      vertex 7.99091 5.14963 0.99
      vertex 8.476 4.97606 0
      vertex 7.99091 5.14963 0
    endloop
  endfacet
  facet normal -0.989174 -0.146746 0
    outer loop
      vertex 15.2247 10.5146 0
      vertex 15.1491 11.0242 0.99
      vertex 15.1491 11.0242 0
    endloop
  endfacet
  facet normal -0.989174 -0.146746 0
    outer loop
      vertex 15.1491 11.0242 0.99
      vertex 15.2247 10.5146 0
      vertex 15.2247 10.5146 0.99
    endloop
  endfacet
  facet normal -0.998794 -0.0491051 0
    outer loop
      vertex 15.25 10 0
      vertex 15.2247 10.5146 0.99
      vertex 15.2247 10.5146 0
    endloop
  endfacet
  facet normal -0.998794 -0.0491051 0
    outer loop
      vertex 15.2247 10.5146 0.99
      vertex 15.25 10 0
      vertex 15.25 10 0.99
    endloop
  endfacet
  facet normal -0.970028 -0.242992 0
    outer loop
      vertex 15.1491 11.0242 0
      vertex 15.0239 11.524 0.99
      vertex 15.0239 11.524 0
    endloop
  endfacet
  facet normal -0.970028 -0.242992 0
    outer loop
      vertex 15.0239 11.524 0.99
      vertex 15.1491 11.0242 0
      vertex 15.1491 11.0242 0.99
    endloop
  endfacet
  facet normal 0.989174 -0.146746 0
    outer loop
      vertex 4.77528 10.5146 0.99
      vertex 4.85088 11.0242 0
      vertex 4.85088 11.0242 0.99
    endloop
  endfacet
  facet normal 0.989174 -0.146746 0
    outer loop
      vertex 4.85088 11.0242 0
      vertex 4.77528 10.5146 0.99
      vertex 4.77528 10.5146 0
    endloop
  endfacet
  facet normal 0.242965 0.970035 -0
    outer loop
      vertex 8.97578 4.85088 0
      vertex 8.476 4.97606 0.99
      vertex 8.97578 4.85088 0.99
    endloop
  endfacet
  facet normal 0.242965 0.970035 0
    outer loop
      vertex 8.476 4.97606 0.99
      vertex 8.97578 4.85088 0
      vertex 8.476 4.97606 0
    endloop
  endfacet
  facet normal -0.336767 -0.941588 0
    outer loop
      vertex 11.524 15.0239 0
      vertex 12.0091 14.8504 0.99
      vertex 11.524 15.0239 0.99
    endloop
  endfacet
  facet normal -0.336767 -0.941588 -0
    outer loop
      vertex 12.0091 14.8504 0.99
      vertex 11.524 15.0239 0
      vertex 12.0091 14.8504 0
    endloop
  endfacet
  facet normal 0.514145 -0.857703 0
    outer loop
      vertex 7.08326 14.3652 0
      vertex 7.52517 14.6301 0.99
      vertex 7.08326 14.3652 0.99
    endloop
  endfacet
  facet normal 0.514145 -0.857703 0
    outer loop
      vertex 7.52517 14.6301 0.99
      vertex 7.08326 14.3652 0
      vertex 7.52517 14.6301 0
    endloop
  endfacet
  facet normal 0.903988 0.427557 0
    outer loop
      vertex 5.36991 7.52517 0.99
      vertex 5.14963 7.99091 0
      vertex 5.14963 7.99091 0.99
    endloop
  endfacet
  facet normal 0.903988 0.427557 0
    outer loop
      vertex 5.14963 7.99091 0
      vertex 5.36991 7.52517 0.99
      vertex 5.36991 7.52517 0
    endloop
  endfacet
  facet normal 0.243001 -0.970026 0
    outer loop
      vertex 8.476 15.0239 0
      vertex 8.97578 15.1491 0.99
      vertex 8.476 15.0239 0.99
    endloop
  endfacet
  facet normal 0.243001 -0.970026 0
    outer loop
      vertex 8.97578 15.1491 0.99
      vertex 8.476 15.0239 0
      vertex 8.97578 15.1491 0
    endloop
  endfacet
  facet normal 0.857729 0.514102 0
    outer loop
      vertex 5.63478 7.08326 0.99
      vertex 5.36991 7.52517 0
      vertex 5.36991 7.52517 0.99
    endloop
  endfacet
  facet normal 0.857729 0.514102 0
    outer loop
      vertex 5.36991 7.52517 0
      vertex 5.63478 7.08326 0.99
      vertex 5.63478 7.08326 0
    endloop
  endfacet
  facet normal -0.242956 0.970037 0
    outer loop
      vertex 11.524 4.97606 0
      vertex 11.0242 4.85088 0.99
      vertex 11.524 4.97606 0.99
    endloop
  endfacet
  facet normal -0.242956 0.970037 0
    outer loop
      vertex 11.0242 4.85088 0.99
      vertex 11.524 4.97606 0
      vertex 11.0242 4.85088 0
    endloop
  endfacet
  facet normal 0.59569 0.803214 -0
    outer loop
      vertex 7.08326 5.63478 0
      vertex 6.66943 5.94169 0.99
      vertex 7.08326 5.63478 0.99
    endloop
  endfacet
  facet normal 0.59569 0.803214 0
    outer loop
      vertex 6.66943 5.94169 0.99
      vertex 7.08326 5.63478 0
      vertex 6.66943 5.94169 0
    endloop
  endfacet
  facet normal -0.51411 0.857724 0
    outer loop
      vertex 12.9167 5.63478 0
      vertex 12.4748 5.36991 0.99
      vertex 12.9167 5.63478 0.99
    endloop
  endfacet
  facet normal -0.51411 0.857724 0
    outer loop
      vertex 12.4748 5.36991 0.99
      vertex 12.9167 5.63478 0
      vertex 12.4748 5.36991 0
    endloop
  endfacet
  facet normal -0.803224 0.595678 0
    outer loop
      vertex 14.0583 6.66943 0
      vertex 14.3652 7.08326 0.99
      vertex 14.3652 7.08326 0
    endloop
  endfacet
  facet normal -0.803224 0.595678 0
    outer loop
      vertex 14.3652 7.08326 0.99
      vertex 14.0583 6.66943 0
      vertex 14.0583 6.66943 0.99
    endloop
  endfacet
  facet normal -0.146746 -0.989174 0
    outer loop
      vertex 10.5146 15.2247 0
      vertex 11.0242 15.1491 0.99
      vertex 10.5146 15.2247 0.99
    endloop
  endfacet
  facet normal -0.146746 -0.989174 -0
    outer loop
      vertex 11.0242 15.1491 0.99
      vertex 10.5146 15.2247 0
      vertex 11.0242 15.1491 0
    endloop
  endfacet
  facet normal 0.595678 -0.803224 0
    outer loop
      vertex 6.66943 14.0583 0
      vertex 7.08326 14.3652 0.99
      vertex 6.66943 14.0583 0.99
    endloop
  endfacet
  facet normal 0.595678 -0.803224 0
    outer loop
      vertex 7.08326 14.3652 0.99
      vertex 6.66943 14.0583 0
      vertex 7.08326 14.3652 0
    endloop
  endfacet
  facet normal -0.427587 0.903974 0
    outer loop
      vertex 12.4748 5.36991 0
      vertex 12.0091 5.14963 0.99
      vertex 12.4748 5.36991 0.99
    endloop
  endfacet
  facet normal -0.427587 0.903974 0
    outer loop
      vertex 12.0091 5.14963 0.99
      vertex 12.4748 5.36991 0
      vertex 12.0091 5.14963 0
    endloop
  endfacet
  facet normal 0.803262 -0.595625 0
    outer loop
      vertex 5.63478 12.9167 0.99
      vertex 5.94169 13.3306 0
      vertex 5.94169 13.3306 0.99
    endloop
  endfacet
  facet normal 0.803262 -0.595625 0
    outer loop
      vertex 5.94169 13.3306 0
      vertex 5.63478 12.9167 0.99
      vertex 5.63478 12.9167 0
    endloop
  endfacet
  facet normal -0.989176 0.146737 0
    outer loop
      vertex 15.1491 8.97578 0
      vertex 15.2247 9.48541 0.99
      vertex 15.2247 9.48541 0
    endloop
  endfacet
  facet normal -0.989176 0.146737 0
    outer loop
      vertex 15.2247 9.48541 0.99
      vertex 15.1491 8.97578 0
      vertex 15.1491 8.97578 0.99
    endloop
  endfacet
  facet normal 0.941545 -0.336887 0
    outer loop
      vertex 4.97606 11.524 0.99
      vertex 5.14963 12.0091 0
      vertex 5.14963 12.0091 0.99
    endloop
  endfacet
  facet normal 0.941545 -0.336887 0
    outer loop
      vertex 5.14963 12.0091 0
      vertex 4.97606 11.524 0.99
      vertex 4.97606 11.524 0
    endloop
  endfacet
  facet normal -0.427619 -0.903959 0
    outer loop
      vertex 12.0091 14.8504 0
      vertex 12.4748 14.6301 0.99
      vertex 12.0091 14.8504 0.99
    endloop
  endfacet
  facet normal -0.427619 -0.903959 -0
    outer loop
      vertex 12.4748 14.6301 0.99
      vertex 12.0091 14.8504 0
      vertex 12.4748 14.6301 0
    endloop
  endfacet
  facet normal 0.941543 0.336893 0
    outer loop
      vertex 5.14963 7.99091 0.99
      vertex 4.97606 8.476 0
      vertex 4.97606 8.476 0.99
    endloop
  endfacet
  facet normal 0.941543 0.336893 0
    outer loop
      vertex 4.97606 8.476 0
      vertex 5.14963 7.99091 0.99
      vertex 5.14963 7.99091 0
    endloop
  endfacet
  facet normal -0.970026 0.243001 0
    outer loop
      vertex 15.0239 8.476 0
      vertex 15.1491 8.97578 0.99
      vertex 15.1491 8.97578 0
    endloop
  endfacet
  facet normal -0.970026 0.243001 0
    outer loop
      vertex 15.1491 8.97578 0.99
      vertex 15.0239 8.476 0
      vertex 15.0239 8.476 0.99
    endloop
  endfacet
  facet normal 0.049106 -0.998794 0
    outer loop
      vertex 9.48541 15.2247 0
      vertex 10 15.25 0.99
      vertex 9.48541 15.2247 0.99
    endloop
  endfacet
  facet normal 0.049106 -0.998794 0
    outer loop
      vertex 10 15.25 0.99
      vertex 9.48541 15.2247 0
      vertex 10 15.25 0
    endloop
  endfacet
  facet normal -0.671609 -0.740905 0
    outer loop
      vertex 13.3306 14.0583 0
      vertex 13.7123 13.7123 0.99
      vertex 13.3306 14.0583 0.99
    endloop
  endfacet
  facet normal -0.671609 -0.740905 -0
    outer loop
      vertex 13.7123 13.7123 0.99
      vertex 13.3306 14.0583 0
      vertex 13.7123 13.7123 0
    endloop
  endfacet
  facet normal 0.427589 -0.903973 0
    outer loop
      vertex 7.52517 14.6301 0
      vertex 7.99091 14.8504 0.99
      vertex 7.52517 14.6301 0.99
    endloop
  endfacet
  facet normal 0.427589 -0.903973 0
    outer loop
      vertex 7.99091 14.8504 0.99
      vertex 7.52517 14.6301 0
      vertex 7.99091 14.8504 0
    endloop
  endfacet
  facet normal 0.671571 -0.74094 0
    outer loop
      vertex 6.28769 13.7123 0
      vertex 6.66943 14.0583 0.99
      vertex 6.28769 13.7123 0.99
    endloop
  endfacet
  facet normal 0.671571 -0.74094 0
    outer loop
      vertex 6.66943 14.0583 0.99
      vertex 6.28769 13.7123 0
      vertex 6.66943 14.0583 0
    endloop
  endfacet
  facet normal -0.336887 0.941545 0
    outer loop
      vertex 12.0091 5.14963 0
      vertex 11.524 4.97606 0.99
      vertex 12.0091 5.14963 0.99
    endloop
  endfacet
  facet normal -0.336887 0.941545 0
    outer loop
      vertex 11.524 4.97606 0.99
      vertex 12.0091 5.14963 0
      vertex 11.524 4.97606 0
    endloop
  endfacet
  facet normal 0.336773 -0.941586 0
    outer loop
      vertex 7.99091 14.8504 0
      vertex 8.476 15.0239 0.99
      vertex 7.99091 14.8504 0.99
    endloop
  endfacet
  facet normal 0.336773 -0.941586 0
    outer loop
      vertex 8.476 15.0239 0.99
      vertex 7.99091 14.8504 0
      vertex 8.476 15.0239 0
    endloop
  endfacet
  facet normal -0.803272 -0.595613 0
    outer loop
      vertex 14.3652 12.9167 0
      vertex 14.0583 13.3306 0.99
      vertex 14.0583 13.3306 0
    endloop
  endfacet
  facet normal -0.803272 -0.595613 0
    outer loop
      vertex 14.0583 13.3306 0.99
      vertex 14.3652 12.9167 0
      vertex 14.3652 12.9167 0.99
    endloop
  endfacet
  facet normal 0.857724 -0.51411 0
    outer loop
      vertex 5.36991 12.4748 0.99
      vertex 5.63478 12.9167 0
      vertex 5.63478 12.9167 0.99
    endloop
  endfacet
  facet normal 0.857724 -0.51411 0
    outer loop
      vertex 5.63478 12.9167 0
      vertex 5.36991 12.4748 0.99
      vertex 5.36991 12.4748 0
    endloop
  endfacet
  facet normal -0.998794 0.049106 0
    outer loop
      vertex 15.2247 9.48541 0
      vertex 15.25 10 0.99
      vertex 15.25 10 0
    endloop
  endfacet
  facet normal -0.998794 0.049106 0
    outer loop
      vertex 15.25 10 0.99
      vertex 15.2247 9.48541 0
      vertex 15.2247 9.48541 0.99
    endloop
  endfacet
  facet normal -0.903973 0.427589 0
    outer loop
      vertex 14.6301 7.52517 0
      vertex 14.8504 7.99091 0.99
      vertex 14.8504 7.99091 0
    endloop
  endfacet
  facet normal -0.903973 0.427589 0
    outer loop
      vertex 14.8504 7.99091 0.99
      vertex 14.6301 7.52517 0
      vertex 14.6301 7.52517 0.99
    endloop
  endfacet
  facet normal 0 0 -1
    outer loop
      vertex 15.2247 9.48541 0.99
      vertex 15.2247 10.5146 0.99
      vertex 15.25 10 0.99
    endloop
  endfacet
  facet normal 0 0 -1
    outer loop
      vertex 15.1491 8.97578 0.99
      vertex 15.2247 10.5146 0.99
      vertex 15.2247 9.48541 0.99
    endloop
  endfacet
  facet normal 0 0 -1
    outer loop
      vertex 15.1491 8.97578 0.99
      vertex 15.1491 11.0242 0.99
      vertex 15.2247 10.5146 0.99
    endloop
  endfacet
  facet normal 0 0 -1
    outer loop
      vertex 15.0239 8.476 0.99
      vertex 15.1491 11.0242 0.99
      vertex 15.1491 8.97578 0.99
    endloop
  endfacet
  facet normal 0 0 -1
    outer loop
      vertex 15.0239 8.476 0.99
      vertex 15.0239 11.524 0.99
      vertex 15.1491 11.0242 0.99
    endloop
  endfacet
  facet normal 0 0 -1
    outer loop
      vertex 14.8504 7.99091 0.99
      vertex 15.0239 11.524 0.99
      vertex 15.0239 8.476 0.99
    endloop
  endfacet
  facet normal 0 0 -1
    outer loop
      vertex 14.8504 7.99091 0.99
      vertex 14.8504 12.0091 0.99
      vertex 15.0239 11.524 0.99
    endloop
  endfacet
  facet normal 0 0 -1
    outer loop
      vertex 14.6301 7.52517 0.99
      vertex 14.8504 12.0091 0.99
      vertex 14.8504 7.99091 0.99
    endloop
  endfacet
  facet normal 0 0 -1
    outer loop
      vertex 14.6301 7.52517 0.99
      vertex 14.6301 12.4748 0.99
      vertex 14.8504 12.0091 0.99
    endloop
  endfacet
  facet normal 0 0 -1
    outer loop
      vertex 14.3652 7.08326 0.99
      vertex 14.6301 12.4748 0.99
      vertex 14.6301 7.52517 0.99
    endloop
  endfacet
  facet normal 0 0 -1
    outer loop
      vertex 14.3652 7.08326 0.99
      vertex 14.3652 12.9167 0.99
      vertex 14.6301 12.4748 0.99
    endloop
  endfacet
  facet normal 0 0 -1
    outer loop
      vertex 14.0583 6.66943 0.99
      vertex 14.3652 12.9167 0.99
      vertex 14.3652 7.08326 0.99
    endloop
  endfacet
  facet normal 0 0 -1
    outer loop
      vertex 14.0583 6.66943 0.99
      vertex 14.0583 13.3306 0.99
      vertex 14.3652 12.9167 0.99
    endloop
  endfacet
  facet normal 0 0 -1
    outer loop
      vertex 13.7123 6.28769 0.99
      vertex 14.0583 13.3306 0.99
      vertex 14.0583 6.66943 0.99
    endloop
  endfacet
  facet normal 0 0 -1
    outer loop
      vertex 13.7123 6.28769 0.99
      vertex 13.7123 13.7123 0.99
      vertex 14.0583 13.3306 0.99
    endloop
  endfacet
  facet normal 0 0 -1
    outer loop
      vertex 13.3306 5.94169 0.99
      vertex 13.7123 13.7123 0.99
      vertex 13.7123 6.28769 0.99
    endloop
  endfacet
  facet normal 0 0 -1
    outer loop
      vertex 13.3306 5.94169 0.99
      vertex 13.3306 14.0583 0.99
      vertex 13.7123 13.7123 0.99
    endloop
  endfacet
  facet normal 0 0 -1
    outer loop
      vertex 12.9167 5.63478 0.99
      vertex 13.3306 14.0583 0.99
      vertex 13.3306 5.94169 0.99
    endloop
  endfacet
  facet normal 0 0 -1
    outer loop
      vertex 12.9167 5.63478 0.99
      vertex 12.9167 14.3652 0.99
      vertex 13.3306 14.0583 0.99
    endloop
  endfacet
  facet normal 0 0 -1
    outer loop
      vertex 12.4748 5.36991 0.99
      vertex 12.9167 14.3652 0.99
      vertex 12.9167 5.63478 0.99
    endloop
  endfacet
  facet normal 0 0 -1
    outer loop
      vertex 12.4748 5.36991 0.99
      vertex 12.4748 14.6301 0.99
      vertex 12.9167 14.3652 0.99
    endloop
  endfacet
  facet normal 0 0 -1
    outer loop
      vertex 12.0091 5.14963 0.99
      vertex 12.4748 14.6301 0.99
      vertex 12.4748 5.36991 0.99
    endloop
  endfacet
  facet normal 0 0 -1
    outer loop
      vertex 12.0091 5.14963 0.99
      vertex 12.0091 14.8504 0.99
      vertex 12.4748 14.6301 0.99
    endloop
  endfacet
  facet normal 0 0 -1
    outer loop
      vertex 11.524 4.97606 0.99
      vertex 12.0091 14.8504 0.99
      vertex 12.0091 5.14963 0.99
    endloop
  endfacet
  facet normal 0 0 -1
    outer loop
      vertex 11.524 4.97606 0.99
      vertex 11.524 15.0239 0.99
      vertex 12.0091 14.8504 0.99
    endloop
  endfacet
  facet normal 0 0 -1
    outer loop
      vertex 11.0242 4.85088 0.99
      vertex 11.524 15.0239 0.99
      vertex 11.524 4.97606 0.99
    endloop
  endfacet
  facet normal 0 0 -1
    outer loop
      vertex 11.0242 4.85088 0.99
      vertex 11.0242 15.1491 0.99
      vertex 11.524 15.0239 0.99
    endloop
  endfacet
  facet normal 0 0 -1
    outer loop
      vertex 10.5146 4.77528 0.99
      vertex 11.0242 15.1491 0.99
      vertex 11.0242 4.85088 0.99
    endloop
  endfacet
  facet normal 0 0 -1
    outer loop
      vertex 10.5146 4.77528 0.99
      vertex 10.5146 15.2247 0.99
      vertex 11.0242 15.1491 0.99
    endloop
  endfacet
  facet normal 0 0 -1
    outer loop
      vertex 10 4.75 0.99
      vertex 10.5146 15.2247 0.99
      vertex 10.5146 4.77528 0.99
    endloop
  endfacet
  facet normal 0 0 -1
    outer loop
      vertex 10 4.75 0.99
      vertex 10 15.25 0.99
      vertex 10.5146 15.2247 0.99
    endloop
  endfacet
  facet normal 0 0 -1
    outer loop
      vertex 9.48541 4.77528 0.99
      vertex 10 15.25 0.99
      vertex 10 4.75 0.99
    endloop
  endfacet
  facet normal 0 0 -1
    outer loop
      vertex 9.48541 4.77528 0.99
      vertex 9.48541 15.2247 0.99
      vertex 10 15.25 0.99
    endloop
  endfacet
  facet normal 0 0 -1
    outer loop
      vertex 8.97578 4.85088 0.99
      vertex 9.48541 15.2247 0.99
      vertex 9.48541 4.77528 0.99
    endloop
  endfacet
  facet normal 0 0 -1
    outer loop
      vertex 8.97578 4.85088 0.99
      vertex 8.97578 15.1491 0.99
      vertex 9.48541 15.2247 0.99
    endloop
  endfacet
  facet normal 0 0 -1
    outer loop
      vertex 8.476 4.97606 0.99
      vertex 8.97578 15.1491 0.99
      vertex 8.97578 4.85088 0.99
    endloop
  endfacet
  facet normal 0 0 -1
    outer loop
      vertex 8.476 4.97606 0.99
      vertex 8.476 15.0239 0.99
      vertex 8.97578 15.1491 0.99
    endloop
  endfacet
  facet normal 0 0 -1
    outer loop
      vertex 7.99091 5.14963 0.99
      vertex 8.476 15.0239 0.99
      vertex 8.476 4.97606 0.99
    endloop
  endfacet
  facet normal 0 0 -1
    outer loop
      vertex 7.99091 5.14963 0.99
      vertex 7.99091 14.8504 0.99
      vertex 8.476 15.0239 0.99
    endloop
  endfacet
  facet normal 0 0 -1
    outer loop
      vertex 7.52517 5.36991 0.99
      vertex 7.99091 14.8504 0.99
      vertex 7.99091 5.14963 0.99
    endloop
  endfacet
  facet normal 0 0 -1
    outer loop
      vertex 7.52517 5.36991 0.99
      vertex 7.52517 14.6301 0.99
      vertex 7.99091 14.8504 0.99
    endloop
  endfacet
  facet normal 0 0 -1
    outer loop
      vertex 7.08326 5.63478 0.99
      vertex 7.52517 14.6301 0.99
      vertex 7.52517 5.36991 0.99
    endloop
  endfacet
  facet normal 0 0 -1
    outer loop
      vertex 7.08326 5.63478 0.99
      vertex 7.08326 14.3652 0.99
      vertex 7.52517 14.6301 0.99
    endloop
  endfacet
  facet normal 0 0 -1
    outer loop
      vertex 6.66943 5.94169 0.99
      vertex 7.08326 14.3652 0.99
      vertex 7.08326 5.63478 0.99
    endloop
  endfacet
  facet normal 0 0 -1
    outer loop
      vertex 6.66943 5.94169 0.99
      vertex 6.66943 14.0583 0.99
      vertex 7.08326 14.3652 0.99
    endloop
  endfacet
  facet normal 0 0 -1
    outer loop
      vertex 6.28769 6.28769 0.99
      vertex 6.66943 14.0583 0.99
      vertex 6.66943 5.94169 0.99
    endloop
  endfacet
  facet normal 0 0 -1
    outer loop
      vertex 6.28769 6.28769 0.99
      vertex 6.28769 13.7123 0.99
      vertex 6.66943 14.0583 0.99
    endloop
  endfacet
  facet normal 0 0 -1
    outer loop
      vertex 5.94169 6.66943 0.99
      vertex 6.28769 13.7123 0.99
      vertex 6.28769 6.28769 0.99
    endloop
  endfacet
  facet normal 0 0 -1
    outer loop
      vertex 5.94169 6.66943 0.99
      vertex 5.94169 13.3306 0.99
      vertex 6.28769 13.7123 0.99
    endloop
  endfacet
  facet normal 0 0 -1
    outer loop
      vertex 5.63478 7.08326 0.99
      vertex 5.94169 13.3306 0.99
      vertex 5.94169 6.66943 0.99
    endloop
  endfacet
  facet normal 0 0 -1
    outer loop
      vertex 5.63478 7.08326 0.99
      vertex 5.63478 12.9167 0.99
      vertex 5.94169 13.3306 0.99
    endloop
  endfacet
  facet normal 0 0 -1
    outer loop
      vertex 5.36991 7.52517 0.99
      vertex 5.63478 12.9167 0.99
      vertex 5.63478 7.08326 0.99
    endloop
  endfacet
  facet normal 0 0 -1
    outer loop
      vertex 5.36991 7.52517 0.99
      vertex 5.36991 12.4748 0.99
      vertex 5.63478 12.9167 0.99
    endloop
  endfacet
  facet normal 0 0 -1
    outer loop
      vertex 5.14963 7.99091 0.99
      vertex 5.36991 12.4748 0.99
      vertex 5.36991 7.52517 0.99
    endloop
  endfacet
  facet normal 0 0 -1
    outer loop
      vertex 5.14963 7.99091 0.99
      vertex 5.14963 12.0091 0.99
      vertex 5.36991 12.4748 0.99
    endloop
  endfacet
  facet normal 0 0 -1
    outer loop
      vertex 4.97606 8.476 0.99
      vertex 5.14963 12.0091 0.99
      vertex 5.14963 7.99091 0.99
    endloop
  endfacet
  facet normal 0 0 -1
    outer loop
      vertex 4.97606 8.476 0.99
      vertex 4.97606 11.524 0.99
      vertex 5.14963 12.0091 0.99
    endloop
  endfacet
  facet normal 0 0 -1
    outer loop
      vertex 4.85088 8.97578 0.99
      vertex 4.97606 11.524 0.99
      vertex 4.97606 8.476 0.99
    endloop
  endfacet
  facet normal 0 0 -1
    outer loop
      vertex 4.85088 8.97578 0.99
      vertex 4.85088 11.0242 0.99
      vertex 4.97606 11.524 0.99
    endloop
  endfacet
  facet normal 0 0 -1
    outer loop
      vertex 4.77528 9.48541 0.99
      vertex 4.85088 11.0242 0.99
      vertex 4.85088 8.97578 0.99
    endloop
  endfacet
  facet normal 0 0 -1
    outer loop
      vertex 4.77528 9.48541 0.99
      vertex 4.77528 10.5146 0.99
      vertex 4.85088 11.0242 0.99
    endloop
  endfacet
  facet normal 0 -0 -1
    outer loop
      vertex 4.77528 10.5146 0.99
      vertex 4.77528 9.48541 0.99
      vertex 4.75 10 0.99
    endloop
  endfacet
  facet normal 0.671571 0.74094 -0
    outer loop
      vertex 6.66943 5.94169 0
      vertex 6.28769 6.28769 0.99
      vertex 6.66943 5.94169 0.99
    endloop
  endfacet
  facet normal 0.671571 0.74094 0
    outer loop
      vertex 6.28769 6.28769 0.99
      vertex 6.66943 5.94169 0
      vertex 6.28769 6.28769 0
    endloop
  endfacet
  facet normal -0.595613 -0.803272 0
    outer loop
      vertex 12.9167 14.3652 0
      vertex 13.3306 14.0583 0.99
      vertex 12.9167 14.3652 0.99
    endloop
  endfacet
  facet normal -0.595613 -0.803272 -0
    outer loop
      vertex 13.3306 14.0583 0.99
      vertex 12.9167 14.3652 0
      vertex 13.3306 14.0583 0
    endloop
  endfacet
  facet normal 0.514102 0.857729 -0
    outer loop
      vertex 7.52517 5.36991 0
      vertex 7.08326 5.63478 0.99
      vertex 7.52517 5.36991 0.99
    endloop
  endfacet
  facet normal 0.514102 0.857729 0
    outer loop
      vertex 7.08326 5.63478 0.99
      vertex 7.52517 5.36991 0
      vertex 7.08326 5.63478 0
    endloop
  endfacet
  facet normal -0.514153 -0.857698 0
    outer loop
      vertex 12.4748 14.6301 0
      vertex 12.9167 14.3652 0.99
      vertex 12.4748 14.6301 0.99
    endloop
  endfacet
  facet normal -0.514153 -0.857698 -0
    outer loop
      vertex 12.9167 14.3652 0.99
      vertex 12.4748 14.6301 0
      vertex 12.9167 14.3652 0
    endloop
  endfacet
  facet normal -0.146746 0.989174 0
    outer loop
      vertex 11.0242 4.85088 0
      vertex 10.5146 4.77528 0.99
      vertex 11.0242 4.85088 0.99
    endloop
  endfacet
  facet normal -0.146746 0.989174 0
    outer loop
      vertex 10.5146 4.77528 0.99
      vertex 11.0242 4.85088 0
      vertex 10.5146 4.77528 0
    endloop
  endfacet
  facet normal -0.941588 -0.336767 0
    outer loop
      vertex 15.0239 11.524 0
      vertex 14.8504 12.0091 0.99
      vertex 14.8504 12.0091 0
    endloop
  endfacet
  facet normal -0.941588 -0.336767 0
    outer loop
      vertex 14.8504 12.0091 0.99
      vertex 15.0239 11.524 0
      vertex 15.0239 11.524 0.99
    endloop
  endfacet
  facet normal -0.857703 0.514145 0
    outer loop
      vertex 14.3652 7.08326 0
      vertex 14.6301 7.52517 0.99
      vertex 14.6301 7.52517 0
    endloop
  endfacet
  facet normal -0.857703 0.514145 0
    outer loop
      vertex 14.6301 7.52517 0.99
      vertex 14.3652 7.08326 0
      vertex 14.3652 7.08326 0.99
    endloop
  endfacet
  facet normal 0.998795 0.0490673 0
    outer loop
      vertex 4.77528 9.48541 0.99
      vertex 4.75 10 0
      vertex 4.75 10 0.99
    endloop
  endfacet
  facet normal 0.998795 0.0490673 0
    outer loop
      vertex 4.75 10 0
      vertex 4.77528 9.48541 0.99
      vertex 4.77528 9.48541 0
    endloop
  endfacet
  facet normal -0.941586 0.336773 0
    outer loop
      vertex 14.8504 7.99091 0
      vertex 15.0239 8.476 0.99
      vertex 15.0239 8.476 0
    endloop
  endfacet
  facet normal -0.941586 0.336773 0
    outer loop
      vertex 15.0239 8.476 0.99
      vertex 14.8504 7.99091 0
      vertex 14.8504 7.99091 0.99
    endloop
  endfacet
  facet normal -0.740905 -0.671609 0
    outer loop
      vertex 14.0583 13.3306 0
      vertex 13.7123 13.7123 0.99
      vertex 13.7123 13.7123 0
    endloop
  endfacet
  facet normal -0.740905 -0.671609 0
    outer loop
      vertex 13.7123 13.7123 0.99
      vertex 14.0583 13.3306 0
      vertex 14.0583 13.3306 0.99
    endloop
  endfacet
  facet normal -0.0491051 -0.998794 0
    outer loop
      vertex 10 15.25 0
      vertex 10.5146 15.2247 0.99
      vertex 10 15.25 0.99
    endloop
  endfacet
  facet normal -0.0491051 -0.998794 -0
    outer loop
      vertex 10.5146 15.2247 0.99
      vertex 10 15.25 0
      vertex 10.5146 15.2247 0
    endloop
  endfacet
  facet normal -0.903959 -0.427619 0
    outer loop
      vertex 14.8504 12.0091 0
      vertex 14.6301 12.4748 0.99
      vertex 14.6301 12.4748 0
    endloop
  endfacet
  facet normal -0.903959 -0.427619 0
    outer loop
      vertex 14.6301 12.4748 0.99
      vertex 14.8504 12.0091 0
      vertex 14.8504 12.0091 0.99
    endloop
  endfacet
  facet normal 0.146737 0.989176 -0
    outer loop
      vertex 9.48541 4.77528 0
      vertex 8.97578 4.85088 0.99
      vertex 9.48541 4.77528 0.99
    endloop
  endfacet
  facet normal 0.146737 0.989176 0
    outer loop
      vertex 8.97578 4.85088 0.99
      vertex 9.48541 4.77528 0
      vertex 8.97578 4.85088 0
    endloop
  endfacet
  facet normal -0.671609 0.740905 0
    outer loop
      vertex 13.7123 6.28769 0
      vertex 13.3306 5.94169 0.99
      vertex 13.7123 6.28769 0.99
    endloop
  endfacet
  facet normal -0.671609 0.740905 0
    outer loop
      vertex 13.3306 5.94169 0.99
      vertex 13.7123 6.28769 0
      vertex 13.3306 5.94169 0
    endloop
  endfacet
  facet normal -0.857698 -0.514153 0
    outer loop
      vertex 14.6301 12.4748 0
      vertex 14.3652 12.9167 0.99
      vertex 14.3652 12.9167 0
    endloop
  endfacet
  facet normal -0.857698 -0.514153 0
    outer loop
      vertex 14.3652 12.9167 0.99
      vertex 14.6301 12.4748 0
      vertex 14.6301 12.4748 0.99
    endloop
  endfacet
  facet normal 0.0490673 0.998795 -0
    outer loop
      vertex 10 4.75 0
      vertex 9.48541 4.77528 0.99
      vertex 10 4.75 0.99
    endloop
  endfacet
  facet normal 0.0490673 0.998795 0
    outer loop
      vertex 9.48541 4.77528 0.99
      vertex 10 4.75 0
      vertex 9.48541 4.77528 0
    endloop
  endfacet
  facet normal 0.740905 -0.671609 0
    outer loop
      vertex 5.94169 13.3306 0.99
      vertex 6.28769 13.7123 0
      vertex 6.28769 13.7123 0.99
    endloop
  endfacet
  facet normal 0.740905 -0.671609 0
    outer loop
      vertex 6.28769 13.7123 0
      vertex 5.94169 13.3306 0.99
      vertex 5.94169 13.3306 0
    endloop
  endfacet
  facet normal 0.146737 -0.989176 0
    outer loop
      vertex 8.97578 15.1491 0
      vertex 9.48541 15.2247 0.99
      vertex 8.97578 15.1491 0.99
    endloop
  endfacet
  facet normal 0.146737 -0.989176 0
    outer loop
      vertex 9.48541 15.2247 0.99
      vertex 8.97578 15.1491 0
      vertex 9.48541 15.2247 0
    endloop
  endfacet
  facet normal 0.903974 -0.427587 0
    outer loop
      vertex 5.14963 12.0091 0.99
      vertex 5.36991 12.4748 0
      vertex 5.36991 12.4748 0.99
    endloop
  endfacet
  facet normal 0.903974 -0.427587 0
    outer loop
      vertex 5.36991 12.4748 0
      vertex 5.14963 12.0091 0.99
      vertex 5.14963 12.0091 0
    endloop
  endfacet
  facet normal 0.970037 -0.242956 0
    outer loop
      vertex 4.85088 11.0242 0.99
      vertex 4.97606 11.524 0
      vertex 4.97606 11.524 0.99
    endloop
  endfacet
  facet normal 0.970037 -0.242956 0
    outer loop
      vertex 4.97606 11.524 0
      vertex 4.85088 11.0242 0.99
      vertex 4.85088 11.0242 0
    endloop
  endfacet
  facet normal -0.242992 -0.970028 0
    outer loop
      vertex 11.0242 15.1491 0
      vertex 11.524 15.0239 0.99
      vertex 11.0242 15.1491 0.99
    endloop
  endfacet
  facet normal -0.242992 -0.970028 -0
    outer loop
      vertex 11.524 15.0239 0.99
      vertex 11.0242 15.1491 0
      vertex 11.524 15.0239 0
    endloop
  endfacet
  facet normal 0.970035 0.242965 0
    outer loop
      vertex 4.97606 8.476 0.99
      vertex 4.85088 8.97578 0
      vertex 4.85088 8.97578 0.99
    endloop
  endfacet
  facet normal 0.970035 0.242965 0
    outer loop
      vertex 4.85088 8.97578 0
      vertex 4.97606 8.476 0.99
      vertex 4.97606 8.476 0
    endloop
  endfacet
  facet normal 0.427557 0.903988 -0
    outer loop
      vertex 7.99091 5.14963 0
      vertex 7.52517 5.36991 0.99
      vertex 7.99091 5.14963 0.99
    endloop
  endfacet
  facet normal 0.427557 0.903988 0
    outer loop
      vertex 7.52517 5.36991 0.99
      vertex 7.99091 5.14963 0
      vertex 7.52517 5.36991 0
    endloop
  endfacet
  facet normal 0.74094 0.671571 0
    outer loop
      vertex 6.28769 6.28769 0.99
      vertex 5.94169 6.66943 0
      vertex 5.94169 6.66943 0.99
    endloop
  endfacet
  facet normal 0.74094 0.671571 0
    outer loop
      vertex 5.94169 6.66943 0
      vertex 6.28769 6.28769 0.99
      vertex 6.28769 6.28769 0
    endloop
  endfacet
  facet normal -0.0490664 0.998796 0
    outer loop
      vertex 10.5146 4.77528 0
      vertex 10 4.75 0.99
      vertex 10.5146 4.77528 0.99
    endloop
  endfacet
  facet normal -0.0490664 0.998796 0
    outer loop
      vertex 10 4.75 0.99
      vertex 10.5146 4.77528 0
      vertex 10 4.75 0
    endloop
  endfacet
  facet normal 0.989176 0.146737 0
    outer loop
      vertex 4.85088 8.97578 0.99
      vertex 4.77528 9.48541 0
      vertex 4.77528 9.48541 0.99
    endloop
  endfacet
  facet normal 0.989176 0.146737 0
    outer loop
      vertex 4.77528 9.48541 0
      vertex 4.85088 8.97578 0.99
      vertex 4.85088 8.97578 0
    endloop
  endfacet
  facet normal -0.595625 0.803262 0
    outer loop
      vertex 13.3306 5.94169 0
      vertex 12.9167 5.63478 0.99
      vertex 13.3306 5.94169 0.99
    endloop
  endfacet
  facet normal -0.595625 0.803262 0
    outer loop
      vertex 12.9167 5.63478 0.99
      vertex 13.3306 5.94169 0
      vertex 12.9167 5.63478 0
    endloop
  endfacet
  facet normal 0.803214 0.59569 0
    outer loop
      vertex 5.94169 6.66943 0.99
      vertex 5.63478 7.08326 0
      vertex 5.63478 7.08326 0.99
    endloop
  endfacet
  facet normal 0.803214 0.59569 0
    outer loop
      vertex 5.63478 7.08326 0
      vertex 5.94169 6.66943 0.99
      vertex 5.94169 6.66943 0
    endloop
  endfacet
  facet normal 0.998796 -0.0490664 0
    outer loop
      vertex 4.75 10 0.99
      vertex 4.77528 10.5146 0
      vertex 4.77528 10.5146 0.99
    endloop
  endfacet
  facet normal 0.998796 -0.0490664 0
    outer loop
      vertex 4.77528 10.5146 0
      vertex 4.75 10 0.99
      vertex 4.75 10 0
    endloop
  endfacet
  facet normal -0.74094 0.671571 0
    outer loop
      vertex 13.7123 6.28769 0
      vertex 14.0583 6.66943 0.99
      vertex 14.0583 6.66943 0
    endloop
  endfacet
  facet normal -0.74094 0.671571 0
    outer loop
      vertex 14.0583 6.66943 0.99
      vertex 13.7123 6.28769 0
      vertex 13.7123 6.28769 0.99
    endloop
  endfacet
  facet normal 0.336887 0.941545 -0
    outer loop
      vertex 84.876 4.97606 0
      vertex 84.3909 5.14963 0.99
      vertex 84.876 4.97606 0.99
    endloop
  endfacet
  facet normal 0.336887 0.941545 0
    outer loop
      vertex 84.3909 5.14963 0.99
      vertex 84.876 4.97606 0
      vertex 84.3909 5.14963 0
    endloop
  endfacet
  facet normal -0.989174 -0.146746 0
    outer loop
      vertex 91.6247 10.5146 0
      vertex 91.5491 11.0242 0.99
      vertex 91.5491 11.0242 0
    endloop
  endfacet
  facet normal -0.989174 -0.146746 0
    outer loop
      vertex 91.5491 11.0242 0.99
      vertex 91.6247 10.5146 0
      vertex 91.6247 10.5146 0.99
    endloop
  endfacet
  facet normal -0.998794 -0.0491051 0
    outer loop
      vertex 91.65 10 0
      vertex 91.6247 10.5146 0.99
      vertex 91.6247 10.5146 0
    endloop
  endfacet
  facet normal -0.998794 -0.0491051 0
    outer loop
      vertex 91.6247 10.5146 0.99
      vertex 91.65 10 0
      vertex 91.65 10 0.99
    endloop
  endfacet
  facet normal -0.970028 -0.242992 0
    outer loop
      vertex 91.5491 11.0242 0
      vertex 91.4239 11.524 0.99
      vertex 91.4239 11.524 0
    endloop
  endfacet
  facet normal -0.970028 -0.242992 0
    outer loop
      vertex 91.4239 11.524 0.99
      vertex 91.5491 11.0242 0
      vertex 91.5491 11.0242 0.99
    endloop
  endfacet
  facet normal 0.989174 -0.146746 0
    outer loop
      vertex 81.1753 10.5146 0.99
      vertex 81.2509 11.0242 0
      vertex 81.2509 11.0242 0.99
    endloop
  endfacet
  facet normal 0.989174 -0.146746 0
    outer loop
      vertex 81.2509 11.0242 0
      vertex 81.1753 10.5146 0.99
      vertex 81.1753 10.5146 0
    endloop
  endfacet
  facet normal 0.242956 0.970037 -0
    outer loop
      vertex 85.3758 4.85088 0
      vertex 84.876 4.97606 0.99
      vertex 85.3758 4.85088 0.99
    endloop
  endfacet
  facet normal 0.242956 0.970037 0
    outer loop
      vertex 84.876 4.97606 0.99
      vertex 85.3758 4.85088 0
      vertex 84.876 4.97606 0
    endloop
  endfacet
  facet normal -0.336767 -0.941588 0
    outer loop
      vertex 87.924 15.0239 0
      vertex 88.4091 14.8504 0.99
      vertex 87.924 15.0239 0.99
    endloop
  endfacet
  facet normal -0.336767 -0.941588 -0
    outer loop
      vertex 88.4091 14.8504 0.99
      vertex 87.924 15.0239 0
      vertex 88.4091 14.8504 0
    endloop
  endfacet
  facet normal 0.514153 -0.857698 0
    outer loop
      vertex 83.4833 14.3652 0
      vertex 83.9252 14.6301 0.99
      vertex 83.4833 14.3652 0.99
    endloop
  endfacet
  facet normal 0.514153 -0.857698 0
    outer loop
      vertex 83.9252 14.6301 0.99
      vertex 83.4833 14.3652 0
      vertex 83.9252 14.6301 0
    endloop
  endfacet
  facet normal 0.903973 0.427589 0
    outer loop
      vertex 81.7699 7.52517 0.99
      vertex 81.5496 7.99091 0
      vertex 81.5496 7.99091 0.99
    endloop
  endfacet
  facet normal 0.903973 0.427589 0
    outer loop
      vertex 81.5496 7.99091 0
      vertex 81.7699 7.52517 0.99
      vertex 81.7699 7.52517 0
    endloop
  endfacet
  facet normal 0.242992 -0.970028 0
    outer loop
      vertex 84.876 15.0239 0
      vertex 85.3758 15.1491 0.99
      vertex 84.876 15.0239 0.99
    endloop
  endfacet
  facet normal 0.242992 -0.970028 0
    outer loop
      vertex 85.3758 15.1491 0.99
      vertex 84.876 15.0239 0
      vertex 85.3758 15.1491 0
    endloop
  endfacet
  facet normal 0.857703 0.514145 0
    outer loop
      vertex 82.0348 7.08326 0.99
      vertex 81.7699 7.52517 0
      vertex 81.7699 7.52517 0.99
    endloop
  endfacet
  facet normal 0.857703 0.514145 0
    outer loop
      vertex 81.7699 7.52517 0
      vertex 82.0348 7.08326 0.99
      vertex 82.0348 7.08326 0
    endloop
  endfacet
  facet normal -0.242956 0.970037 0
    outer loop
      vertex 87.924 4.97606 0
      vertex 87.4242 4.85088 0.99
      vertex 87.924 4.97606 0.99
    endloop
  endfacet
  facet normal -0.242956 0.970037 0
    outer loop
      vertex 87.4242 4.85088 0.99
      vertex 87.924 4.97606 0
      vertex 87.4242 4.85088 0
    endloop
  endfacet
  facet normal 0.595625 0.803262 -0
    outer loop
      vertex 83.4833 5.63478 0
      vertex 83.0694 5.94169 0.99
      vertex 83.4833 5.63478 0.99
    endloop
  endfacet
  facet normal 0.595625 0.803262 0
    outer loop
      vertex 83.0694 5.94169 0.99
      vertex 83.4833 5.63478 0
      vertex 83.0694 5.94169 0
    endloop
  endfacet
  facet normal -0.51411 0.857724 0
    outer loop
      vertex 89.3167 5.63478 0
      vertex 88.8748 5.36991 0.99
      vertex 89.3167 5.63478 0.99
    endloop
  endfacet
  facet normal -0.51411 0.857724 0
    outer loop
      vertex 88.8748 5.36991 0.99
      vertex 89.3167 5.63478 0
      vertex 88.8748 5.36991 0
    endloop
  endfacet
  facet normal -0.803224 0.595678 0
    outer loop
      vertex 90.4583 6.66943 0
      vertex 90.7652 7.08326 0.99
      vertex 90.7652 7.08326 0
    endloop
  endfacet
  facet normal -0.803224 0.595678 0
    outer loop
      vertex 90.7652 7.08326 0.99
      vertex 90.4583 6.66943 0
      vertex 90.4583 6.66943 0.99
    endloop
  endfacet
  facet normal -0.146746 -0.989174 0
    outer loop
      vertex 86.9146 15.2247 0
      vertex 87.4242 15.1491 0.99
      vertex 86.9146 15.2247 0.99
    endloop
  endfacet
  facet normal -0.146746 -0.989174 -0
    outer loop
      vertex 87.4242 15.1491 0.99
      vertex 86.9146 15.2247 0
      vertex 87.4242 15.1491 0
    endloop
  endfacet
  facet normal 0.595613 -0.803272 0
    outer loop
      vertex 83.0694 14.0583 0
      vertex 83.4833 14.3652 0.99
      vertex 83.0694 14.0583 0.99
    endloop
  endfacet
  facet normal 0.595613 -0.803272 0
    outer loop
      vertex 83.4833 14.3652 0.99
      vertex 83.0694 14.0583 0
      vertex 83.4833 14.3652 0
    endloop
  endfacet
  facet normal -0.427587 0.903974 0
    outer loop
      vertex 88.8748 5.36991 0
      vertex 88.4091 5.14963 0.99
      vertex 88.8748 5.36991 0.99
    endloop
  endfacet
  facet normal -0.427587 0.903974 0
    outer loop
      vertex 88.4091 5.14963 0.99
      vertex 88.8748 5.36991 0
      vertex 88.4091 5.14963 0
    endloop
  endfacet
  facet normal 0.803272 -0.595613 0
    outer loop
      vertex 82.0348 12.9167 0.99
      vertex 82.3417 13.3306 0
      vertex 82.3417 13.3306 0.99
    endloop
  endfacet
  facet normal 0.803272 -0.595613 0
    outer loop
      vertex 82.3417 13.3306 0
      vertex 82.0348 12.9167 0.99
      vertex 82.0348 12.9167 0
    endloop
  endfacet
  facet normal -0.989176 0.146737 0
    outer loop
      vertex 91.5491 8.97578 0
      vertex 91.6247 9.48541 0.99
      vertex 91.6247 9.48541 0
    endloop
  endfacet
  facet normal -0.989176 0.146737 0
    outer loop
      vertex 91.6247 9.48541 0.99
      vertex 91.5491 8.97578 0
      vertex 91.5491 8.97578 0.99
    endloop
  endfacet
  facet normal 0.941588 -0.336767 0
    outer loop
      vertex 81.3761 11.524 0.99
      vertex 81.5496 12.0091 0
      vertex 81.5496 12.0091 0.99
    endloop
  endfacet
  facet normal 0.941588 -0.336767 0
    outer loop
      vertex 81.5496 12.0091 0
      vertex 81.3761 11.524 0.99
      vertex 81.3761 11.524 0
    endloop
  endfacet
  facet normal -0.427619 -0.903959 0
    outer loop
      vertex 88.4091 14.8504 0
      vertex 88.8748 14.6301 0.99
      vertex 88.4091 14.8504 0.99
    endloop
  endfacet
  facet normal -0.427619 -0.903959 -0
    outer loop
      vertex 88.8748 14.6301 0.99
      vertex 88.4091 14.8504 0
      vertex 88.8748 14.6301 0
    endloop
  endfacet
  facet normal 0.941586 0.336773 0
    outer loop
      vertex 81.5496 7.99091 0.99
      vertex 81.3761 8.476 0
      vertex 81.3761 8.476 0.99
    endloop
  endfacet
  facet normal 0.941586 0.336773 0
    outer loop
      vertex 81.3761 8.476 0
      vertex 81.5496 7.99091 0.99
      vertex 81.5496 7.99091 0
    endloop
  endfacet
  facet normal -0.970026 0.243001 0
    outer loop
      vertex 91.4239 8.476 0
      vertex 91.5491 8.97578 0.99
      vertex 91.5491 8.97578 0
    endloop
  endfacet
  facet normal -0.970026 0.243001 0
    outer loop
      vertex 91.5491 8.97578 0.99
      vertex 91.4239 8.476 0
      vertex 91.4239 8.476 0.99
    endloop
  endfacet
  facet normal 0.0491051 -0.998794 0
    outer loop
      vertex 85.8854 15.2247 0
      vertex 86.4 15.25 0.99
      vertex 85.8854 15.2247 0.99
    endloop
  endfacet
  facet normal 0.0491051 -0.998794 0
    outer loop
      vertex 86.4 15.25 0.99
      vertex 85.8854 15.2247 0
      vertex 86.4 15.25 0
    endloop
  endfacet
  facet normal -0.671609 -0.740905 0
    outer loop
      vertex 89.7306 14.0583 0
      vertex 90.1123 13.7123 0.99
      vertex 89.7306 14.0583 0.99
    endloop
  endfacet
  facet normal -0.671609 -0.740905 -0
    outer loop
      vertex 90.1123 13.7123 0.99
      vertex 89.7306 14.0583 0
      vertex 90.1123 13.7123 0
    endloop
  endfacet
  facet normal 0.427619 -0.903959 0
    outer loop
      vertex 83.9252 14.6301 0
      vertex 84.3909 14.8504 0.99
      vertex 83.9252 14.6301 0.99
    endloop
  endfacet
  facet normal 0.427619 -0.903959 0
    outer loop
      vertex 84.3909 14.8504 0.99
      vertex 83.9252 14.6301 0
      vertex 84.3909 14.8504 0
    endloop
  endfacet
  facet normal 0.671609 -0.740905 0
    outer loop
      vertex 82.6877 13.7123 0
      vertex 83.0694 14.0583 0.99
      vertex 82.6877 13.7123 0.99
    endloop
  endfacet
  facet normal 0.671609 -0.740905 0
    outer loop
      vertex 83.0694 14.0583 0.99
      vertex 82.6877 13.7123 0
      vertex 83.0694 14.0583 0
    endloop
  endfacet
  facet normal -0.336887 0.941545 0
    outer loop
      vertex 88.4091 5.14963 0
      vertex 87.924 4.97606 0.99
      vertex 88.4091 5.14963 0.99
    endloop
  endfacet
  facet normal -0.336887 0.941545 0
    outer loop
      vertex 87.924 4.97606 0.99
      vertex 88.4091 5.14963 0
      vertex 87.924 4.97606 0
    endloop
  endfacet
  facet normal 0.336767 -0.941588 0
    outer loop
      vertex 84.3909 14.8504 0
      vertex 84.876 15.0239 0.99
      vertex 84.3909 14.8504 0.99
    endloop
  endfacet
  facet normal 0.336767 -0.941588 0
    outer loop
      vertex 84.876 15.0239 0.99
      vertex 84.3909 14.8504 0
      vertex 84.876 15.0239 0
    endloop
  endfacet
  facet normal -0.803272 -0.595613 0
    outer loop
      vertex 90.7652 12.9167 0
      vertex 90.4583 13.3306 0.99
      vertex 90.4583 13.3306 0
    endloop
  endfacet
  facet normal -0.803272 -0.595613 0
    outer loop
      vertex 90.4583 13.3306 0.99
      vertex 90.7652 12.9167 0
      vertex 90.7652 12.9167 0.99
    endloop
  endfacet
  facet normal 0.857698 -0.514153 0
    outer loop
      vertex 81.7699 12.4748 0.99
      vertex 82.0348 12.9167 0
      vertex 82.0348 12.9167 0.99
    endloop
  endfacet
  facet normal 0.857698 -0.514153 0
    outer loop
      vertex 82.0348 12.9167 0
      vertex 81.7699 12.4748 0.99
      vertex 81.7699 12.4748 0
    endloop
  endfacet
  facet normal -0.998794 0.049106 0
    outer loop
      vertex 91.6247 9.48541 0
      vertex 91.65 10 0.99
      vertex 91.65 10 0
    endloop
  endfacet
  facet normal -0.998794 0.049106 0
    outer loop
      vertex 91.65 10 0.99
      vertex 91.6247 9.48541 0
      vertex 91.6247 9.48541 0.99
    endloop
  endfacet
  facet normal -0.903973 0.427589 0
    outer loop
      vertex 91.0301 7.52517 0
      vertex 91.2504 7.99091 0.99
      vertex 91.2504 7.99091 0
    endloop
  endfacet
  facet normal -0.903973 0.427589 0
    outer loop
      vertex 91.2504 7.99091 0.99
      vertex 91.0301 7.52517 0
      vertex 91.0301 7.52517 0.99
    endloop
  endfacet
  facet normal -0.857698 -0.514153 0
    outer loop
      vertex 91.0301 12.4748 0
      vertex 90.7652 12.9167 0.99
      vertex 90.7652 12.9167 0
    endloop
  endfacet
  facet normal -0.857698 -0.514153 0
    outer loop
      vertex 90.7652 12.9167 0.99
      vertex 91.0301 12.4748 0
      vertex 91.0301 12.4748 0.99
    endloop
  endfacet
  facet normal 0 0 -1
    outer loop
      vertex 91.6247 9.48541 0.99
      vertex 91.6247 10.5146 0.99
      vertex 91.65 10 0.99
    endloop
  endfacet
  facet normal 0 0 -1
    outer loop
      vertex 91.5491 8.97578 0.99
      vertex 91.6247 10.5146 0.99
      vertex 91.6247 9.48541 0.99
    endloop
  endfacet
  facet normal 0 0 -1
    outer loop
      vertex 91.5491 8.97578 0.99
      vertex 91.5491 11.0242 0.99
      vertex 91.6247 10.5146 0.99
    endloop
  endfacet
  facet normal 0 0 -1
    outer loop
      vertex 91.4239 8.476 0.99
      vertex 91.5491 11.0242 0.99
      vertex 91.5491 8.97578 0.99
    endloop
  endfacet
  facet normal 0 0 -1
    outer loop
      vertex 91.4239 8.476 0.99
      vertex 91.4239 11.524 0.99
      vertex 91.5491 11.0242 0.99
    endloop
  endfacet
  facet normal 0 0 -1
    outer loop
      vertex 91.2504 7.99091 0.99
      vertex 91.4239 11.524 0.99
      vertex 91.4239 8.476 0.99
    endloop
  endfacet
  facet normal 0 0 -1
    outer loop
      vertex 91.2504 7.99091 0.99
      vertex 91.2504 12.0091 0.99
      vertex 91.4239 11.524 0.99
    endloop
  endfacet
  facet normal 0 0 -1
    outer loop
      vertex 91.0301 7.52517 0.99
      vertex 91.2504 12.0091 0.99
      vertex 91.2504 7.99091 0.99
    endloop
  endfacet
  facet normal 0 0 -1
    outer loop
      vertex 91.0301 7.52517 0.99
      vertex 91.0301 12.4748 0.99
      vertex 91.2504 12.0091 0.99
    endloop
  endfacet
  facet normal 0 0 -1
    outer loop
      vertex 90.7652 7.08326 0.99
      vertex 91.0301 12.4748 0.99
      vertex 91.0301 7.52517 0.99
    endloop
  endfacet
  facet normal 0 0 -1
    outer loop
      vertex 90.7652 7.08326 0.99
      vertex 90.7652 12.9167 0.99
      vertex 91.0301 12.4748 0.99
    endloop
  endfacet
  facet normal 0 0 -1
    outer loop
      vertex 90.4583 6.66943 0.99
      vertex 90.7652 12.9167 0.99
      vertex 90.7652 7.08326 0.99
    endloop
  endfacet
  facet normal 0 0 -1
    outer loop
      vertex 90.4583 6.66943 0.99
      vertex 90.4583 13.3306 0.99
      vertex 90.7652 12.9167 0.99
    endloop
  endfacet
  facet normal 0 0 -1
    outer loop
      vertex 90.1123 6.28769 0.99
      vertex 90.4583 13.3306 0.99
      vertex 90.4583 6.66943 0.99
    endloop
  endfacet
  facet normal 0 0 -1
    outer loop
      vertex 90.1123 6.28769 0.99
      vertex 90.1123 13.7123 0.99
      vertex 90.4583 13.3306 0.99
    endloop
  endfacet
  facet normal 0 0 -1
    outer loop
      vertex 89.7306 5.94169 0.99
      vertex 90.1123 13.7123 0.99
      vertex 90.1123 6.28769 0.99
    endloop
  endfacet
  facet normal 0 0 -1
    outer loop
      vertex 89.7306 5.94169 0.99
      vertex 89.7306 14.0583 0.99
      vertex 90.1123 13.7123 0.99
    endloop
  endfacet
  facet normal 0 0 -1
    outer loop
      vertex 89.3167 5.63478 0.99
      vertex 89.7306 14.0583 0.99
      vertex 89.7306 5.94169 0.99
    endloop
  endfacet
  facet normal 0 0 -1
    outer loop
      vertex 89.3167 5.63478 0.99
      vertex 89.3167 14.3652 0.99
      vertex 89.7306 14.0583 0.99
    endloop
  endfacet
  facet normal 0 0 -1
    outer loop
      vertex 88.8748 5.36991 0.99
      vertex 89.3167 14.3652 0.99
      vertex 89.3167 5.63478 0.99
    endloop
  endfacet
  facet normal 0 0 -1
    outer loop
      vertex 88.8748 5.36991 0.99
      vertex 88.8748 14.6301 0.99
      vertex 89.3167 14.3652 0.99
    endloop
  endfacet
  facet normal 0 0 -1
    outer loop
      vertex 88.4091 5.14963 0.99
      vertex 88.8748 14.6301 0.99
      vertex 88.8748 5.36991 0.99
    endloop
  endfacet
  facet normal 0 0 -1
    outer loop
      vertex 88.4091 5.14963 0.99
      vertex 88.4091 14.8504 0.99
      vertex 88.8748 14.6301 0.99
    endloop
  endfacet
  facet normal 0 0 -1
    outer loop
      vertex 87.924 4.97606 0.99
      vertex 88.4091 14.8504 0.99
      vertex 88.4091 5.14963 0.99
    endloop
  endfacet
  facet normal 0 0 -1
    outer loop
      vertex 87.924 4.97606 0.99
      vertex 87.924 15.0239 0.99
      vertex 88.4091 14.8504 0.99
    endloop
  endfacet
  facet normal 0 0 -1
    outer loop
      vertex 87.4242 4.85088 0.99
      vertex 87.924 15.0239 0.99
      vertex 87.924 4.97606 0.99
    endloop
  endfacet
  facet normal 0 0 -1
    outer loop
      vertex 87.4242 4.85088 0.99
      vertex 87.4242 15.1491 0.99
      vertex 87.924 15.0239 0.99
    endloop
  endfacet
  facet normal 0 0 -1
    outer loop
      vertex 86.9146 4.77528 0.99
      vertex 87.4242 15.1491 0.99
      vertex 87.4242 4.85088 0.99
    endloop
  endfacet
  facet normal 0 0 -1
    outer loop
      vertex 86.9146 4.77528 0.99
      vertex 86.9146 15.2247 0.99
      vertex 87.4242 15.1491 0.99
    endloop
  endfacet
  facet normal 0 0 -1
    outer loop
      vertex 86.4 4.75 0.99
      vertex 86.9146 15.2247 0.99
      vertex 86.9146 4.77528 0.99
    endloop
  endfacet
  facet normal 0 0 -1
    outer loop
      vertex 86.4 4.75 0.99
      vertex 86.4 15.25 0.99
      vertex 86.9146 15.2247 0.99
    endloop
  endfacet
  facet normal 0 0 -1
    outer loop
      vertex 85.8854 4.77528 0.99
      vertex 86.4 15.25 0.99
      vertex 86.4 4.75 0.99
    endloop
  endfacet
  facet normal 0 0 -1
    outer loop
      vertex 85.8854 4.77528 0.99
      vertex 85.8854 15.2247 0.99
      vertex 86.4 15.25 0.99
    endloop
  endfacet
  facet normal 0 0 -1
    outer loop
      vertex 85.3758 4.85088 0.99
      vertex 85.8854 15.2247 0.99
      vertex 85.8854 4.77528 0.99
    endloop
  endfacet
  facet normal 0 0 -1
    outer loop
      vertex 85.3758 4.85088 0.99
      vertex 85.3758 15.1491 0.99
      vertex 85.8854 15.2247 0.99
    endloop
  endfacet
  facet normal 0 0 -1
    outer loop
      vertex 84.876 4.97606 0.99
      vertex 85.3758 15.1491 0.99
      vertex 85.3758 4.85088 0.99
    endloop
  endfacet
  facet normal 0 0 -1
    outer loop
      vertex 84.876 4.97606 0.99
      vertex 84.876 15.0239 0.99
      vertex 85.3758 15.1491 0.99
    endloop
  endfacet
  facet normal 0 0 -1
    outer loop
      vertex 84.3909 5.14963 0.99
      vertex 84.876 15.0239 0.99
      vertex 84.876 4.97606 0.99
    endloop
  endfacet
  facet normal 0 0 -1
    outer loop
      vertex 84.3909 5.14963 0.99
      vertex 84.3909 14.8504 0.99
      vertex 84.876 15.0239 0.99
    endloop
  endfacet
  facet normal 0 0 -1
    outer loop
      vertex 83.9252 5.36991 0.99
      vertex 84.3909 14.8504 0.99
      vertex 84.3909 5.14963 0.99
    endloop
  endfacet
  facet normal 0 0 -1
    outer loop
      vertex 83.9252 5.36991 0.99
      vertex 83.9252 14.6301 0.99
      vertex 84.3909 14.8504 0.99
    endloop
  endfacet
  facet normal 0 0 -1
    outer loop
      vertex 83.4833 5.63478 0.99
      vertex 83.9252 14.6301 0.99
      vertex 83.9252 5.36991 0.99
    endloop
  endfacet
  facet normal 0 0 -1
    outer loop
      vertex 83.4833 5.63478 0.99
      vertex 83.4833 14.3652 0.99
      vertex 83.9252 14.6301 0.99
    endloop
  endfacet
  facet normal 0 0 -1
    outer loop
      vertex 83.0694 5.94169 0.99
      vertex 83.4833 14.3652 0.99
      vertex 83.4833 5.63478 0.99
    endloop
  endfacet
  facet normal 0 0 -1
    outer loop
      vertex 83.0694 5.94169 0.99
      vertex 83.0694 14.0583 0.99
      vertex 83.4833 14.3652 0.99
    endloop
  endfacet
  facet normal 0 0 -1
    outer loop
      vertex 82.6877 6.28769 0.99
      vertex 83.0694 14.0583 0.99
      vertex 83.0694 5.94169 0.99
    endloop
  endfacet
  facet normal 0 0 -1
    outer loop
      vertex 82.6877 6.28769 0.99
      vertex 82.6877 13.7123 0.99
      vertex 83.0694 14.0583 0.99
    endloop
  endfacet
  facet normal 0 0 -1
    outer loop
      vertex 82.3417 6.66943 0.99
      vertex 82.6877 13.7123 0.99
      vertex 82.6877 6.28769 0.99
    endloop
  endfacet
  facet normal 0 0 -1
    outer loop
      vertex 82.3417 6.66943 0.99
      vertex 82.3417 13.3306 0.99
      vertex 82.6877 13.7123 0.99
    endloop
  endfacet
  facet normal 0 0 -1
    outer loop
      vertex 82.0348 7.08326 0.99
      vertex 82.3417 13.3306 0.99
      vertex 82.3417 6.66943 0.99
    endloop
  endfacet
  facet normal 0 0 -1
    outer loop
      vertex 82.0348 7.08326 0.99
      vertex 82.0348 12.9167 0.99
      vertex 82.3417 13.3306 0.99
    endloop
  endfacet
  facet normal 0 0 -1
    outer loop
      vertex 81.7699 7.52517 0.99
      vertex 82.0348 12.9167 0.99
      vertex 82.0348 7.08326 0.99
    endloop
  endfacet
  facet normal 0 0 -1
    outer loop
      vertex 81.7699 7.52517 0.99
      vertex 81.7699 12.4748 0.99
      vertex 82.0348 12.9167 0.99
    endloop
  endfacet
  facet normal 0 0 -1
    outer loop
      vertex 81.5496 7.99091 0.99
      vertex 81.7699 12.4748 0.99
      vertex 81.7699 7.52517 0.99
    endloop
  endfacet
  facet normal 0 0 -1
    outer loop
      vertex 81.5496 7.99091 0.99
      vertex 81.5496 12.0091 0.99
      vertex 81.7699 12.4748 0.99
    endloop
  endfacet
  facet normal 0 0 -1
    outer loop
      vertex 81.3761 8.476 0.99
      vertex 81.5496 12.0091 0.99
      vertex 81.5496 7.99091 0.99
    endloop
  endfacet
  facet normal 0 0 -1
    outer loop
      vertex 81.3761 8.476 0.99
      vertex 81.3761 11.524 0.99
      vertex 81.5496 12.0091 0.99
    endloop
  endfacet
  facet normal 0 0 -1
    outer loop
      vertex 81.2509 8.97578 0.99
      vertex 81.3761 11.524 0.99
      vertex 81.3761 8.476 0.99
    endloop
  endfacet
  facet normal 0 0 -1
    outer loop
      vertex 81.2509 8.97578 0.99
      vertex 81.2509 11.0242 0.99
      vertex 81.3761 11.524 0.99
    endloop
  endfacet
  facet normal 0 0 -1
    outer loop
      vertex 81.1753 9.48541 0.99
      vertex 81.2509 11.0242 0.99
      vertex 81.2509 8.97578 0.99
    endloop
  endfacet
  facet normal 0 0 -1
    outer loop
      vertex 81.1753 9.48541 0.99
      vertex 81.1753 10.5146 0.99
      vertex 81.2509 11.0242 0.99
    endloop
  endfacet
  facet normal 0 -0 -1
    outer loop
      vertex 81.1753 10.5146 0.99
      vertex 81.1753 9.48541 0.99
      vertex 81.15 10 0.99
    endloop
  endfacet
  facet normal 0.671609 0.740905 -0
    outer loop
      vertex 83.0694 5.94169 0
      vertex 82.6877 6.28769 0.99
      vertex 83.0694 5.94169 0.99
    endloop
  endfacet
  facet normal 0.671609 0.740905 0
    outer loop
      vertex 82.6877 6.28769 0.99
      vertex 83.0694 5.94169 0
      vertex 82.6877 6.28769 0
    endloop
  endfacet
  facet normal -0.595613 -0.803272 0
    outer loop
      vertex 89.3167 14.3652 0
      vertex 89.7306 14.0583 0.99
      vertex 89.3167 14.3652 0.99
    endloop
  endfacet
  facet normal -0.595613 -0.803272 -0
    outer loop
      vertex 89.7306 14.0583 0.99
      vertex 89.3167 14.3652 0
      vertex 89.7306 14.0583 0
    endloop
  endfacet
  facet normal 0.51411 0.857724 -0
    outer loop
      vertex 83.9252 5.36991 0
      vertex 83.4833 5.63478 0.99
      vertex 83.9252 5.36991 0.99
    endloop
  endfacet
  facet normal 0.51411 0.857724 0
    outer loop
      vertex 83.4833 5.63478 0.99
      vertex 83.9252 5.36991 0
      vertex 83.4833 5.63478 0
    endloop
  endfacet
  facet normal -0.514153 -0.857698 0
    outer loop
      vertex 88.8748 14.6301 0
      vertex 89.3167 14.3652 0.99
      vertex 88.8748 14.6301 0.99
    endloop
  endfacet
  facet normal -0.514153 -0.857698 -0
    outer loop
      vertex 89.3167 14.3652 0.99
      vertex 88.8748 14.6301 0
      vertex 89.3167 14.3652 0
    endloop
  endfacet
  facet normal -0.146746 0.989174 0
    outer loop
      vertex 87.4242 4.85088 0
      vertex 86.9146 4.77528 0.99
      vertex 87.4242 4.85088 0.99
    endloop
  endfacet
  facet normal -0.146746 0.989174 0
    outer loop
      vertex 86.9146 4.77528 0.99
      vertex 87.4242 4.85088 0
      vertex 86.9146 4.77528 0
    endloop
  endfacet
  facet normal -0.941588 -0.336767 0
    outer loop
      vertex 91.4239 11.524 0
      vertex 91.2504 12.0091 0.99
      vertex 91.2504 12.0091 0
    endloop
  endfacet
  facet normal -0.941588 -0.336767 0
    outer loop
      vertex 91.2504 12.0091 0.99
      vertex 91.4239 11.524 0
      vertex 91.4239 11.524 0.99
    endloop
  endfacet
  facet normal -0.857703 0.514145 0
    outer loop
      vertex 90.7652 7.08326 0
      vertex 91.0301 7.52517 0.99
      vertex 91.0301 7.52517 0
    endloop
  endfacet
  facet normal -0.857703 0.514145 0
    outer loop
      vertex 91.0301 7.52517 0.99
      vertex 90.7652 7.08326 0
      vertex 90.7652 7.08326 0.99
    endloop
  endfacet
  facet normal 0.998794 0.049106 0
    outer loop
      vertex 81.1753 9.48541 0.99
      vertex 81.15 10 0
      vertex 81.15 10 0.99
    endloop
  endfacet
  facet normal 0.998794 0.049106 0
    outer loop
      vertex 81.15 10 0
      vertex 81.1753 9.48541 0.99
      vertex 81.1753 9.48541 0
    endloop
  endfacet
  facet normal -0.941586 0.336773 0
    outer loop
      vertex 91.2504 7.99091 0
      vertex 91.4239 8.476 0.99
      vertex 91.4239 8.476 0
    endloop
  endfacet
  facet normal -0.941586 0.336773 0
    outer loop
      vertex 91.4239 8.476 0.99
      vertex 91.2504 7.99091 0
      vertex 91.2504 7.99091 0.99
    endloop
  endfacet
  facet normal -0.740905 -0.671609 0
    outer loop
      vertex 90.4583 13.3306 0
      vertex 90.1123 13.7123 0.99
      vertex 90.1123 13.7123 0
    endloop
  endfacet
  facet normal -0.740905 -0.671609 0
    outer loop
      vertex 90.1123 13.7123 0.99
      vertex 90.4583 13.3306 0
      vertex 90.4583 13.3306 0.99
    endloop
  endfacet
  facet normal -0.0491051 -0.998794 0
    outer loop
      vertex 86.4 15.25 0
      vertex 86.9146 15.2247 0.99
      vertex 86.4 15.25 0.99
    endloop
  endfacet
  facet normal -0.0491051 -0.998794 -0
    outer loop
      vertex 86.9146 15.2247 0.99
      vertex 86.4 15.25 0
      vertex 86.9146 15.2247 0
    endloop
  endfacet
  facet normal -0.903959 -0.427619 0
    outer loop
      vertex 91.2504 12.0091 0
      vertex 91.0301 12.4748 0.99
      vertex 91.0301 12.4748 0
    endloop
  endfacet
  facet normal -0.903959 -0.427619 0
    outer loop
      vertex 91.0301 12.4748 0.99
      vertex 91.2504 12.0091 0
      vertex 91.2504 12.0091 0.99
    endloop
  endfacet
  facet normal 0.146746 0.989174 -0
    outer loop
      vertex 85.8854 4.77528 0
      vertex 85.3758 4.85088 0.99
      vertex 85.8854 4.77528 0.99
    endloop
  endfacet
  facet normal 0.146746 0.989174 0
    outer loop
      vertex 85.3758 4.85088 0.99
      vertex 85.8854 4.77528 0
      vertex 85.3758 4.85088 0
    endloop
  endfacet
  facet normal -0.671609 0.740905 0
    outer loop
      vertex 90.1123 6.28769 0
      vertex 89.7306 5.94169 0.99
      vertex 90.1123 6.28769 0.99
    endloop
  endfacet
  facet normal -0.671609 0.740905 0
    outer loop
      vertex 89.7306 5.94169 0.99
      vertex 90.1123 6.28769 0
      vertex 89.7306 5.94169 0
    endloop
  endfacet
  facet normal 0.0490664 0.998796 -0
    outer loop
      vertex 86.4 4.75 0
      vertex 85.8854 4.77528 0.99
      vertex 86.4 4.75 0.99
    endloop
  endfacet
  facet normal 0.0490664 0.998796 0
    outer loop
      vertex 85.8854 4.77528 0.99
      vertex 86.4 4.75 0
      vertex 85.8854 4.77528 0
    endloop
  endfacet
  facet normal 0.740905 -0.671609 0
    outer loop
      vertex 82.3417 13.3306 0.99
      vertex 82.6877 13.7123 0
      vertex 82.6877 13.7123 0.99
    endloop
  endfacet
  facet normal 0.740905 -0.671609 0
    outer loop
      vertex 82.6877 13.7123 0
      vertex 82.3417 13.3306 0.99
      vertex 82.3417 13.3306 0
    endloop
  endfacet
  facet normal 0.146746 -0.989174 0
    outer loop
      vertex 85.3758 15.1491 0
      vertex 85.8854 15.2247 0.99
      vertex 85.3758 15.1491 0.99
    endloop
  endfacet
  facet normal 0.146746 -0.989174 0
    outer loop
      vertex 85.8854 15.2247 0.99
      vertex 85.3758 15.1491 0
      vertex 85.8854 15.2247 0
    endloop
  endfacet
  facet normal 0.903959 -0.427619 0
    outer loop
      vertex 81.5496 12.0091 0.99
      vertex 81.7699 12.4748 0
      vertex 81.7699 12.4748 0.99
    endloop
  endfacet
  facet normal 0.903959 -0.427619 0
    outer loop
      vertex 81.7699 12.4748 0
      vertex 81.5496 12.0091 0.99
      vertex 81.5496 12.0091 0
    endloop
  endfacet
  facet normal 0.970028 -0.242992 0
    outer loop
      vertex 81.2509 11.0242 0.99
      vertex 81.3761 11.524 0
      vertex 81.3761 11.524 0.99
    endloop
  endfacet
  facet normal 0.970028 -0.242992 0
    outer loop
      vertex 81.3761 11.524 0
      vertex 81.2509 11.0242 0.99
      vertex 81.2509 11.0242 0
    endloop
  endfacet
  facet normal -0.242992 -0.970028 0
    outer loop
      vertex 87.4242 15.1491 0
      vertex 87.924 15.0239 0.99
      vertex 87.4242 15.1491 0.99
    endloop
  endfacet
  facet normal -0.242992 -0.970028 -0
    outer loop
      vertex 87.924 15.0239 0.99
      vertex 87.4242 15.1491 0
      vertex 87.924 15.0239 0
    endloop
  endfacet
  facet normal 0.970026 0.243001 0
    outer loop
      vertex 81.3761 8.476 0.99
      vertex 81.2509 8.97578 0
      vertex 81.2509 8.97578 0.99
    endloop
  endfacet
  facet normal 0.970026 0.243001 0
    outer loop
      vertex 81.2509 8.97578 0
      vertex 81.3761 8.476 0.99
      vertex 81.3761 8.476 0
    endloop
  endfacet
  facet normal 0.427587 0.903974 -0
    outer loop
      vertex 84.3909 5.14963 0
      vertex 83.9252 5.36991 0.99
      vertex 84.3909 5.14963 0.99
    endloop
  endfacet
  facet normal 0.427587 0.903974 0
    outer loop
      vertex 83.9252 5.36991 0.99
      vertex 84.3909 5.14963 0
      vertex 83.9252 5.36991 0
    endloop
  endfacet
  facet normal 0.74094 0.671571 0
    outer loop
      vertex 82.6877 6.28769 0.99
      vertex 82.3417 6.66943 0
      vertex 82.3417 6.66943 0.99
    endloop
  endfacet
  facet normal 0.74094 0.671571 0
    outer loop
      vertex 82.3417 6.66943 0
      vertex 82.6877 6.28769 0.99
      vertex 82.6877 6.28769 0
    endloop
  endfacet
  facet normal -0.0490664 0.998796 0
    outer loop
      vertex 86.9146 4.77528 0
      vertex 86.4 4.75 0.99
      vertex 86.9146 4.77528 0.99
    endloop
  endfacet
  facet normal -0.0490664 0.998796 0
    outer loop
      vertex 86.4 4.75 0.99
      vertex 86.9146 4.77528 0
      vertex 86.4 4.75 0
    endloop
  endfacet
  facet normal 0.989176 0.146737 0
    outer loop
      vertex 81.2509 8.97578 0.99
      vertex 81.1753 9.48541 0
      vertex 81.1753 9.48541 0.99
    endloop
  endfacet
  facet normal 0.989176 0.146737 0
    outer loop
      vertex 81.1753 9.48541 0
      vertex 81.2509 8.97578 0.99
      vertex 81.2509 8.97578 0
    endloop
  endfacet
  facet normal -0.595625 0.803262 0
    outer loop
      vertex 89.7306 5.94169 0
      vertex 89.3167 5.63478 0.99
      vertex 89.7306 5.94169 0.99
    endloop
  endfacet
  facet normal -0.595625 0.803262 0
    outer loop
      vertex 89.3167 5.63478 0.99
      vertex 89.7306 5.94169 0
      vertex 89.3167 5.63478 0
    endloop
  endfacet
  facet normal 0.803224 0.595678 0
    outer loop
      vertex 82.3417 6.66943 0.99
      vertex 82.0348 7.08326 0
      vertex 82.0348 7.08326 0.99
    endloop
  endfacet
  facet normal 0.803224 0.595678 0
    outer loop
      vertex 82.0348 7.08326 0
      vertex 82.3417 6.66943 0.99
      vertex 82.3417 6.66943 0
    endloop
  endfacet
  facet normal 0.998794 -0.0491051 0
    outer loop
      vertex 81.15 10 0.99
      vertex 81.1753 10.5146 0
      vertex 81.1753 10.5146 0.99
    endloop
  endfacet
  facet normal 0.998794 -0.0491051 0
    outer loop
      vertex 81.1753 10.5146 0
      vertex 81.15 10 0.99
      vertex 81.15 10 0
    endloop
  endfacet
  facet normal -0.74094 0.671571 0
    outer loop
      vertex 90.1123 6.28769 0
      vertex 90.4583 6.66943 0.99
      vertex 90.4583 6.66943 0
    endloop
  endfacet
  facet normal -0.74094 0.671571 0
    outer loop
      vertex 90.4583 6.66943 0.99
      vertex 90.1123 6.28769 0
      vertex 90.1123 6.28769 0.99
    endloop
  endfacet
  facet normal 0.336773 0.941586 -0
    outer loop
      vertex 8.476 46.3761 0
      vertex 7.99091 46.5496 0.99
      vertex 8.476 46.3761 0.99
    endloop
  endfacet
  facet normal 0.336773 0.941586 0
    outer loop
      vertex 7.99091 46.5496 0.99
      vertex 8.476 46.3761 0
      vertex 7.99091 46.5496 0
    endloop
  endfacet
  facet normal -0.989174 -0.146746 0
    outer loop
      vertex 15.2247 51.9146 0
      vertex 15.1491 52.4242 0.99
      vertex 15.1491 52.4242 0
    endloop
  endfacet
  facet normal -0.989174 -0.146746 0
    outer loop
      vertex 15.1491 52.4242 0.99
      vertex 15.2247 51.9146 0
      vertex 15.2247 51.9146 0.99
    endloop
  endfacet
  facet normal -0.998794 -0.0491051 0
    outer loop
      vertex 15.25 51.4 0
      vertex 15.2247 51.9146 0.99
      vertex 15.2247 51.9146 0
    endloop
  endfacet
  facet normal -0.998794 -0.0491051 0
    outer loop
      vertex 15.2247 51.9146 0.99
      vertex 15.25 51.4 0
      vertex 15.25 51.4 0.99
    endloop
  endfacet
  facet normal -0.970028 -0.242992 0
    outer loop
      vertex 15.1491 52.4242 0
      vertex 15.0239 52.924 0.99
      vertex 15.0239 52.924 0
    endloop
  endfacet
  facet normal -0.970028 -0.242992 0
    outer loop
      vertex 15.0239 52.924 0.99
      vertex 15.1491 52.4242 0
      vertex 15.1491 52.4242 0.99
    endloop
  endfacet
  facet normal 0.989174 -0.146746 0
    outer loop
      vertex 4.77528 51.9146 0.99
      vertex 4.85088 52.4242 0
      vertex 4.85088 52.4242 0.99
    endloop
  endfacet
  facet normal 0.989174 -0.146746 0
    outer loop
      vertex 4.85088 52.4242 0
      vertex 4.77528 51.9146 0.99
      vertex 4.77528 51.9146 0
    endloop
  endfacet
  facet normal 0.243001 0.970026 -0
    outer loop
      vertex 8.97578 46.2509 0
      vertex 8.476 46.3761 0.99
      vertex 8.97578 46.2509 0.99
    endloop
  endfacet
  facet normal 0.243001 0.970026 0
    outer loop
      vertex 8.476 46.3761 0.99
      vertex 8.97578 46.2509 0
      vertex 8.476 46.3761 0
    endloop
  endfacet
  facet normal -0.336767 -0.941588 0
    outer loop
      vertex 11.524 56.4239 0
      vertex 12.0091 56.2504 0.99
      vertex 11.524 56.4239 0.99
    endloop
  endfacet
  facet normal -0.336767 -0.941588 -0
    outer loop
      vertex 12.0091 56.2504 0.99
      vertex 11.524 56.4239 0
      vertex 12.0091 56.2504 0
    endloop
  endfacet
  facet normal 0.514145 -0.857703 0
    outer loop
      vertex 7.08326 55.7652 0
      vertex 7.52517 56.0301 0.99
      vertex 7.08326 55.7652 0.99
    endloop
  endfacet
  facet normal 0.514145 -0.857703 0
    outer loop
      vertex 7.52517 56.0301 0.99
      vertex 7.08326 55.7652 0
      vertex 7.52517 56.0301 0
    endloop
  endfacet
  facet normal 0.903974 0.427587 0
    outer loop
      vertex 5.36991 48.9252 0.99
      vertex 5.14963 49.3909 0
      vertex 5.14963 49.3909 0.99
    endloop
  endfacet
  facet normal 0.903974 0.427587 0
    outer loop
      vertex 5.14963 49.3909 0
      vertex 5.36991 48.9252 0.99
      vertex 5.36991 48.9252 0
    endloop
  endfacet
  facet normal 0.243001 -0.970026 0
    outer loop
      vertex 8.476 56.4239 0
      vertex 8.97578 56.5491 0.99
      vertex 8.476 56.4239 0.99
    endloop
  endfacet
  facet normal 0.243001 -0.970026 0
    outer loop
      vertex 8.97578 56.5491 0.99
      vertex 8.476 56.4239 0
      vertex 8.97578 56.5491 0
    endloop
  endfacet
  facet normal 0.857724 0.51411 0
    outer loop
      vertex 5.63478 48.4833 0.99
      vertex 5.36991 48.9252 0
      vertex 5.36991 48.9252 0.99
    endloop
  endfacet
  facet normal 0.857724 0.51411 0
    outer loop
      vertex 5.36991 48.9252 0
      vertex 5.63478 48.4833 0.99
      vertex 5.63478 48.4833 0
    endloop
  endfacet
  facet normal -0.242992 0.970028 0
    outer loop
      vertex 11.524 46.3761 0
      vertex 11.0242 46.2509 0.99
      vertex 11.524 46.3761 0.99
    endloop
  endfacet
  facet normal -0.242992 0.970028 0
    outer loop
      vertex 11.0242 46.2509 0.99
      vertex 11.524 46.3761 0
      vertex 11.0242 46.2509 0
    endloop
  endfacet
  facet normal 0.595678 0.803224 -0
    outer loop
      vertex 7.08326 47.0348 0
      vertex 6.66943 47.3417 0.99
      vertex 7.08326 47.0348 0.99
    endloop
  endfacet
  facet normal 0.595678 0.803224 0
    outer loop
      vertex 6.66943 47.3417 0.99
      vertex 7.08326 47.0348 0
      vertex 6.66943 47.3417 0
    endloop
  endfacet
  facet normal -0.514153 0.857698 0
    outer loop
      vertex 12.9167 47.0348 0
      vertex 12.4748 46.7699 0.99
      vertex 12.9167 47.0348 0.99
    endloop
  endfacet
  facet normal -0.514153 0.857698 0
    outer loop
      vertex 12.4748 46.7699 0.99
      vertex 12.9167 47.0348 0
      vertex 12.4748 46.7699 0
    endloop
  endfacet
  facet normal -0.803272 0.595613 0
    outer loop
      vertex 14.0583 48.0694 0
      vertex 14.3652 48.4833 0.99
      vertex 14.3652 48.4833 0
    endloop
  endfacet
  facet normal -0.803272 0.595613 0
    outer loop
      vertex 14.3652 48.4833 0.99
      vertex 14.0583 48.0694 0
      vertex 14.0583 48.0694 0.99
    endloop
  endfacet
  facet normal -0.146746 -0.989174 0
    outer loop
      vertex 10.5146 56.6247 0
      vertex 11.0242 56.5491 0.99
      vertex 10.5146 56.6247 0.99
    endloop
  endfacet
  facet normal -0.146746 -0.989174 -0
    outer loop
      vertex 11.0242 56.5491 0.99
      vertex 10.5146 56.6247 0
      vertex 11.0242 56.5491 0
    endloop
  endfacet
  facet normal 0.595678 -0.803224 0
    outer loop
      vertex 6.66943 55.4583 0
      vertex 7.08326 55.7652 0.99
      vertex 6.66943 55.4583 0.99
    endloop
  endfacet
  facet normal 0.595678 -0.803224 0
    outer loop
      vertex 7.08326 55.7652 0.99
      vertex 6.66943 55.4583 0
      vertex 7.08326 55.7652 0
    endloop
  endfacet
  facet normal 0.803262 -0.595625 0
    outer loop
      vertex 5.63478 54.3167 0.99
      vertex 5.94169 54.7306 0
      vertex 5.94169 54.7306 0.99
    endloop
  endfacet
  facet normal 0.803262 -0.595625 0
    outer loop
      vertex 5.94169 54.7306 0
      vertex 5.63478 54.3167 0.99
      vertex 5.63478 54.3167 0
    endloop
  endfacet
  facet normal -0.989174 0.146746 0
    outer loop
      vertex 15.1491 50.3758 0
      vertex 15.2247 50.8854 0.99
      vertex 15.2247 50.8854 0
    endloop
  endfacet
  facet normal -0.989174 0.146746 0
    outer loop
      vertex 15.2247 50.8854 0.99
      vertex 15.1491 50.3758 0
      vertex 15.1491 50.3758 0.99
    endloop
  endfacet
  facet normal 0.941545 -0.336887 0
    outer loop
      vertex 4.97606 52.924 0.99
      vertex 5.14963 53.4091 0
      vertex 5.14963 53.4091 0.99
    endloop
  endfacet
  facet normal 0.941545 -0.336887 0
    outer loop
      vertex 5.14963 53.4091 0
      vertex 4.97606 52.924 0.99
      vertex 4.97606 52.924 0
    endloop
  endfacet
  facet normal -0.427619 -0.903959 0
    outer loop
      vertex 12.0091 56.2504 0
      vertex 12.4748 56.0301 0.99
      vertex 12.0091 56.2504 0.99
    endloop
  endfacet
  facet normal -0.427619 -0.903959 -0
    outer loop
      vertex 12.4748 56.0301 0.99
      vertex 12.0091 56.2504 0
      vertex 12.4748 56.0301 0
    endloop
  endfacet
  facet normal 0.941545 0.336887 0
    outer loop
      vertex 5.14963 49.3909 0.99
      vertex 4.97606 49.876 0
      vertex 4.97606 49.876 0.99
    endloop
  endfacet
  facet normal 0.941545 0.336887 0
    outer loop
      vertex 4.97606 49.876 0
      vertex 5.14963 49.3909 0.99
      vertex 5.14963 49.3909 0
    endloop
  endfacet
  facet normal -0.970028 0.242992 0
    outer loop
      vertex 15.0239 49.876 0
      vertex 15.1491 50.3758 0.99
      vertex 15.1491 50.3758 0
    endloop
  endfacet
  facet normal -0.970028 0.242992 0
    outer loop
      vertex 15.1491 50.3758 0.99
      vertex 15.0239 49.876 0
      vertex 15.0239 49.876 0.99
    endloop
  endfacet
  facet normal 0.049106 -0.998794 0
    outer loop
      vertex 9.48541 56.6247 0
      vertex 10 56.65 0.99
      vertex 9.48541 56.6247 0.99
    endloop
  endfacet
  facet normal 0.049106 -0.998794 0
    outer loop
      vertex 10 56.65 0.99
      vertex 9.48541 56.6247 0
      vertex 10 56.65 0
    endloop
  endfacet
  facet normal 0.427589 -0.903973 0
    outer loop
      vertex 7.52517 56.0301 0
      vertex 7.99091 56.2504 0.99
      vertex 7.52517 56.0301 0.99
    endloop
  endfacet
  facet normal 0.427589 -0.903973 0
    outer loop
      vertex 7.99091 56.2504 0.99
      vertex 7.52517 56.0301 0
      vertex 7.99091 56.2504 0
    endloop
  endfacet
  facet normal 0.671571 -0.74094 0
    outer loop
      vertex 6.28769 55.1123 0
      vertex 6.66943 55.4583 0.99
      vertex 6.28769 55.1123 0.99
    endloop
  endfacet
  facet normal 0.671571 -0.74094 0
    outer loop
      vertex 6.66943 55.4583 0.99
      vertex 6.28769 55.1123 0
      vertex 6.66943 55.4583 0
    endloop
  endfacet
  facet normal -0.336767 0.941588 0
    outer loop
      vertex 12.0091 46.5496 0
      vertex 11.524 46.3761 0.99
      vertex 12.0091 46.5496 0.99
    endloop
  endfacet
  facet normal -0.336767 0.941588 0
    outer loop
      vertex 11.524 46.3761 0.99
      vertex 12.0091 46.5496 0
      vertex 11.524 46.3761 0
    endloop
  endfacet
  facet normal 0.336773 -0.941586 0
    outer loop
      vertex 7.99091 56.2504 0
      vertex 8.476 56.4239 0.99
      vertex 7.99091 56.2504 0.99
    endloop
  endfacet
  facet normal 0.336773 -0.941586 0
    outer loop
      vertex 8.476 56.4239 0.99
      vertex 7.99091 56.2504 0
      vertex 8.476 56.4239 0
    endloop
  endfacet
  facet normal -0.803272 -0.595613 0
    outer loop
      vertex 14.3652 54.3167 0
      vertex 14.0583 54.7306 0.99
      vertex 14.0583 54.7306 0
    endloop
  endfacet
  facet normal -0.803272 -0.595613 0
    outer loop
      vertex 14.0583 54.7306 0.99
      vertex 14.3652 54.3167 0
      vertex 14.3652 54.3167 0.99
    endloop
  endfacet
  facet normal 0.857724 -0.51411 0
    outer loop
      vertex 5.36991 53.8748 0.99
      vertex 5.63478 54.3167 0
      vertex 5.63478 54.3167 0.99
    endloop
  endfacet
  facet normal 0.857724 -0.51411 0
    outer loop
      vertex 5.63478 54.3167 0
      vertex 5.36991 53.8748 0.99
      vertex 5.36991 53.8748 0
    endloop
  endfacet
  facet normal -0.998794 0.0491051 0
    outer loop
      vertex 15.2247 50.8854 0
      vertex 15.25 51.4 0.99
      vertex 15.25 51.4 0
    endloop
  endfacet
  facet normal -0.998794 0.0491051 0
    outer loop
      vertex 15.25 51.4 0.99
      vertex 15.2247 50.8854 0
      vertex 15.2247 50.8854 0.99
    endloop
  endfacet
  facet normal -0.903959 0.427619 0
    outer loop
      vertex 14.6301 48.9252 0
      vertex 14.8504 49.3909 0.99
      vertex 14.8504 49.3909 0
    endloop
  endfacet
  facet normal -0.903959 0.427619 0
    outer loop
      vertex 14.8504 49.3909 0.99
      vertex 14.6301 48.9252 0
      vertex 14.6301 48.9252 0.99
    endloop
  endfacet
  facet normal 0 0 -1
    outer loop
      vertex 15.2247 50.8854 0.99
      vertex 15.2247 51.9146 0.99
      vertex 15.25 51.4 0.99
    endloop
  endfacet
  facet normal 0 0 -1
    outer loop
      vertex 15.1491 50.3758 0.99
      vertex 15.2247 51.9146 0.99
      vertex 15.2247 50.8854 0.99
    endloop
  endfacet
  facet normal 0 0 -1
    outer loop
      vertex 15.1491 50.3758 0.99
      vertex 15.1491 52.4242 0.99
      vertex 15.2247 51.9146 0.99
    endloop
  endfacet
  facet normal 0 0 -1
    outer loop
      vertex 15.0239 49.876 0.99
      vertex 15.1491 52.4242 0.99
      vertex 15.1491 50.3758 0.99
    endloop
  endfacet
  facet normal 0 0 -1
    outer loop
      vertex 15.0239 49.876 0.99
      vertex 15.0239 52.924 0.99
      vertex 15.1491 52.4242 0.99
    endloop
  endfacet
  facet normal 0 0 -1
    outer loop
      vertex 14.8504 49.3909 0.99
      vertex 15.0239 52.924 0.99
      vertex 15.0239 49.876 0.99
    endloop
  endfacet
  facet normal 0 0 -1
    outer loop
      vertex 14.8504 49.3909 0.99
      vertex 14.8504 53.4091 0.99
      vertex 15.0239 52.924 0.99
    endloop
  endfacet
  facet normal 0 0 -1
    outer loop
      vertex 14.6301 48.9252 0.99
      vertex 14.8504 53.4091 0.99
      vertex 14.8504 49.3909 0.99
    endloop
  endfacet
  facet normal 0 0 -1
    outer loop
      vertex 14.6301 48.9252 0.99
      vertex 14.6301 53.8748 0.99
      vertex 14.8504 53.4091 0.99
    endloop
  endfacet
  facet normal 0 0 -1
    outer loop
      vertex 14.3652 48.4833 0.99
      vertex 14.6301 53.8748 0.99
      vertex 14.6301 48.9252 0.99
    endloop
  endfacet
  facet normal 0 0 -1
    outer loop
      vertex 14.3652 48.4833 0.99
      vertex 14.3652 54.3167 0.99
      vertex 14.6301 53.8748 0.99
    endloop
  endfacet
  facet normal 0 0 -1
    outer loop
      vertex 14.0583 48.0694 0.99
      vertex 14.3652 54.3167 0.99
      vertex 14.3652 48.4833 0.99
    endloop
  endfacet
  facet normal 0 0 -1
    outer loop
      vertex 14.0583 48.0694 0.99
      vertex 14.0583 54.7306 0.99
      vertex 14.3652 54.3167 0.99
    endloop
  endfacet
  facet normal 0 0 -1
    outer loop
      vertex 13.7123 47.6877 0.99
      vertex 14.0583 54.7306 0.99
      vertex 14.0583 48.0694 0.99
    endloop
  endfacet
  facet normal 0 0 -1
    outer loop
      vertex 13.7123 47.6877 0.99
      vertex 13.7123 55.1123 0.99
      vertex 14.0583 54.7306 0.99
    endloop
  endfacet
  facet normal 0 0 -1
    outer loop
      vertex 13.3306 47.3417 0.99
      vertex 13.7123 55.1123 0.99
      vertex 13.7123 47.6877 0.99
    endloop
  endfacet
  facet normal 0 0 -1
    outer loop
      vertex 13.3306 47.3417 0.99
      vertex 13.3306 55.4583 0.99
      vertex 13.7123 55.1123 0.99
    endloop
  endfacet
  facet normal 0 0 -1
    outer loop
      vertex 12.9167 47.0348 0.99
      vertex 13.3306 55.4583 0.99
      vertex 13.3306 47.3417 0.99
    endloop
  endfacet
  facet normal 0 0 -1
    outer loop
      vertex 12.9167 47.0348 0.99
      vertex 12.9167 55.7652 0.99
      vertex 13.3306 55.4583 0.99
    endloop
  endfacet
  facet normal 0 0 -1
    outer loop
      vertex 12.4748 46.7699 0.99
      vertex 12.9167 55.7652 0.99
      vertex 12.9167 47.0348 0.99
    endloop
  endfacet
  facet normal 0 0 -1
    outer loop
      vertex 12.4748 46.7699 0.99
      vertex 12.4748 56.0301 0.99
      vertex 12.9167 55.7652 0.99
    endloop
  endfacet
  facet normal 0 0 -1
    outer loop
      vertex 12.0091 46.5496 0.99
      vertex 12.4748 56.0301 0.99
      vertex 12.4748 46.7699 0.99
    endloop
  endfacet
  facet normal 0 0 -1
    outer loop
      vertex 12.0091 46.5496 0.99
      vertex 12.0091 56.2504 0.99
      vertex 12.4748 56.0301 0.99
    endloop
  endfacet
  facet normal 0 0 -1
    outer loop
      vertex 11.524 46.3761 0.99
      vertex 12.0091 56.2504 0.99
      vertex 12.0091 46.5496 0.99
    endloop
  endfacet
  facet normal 0 0 -1
    outer loop
      vertex 11.524 46.3761 0.99
      vertex 11.524 56.4239 0.99
      vertex 12.0091 56.2504 0.99
    endloop
  endfacet
  facet normal 0 0 -1
    outer loop
      vertex 11.0242 46.2509 0.99
      vertex 11.524 56.4239 0.99
      vertex 11.524 46.3761 0.99
    endloop
  endfacet
  facet normal 0 0 -1
    outer loop
      vertex 11.0242 46.2509 0.99
      vertex 11.0242 56.5491 0.99
      vertex 11.524 56.4239 0.99
    endloop
  endfacet
  facet normal 0 0 -1
    outer loop
      vertex 10.5146 46.1753 0.99
      vertex 11.0242 56.5491 0.99
      vertex 11.0242 46.2509 0.99
    endloop
  endfacet
  facet normal 0 0 -1
    outer loop
      vertex 10.5146 46.1753 0.99
      vertex 10.5146 56.6247 0.99
      vertex 11.0242 56.5491 0.99
    endloop
  endfacet
  facet normal 0 0 -1
    outer loop
      vertex 10 46.15 0.99
      vertex 10.5146 56.6247 0.99
      vertex 10.5146 46.1753 0.99
    endloop
  endfacet
  facet normal 0 0 -1
    outer loop
      vertex 10 46.15 0.99
      vertex 10 56.65 0.99
      vertex 10.5146 56.6247 0.99
    endloop
  endfacet
  facet normal 0 0 -1
    outer loop
      vertex 9.48541 46.1753 0.99
      vertex 10 56.65 0.99
      vertex 10 46.15 0.99
    endloop
  endfacet
  facet normal 0 0 -1
    outer loop
      vertex 9.48541 46.1753 0.99
      vertex 9.48541 56.6247 0.99
      vertex 10 56.65 0.99
    endloop
  endfacet
  facet normal 0 0 -1
    outer loop
      vertex 8.97578 46.2509 0.99
      vertex 9.48541 56.6247 0.99
      vertex 9.48541 46.1753 0.99
    endloop
  endfacet
  facet normal 0 0 -1
    outer loop
      vertex 8.97578 46.2509 0.99
      vertex 8.97578 56.5491 0.99
      vertex 9.48541 56.6247 0.99
    endloop
  endfacet
  facet normal 0 0 -1
    outer loop
      vertex 8.476 46.3761 0.99
      vertex 8.97578 56.5491 0.99
      vertex 8.97578 46.2509 0.99
    endloop
  endfacet
  facet normal 0 0 -1
    outer loop
      vertex 8.476 46.3761 0.99
      vertex 8.476 56.4239 0.99
      vertex 8.97578 56.5491 0.99
    endloop
  endfacet
  facet normal 0 0 -1
    outer loop
      vertex 7.99091 46.5496 0.99
      vertex 8.476 56.4239 0.99
      vertex 8.476 46.3761 0.99
    endloop
  endfacet
  facet normal 0 0 -1
    outer loop
      vertex 7.99091 46.5496 0.99
      vertex 7.99091 56.2504 0.99
      vertex 8.476 56.4239 0.99
    endloop
  endfacet
  facet normal 0 0 -1
    outer loop
      vertex 7.52517 46.7699 0.99
      vertex 7.99091 56.2504 0.99
      vertex 7.99091 46.5496 0.99
    endloop
  endfacet
  facet normal 0 0 -1
    outer loop
      vertex 7.52517 46.7699 0.99
      vertex 7.52517 56.0301 0.99
      vertex 7.99091 56.2504 0.99
    endloop
  endfacet
  facet normal 0 0 -1
    outer loop
      vertex 7.08326 47.0348 0.99
      vertex 7.52517 56.0301 0.99
      vertex 7.52517 46.7699 0.99
    endloop
  endfacet
  facet normal 0 0 -1
    outer loop
      vertex 7.08326 47.0348 0.99
      vertex 7.08326 55.7652 0.99
      vertex 7.52517 56.0301 0.99
    endloop
  endfacet
  facet normal 0 0 -1
    outer loop
      vertex 6.66943 47.3417 0.99
      vertex 7.08326 55.7652 0.99
      vertex 7.08326 47.0348 0.99
    endloop
  endfacet
  facet normal 0 0 -1
    outer loop
      vertex 6.66943 47.3417 0.99
      vertex 6.66943 55.4583 0.99
      vertex 7.08326 55.7652 0.99
    endloop
  endfacet
  facet normal 0 0 -1
    outer loop
      vertex 6.28769 47.6877 0.99
      vertex 6.66943 55.4583 0.99
      vertex 6.66943 47.3417 0.99
    endloop
  endfacet
  facet normal 0 0 -1
    outer loop
      vertex 6.28769 47.6877 0.99
      vertex 6.28769 55.1123 0.99
      vertex 6.66943 55.4583 0.99
    endloop
  endfacet
  facet normal 0 0 -1
    outer loop
      vertex 5.94169 48.0694 0.99
      vertex 6.28769 55.1123 0.99
      vertex 6.28769 47.6877 0.99
    endloop
  endfacet
  facet normal 0 0 -1
    outer loop
      vertex 5.94169 48.0694 0.99
      vertex 5.94169 54.7306 0.99
      vertex 6.28769 55.1123 0.99
    endloop
  endfacet
  facet normal 0 0 -1
    outer loop
      vertex 5.63478 48.4833 0.99
      vertex 5.94169 54.7306 0.99
      vertex 5.94169 48.0694 0.99
    endloop
  endfacet
  facet normal 0 0 -1
    outer loop
      vertex 5.63478 48.4833 0.99
      vertex 5.63478 54.3167 0.99
      vertex 5.94169 54.7306 0.99
    endloop
  endfacet
  facet normal 0 0 -1
    outer loop
      vertex 5.36991 48.9252 0.99
      vertex 5.63478 54.3167 0.99
      vertex 5.63478 48.4833 0.99
    endloop
  endfacet
  facet normal 0 0 -1
    outer loop
      vertex 5.36991 48.9252 0.99
      vertex 5.36991 53.8748 0.99
      vertex 5.63478 54.3167 0.99
    endloop
  endfacet
  facet normal 0 0 -1
    outer loop
      vertex 5.14963 49.3909 0.99
      vertex 5.36991 53.8748 0.99
      vertex 5.36991 48.9252 0.99
    endloop
  endfacet
  facet normal 0 0 -1
    outer loop
      vertex 5.14963 49.3909 0.99
      vertex 5.14963 53.4091 0.99
      vertex 5.36991 53.8748 0.99
    endloop
  endfacet
  facet normal 0 0 -1
    outer loop
      vertex 4.97606 49.876 0.99
      vertex 5.14963 53.4091 0.99
      vertex 5.14963 49.3909 0.99
    endloop
  endfacet
  facet normal 0 0 -1
    outer loop
      vertex 4.97606 49.876 0.99
      vertex 4.97606 52.924 0.99
      vertex 5.14963 53.4091 0.99
    endloop
  endfacet
  facet normal 0 0 -1
    outer loop
      vertex 4.85088 50.3758 0.99
      vertex 4.97606 52.924 0.99
      vertex 4.97606 49.876 0.99
    endloop
  endfacet
  facet normal 0 0 -1
    outer loop
      vertex 4.85088 50.3758 0.99
      vertex 4.85088 52.4242 0.99
      vertex 4.97606 52.924 0.99
    endloop
  endfacet
  facet normal 0 0 -1
    outer loop
      vertex 4.77528 50.8854 0.99
      vertex 4.85088 52.4242 0.99
      vertex 4.85088 50.3758 0.99
    endloop
  endfacet
  facet normal 0 0 -1
    outer loop
      vertex 4.77528 50.8854 0.99
      vertex 4.77528 51.9146 0.99
      vertex 4.85088 52.4242 0.99
    endloop
  endfacet
  facet normal 0 -0 -1
    outer loop
      vertex 4.77528 51.9146 0.99
      vertex 4.77528 50.8854 0.99
      vertex 4.75 51.4 0.99
    endloop
  endfacet
  facet normal 0.671571 0.74094 -0
    outer loop
      vertex 6.66943 47.3417 0
      vertex 6.28769 47.6877 0.99
      vertex 6.66943 47.3417 0.99
    endloop
  endfacet
  facet normal 0.671571 0.74094 0
    outer loop
      vertex 6.28769 47.6877 0.99
      vertex 6.66943 47.3417 0
      vertex 6.28769 47.6877 0
    endloop
  endfacet
  facet normal -0.595613 -0.803272 0
    outer loop
      vertex 12.9167 55.7652 0
      vertex 13.3306 55.4583 0.99
      vertex 12.9167 55.7652 0.99
    endloop
  endfacet
  facet normal -0.595613 -0.803272 -0
    outer loop
      vertex 13.3306 55.4583 0.99
      vertex 12.9167 55.7652 0
      vertex 13.3306 55.4583 0
    endloop
  endfacet
  facet normal 0.514145 0.857703 -0
    outer loop
      vertex 7.52517 46.7699 0
      vertex 7.08326 47.0348 0.99
      vertex 7.52517 46.7699 0.99
    endloop
  endfacet
  facet normal 0.514145 0.857703 0
    outer loop
      vertex 7.08326 47.0348 0.99
      vertex 7.52517 46.7699 0
      vertex 7.08326 47.0348 0
    endloop
  endfacet
  facet normal -0.514153 -0.857698 0
    outer loop
      vertex 12.4748 56.0301 0
      vertex 12.9167 55.7652 0.99
      vertex 12.4748 56.0301 0.99
    endloop
  endfacet
  facet normal -0.514153 -0.857698 -0
    outer loop
      vertex 12.9167 55.7652 0.99
      vertex 12.4748 56.0301 0
      vertex 12.9167 55.7652 0
    endloop
  endfacet
  facet normal -0.146746 0.989174 0
    outer loop
      vertex 11.0242 46.2509 0
      vertex 10.5146 46.1753 0.99
      vertex 11.0242 46.2509 0.99
    endloop
  endfacet
  facet normal -0.146746 0.989174 0
    outer loop
      vertex 10.5146 46.1753 0.99
      vertex 11.0242 46.2509 0
      vertex 10.5146 46.1753 0
    endloop
  endfacet
  facet normal -0.941588 -0.336767 0
    outer loop
      vertex 15.0239 52.924 0
      vertex 14.8504 53.4091 0.99
      vertex 14.8504 53.4091 0
    endloop
  endfacet
  facet normal -0.941588 -0.336767 0
    outer loop
      vertex 14.8504 53.4091 0.99
      vertex 15.0239 52.924 0
      vertex 15.0239 52.924 0.99
    endloop
  endfacet
  facet normal -0.857698 0.514153 0
    outer loop
      vertex 14.3652 48.4833 0
      vertex 14.6301 48.9252 0.99
      vertex 14.6301 48.9252 0
    endloop
  endfacet
  facet normal -0.857698 0.514153 0
    outer loop
      vertex 14.6301 48.9252 0.99
      vertex 14.3652 48.4833 0
      vertex 14.3652 48.4833 0.99
    endloop
  endfacet
  facet normal 0.998796 0.0490664 0
    outer loop
      vertex 4.77528 50.8854 0.99
      vertex 4.75 51.4 0
      vertex 4.75 51.4 0.99
    endloop
  endfacet
  facet normal 0.998796 0.0490664 0
    outer loop
      vertex 4.75 51.4 0
      vertex 4.77528 50.8854 0.99
      vertex 4.77528 50.8854 0
    endloop
  endfacet
  facet normal -0.941588 0.336767 0
    outer loop
      vertex 14.8504 49.3909 0
      vertex 15.0239 49.876 0.99
      vertex 15.0239 49.876 0
    endloop
  endfacet
  facet normal -0.941588 0.336767 0
    outer loop
      vertex 15.0239 49.876 0.99
      vertex 14.8504 49.3909 0
      vertex 14.8504 49.3909 0.99
    endloop
  endfacet
  facet normal -0.740905 -0.671609 0
    outer loop
      vertex 14.0583 54.7306 0
      vertex 13.7123 55.1123 0.99
      vertex 13.7123 55.1123 0
    endloop
  endfacet
  facet normal -0.740905 -0.671609 0
    outer loop
      vertex 13.7123 55.1123 0.99
      vertex 14.0583 54.7306 0
      vertex 14.0583 54.7306 0.99
    endloop
  endfacet
  facet normal -0.0491051 -0.998794 0
    outer loop
      vertex 10 56.65 0
      vertex 10.5146 56.6247 0.99
      vertex 10 56.65 0.99
    endloop
  endfacet
  facet normal -0.0491051 -0.998794 -0
    outer loop
      vertex 10.5146 56.6247 0.99
      vertex 10 56.65 0
      vertex 10.5146 56.6247 0
    endloop
  endfacet
  facet normal -0.903959 -0.427619 0
    outer loop
      vertex 14.8504 53.4091 0
      vertex 14.6301 53.8748 0.99
      vertex 14.6301 53.8748 0
    endloop
  endfacet
  facet normal -0.903959 -0.427619 0
    outer loop
      vertex 14.6301 53.8748 0.99
      vertex 14.8504 53.4091 0
      vertex 14.8504 53.4091 0.99
    endloop
  endfacet
  facet normal 0.146737 0.989176 -0
    outer loop
      vertex 9.48541 46.1753 0
      vertex 8.97578 46.2509 0.99
      vertex 9.48541 46.1753 0.99
    endloop
  endfacet
  facet normal 0.146737 0.989176 0
    outer loop
      vertex 8.97578 46.2509 0.99
      vertex 9.48541 46.1753 0
      vertex 8.97578 46.2509 0
    endloop
  endfacet
  facet normal -0.671609 0.740905 0
    outer loop
      vertex 13.7123 47.6877 0
      vertex 13.3306 47.3417 0.99
      vertex 13.7123 47.6877 0.99
    endloop
  endfacet
  facet normal -0.671609 0.740905 0
    outer loop
      vertex 13.3306 47.3417 0.99
      vertex 13.7123 47.6877 0
      vertex 13.3306 47.3417 0
    endloop
  endfacet
  facet normal -0.857698 -0.514153 0
    outer loop
      vertex 14.6301 53.8748 0
      vertex 14.3652 54.3167 0.99
      vertex 14.3652 54.3167 0
    endloop
  endfacet
  facet normal -0.857698 -0.514153 0
    outer loop
      vertex 14.3652 54.3167 0.99
      vertex 14.6301 53.8748 0
      vertex 14.6301 53.8748 0.99
    endloop
  endfacet
  facet normal 0.049106 0.998794 -0
    outer loop
      vertex 10 46.15 0
      vertex 9.48541 46.1753 0.99
      vertex 10 46.15 0.99
    endloop
  endfacet
  facet normal 0.049106 0.998794 0
    outer loop
      vertex 9.48541 46.1753 0.99
      vertex 10 46.15 0
      vertex 9.48541 46.1753 0
    endloop
  endfacet
  facet normal 0.740905 -0.671609 0
    outer loop
      vertex 5.94169 54.7306 0.99
      vertex 6.28769 55.1123 0
      vertex 6.28769 55.1123 0.99
    endloop
  endfacet
  facet normal 0.740905 -0.671609 0
    outer loop
      vertex 6.28769 55.1123 0
      vertex 5.94169 54.7306 0.99
      vertex 5.94169 54.7306 0
    endloop
  endfacet
  facet normal -0.671609 -0.740905 0
    outer loop
      vertex 13.3306 55.4583 0
      vertex 13.7123 55.1123 0.99
      vertex 13.3306 55.4583 0.99
    endloop
  endfacet
  facet normal -0.671609 -0.740905 -0
    outer loop
      vertex 13.7123 55.1123 0.99
      vertex 13.3306 55.4583 0
      vertex 13.7123 55.1123 0
    endloop
  endfacet
  facet normal 0.146737 -0.989176 0
    outer loop
      vertex 8.97578 56.5491 0
      vertex 9.48541 56.6247 0.99
      vertex 8.97578 56.5491 0.99
    endloop
  endfacet
  facet normal 0.146737 -0.989176 0
    outer loop
      vertex 9.48541 56.6247 0.99
      vertex 8.97578 56.5491 0
      vertex 9.48541 56.6247 0
    endloop
  endfacet
  facet normal 0.903974 -0.427587 0
    outer loop
      vertex 5.14963 53.4091 0.99
      vertex 5.36991 53.8748 0
      vertex 5.36991 53.8748 0.99
    endloop
  endfacet
  facet normal 0.903974 -0.427587 0
    outer loop
      vertex 5.36991 53.8748 0
      vertex 5.14963 53.4091 0.99
      vertex 5.14963 53.4091 0
    endloop
  endfacet
  facet normal 0.970037 -0.242956 0
    outer loop
      vertex 4.85088 52.4242 0.99
      vertex 4.97606 52.924 0
      vertex 4.97606 52.924 0.99
    endloop
  endfacet
  facet normal 0.970037 -0.242956 0
    outer loop
      vertex 4.97606 52.924 0
      vertex 4.85088 52.4242 0.99
      vertex 4.85088 52.4242 0
    endloop
  endfacet
  facet normal -0.242992 -0.970028 0
    outer loop
      vertex 11.0242 56.5491 0
      vertex 11.524 56.4239 0.99
      vertex 11.0242 56.5491 0.99
    endloop
  endfacet
  facet normal -0.242992 -0.970028 -0
    outer loop
      vertex 11.524 56.4239 0.99
      vertex 11.0242 56.5491 0
      vertex 11.524 56.4239 0
    endloop
  endfacet
  facet normal 0.970037 0.242956 0
    outer loop
      vertex 4.97606 49.876 0.99
      vertex 4.85088 50.3758 0
      vertex 4.85088 50.3758 0.99
    endloop
  endfacet
  facet normal 0.970037 0.242956 0
    outer loop
      vertex 4.85088 50.3758 0
      vertex 4.97606 49.876 0.99
      vertex 4.97606 49.876 0
    endloop
  endfacet
  facet normal 0.427589 0.903973 -0
    outer loop
      vertex 7.99091 46.5496 0
      vertex 7.52517 46.7699 0.99
      vertex 7.99091 46.5496 0.99
    endloop
  endfacet
  facet normal 0.427589 0.903973 0
    outer loop
      vertex 7.52517 46.7699 0.99
      vertex 7.99091 46.5496 0
      vertex 7.52517 46.7699 0
    endloop
  endfacet
  facet normal 0.740905 0.671609 0
    outer loop
      vertex 6.28769 47.6877 0.99
      vertex 5.94169 48.0694 0
      vertex 5.94169 48.0694 0.99
    endloop
  endfacet
  facet normal 0.740905 0.671609 0
    outer loop
      vertex 5.94169 48.0694 0
      vertex 6.28769 47.6877 0.99
      vertex 6.28769 47.6877 0
    endloop
  endfacet
  facet normal -0.427619 0.903959 0
    outer loop
      vertex 12.4748 46.7699 0
      vertex 12.0091 46.5496 0.99
      vertex 12.4748 46.7699 0.99
    endloop
  endfacet
  facet normal -0.427619 0.903959 0
    outer loop
      vertex 12.0091 46.5496 0.99
      vertex 12.4748 46.7699 0
      vertex 12.0091 46.5496 0
    endloop
  endfacet
  facet normal -0.0491051 0.998794 0
    outer loop
      vertex 10.5146 46.1753 0
      vertex 10 46.15 0.99
      vertex 10.5146 46.1753 0.99
    endloop
  endfacet
  facet normal -0.0491051 0.998794 0
    outer loop
      vertex 10 46.15 0.99
      vertex 10.5146 46.1753 0
      vertex 10 46.15 0
    endloop
  endfacet
  facet normal 0.989174 0.146746 0
    outer loop
      vertex 4.85088 50.3758 0.99
      vertex 4.77528 50.8854 0
      vertex 4.77528 50.8854 0.99
    endloop
  endfacet
  facet normal 0.989174 0.146746 0
    outer loop
      vertex 4.77528 50.8854 0
      vertex 4.85088 50.3758 0.99
      vertex 4.85088 50.3758 0
    endloop
  endfacet
  facet normal -0.595613 0.803272 0
    outer loop
      vertex 13.3306 47.3417 0
      vertex 12.9167 47.0348 0.99
      vertex 13.3306 47.3417 0.99
    endloop
  endfacet
  facet normal -0.595613 0.803272 0
    outer loop
      vertex 12.9167 47.0348 0.99
      vertex 13.3306 47.3417 0
      vertex 12.9167 47.0348 0
    endloop
  endfacet
  facet normal 0.803262 0.595625 0
    outer loop
      vertex 5.94169 48.0694 0.99
      vertex 5.63478 48.4833 0
      vertex 5.63478 48.4833 0.99
    endloop
  endfacet
  facet normal 0.803262 0.595625 0
    outer loop
      vertex 5.63478 48.4833 0
      vertex 5.94169 48.0694 0.99
      vertex 5.94169 48.0694 0
    endloop
  endfacet
  facet normal 0.998796 -0.0490664 0
    outer loop
      vertex 4.75 51.4 0.99
      vertex 4.77528 51.9146 0
      vertex 4.77528 51.9146 0.99
    endloop
  endfacet
  facet normal 0.998796 -0.0490664 0
    outer loop
      vertex 4.77528 51.9146 0
      vertex 4.75 51.4 0.99
      vertex 4.75 51.4 0
    endloop
  endfacet
  facet normal -0.740905 0.671609 0
    outer loop
      vertex 13.7123 47.6877 0
      vertex 14.0583 48.0694 0.99
      vertex 14.0583 48.0694 0
    endloop
  endfacet
  facet normal -0.740905 0.671609 0
    outer loop
      vertex 14.0583 48.0694 0.99
      vertex 13.7123 47.6877 0
      vertex 13.7123 47.6877 0.99
    endloop
  endfacet
  facet normal -0.740905 -0.671609 0
    outer loop
      vertex 90.4583 54.7306 0
      vertex 90.1123 55.1123 0.99
      vertex 90.1123 55.1123 0
    endloop
  endfacet
  facet normal -0.740905 -0.671609 0
    outer loop
      vertex 90.1123 55.1123 0.99
      vertex 90.4583 54.7306 0
      vertex 90.4583 54.7306 0.99
    endloop
  endfacet
  facet normal -0.989174 -0.146746 0
    outer loop
      vertex 91.6247 51.9146 0
      vertex 91.5491 52.4242 0.99
      vertex 91.5491 52.4242 0
    endloop
  endfacet
  facet normal -0.989174 -0.146746 0
    outer loop
      vertex 91.5491 52.4242 0.99
      vertex 91.6247 51.9146 0
      vertex 91.6247 51.9146 0.99
    endloop
  endfacet
  facet normal -0.998794 -0.0491051 0
    outer loop
      vertex 91.65 51.4 0
      vertex 91.6247 51.9146 0.99
      vertex 91.6247 51.9146 0
    endloop
  endfacet
  facet normal -0.998794 -0.0491051 0
    outer loop
      vertex 91.6247 51.9146 0.99
      vertex 91.65 51.4 0
      vertex 91.65 51.4 0.99
    endloop
  endfacet
  facet normal -0.970028 -0.242992 0
    outer loop
      vertex 91.5491 52.4242 0
      vertex 91.4239 52.924 0.99
      vertex 91.4239 52.924 0
    endloop
  endfacet
  facet normal -0.970028 -0.242992 0
    outer loop
      vertex 91.4239 52.924 0.99
      vertex 91.5491 52.4242 0
      vertex 91.5491 52.4242 0.99
    endloop
  endfacet
  facet normal 0.0491051 0.998794 -0
    outer loop
      vertex 86.4 46.15 0
      vertex 85.8854 46.1753 0.99
      vertex 86.4 46.15 0.99
    endloop
  endfacet
  facet normal 0.0491051 0.998794 0
    outer loop
      vertex 85.8854 46.1753 0.99
      vertex 86.4 46.15 0
      vertex 85.8854 46.1753 0
    endloop
  endfacet
  facet normal -0.941588 0.336767 0
    outer loop
      vertex 91.2504 49.3909 0
      vertex 91.4239 49.876 0.99
      vertex 91.4239 49.876 0
    endloop
  endfacet
  facet normal -0.941588 0.336767 0
    outer loop
      vertex 91.4239 49.876 0.99
      vertex 91.2504 49.3909 0
      vertex 91.2504 49.3909 0.99
    endloop
  endfacet
  facet normal 0.242992 0.970028 -0
    outer loop
      vertex 85.3758 46.2509 0
      vertex 84.876 46.3761 0.99
      vertex 85.3758 46.2509 0.99
    endloop
  endfacet
  facet normal 0.242992 0.970028 0
    outer loop
      vertex 84.876 46.3761 0.99
      vertex 85.3758 46.2509 0
      vertex 84.876 46.3761 0
    endloop
  endfacet
  facet normal -0.998794 0.0491051 0
    outer loop
      vertex 91.6247 50.8854 0
      vertex 91.65 51.4 0.99
      vertex 91.65 51.4 0
    endloop
  endfacet
  facet normal -0.998794 0.0491051 0
    outer loop
      vertex 91.65 51.4 0.99
      vertex 91.6247 50.8854 0
      vertex 91.6247 50.8854 0.99
    endloop
  endfacet
  facet normal 0.857698 0.514153 0
    outer loop
      vertex 82.0348 48.4833 0.99
      vertex 81.7699 48.9252 0
      vertex 81.7699 48.9252 0.99
    endloop
  endfacet
  facet normal 0.857698 0.514153 0
    outer loop
      vertex 81.7699 48.9252 0
      vertex 82.0348 48.4833 0.99
      vertex 82.0348 48.4833 0
    endloop
  endfacet
  facet normal 0.146746 -0.989174 0
    outer loop
      vertex 85.3758 56.5491 0
      vertex 85.8854 56.6247 0.99
      vertex 85.3758 56.5491 0.99
    endloop
  endfacet
  facet normal 0.146746 -0.989174 0
    outer loop
      vertex 85.8854 56.6247 0.99
      vertex 85.3758 56.5491 0
      vertex 85.8854 56.6247 0
    endloop
  endfacet
  facet normal -0.146746 0.989174 0
    outer loop
      vertex 87.4242 46.2509 0
      vertex 86.9146 46.1753 0.99
      vertex 87.4242 46.2509 0.99
    endloop
  endfacet
  facet normal -0.146746 0.989174 0
    outer loop
      vertex 86.9146 46.1753 0.99
      vertex 87.4242 46.2509 0
      vertex 86.9146 46.1753 0
    endloop
  endfacet
  facet normal -0.941588 -0.336767 0
    outer loop
      vertex 91.4239 52.924 0
      vertex 91.2504 53.4091 0.99
      vertex 91.2504 53.4091 0
    endloop
  endfacet
  facet normal -0.941588 -0.336767 0
    outer loop
      vertex 91.2504 53.4091 0.99
      vertex 91.4239 52.924 0
      vertex 91.4239 52.924 0.99
    endloop
  endfacet
  facet normal 0.0491051 -0.998794 0
    outer loop
      vertex 85.8854 56.6247 0
      vertex 86.4 56.65 0.99
      vertex 85.8854 56.6247 0.99
    endloop
  endfacet
  facet normal 0.0491051 -0.998794 0
    outer loop
      vertex 86.4 56.65 0.99
      vertex 85.8854 56.6247 0
      vertex 86.4 56.65 0
    endloop
  endfacet
  facet normal 0.336767 -0.941588 0
    outer loop
      vertex 84.3909 56.2504 0
      vertex 84.876 56.4239 0.99
      vertex 84.3909 56.2504 0.99
    endloop
  endfacet
  facet normal 0.336767 -0.941588 0
    outer loop
      vertex 84.876 56.4239 0.99
      vertex 84.3909 56.2504 0
      vertex 84.876 56.4239 0
    endloop
  endfacet
  facet normal -0.514153 -0.857698 0
    outer loop
      vertex 88.8748 56.0301 0
      vertex 89.3167 55.7652 0.99
      vertex 88.8748 56.0301 0.99
    endloop
  endfacet
  facet normal -0.514153 -0.857698 -0
    outer loop
      vertex 89.3167 55.7652 0.99
      vertex 88.8748 56.0301 0
      vertex 89.3167 55.7652 0
    endloop
  endfacet
  facet normal 0.427619 -0.903959 0
    outer loop
      vertex 83.9252 56.0301 0
      vertex 84.3909 56.2504 0.99
      vertex 83.9252 56.0301 0.99
    endloop
  endfacet
  facet normal 0.427619 -0.903959 0
    outer loop
      vertex 84.3909 56.2504 0.99
      vertex 83.9252 56.0301 0
      vertex 84.3909 56.2504 0
    endloop
  endfacet
  facet normal -0.857698 0.514153 0
    outer loop
      vertex 90.7652 48.4833 0
      vertex 91.0301 48.9252 0.99
      vertex 91.0301 48.9252 0
    endloop
  endfacet
  facet normal -0.857698 0.514153 0
    outer loop
      vertex 91.0301 48.9252 0.99
      vertex 90.7652 48.4833 0
      vertex 90.7652 48.4833 0.99
    endloop
  endfacet
  facet normal 0.740905 0.671609 0
    outer loop
      vertex 82.6877 47.6877 0.99
      vertex 82.3417 48.0694 0
      vertex 82.3417 48.0694 0.99
    endloop
  endfacet
  facet normal 0.740905 0.671609 0
    outer loop
      vertex 82.3417 48.0694 0
      vertex 82.6877 47.6877 0.99
      vertex 82.6877 47.6877 0
    endloop
  endfacet
  facet normal -0.336767 -0.941588 0
    outer loop
      vertex 87.924 56.4239 0
      vertex 88.4091 56.2504 0.99
      vertex 87.924 56.4239 0.99
    endloop
  endfacet
  facet normal -0.336767 -0.941588 -0
    outer loop
      vertex 88.4091 56.2504 0.99
      vertex 87.924 56.4239 0
      vertex 88.4091 56.2504 0
    endloop
  endfacet
  facet normal 0.595613 0.803272 -0
    outer loop
      vertex 83.4833 47.0348 0
      vertex 83.0694 47.3417 0.99
      vertex 83.4833 47.0348 0.99
    endloop
  endfacet
  facet normal 0.595613 0.803272 0
    outer loop
      vertex 83.0694 47.3417 0.99
      vertex 83.4833 47.0348 0
      vertex 83.0694 47.3417 0
    endloop
  endfacet
  facet normal 0.514153 -0.857698 0
    outer loop
      vertex 83.4833 55.7652 0
      vertex 83.9252 56.0301 0.99
      vertex 83.4833 55.7652 0.99
    endloop
  endfacet
  facet normal 0.514153 -0.857698 0
    outer loop
      vertex 83.9252 56.0301 0.99
      vertex 83.4833 55.7652 0
      vertex 83.9252 56.0301 0
    endloop
  endfacet
  facet normal -0.989174 0.146746 0
    outer loop
      vertex 91.5491 50.3758 0
      vertex 91.6247 50.8854 0.99
      vertex 91.6247 50.8854 0
    endloop
  endfacet
  facet normal -0.989174 0.146746 0
    outer loop
      vertex 91.6247 50.8854 0.99
      vertex 91.5491 50.3758 0
      vertex 91.5491 50.3758 0.99
    endloop
  endfacet
  facet normal 0.242992 -0.970028 0
    outer loop
      vertex 84.876 56.4239 0
      vertex 85.3758 56.5491 0.99
      vertex 84.876 56.4239 0.99
    endloop
  endfacet
  facet normal 0.242992 -0.970028 0
    outer loop
      vertex 85.3758 56.5491 0.99
      vertex 84.876 56.4239 0
      vertex 85.3758 56.5491 0
    endloop
  endfacet
  facet normal -0.903959 -0.427619 0
    outer loop
      vertex 91.2504 53.4091 0
      vertex 91.0301 53.8748 0.99
      vertex 91.0301 53.8748 0
    endloop
  endfacet
  facet normal -0.903959 -0.427619 0
    outer loop
      vertex 91.0301 53.8748 0.99
      vertex 91.2504 53.4091 0
      vertex 91.2504 53.4091 0.99
    endloop
  endfacet
  facet normal 0.941588 0.336767 0
    outer loop
      vertex 81.5496 49.3909 0.99
      vertex 81.3761 49.876 0
      vertex 81.3761 49.876 0.99
    endloop
  endfacet
  facet normal 0.941588 0.336767 0
    outer loop
      vertex 81.3761 49.876 0
      vertex 81.5496 49.3909 0.99
      vertex 81.5496 49.3909 0
    endloop
  endfacet
  facet normal 0.336767 0.941588 -0
    outer loop
      vertex 84.876 46.3761 0
      vertex 84.3909 46.5496 0.99
      vertex 84.876 46.3761 0.99
    endloop
  endfacet
  facet normal 0.336767 0.941588 0
    outer loop
      vertex 84.3909 46.5496 0.99
      vertex 84.876 46.3761 0
      vertex 84.3909 46.5496 0
    endloop
  endfacet
  facet normal -0.336767 0.941588 0
    outer loop
      vertex 88.4091 46.5496 0
      vertex 87.924 46.3761 0.99
      vertex 88.4091 46.5496 0.99
    endloop
  endfacet
  facet normal -0.336767 0.941588 0
    outer loop
      vertex 87.924 46.3761 0.99
      vertex 88.4091 46.5496 0
      vertex 87.924 46.3761 0
    endloop
  endfacet
  facet normal -0.671609 -0.740905 0
    outer loop
      vertex 89.7306 55.4583 0
      vertex 90.1123 55.1123 0.99
      vertex 89.7306 55.4583 0.99
    endloop
  endfacet
  facet normal -0.671609 -0.740905 -0
    outer loop
      vertex 90.1123 55.1123 0.99
      vertex 89.7306 55.4583 0
      vertex 90.1123 55.1123 0
    endloop
  endfacet
  facet normal -0.427619 -0.903959 0
    outer loop
      vertex 88.4091 56.2504 0
      vertex 88.8748 56.0301 0.99
      vertex 88.4091 56.2504 0.99
    endloop
  endfacet
  facet normal -0.427619 -0.903959 -0
    outer loop
      vertex 88.8748 56.0301 0.99
      vertex 88.4091 56.2504 0
      vertex 88.8748 56.0301 0
    endloop
  endfacet
  facet normal -0.0491051 0.998794 0
    outer loop
      vertex 86.9146 46.1753 0
      vertex 86.4 46.15 0.99
      vertex 86.9146 46.1753 0.99
    endloop
  endfacet
  facet normal -0.0491051 0.998794 0
    outer loop
      vertex 86.4 46.15 0.99
      vertex 86.9146 46.1753 0
      vertex 86.4 46.15 0
    endloop
  endfacet
  facet normal 0.989174 0.146746 0
    outer loop
      vertex 81.2509 50.3758 0.99
      vertex 81.1753 50.8854 0
      vertex 81.1753 50.8854 0.99
    endloop
  endfacet
  facet normal 0.989174 0.146746 0
    outer loop
      vertex 81.1753 50.8854 0
      vertex 81.2509 50.3758 0.99
      vertex 81.2509 50.3758 0
    endloop
  endfacet
  facet normal 0.903959 0.427619 0
    outer loop
      vertex 81.7699 48.9252 0.99
      vertex 81.5496 49.3909 0
      vertex 81.5496 49.3909 0.99
    endloop
  endfacet
  facet normal 0.903959 0.427619 0
    outer loop
      vertex 81.5496 49.3909 0
      vertex 81.7699 48.9252 0.99
      vertex 81.7699 48.9252 0
    endloop
  endfacet
  facet normal 0.671609 0.740905 -0
    outer loop
      vertex 83.0694 47.3417 0
      vertex 82.6877 47.6877 0.99
      vertex 83.0694 47.3417 0.99
    endloop
  endfacet
  facet normal 0.671609 0.740905 0
    outer loop
      vertex 82.6877 47.6877 0.99
      vertex 83.0694 47.3417 0
      vertex 82.6877 47.6877 0
    endloop
  endfacet
  facet normal -0.242992 -0.970028 0
    outer loop
      vertex 87.4242 56.5491 0
      vertex 87.924 56.4239 0.99
      vertex 87.4242 56.5491 0.99
    endloop
  endfacet
  facet normal -0.242992 -0.970028 -0
    outer loop
      vertex 87.924 56.4239 0.99
      vertex 87.4242 56.5491 0
      vertex 87.924 56.4239 0
    endloop
  endfacet
  facet normal 0.970028 -0.242992 0
    outer loop
      vertex 81.2509 52.4242 0.99
      vertex 81.3761 52.924 0
      vertex 81.3761 52.924 0.99
    endloop
  endfacet
  facet normal 0.970028 -0.242992 0
    outer loop
      vertex 81.3761 52.924 0
      vertex 81.2509 52.4242 0.99
      vertex 81.2509 52.4242 0
    endloop
  endfacet
  facet normal -0.803272 -0.595613 0
    outer loop
      vertex 90.7652 54.3167 0
      vertex 90.4583 54.7306 0.99
      vertex 90.4583 54.7306 0
    endloop
  endfacet
  facet normal -0.803272 -0.595613 0
    outer loop
      vertex 90.4583 54.7306 0.99
      vertex 90.7652 54.3167 0
      vertex 90.7652 54.3167 0.99
    endloop
  endfacet
  facet normal 0.514153 0.857698 -0
    outer loop
      vertex 83.9252 46.7699 0
      vertex 83.4833 47.0348 0.99
      vertex 83.9252 46.7699 0.99
    endloop
  endfacet
  facet normal 0.514153 0.857698 0
    outer loop
      vertex 83.4833 47.0348 0.99
      vertex 83.9252 46.7699 0
      vertex 83.4833 47.0348 0
    endloop
  endfacet
  facet normal -0.514153 0.857698 0
    outer loop
      vertex 89.3167 47.0348 0
      vertex 88.8748 46.7699 0.99
      vertex 89.3167 47.0348 0.99
    endloop
  endfacet
  facet normal -0.514153 0.857698 0
    outer loop
      vertex 88.8748 46.7699 0.99
      vertex 89.3167 47.0348 0
      vertex 88.8748 46.7699 0
    endloop
  endfacet
  facet normal -0.595613 -0.803272 0
    outer loop
      vertex 89.3167 55.7652 0
      vertex 89.7306 55.4583 0.99
      vertex 89.3167 55.7652 0.99
    endloop
  endfacet
  facet normal -0.595613 -0.803272 -0
    outer loop
      vertex 89.7306 55.4583 0.99
      vertex 89.3167 55.7652 0
      vertex 89.7306 55.4583 0
    endloop
  endfacet
  facet normal -0.803272 0.595613 0
    outer loop
      vertex 90.4583 48.0694 0
      vertex 90.7652 48.4833 0.99
      vertex 90.7652 48.4833 0
    endloop
  endfacet
  facet normal -0.803272 0.595613 0
    outer loop
      vertex 90.7652 48.4833 0.99
      vertex 90.4583 48.0694 0
      vertex 90.4583 48.0694 0.99
    endloop
  endfacet
  facet normal 0.740905 -0.671609 0
    outer loop
      vertex 82.3417 54.7306 0.99
      vertex 82.6877 55.1123 0
      vertex 82.6877 55.1123 0.99
    endloop
  endfacet
  facet normal 0.740905 -0.671609 0
    outer loop
      vertex 82.6877 55.1123 0
      vertex 82.3417 54.7306 0.99
      vertex 82.3417 54.7306 0
    endloop
  endfacet
  facet normal -0.0491051 -0.998794 0
    outer loop
      vertex 86.4 56.65 0
      vertex 86.9146 56.6247 0.99
      vertex 86.4 56.65 0.99
    endloop
  endfacet
  facet normal -0.0491051 -0.998794 -0
    outer loop
      vertex 86.9146 56.6247 0.99
      vertex 86.4 56.65 0
      vertex 86.9146 56.6247 0
    endloop
  endfacet
  facet normal -0.427619 0.903959 0
    outer loop
      vertex 88.8748 46.7699 0
      vertex 88.4091 46.5496 0.99
      vertex 88.8748 46.7699 0.99
    endloop
  endfacet
  facet normal -0.427619 0.903959 0
    outer loop
      vertex 88.4091 46.5496 0.99
      vertex 88.8748 46.7699 0
      vertex 88.4091 46.5496 0
    endloop
  endfacet
  facet normal 0.903959 -0.427619 0
    outer loop
      vertex 81.5496 53.4091 0.99
      vertex 81.7699 53.8748 0
      vertex 81.7699 53.8748 0.99
    endloop
  endfacet
  facet normal 0.903959 -0.427619 0
    outer loop
      vertex 81.7699 53.8748 0
      vertex 81.5496 53.4091 0.99
      vertex 81.5496 53.4091 0
    endloop
  endfacet
  facet normal -0.970028 0.242992 0
    outer loop
      vertex 91.4239 49.876 0
      vertex 91.5491 50.3758 0.99
      vertex 91.5491 50.3758 0
    endloop
  endfacet
  facet normal -0.970028 0.242992 0
    outer loop
      vertex 91.5491 50.3758 0.99
      vertex 91.4239 49.876 0
      vertex 91.4239 49.876 0.99
    endloop
  endfacet
  facet normal 0.427619 0.903959 -0
    outer loop
      vertex 84.3909 46.5496 0
      vertex 83.9252 46.7699 0.99
      vertex 84.3909 46.5496 0.99
    endloop
  endfacet
  facet normal 0.427619 0.903959 0
    outer loop
      vertex 83.9252 46.7699 0.99
      vertex 84.3909 46.5496 0
      vertex 83.9252 46.7699 0
    endloop
  endfacet
  facet normal -0.242992 0.970028 0
    outer loop
      vertex 87.924 46.3761 0
      vertex 87.4242 46.2509 0.99
      vertex 87.924 46.3761 0.99
    endloop
  endfacet
  facet normal -0.242992 0.970028 0
    outer loop
      vertex 87.4242 46.2509 0.99
      vertex 87.924 46.3761 0
      vertex 87.4242 46.2509 0
    endloop
  endfacet
  facet normal 0.595613 -0.803272 0
    outer loop
      vertex 83.0694 55.4583 0
      vertex 83.4833 55.7652 0.99
      vertex 83.0694 55.4583 0.99
    endloop
  endfacet
  facet normal 0.595613 -0.803272 0
    outer loop
      vertex 83.4833 55.7652 0.99
      vertex 83.0694 55.4583 0
      vertex 83.4833 55.7652 0
    endloop
  endfacet
  facet normal -0.857698 -0.514153 0
    outer loop
      vertex 91.0301 53.8748 0
      vertex 90.7652 54.3167 0.99
      vertex 90.7652 54.3167 0
    endloop
  endfacet
  facet normal -0.857698 -0.514153 0
    outer loop
      vertex 90.7652 54.3167 0.99
      vertex 91.0301 53.8748 0
      vertex 91.0301 53.8748 0.99
    endloop
  endfacet
  facet normal 0 0 -1
    outer loop
      vertex 91.6247 50.8854 0.99
      vertex 91.6247 51.9146 0.99
      vertex 91.65 51.4 0.99
    endloop
  endfacet
  facet normal 0 0 -1
    outer loop
      vertex 91.5491 50.3758 0.99
      vertex 91.6247 51.9146 0.99
      vertex 91.6247 50.8854 0.99
    endloop
  endfacet
  facet normal 0 0 -1
    outer loop
      vertex 91.5491 50.3758 0.99
      vertex 91.5491 52.4242 0.99
      vertex 91.6247 51.9146 0.99
    endloop
  endfacet
  facet normal 0 0 -1
    outer loop
      vertex 91.4239 49.876 0.99
      vertex 91.5491 52.4242 0.99
      vertex 91.5491 50.3758 0.99
    endloop
  endfacet
  facet normal 0 0 -1
    outer loop
      vertex 91.4239 49.876 0.99
      vertex 91.4239 52.924 0.99
      vertex 91.5491 52.4242 0.99
    endloop
  endfacet
  facet normal 0 0 -1
    outer loop
      vertex 91.2504 49.3909 0.99
      vertex 91.4239 52.924 0.99
      vertex 91.4239 49.876 0.99
    endloop
  endfacet
  facet normal 0 0 -1
    outer loop
      vertex 91.2504 49.3909 0.99
      vertex 91.2504 53.4091 0.99
      vertex 91.4239 52.924 0.99
    endloop
  endfacet
  facet normal 0 0 -1
    outer loop
      vertex 91.0301 48.9252 0.99
      vertex 91.2504 53.4091 0.99
      vertex 91.2504 49.3909 0.99
    endloop
  endfacet
  facet normal 0 0 -1
    outer loop
      vertex 91.0301 48.9252 0.99
      vertex 91.0301 53.8748 0.99
      vertex 91.2504 53.4091 0.99
    endloop
  endfacet
  facet normal 0 0 -1
    outer loop
      vertex 90.7652 48.4833 0.99
      vertex 91.0301 53.8748 0.99
      vertex 91.0301 48.9252 0.99
    endloop
  endfacet
  facet normal 0 0 -1
    outer loop
      vertex 90.7652 48.4833 0.99
      vertex 90.7652 54.3167 0.99
      vertex 91.0301 53.8748 0.99
    endloop
  endfacet
  facet normal 0 0 -1
    outer loop
      vertex 90.4583 48.0694 0.99
      vertex 90.7652 54.3167 0.99
      vertex 90.7652 48.4833 0.99
    endloop
  endfacet
  facet normal 0 0 -1
    outer loop
      vertex 90.4583 48.0694 0.99
      vertex 90.4583 54.7306 0.99
      vertex 90.7652 54.3167 0.99
    endloop
  endfacet
  facet normal 0 0 -1
    outer loop
      vertex 90.1123 47.6877 0.99
      vertex 90.4583 54.7306 0.99
      vertex 90.4583 48.0694 0.99
    endloop
  endfacet
  facet normal 0 0 -1
    outer loop
      vertex 90.1123 47.6877 0.99
      vertex 90.1123 55.1123 0.99
      vertex 90.4583 54.7306 0.99
    endloop
  endfacet
  facet normal 0 0 -1
    outer loop
      vertex 89.7306 47.3417 0.99
      vertex 90.1123 55.1123 0.99
      vertex 90.1123 47.6877 0.99
    endloop
  endfacet
  facet normal 0 0 -1
    outer loop
      vertex 89.7306 47.3417 0.99
      vertex 89.7306 55.4583 0.99
      vertex 90.1123 55.1123 0.99
    endloop
  endfacet
  facet normal 0 0 -1
    outer loop
      vertex 89.3167 47.0348 0.99
      vertex 89.7306 55.4583 0.99
      vertex 89.7306 47.3417 0.99
    endloop
  endfacet
  facet normal 0 0 -1
    outer loop
      vertex 89.3167 47.0348 0.99
      vertex 89.3167 55.7652 0.99
      vertex 89.7306 55.4583 0.99
    endloop
  endfacet
  facet normal 0 0 -1
    outer loop
      vertex 88.8748 46.7699 0.99
      vertex 89.3167 55.7652 0.99
      vertex 89.3167 47.0348 0.99
    endloop
  endfacet
  facet normal 0 0 -1
    outer loop
      vertex 88.8748 46.7699 0.99
      vertex 88.8748 56.0301 0.99
      vertex 89.3167 55.7652 0.99
    endloop
  endfacet
  facet normal 0 0 -1
    outer loop
      vertex 88.4091 46.5496 0.99
      vertex 88.8748 56.0301 0.99
      vertex 88.8748 46.7699 0.99
    endloop
  endfacet
  facet normal 0 0 -1
    outer loop
      vertex 88.4091 46.5496 0.99
      vertex 88.4091 56.2504 0.99
      vertex 88.8748 56.0301 0.99
    endloop
  endfacet
  facet normal 0 0 -1
    outer loop
      vertex 87.924 46.3761 0.99
      vertex 88.4091 56.2504 0.99
      vertex 88.4091 46.5496 0.99
    endloop
  endfacet
  facet normal 0 0 -1
    outer loop
      vertex 87.924 46.3761 0.99
      vertex 87.924 56.4239 0.99
      vertex 88.4091 56.2504 0.99
    endloop
  endfacet
  facet normal 0 0 -1
    outer loop
      vertex 87.4242 46.2509 0.99
      vertex 87.924 56.4239 0.99
      vertex 87.924 46.3761 0.99
    endloop
  endfacet
  facet normal 0 0 -1
    outer loop
      vertex 87.4242 46.2509 0.99
      vertex 87.4242 56.5491 0.99
      vertex 87.924 56.4239 0.99
    endloop
  endfacet
  facet normal 0 0 -1
    outer loop
      vertex 86.9146 46.1753 0.99
      vertex 87.4242 56.5491 0.99
      vertex 87.4242 46.2509 0.99
    endloop
  endfacet
  facet normal 0 0 -1
    outer loop
      vertex 86.9146 46.1753 0.99
      vertex 86.9146 56.6247 0.99
      vertex 87.4242 56.5491 0.99
    endloop
  endfacet
  facet normal 0 0 -1
    outer loop
      vertex 86.4 46.15 0.99
      vertex 86.9146 56.6247 0.99
      vertex 86.9146 46.1753 0.99
    endloop
  endfacet
  facet normal 0 0 -1
    outer loop
      vertex 86.4 46.15 0.99
      vertex 86.4 56.65 0.99
      vertex 86.9146 56.6247 0.99
    endloop
  endfacet
  facet normal 0 0 -1
    outer loop
      vertex 85.8854 46.1753 0.99
      vertex 86.4 56.65 0.99
      vertex 86.4 46.15 0.99
    endloop
  endfacet
  facet normal 0 0 -1
    outer loop
      vertex 85.8854 46.1753 0.99
      vertex 85.8854 56.6247 0.99
      vertex 86.4 56.65 0.99
    endloop
  endfacet
  facet normal 0 0 -1
    outer loop
      vertex 85.3758 46.2509 0.99
      vertex 85.8854 56.6247 0.99
      vertex 85.8854 46.1753 0.99
    endloop
  endfacet
  facet normal 0 0 -1
    outer loop
      vertex 85.3758 46.2509 0.99
      vertex 85.3758 56.5491 0.99
      vertex 85.8854 56.6247 0.99
    endloop
  endfacet
  facet normal 0 0 -1
    outer loop
      vertex 84.876 46.3761 0.99
      vertex 85.3758 56.5491 0.99
      vertex 85.3758 46.2509 0.99
    endloop
  endfacet
  facet normal 0 0 -1
    outer loop
      vertex 84.876 46.3761 0.99
      vertex 84.876 56.4239 0.99
      vertex 85.3758 56.5491 0.99
    endloop
  endfacet
  facet normal 0 0 -1
    outer loop
      vertex 84.3909 46.5496 0.99
      vertex 84.876 56.4239 0.99
      vertex 84.876 46.3761 0.99
    endloop
  endfacet
  facet normal 0 0 -1
    outer loop
      vertex 84.3909 46.5496 0.99
      vertex 84.3909 56.2504 0.99
      vertex 84.876 56.4239 0.99
    endloop
  endfacet
  facet normal 0 0 -1
    outer loop
      vertex 83.9252 46.7699 0.99
      vertex 84.3909 56.2504 0.99
      vertex 84.3909 46.5496 0.99
    endloop
  endfacet
  facet normal 0 0 -1
    outer loop
      vertex 83.9252 46.7699 0.99
      vertex 83.9252 56.0301 0.99
      vertex 84.3909 56.2504 0.99
    endloop
  endfacet
  facet normal 0 0 -1
    outer loop
      vertex 83.4833 47.0348 0.99
      vertex 83.9252 56.0301 0.99
      vertex 83.9252 46.7699 0.99
    endloop
  endfacet
  facet normal 0 0 -1
    outer loop
      vertex 83.4833 47.0348 0.99
      vertex 83.4833 55.7652 0.99
      vertex 83.9252 56.0301 0.99
    endloop
  endfacet
  facet normal 0 0 -1
    outer loop
      vertex 83.0694 47.3417 0.99
      vertex 83.4833 55.7652 0.99
      vertex 83.4833 47.0348 0.99
    endloop
  endfacet
  facet normal 0 0 -1
    outer loop
      vertex 83.0694 47.3417 0.99
      vertex 83.0694 55.4583 0.99
      vertex 83.4833 55.7652 0.99
    endloop
  endfacet
  facet normal 0 0 -1
    outer loop
      vertex 82.6877 47.6877 0.99
      vertex 83.0694 55.4583 0.99
      vertex 83.0694 47.3417 0.99
    endloop
  endfacet
  facet normal 0 0 -1
    outer loop
      vertex 82.6877 47.6877 0.99
      vertex 82.6877 55.1123 0.99
      vertex 83.0694 55.4583 0.99
    endloop
  endfacet
  facet normal 0 0 -1
    outer loop
      vertex 82.3417 48.0694 0.99
      vertex 82.6877 55.1123 0.99
      vertex 82.6877 47.6877 0.99
    endloop
  endfacet
  facet normal 0 0 -1
    outer loop
      vertex 82.3417 48.0694 0.99
      vertex 82.3417 54.7306 0.99
      vertex 82.6877 55.1123 0.99
    endloop
  endfacet
  facet normal 0 0 -1
    outer loop
      vertex 82.0348 48.4833 0.99
      vertex 82.3417 54.7306 0.99
      vertex 82.3417 48.0694 0.99
    endloop
  endfacet
  facet normal 0 0 -1
    outer loop
      vertex 82.0348 48.4833 0.99
      vertex 82.0348 54.3167 0.99
      vertex 82.3417 54.7306 0.99
    endloop
  endfacet
  facet normal 0 0 -1
    outer loop
      vertex 81.7699 48.9252 0.99
      vertex 82.0348 54.3167 0.99
      vertex 82.0348 48.4833 0.99
    endloop
  endfacet
  facet normal 0 0 -1
    outer loop
      vertex 81.7699 48.9252 0.99
      vertex 81.7699 53.8748 0.99
      vertex 82.0348 54.3167 0.99
    endloop
  endfacet
  facet normal 0 0 -1
    outer loop
      vertex 81.5496 49.3909 0.99
      vertex 81.7699 53.8748 0.99
      vertex 81.7699 48.9252 0.99
    endloop
  endfacet
  facet normal 0 0 -1
    outer loop
      vertex 81.5496 49.3909 0.99
      vertex 81.5496 53.4091 0.99
      vertex 81.7699 53.8748 0.99
    endloop
  endfacet
  facet normal 0 0 -1
    outer loop
      vertex 81.3761 49.876 0.99
      vertex 81.5496 53.4091 0.99
      vertex 81.5496 49.3909 0.99
    endloop
  endfacet
  facet normal 0 0 -1
    outer loop
      vertex 81.3761 49.876 0.99
      vertex 81.3761 52.924 0.99
      vertex 81.5496 53.4091 0.99
    endloop
  endfacet
  facet normal 0 0 -1
    outer loop
      vertex 81.2509 50.3758 0.99
      vertex 81.3761 52.924 0.99
      vertex 81.3761 49.876 0.99
    endloop
  endfacet
  facet normal 0 0 -1
    outer loop
      vertex 81.2509 50.3758 0.99
      vertex 81.2509 52.4242 0.99
      vertex 81.3761 52.924 0.99
    endloop
  endfacet
  facet normal 0 0 -1
    outer loop
      vertex 81.1753 50.8854 0.99
      vertex 81.2509 52.4242 0.99
      vertex 81.2509 50.3758 0.99
    endloop
  endfacet
  facet normal 0 0 -1
    outer loop
      vertex 81.1753 50.8854 0.99
      vertex 81.1753 51.9146 0.99
      vertex 81.2509 52.4242 0.99
    endloop
  endfacet
  facet normal 0 -0 -1
    outer loop
      vertex 81.1753 51.9146 0.99
      vertex 81.1753 50.8854 0.99
      vertex 81.15 51.4 0.99
    endloop
  endfacet
  facet normal 0.671609 -0.740905 0
    outer loop
      vertex 82.6877 55.1123 0
      vertex 83.0694 55.4583 0.99
      vertex 82.6877 55.1123 0.99
    endloop
  endfacet
  facet normal 0.671609 -0.740905 0
    outer loop
      vertex 83.0694 55.4583 0.99
      vertex 82.6877 55.1123 0
      vertex 83.0694 55.4583 0
    endloop
  endfacet
  facet normal 0.998794 -0.0491051 0
    outer loop
      vertex 81.15 51.4 0.99
      vertex 81.1753 51.9146 0
      vertex 81.1753 51.9146 0.99
    endloop
  endfacet
  facet normal 0.998794 -0.0491051 0
    outer loop
      vertex 81.1753 51.9146 0
      vertex 81.15 51.4 0.99
      vertex 81.15 51.4 0
    endloop
  endfacet
  facet normal 0.998794 0.0491051 0
    outer loop
      vertex 81.1753 50.8854 0.99
      vertex 81.15 51.4 0
      vertex 81.15 51.4 0.99
    endloop
  endfacet
  facet normal 0.998794 0.0491051 0
    outer loop
      vertex 81.15 51.4 0
      vertex 81.1753 50.8854 0.99
      vertex 81.1753 50.8854 0
    endloop
  endfacet
  facet normal 0.970028 0.242992 0
    outer loop
      vertex 81.3761 49.876 0.99
      vertex 81.2509 50.3758 0
      vertex 81.2509 50.3758 0.99
    endloop
  endfacet
  facet normal 0.970028 0.242992 0
    outer loop
      vertex 81.2509 50.3758 0
      vertex 81.3761 49.876 0.99
      vertex 81.3761 49.876 0
    endloop
  endfacet
  facet normal 0.803272 0.595613 0
    outer loop
      vertex 82.3417 48.0694 0.99
      vertex 82.0348 48.4833 0
      vertex 82.0348 48.4833 0.99
    endloop
  endfacet
  facet normal 0.803272 0.595613 0
    outer loop
      vertex 82.0348 48.4833 0
      vertex 82.3417 48.0694 0.99
      vertex 82.3417 48.0694 0
    endloop
  endfacet
  facet normal 0.989174 -0.146746 0
    outer loop
      vertex 81.1753 51.9146 0.99
      vertex 81.2509 52.4242 0
      vertex 81.2509 52.4242 0.99
    endloop
  endfacet
  facet normal 0.989174 -0.146746 0
    outer loop
      vertex 81.2509 52.4242 0
      vertex 81.1753 51.9146 0.99
      vertex 81.1753 51.9146 0
    endloop
  endfacet
  facet normal 0.941588 -0.336767 0
    outer loop
      vertex 81.3761 52.924 0.99
      vertex 81.5496 53.4091 0
      vertex 81.5496 53.4091 0.99
    endloop
  endfacet
  facet normal 0.941588 -0.336767 0
    outer loop
      vertex 81.5496 53.4091 0
      vertex 81.3761 52.924 0.99
      vertex 81.3761 52.924 0
    endloop
  endfacet
  facet normal -0.595613 0.803272 0
    outer loop
      vertex 89.7306 47.3417 0
      vertex 89.3167 47.0348 0.99
      vertex 89.7306 47.3417 0.99
    endloop
  endfacet
  facet normal -0.595613 0.803272 0
    outer loop
      vertex 89.3167 47.0348 0.99
      vertex 89.7306 47.3417 0
      vertex 89.3167 47.0348 0
    endloop
  endfacet
  facet normal -0.903959 0.427619 0
    outer loop
      vertex 91.0301 48.9252 0
      vertex 91.2504 49.3909 0.99
      vertex 91.2504 49.3909 0
    endloop
  endfacet
  facet normal -0.903959 0.427619 0
    outer loop
      vertex 91.2504 49.3909 0.99
      vertex 91.0301 48.9252 0
      vertex 91.0301 48.9252 0.99
    endloop
  endfacet
  facet normal 0.857698 -0.514153 0
    outer loop
      vertex 81.7699 53.8748 0.99
      vertex 82.0348 54.3167 0
      vertex 82.0348 54.3167 0.99
    endloop
  endfacet
  facet normal 0.857698 -0.514153 0
    outer loop
      vertex 82.0348 54.3167 0
      vertex 81.7699 53.8748 0.99
      vertex 81.7699 53.8748 0
    endloop
  endfacet
  facet normal 0.803272 -0.595613 0
    outer loop
      vertex 82.0348 54.3167 0.99
      vertex 82.3417 54.7306 0
      vertex 82.3417 54.7306 0.99
    endloop
  endfacet
  facet normal 0.803272 -0.595613 0
    outer loop
      vertex 82.3417 54.7306 0
      vertex 82.0348 54.3167 0.99
      vertex 82.0348 54.3167 0
    endloop
  endfacet
  facet normal 0.146746 0.989174 -0
    outer loop
      vertex 85.8854 46.1753 0
      vertex 85.3758 46.2509 0.99
      vertex 85.8854 46.1753 0.99
    endloop
  endfacet
  facet normal 0.146746 0.989174 0
    outer loop
      vertex 85.3758 46.2509 0.99
      vertex 85.8854 46.1753 0
      vertex 85.3758 46.2509 0
    endloop
  endfacet
  facet normal -0.740905 0.671609 0
    outer loop
      vertex 90.1123 47.6877 0
      vertex 90.4583 48.0694 0.99
      vertex 90.4583 48.0694 0
    endloop
  endfacet
  facet normal -0.740905 0.671609 0
    outer loop
      vertex 90.4583 48.0694 0.99
      vertex 90.1123 47.6877 0
      vertex 90.1123 47.6877 0.99
    endloop
  endfacet
  facet normal -0.671609 0.740905 0
    outer loop
      vertex 90.1123 47.6877 0
      vertex 89.7306 47.3417 0.99
      vertex 90.1123 47.6877 0.99
    endloop
  endfacet
  facet normal -0.671609 0.740905 0
    outer loop
      vertex 89.7306 47.3417 0.99
      vertex 90.1123 47.6877 0
      vertex 89.7306 47.3417 0
    endloop
  endfacet
  facet normal -0.146746 -0.989174 0
    outer loop
      vertex 86.9146 56.6247 0
      vertex 87.4242 56.5491 0.99
      vertex 86.9146 56.6247 0.99
    endloop
  endfacet
  facet normal -0.146746 -0.989174 -0
    outer loop
      vertex 87.4242 56.5491 0.99
      vertex 86.9146 56.6247 0
      vertex 87.4242 56.5491 0
    endloop
  endfacet
endsolid OpenSCAD_Model
