solid OpenSCAD_Model
  facet normal 0.19695 0.328568 0.923717
    outer loop
      vertex 1.09267 1.63529 7.35835
      vertex 0.73052 1.36671 7.5311
      vertex 0.860963 1.28852 7.5311
    endloop
  endfacet
  facet normal -0.144724 -0.131168 0.98074
    outer loop
      vertex -0.52175 -0.428189 7.75021
      vertex -0.790339 -0.790339 7.66214
      vertex -0.477268 -0.477268 7.75021
    endloop
  endfacet
  facet normal 0.271421 0.573897 0.77264
    outer loop
      vertex 1.45622 2.72441 6.60837
      vertex 1.18217 2.85402 6.60837
      vertex 1.29173 2.41665 6.89475
    endloop
  endfacet
  facet normal -0.0970781 0.0144015 0.995173
    outer loop
      vertex -0.66199 0.131678 7.75021
      vertex -0.67171 0.0661573 7.75021
      vertex -0.221374 0.044034 7.79446
    endloop
  endfacet
  facet normal -0.750202 -0.187913 0.633945
    outer loop
      vertex -3.34288 -0.664941 6.28917
      vertex -3.62376 -0.72081 5.94022
      vertex -3.53566 -1.07253 5.94022
    endloop
  endfacet
  facet normal 0.792577 0.475055 0.382289
    outer loop
      vertex 3.81969 2.04167 4.74969
      vertex 3.60118 2.40623 4.74969
      vertex 3.66734 1.96023 5.16675
    endloop
  endfacet
  facet normal 0.10382 0.699878 0.706677
    outer loop
      vertex 0.334079 3.39196 6.28917
      vertex 0.302792 3.0743 6.60837
      vertex 0.664941 3.34288 6.28917
    endloop
  endfacet
  facet normal 0.0187911 -0.382612 0.923718
    outer loop
      vertex 0 -1.54969 7.5311
      vertex 0 -1.96675 7.35835
      vertex 0.151896 -1.54223 7.5311
    endloop
  endfacet
  facet normal 0.699878 0.10382 0.706677
    outer loop
      vertex 3.34288 0.664941 6.28917
      vertex 3.0743 0.302792 6.60837
      vertex 3.39196 0.334079 6.28917
    endloop
  endfacet
  facet normal -0.998796 0.0490597 0
    outer loop
      vertex -4.59446 0 3.2
      vertex -4.57234 0.450336 3.42571
      vertex -4.57234 0.450336 3.2
    endloop
  endfacet
  facet normal -0.998796 0.0490597 0
    outer loop
      vertex -4.57234 0.450336 3.42571
      vertex -4.59446 0 3.2
      vertex -4.59446 0 3.42571
    endloop
  endfacet
  facet normal 0.280216 0.78316 0.555103
    outer loop
      vertex 1.14533 3.77566 5.56487
      vertex 1.07253 3.53566 5.94022
      vertex 1.41392 3.41351 5.94022
    endloop
  endfacet
  facet normal 0.330428 -0.923498 0.194855
    outer loop
      vertex 1.74129 -4.20385 3.87496
      vertex 1.29529 -4.27001 4.31771
      vertex 1.32086 -4.35428 3.87496
    endloop
  endfacet
  facet normal -0.570115 0.768691 0.289969
    outer loop
      vertex -2.47903 3.71014 4.31771
      vertex -2.83075 3.44928 4.31771
      vertex -2.40623 3.60118 4.74969
    endloop
  endfacet
  facet normal 0.238322 0.951438 0.194854
    outer loop
      vertex 1.32086 4.35428 3.87496
      vertex 0.887702 4.46278 3.87496
      vertex 1.29529 4.27001 4.31771
    endloop
  endfacet
  facet normal -0.937025 -0.33526 0.0978999
    outer loop
      vertex -4.20385 -1.74129 3.87496
      vertex -4.39662 -1.3337 3.42571
      vertex -4.24473 -1.75822 3.42571
    endloop
  endfacet
  facet normal 0.886663 -0.419354 0.194861
    outer loop
      vertex 4.12248 -1.70759 4.31771
      vertex 3.93526 -2.10344 4.31771
      vertex 4.01293 -2.14495 3.87496
    endloop
  endfacet
  facet normal 0.328573 -0.196945 0.923716
    outer loop
      vertex 1.73452 -0.92712 7.35835
      vertex 1.36671 -0.73052 7.5311
      vertex 1.63529 -1.09267 7.35835
    endloop
  endfacet
  facet normal 0.550026 -0.0815934 0.831152
    outer loop
      vertex 2.72702 -0.268588 6.89475
      vertex 2.35349 -0.231797 7.14555
      vertex 2.68756 -0.53459 6.89475
    endloop
  endfacet
  facet normal 0.189468 0.0474583 0.980739
    outer loop
      vertex 1.09623 0.218054 7.66214
      vertex 0.645896 0.19593 7.75021
      vertex 0.66199 0.131678 7.75021
    endloop
  endfacet
  facet normal 0.113482 -0.765011 0.63394
    outer loop
      vertex 0.664941 -3.34288 6.28917
      vertex 0.334079 -3.39196 6.28917
      vertex 0.362149 -3.67696 5.94022
    endloop
  endfacet
  facet normal 0.0815934 0.550026 0.831152
    outer loop
      vertex 0.268588 2.72702 6.89475
      vertex 0.231797 2.35349 7.14555
      vertex 0.53459 2.68756 6.89475
    endloop
  endfacet
  facet normal -0.83078 -0.0408108 0.555102
    outer loop
      vertex -3.69475 0 5.94022
      vertex -3.92655 -0.386731 5.56487
      vertex -3.67696 -0.362149 5.94022
    endloop
  endfacet
  facet normal -0.989176 0.146736 0
    outer loop
      vertex -4.57234 0.450336 3.2
      vertex -4.50618 0.896334 3.42571
      vertex -4.50618 0.896334 3.2
    endloop
  endfacet
  facet normal -0.989176 0.146736 0
    outer loop
      vertex -4.50618 0.896334 3.42571
      vertex -4.57234 0.450336 3.2
      vertex -4.57234 0.450336 3.42571
    endloop
  endfacet
  facet normal -0.158951 0.444256 0.881687
    outer loop
      vertex -0.570918 1.88206 7.35835
      vertex -0.904997 2.18486 7.14555
      vertex -0.752644 1.81704 7.35835
    endloop
  endfacet
  facet normal -0.970214 0.143934 0.194855
    outer loop
      vertex -4.3764 0.870521 4.31771
      vertex -4.5283 0.445998 3.87496
      vertex -4.44066 0.437366 4.31771
    endloop
  endfacet
  facet normal 0.371594 -0.0930988 0.923715
    outer loop
      vertex 1.51992 -0.30233 7.5311
      vertex 1.48296 -0.449852 7.5311
      vertex 1.92896 -0.383694 7.35835
    endloop
  endfacet
  facet normal 0.228193 -0.307694 0.923716
    outer loop
      vertex 0.983114 -1.19793 7.5311
      vertex 0.860963 -1.28852 7.5311
      vertex 1.24769 -1.52032 7.35835
    endloop
  endfacet
  facet normal -0.193207 -0.0286622 0.980739
    outer loop
      vertex -0.67171 -0.0661573 7.75021
      vertex -1.09623 -0.218054 7.66214
      vertex -0.66199 -0.131678 7.75021
    endloop
  endfacet
  facet normal 0.395081 0.835317 0.382304
    outer loop
      vertex 1.65744 4.00142 4.74969
      vertex 1.59133 3.84181 5.16675
      vertex 2.04167 3.81969 4.74969
    endloop
  endfacet
  facet normal 0.271421 -0.573897 0.77264
    outer loop
      vertex 1.29173 -2.41665 6.89475
      vertex 1.18217 -2.85402 6.60837
      vertex 1.45622 -2.72441 6.60837
    endloop
  endfacet
  facet normal 0.783161 0.28023 0.555095
    outer loop
      vertex 3.64521 1.5099 5.56487
      vertex 3.41351 1.41392 5.94022
      vertex 3.77566 1.14533 5.56487
    endloop
  endfacet
  facet normal -0.642702 -0.709121 0.289967
    outer loop
      vertex -3.06255 -3.06255 4.74969
      vertex -3.15521 -3.15521 4.31771
      vertex -2.83075 -3.44928 4.31771
    endloop
  endfacet
  facet normal 0.492017 0.820876 0.289968
    outer loop
      vertex 2.10344 3.93526 4.31771
      vertex 2.04167 3.81969 4.74969
      vertex 2.40623 3.60118 4.74969
    endloop
  endfacet
  facet normal 0.232532 0.928359 0.289962
    outer loop
      vertex 0.870521 4.3764 4.31771
      vertex 0.844955 4.24788 4.74969
      vertex 1.25725 4.14461 4.74969
    endloop
  endfacet
  facet normal -0.896354 0.224515 0.382285
    outer loop
      vertex -4.14461 1.25725 4.74969
      vertex -4.24788 0.844955 4.74969
      vertex -4.07845 0.811254 5.16675
    endloop
  endfacet
  facet normal -0.146024 0.984424 0.0979131
    outer loop
      vertex -0.450336 4.57234 3.42571
      vertex -0.887702 4.46278 3.87496
      vertex -0.445998 4.5283 3.87496
    endloop
  endfacet
  facet normal -0.627973 -0.0931564 0.77264
    outer loop
      vertex -2.72702 -0.268588 6.89475
      vertex -3.0743 -0.302792 6.60837
      vertex -2.68756 -0.53459 6.89475
    endloop
  endfacet
  facet normal -0.901087 0.322429 0.28997
    outer loop
      vertex -4.12248 1.70759 4.31771
      vertex -4.27001 1.29529 4.31771
      vertex -4.14461 1.25725 4.74969
    endloop
  endfacet
  facet normal 0.331229 -0.446615 0.831157
    outer loop
      vertex 1.50026 -1.82807 7.14555
      vertex 1.31385 -1.96632 7.14555
      vertex 1.73837 -2.11822 6.89475
    endloop
  endfacet
  facet normal -0.806854 -0.202103 0.555104
    outer loop
      vertex -3.62376 -0.72081 5.94022
      vertex -3.86974 -0.769738 5.56487
      vertex -3.53566 -1.07253 5.94022
    endloop
  endfacet
  facet normal 0.69913 -0.330663 0.633939
    outer loop
      vertex 3.14893 -1.30433 6.28917
      vertex 3.00592 -1.6067 6.28917
      vertex 3.41351 -1.41392 5.94022
    endloop
  endfacet
  facet normal 0.33526 -0.937025 0.0978999
    outer loop
      vertex 1.74129 -4.20385 3.87496
      vertex 1.3337 -4.39662 3.42571
      vertex 1.75822 -4.24473 3.42571
    endloop
  endfacet
  facet normal -0.228197 0.307689 0.923717
    outer loop
      vertex -1.09267 1.63529 7.35835
      vertex -1.24769 1.52032 7.35835
      vertex -0.860963 1.28852 7.5311
    endloop
  endfacet
  facet normal -0.395067 0.835331 0.382288
    outer loop
      vertex -1.59133 3.84181 5.16675
      vertex -2.04167 3.81969 4.74969
      vertex -1.96023 3.66734 5.16675
    endloop
  endfacet
  facet normal 0.946678 0.140437 0.289961
    outer loop
      vertex 4.3764 0.870521 4.31771
      vertex 4.24788 0.844955 4.74969
      vertex 4.31025 0.424521 4.74969
    endloop
  endfacet
  facet normal 0.627973 0.0931564 0.77264
    outer loop
      vertex 3.0743 0.302792 6.60837
      vertex 2.68756 0.53459 6.89475
      vertex 2.72702 0.268588 6.89475
    endloop
  endfacet
  facet normal 0.671556 -0.740954 0
    outer loop
      vertex 2.91469 -3.55156 3.2
      vertex 3.24877 -3.24877 3.42571
      vertex 2.91469 -3.55156 3.42571
    endloop
  endfacet
  facet normal 0.671556 -0.740954 0
    outer loop
      vertex 3.24877 -3.24877 3.42571
      vertex 2.91469 -3.55156 3.2
      vertex 3.24877 -3.24877 3.2
    endloop
  endfacet
  facet normal 0.492015 -0.820877 0.28997
    outer loop
      vertex 2.40623 -3.60118 4.74969
      vertex 2.10344 -3.93526 4.31771
      vertex 2.47903 -3.71014 4.31771
    endloop
  endfacet
  facet normal 0.768691 -0.570115 0.289969
    outer loop
      vertex 3.60118 -2.40623 4.74969
      vertex 3.44928 -2.83075 4.31771
      vertex 3.71014 -2.47903 4.31771
    endloop
  endfacet
  facet normal 0.46673 0.0692473 0.881685
    outer loop
      vertex 2.31943 0.461363 7.14555
      vertex 1.92896 0.383694 7.35835
      vertex 2.35349 0.231797 7.14555
    endloop
  endfacet
  facet normal 0.475155 0.524236 0.706686
    outer loop
      vertex 2.16225 2.63471 6.28917
      vertex 1.95975 2.38796 6.60837
      vertex 2.18437 2.18437 6.60837
    endloop
  endfacet
  facet normal -0.31686 -0.349613 0.881686
    outer loop
      vertex -1.24769 -1.52032 7.35835
      vertex -1.67222 -1.67222 7.14555
      vertex -1.50026 -1.82807 7.14555
    endloop
  endfacet
  facet normal 0.215322 0.195155 0.956844
    outer loop
      vertex 1.0958 1.0958 7.5311
      vertex 0.790339 0.790339 7.66214
      vertex 0.864 0.709066 7.66214
    endloop
  endfacet
  facet normal 0.495502 0.668088 0.5551
    outer loop
      vertex 2.50303 3.04995 5.56487
      vertex 2.19203 3.28061 5.56487
      vertex 2.34393 2.85608 5.94022
    endloop
  endfacet
  facet normal -0.544531 -0.326364 0.77264
    outer loop
      vertex -2.41665 -1.29173 6.89475
      vertex -2.72441 -1.45622 6.60837
      vertex -2.27841 -1.52238 6.89475
    endloop
  endfacet
  facet normal -0.627973 0.0931564 0.77264
    outer loop
      vertex -2.68756 0.53459 6.89475
      vertex -3.0743 0.302792 6.60837
      vertex -2.72702 0.268588 6.89475
    endloop
  endfacet
  facet normal -0.951439 0.238303 0.194872
    outer loop
      vertex -4.27001 1.29529 4.31771
      vertex -4.46278 0.887702 3.87496
      vertex -4.3764 0.870521 4.31771
    endloop
  endfacet
  facet normal -0.870021 0.311299 0.382304
    outer loop
      vertex -3.84181 1.59133 5.16675
      vertex -4.14461 1.25725 4.74969
      vertex -3.97929 1.2071 5.16675
    endloop
  endfacet
  facet normal -0.82278 -0.12204 0.555103
    outer loop
      vertex -3.67696 -0.362149 5.94022
      vertex -3.92655 -0.386731 5.56487
      vertex -3.86974 -0.769738 5.56487
    endloop
  endfacet
  facet normal -0.955885 0.0469456 0.289965
    outer loop
      vertex -4.44066 0.437366 4.31771
      vertex -4.46214 0 4.31771
      vertex -4.3311 0 4.74969
    endloop
  endfacet
  facet normal -0.922931 -0.0453326 0.382286
    outer loop
      vertex -4.15835 0 5.16675
      vertex -4.3311 0 4.74969
      vertex -4.13833 -0.407589 5.16675
    endloop
  endfacet
  facet normal 0.28384 -0.257264 0.923715
    outer loop
      vertex 1.52032 -1.24769 7.35835
      vertex 1.0958 -1.0958 7.5311
      vertex 1.3907 -1.3907 7.35835
    endloop
  endfacet
  facet normal 0.42654 -0.201736 0.881684
    outer loop
      vertex 1.81704 -0.752644 7.35835
      vertex 1.73452 -0.92712 7.35835
      vertex 2.08563 -1.11479 7.14555
    endloop
  endfacet
  facet normal -0.0432777 -0.881095 0.470956
    outer loop
      vertex 0 -3.94555 5.56487
      vertex -0.407589 -4.13833 5.16675
      vertex 0 -4.15835 5.16675
    endloop
  endfacet
  facet normal -0.914042 -0.13559 0.382285
    outer loop
      vertex -4.13833 -0.407589 5.16675
      vertex -4.24788 -0.844955 4.74969
      vertex -4.07845 -0.811254 5.16675
    endloop
  endfacet
  facet normal -0.756654 -0.453523 0.470949
    outer loop
      vertex -3.47967 -1.85992 5.56487
      vertex -3.66734 -1.96023 5.16675
      vertex -3.28061 -2.19203 5.56487
    endloop
  endfacet
  facet normal -0.363749 -0.606862 0.706687
    outer loop
      vertex -1.71625 -2.56855 6.60837
      vertex -1.89359 -2.83396 6.28917
      vertex -1.6067 -3.00592 6.28917
    endloop
  endfacet
  facet normal -0.195085 0.00958026 0.98074
    outer loop
      vertex -1.11233 0.109554 7.66214
      vertex -1.11771 0 7.66214
      vertex -0.67496 0 7.75021
    endloop
  endfacet
  facet normal -0.751932 -0.355622 0.555096
    outer loop
      vertex -3.41351 -1.41392 5.94022
      vertex -3.64521 -1.5099 5.56487
      vertex -3.47967 -1.85992 5.56487
    endloop
  endfacet
  facet normal 0.0142552 -0.290256 0.956843
    outer loop
      vertex 0.109554 -1.11233 7.66214
      vertex 0 -1.54969 7.5311
      vertex 0.151896 -1.54223 7.5311
    endloop
  endfacet
  facet normal -0.78781 0.584279 0.194868
    outer loop
      vertex -3.51736 2.88662 3.87496
      vertex -3.78336 2.52796 3.87496
      vertex -3.44928 2.83075 4.31771
    endloop
  endfacet
  facet normal 0.914042 0.13559 0.382285
    outer loop
      vertex 4.24788 0.844955 4.74969
      vertex 4.07845 0.811254 5.16675
      vertex 4.13833 0.407589 5.16675
    endloop
  endfacet
  facet normal 0.899644 -0.425507 0.0978994
    outer loop
      vertex 4.20385 -1.74129 3.87496
      vertex 4.01293 -2.14495 3.87496
      vertex 4.24473 -1.75822 3.42571
    endloop
  endfacet
  facet normal 0.797469 -0.377159 0.47095
    outer loop
      vertex 3.64521 -1.5099 5.56487
      vertex 3.47967 -1.85992 5.56487
      vertex 3.84181 -1.59133 5.16675
    endloop
  endfacet
  facet normal 0.822779 -0.122042 0.555104
    outer loop
      vertex 3.67696 -0.362149 5.94022
      vertex 3.62376 -0.72081 5.94022
      vertex 3.86974 -0.769738 5.56487
    endloop
  endfacet
  facet normal 0.154254 -0.615825 0.772635
    outer loop
      vertex 0.896739 -2.95615 6.60837
      vertex 0.53459 -2.68756 6.89475
      vertex 0.602667 -3.02981 6.60837
    endloop
  endfacet
  facet normal 0.202105 -0.806854 0.555104
    outer loop
      vertex 1.07253 -3.53566 5.94022
      vertex 0.769738 -3.86974 5.56487
      vertex 1.14533 -3.77566 5.56487
    endloop
  endfacet
  facet normal 0.55858 -0.616322 0.555099
    outer loop
      vertex 2.61259 -2.61259 5.94022
      vertex 2.34393 -2.85608 5.94022
      vertex 2.50303 -3.04995 5.56487
    endloop
  endfacet
  facet normal 0.525497 -0.708553 0.470961
    outer loop
      vertex 2.50303 -3.04995 5.56487
      vertex 2.31026 -3.45754 5.16675
      vertex 2.63803 -3.21445 5.16675
    endloop
  endfacet
  facet normal 0.792577 -0.475055 0.382289
    outer loop
      vertex 3.66734 -1.96023 5.16675
      vertex 3.60118 -2.40623 4.74969
      vertex 3.81969 -2.04167 4.74969
    endloop
  endfacet
  facet normal 0.914042 -0.13559 0.382285
    outer loop
      vertex 4.13833 -0.407589 5.16675
      vertex 4.07845 -0.811254 5.16675
      vertex 4.24788 -0.844955 4.74969
    endloop
  endfacet
  facet normal 0.0788255 0.0584646 0.995173
    outer loop
      vertex 0.52175 0.428189 7.75021
      vertex 0.174477 0.143189 7.79446
      vertex 0.561209 0.374988 7.75021
    endloop
  endfacet
  facet normal 0.290256 -0.0142552 0.956843
    outer loop
      vertex 1.54969 0 7.5311
      vertex 1.11233 -0.109554 7.66214
      vertex 1.54223 -0.151896 7.5311
    endloop
  endfacet
  facet normal -0.460716 0.621178 0.633939
    outer loop
      vertex -2.0527 3.07208 5.94022
      vertex -2.34393 2.85608 5.94022
      vertex -2.16225 2.63471 6.28917
    endloop
  endfacet
  facet normal -0.0657976 -0.183904 0.98074
    outer loop
      vertex -0.258296 -0.623582 7.75021
      vertex -0.427728 -1.03263 7.66214
      vertex -0.324453 -1.06958 7.66214
    endloop
  endfacet
  facet normal -0.787804 0.584291 0.194856
    outer loop
      vertex -3.44928 2.83075 4.31771
      vertex -3.78336 2.52796 3.87496
      vertex -3.71014 2.47903 4.31771
    endloop
  endfacet
  facet normal -0.290256 -0.0142552 0.956843
    outer loop
      vertex -1.11233 -0.109554 7.66214
      vertex -1.54969 0 7.5311
      vertex -1.54223 -0.151896 7.5311
    endloop
  endfacet
  facet normal 0.031163 0.634091 0.772631
    outer loop
      vertex 0 3.08917 6.60837
      vertex 0 2.74022 6.89475
      vertex 0.268588 2.72702 6.89475
    endloop
  endfacet
  facet normal 0.597738 0.213876 0.772636
    outer loop
      vertex 2.85402 1.18217 6.60837
      vertex 2.62222 0.795443 6.89475
      vertex 2.95615 0.896739 6.60837
    endloop
  endfacet
  facet normal 0.167532 0.100416 0.980739
    outer loop
      vertex 0.92934 0.620965 7.66214
      vertex 0.561209 0.374988 7.75021
      vertex 0.985731 0.526884 7.66214
    endloop
  endfacet
  facet normal 0.502648 -0.237748 0.831156
    outer loop
      vertex 2.18486 -0.904997 7.14555
      vertex 2.08563 -1.11479 7.14555
      vertex 2.53163 -1.04864 6.89475
    endloop
  endfacet
  facet normal 0.620554 0.684667 0.382288
    outer loop
      vertex 2.74762 3.34799 4.74969
      vertex 2.63803 3.21445 5.16675
      vertex 3.06255 3.06255 4.74969
    endloop
  endfacet
  facet normal 0.870021 0.311298 0.382305
    outer loop
      vertex 4.00142 1.65744 4.74969
      vertex 3.84181 1.59133 5.16675
      vertex 4.14461 1.25725 4.74969
    endloop
  endfacet
  facet normal 0.970214 0.143934 0.194855
    outer loop
      vertex 4.5283 0.445998 3.87496
      vertex 4.3764 0.870521 4.31771
      vertex 4.44066 0.437366 4.31771
    endloop
  endfacet
  facet normal 0.870021 -0.311298 0.382305
    outer loop
      vertex 4.14461 -1.25725 4.74969
      vertex 3.84181 -1.59133 5.16675
      vertex 4.00142 -1.65744 4.74969
    endloop
  endfacet
  facet normal 0.896354 0.224515 0.382285
    outer loop
      vertex 4.14461 1.25725 4.74969
      vertex 4.07845 0.811254 5.16675
      vertex 4.24788 0.844955 4.74969
    endloop
  endfacet
  facet normal 0.514108 0.857726 -0
    outer loop
      vertex 2.55254 3.82015 3.2
      vertex 2.16581 4.05195 3.42571
      vertex 2.55254 3.82015 3.42571
    endloop
  endfacet
  facet normal 0.514108 0.857726 0
    outer loop
      vertex 2.16581 4.05195 3.42571
      vertex 2.55254 3.82015 3.2
      vertex 2.16581 4.05195 3.2
    endloop
  endfacet
  facet normal 0.709115 0.642714 0.289956
    outer loop
      vertex 3.44928 2.83075 4.31771
      vertex 3.06255 3.06255 4.74969
      vertex 3.34799 2.74762 4.74969
    endloop
  endfacet
  facet normal 0.146031 0.984423 0.0979065
    outer loop
      vertex 0.896334 4.50618 3.42571
      vertex 0.450336 4.57234 3.42571
      vertex 0.887702 4.46278 3.87496
    endloop
  endfacet
  facet normal -0.371594 0.0930988 0.923715
    outer loop
      vertex -1.48296 0.449852 7.5311
      vertex -1.92896 0.383694 7.35835
      vertex -1.51992 0.30233 7.5311
    endloop
  endfacet
  facet normal -0.287461 0.0426317 0.956843
    outer loop
      vertex -1.51992 0.30233 7.5311
      vertex -1.54223 0.151896 7.5311
      vertex -1.11233 0.109554 7.66214
    endloop
  endfacet
  facet normal -0.903986 0.427563 0
    outer loop
      vertex -4.24473 1.75822 3.2
      vertex -4.05195 2.16581 3.42571
      vertex -4.05195 2.16581 3.2
    endloop
  endfacet
  facet normal -0.903986 0.427563 0
    outer loop
      vertex -4.05195 2.16581 3.42571
      vertex -4.24473 1.75822 3.2
      vertex -4.24473 1.75822 3.42571
    endloop
  endfacet
  facet normal -0.830596 0.297193 0.470943
    outer loop
      vertex -3.84181 1.59133 5.16675
      vertex -3.97929 1.2071 5.16675
      vertex -3.77566 1.14533 5.56487
    endloop
  endfacet
  facet normal -0.970213 0.143916 0.194872
    outer loop
      vertex -4.46278 0.887702 3.87496
      vertex -4.5283 0.445998 3.87496
      vertex -4.3764 0.870521 4.31771
    endloop
  endfacet
  facet normal -0.901095 0.322416 0.289957
    outer loop
      vertex -4.12248 1.70759 4.31771
      vertex -4.14461 1.25725 4.74969
      vertex -4.00142 1.65744 4.74969
    endloop
  endfacet
  facet normal -0.965368 0.241824 0.0979063
    outer loop
      vertex -4.39662 1.3337 3.42571
      vertex -4.50618 0.896334 3.42571
      vertex -4.46278 0.887702 3.87496
    endloop
  endfacet
  facet normal -0.899644 0.425507 0.0978994
    outer loop
      vertex -4.01293 2.14495 3.87496
      vertex -4.24473 1.75822 3.42571
      vertex -4.20385 1.74129 3.87496
    endloop
  endfacet
  facet normal -0.0788255 -0.0584646 0.995173
    outer loop
      vertex -0.174477 -0.143189 7.79446
      vertex -0.561209 -0.374988 7.75021
      vertex -0.52175 -0.428189 7.75021
    endloop
  endfacet
  facet normal -0.66337 -0.397582 0.633931
    outer loop
      vertex -3.00592 -1.6067 6.28917
      vertex -3.25848 -1.74169 5.94022
      vertex -3.07208 -2.0527 5.94022
    endloop
  endfacet
  facet normal -0.597749 -0.213865 0.77263
    outer loop
      vertex -2.62222 -0.795443 6.89475
      vertex -2.85402 -1.18217 6.60837
      vertex -2.53163 -1.04864 6.89475
    endloop
  endfacet
  facet normal -0.886663 -0.419354 0.194861
    outer loop
      vertex -3.93526 -2.10344 4.31771
      vertex -4.12248 -1.70759 4.31771
      vertex -4.01293 -2.14495 3.87496
    endloop
  endfacet
  facet normal 0.196945 -0.328573 0.923716
    outer loop
      vertex 1.09267 -1.63529 7.35835
      vertex 0.73052 -1.36671 7.5311
      vertex 0.92712 -1.73452 7.35835
    endloop
  endfacet
  facet normal -0.10382 -0.699878 0.706677
    outer loop
      vertex -0.302792 -3.0743 6.60837
      vertex -0.664941 -3.34288 6.28917
      vertex -0.334079 -3.39196 6.28917
    endloop
  endfacet
  facet normal -0.12943 -0.872606 0.470964
    outer loop
      vertex -0.386731 -3.92655 5.56487
      vertex -0.769738 -3.86974 5.56487
      vertex -0.407589 -4.13833 5.16675
    endloop
  endfacet
  facet normal -0.232522 -0.928359 0.28997
    outer loop
      vertex -1.25725 -4.14461 4.74969
      vertex -1.29529 -4.27001 4.31771
      vertex -0.870521 -4.3764 4.31771
    endloop
  endfacet
  facet normal -0.55858 -0.616322 0.555099
    outer loop
      vertex -2.34393 -2.85608 5.94022
      vertex -2.61259 -2.61259 5.94022
      vertex -2.50303 -3.04995 5.56487
    endloop
  endfacet
  facet normal -0.653635 -0.592416 0.470961
    outer loop
      vertex -3.04995 -2.50303 5.56487
      vertex -3.21445 -2.63803 5.16675
      vertex -2.9404 -2.9404 5.16675
    endloop
  endfacet
  facet normal -0.951439 -0.238303 0.194872
    outer loop
      vertex -4.3764 -0.870521 4.31771
      vertex -4.46278 -0.887702 3.87496
      vertex -4.27001 -1.29529 4.31771
    endloop
  endfacet
  facet normal -0.668088 -0.495502 0.5551
    outer loop
      vertex -2.85608 -2.34393 5.94022
      vertex -3.28061 -2.19203 5.56487
      vertex -3.04995 -2.50303 5.56487
    endloop
  endfacet
  facet normal -0.2972 -0.830589 0.47095
    outer loop
      vertex -1.5099 -3.64521 5.56487
      vertex -1.59133 -3.84181 5.16675
      vertex -1.14533 -3.77566 5.56487
    endloop
  endfacet
  facet normal -0.830778 0.0408159 0.555106
    outer loop
      vertex -3.92655 0.386731 5.56487
      vertex -3.94555 0 5.56487
      vertex -3.69475 0 5.94022
    endloop
  endfacet
  facet normal -0.765011 0.113482 0.63394
    outer loop
      vertex -3.34288 0.664941 6.28917
      vertex -3.67696 0.362149 5.94022
      vertex -3.39196 0.334079 6.28917
    endloop
  endfacet
  facet normal -0.806854 -0.202105 0.555104
    outer loop
      vertex -3.53566 -1.07253 5.94022
      vertex -3.86974 -0.769738 5.56487
      vertex -3.77566 -1.14533 5.56487
    endloop
  endfacet
  facet normal 0.550451 -0.7422 0.382286
    outer loop
      vertex 2.63803 -3.21445 5.16675
      vertex 2.31026 -3.45754 5.16675
      vertex 2.40623 -3.60118 4.74969
    endloop
  endfacet
  facet normal -0.941548 0.336879 0
    outer loop
      vertex -4.39662 1.3337 3.2
      vertex -4.24473 1.75822 3.42571
      vertex -4.24473 1.75822 3.2
    endloop
  endfacet
  facet normal -0.941548 0.336879 0
    outer loop
      vertex -4.24473 1.75822 3.42571
      vertex -4.39662 1.3337 3.2
      vertex -4.39662 1.3337 3.42571
    endloop
  endfacet
  facet normal 0.045329 0.92293 0.382289
    outer loop
      vertex 0.424521 4.31025 4.74969
      vertex 0 4.3311 4.74969
      vertex 0.407589 4.13833 5.16675
    endloop
  endfacet
  facet normal -0.726761 0.658669 0.194868
    outer loop
      vertex -3.21749 3.21749 3.87496
      vertex -3.51736 2.88662 3.87496
      vertex -3.44928 2.83075 4.31771
    endloop
  endfacet
  facet normal 0.336879 0.941548 -0
    outer loop
      vertex 1.75822 4.24473 3.2
      vertex 1.3337 4.39662 3.42571
      vertex 1.75822 4.24473 3.42571
    endloop
  endfacet
  facet normal 0.336879 0.941548 0
    outer loop
      vertex 1.3337 4.39662 3.42571
      vertex 1.75822 4.24473 3.2
      vertex 1.3337 4.39662 3.2
    endloop
  endfacet
  facet normal 0.550026 0.0815934 0.831152
    outer loop
      vertex 2.68756 0.53459 6.89475
      vertex 2.35349 0.231797 7.14555
      vertex 2.72702 0.268588 6.89475
    endloop
  endfacet
  facet normal 0.797469 0.377159 0.47095
    outer loop
      vertex 3.84181 1.59133 5.16675
      vertex 3.47967 1.85992 5.56487
      vertex 3.64521 1.5099 5.56487
    endloop
  endfacet
  facet normal 0.946676 0.140443 0.289967
    outer loop
      vertex 4.3764 0.870521 4.31771
      vertex 4.31025 0.424521 4.74969
      vertex 4.44066 0.437366 4.31771
    endloop
  endfacet
  facet normal 0.979651 -0.0481261 0.194855
    outer loop
      vertex 4.55021 0 3.87496
      vertex 4.44066 -0.437366 4.31771
      vertex 4.5283 -0.445998 3.87496
    endloop
  endfacet
  facet normal 0.970028 -0.242992 0
    outer loop
      vertex 4.39662 -1.3337 3.42571
      vertex 4.50618 -0.896334 3.2
      vertex 4.50618 -0.896334 3.42571
    endloop
  endfacet
  facet normal 0.970028 -0.242992 0
    outer loop
      vertex 4.50618 -0.896334 3.2
      vertex 4.39662 -1.3337 3.42571
      vertex 4.39662 -1.3337 3.2
    endloop
  endfacet
  facet normal 0.573016 -0.519374 0.633959
    outer loop
      vertex 2.63471 -2.16225 6.28917
      vertex 2.41008 -2.41008 6.28917
      vertex 2.61259 -2.61259 5.94022
    endloop
  endfacet
  facet normal 0.592409 -0.65365 0.47095
    outer loop
      vertex 2.78993 -2.78993 5.56487
      vertex 2.50303 -3.04995 5.56487
      vertex 2.9404 -2.9404 5.16675
    endloop
  endfacet
  facet normal 0.709121 -0.642702 0.289967
    outer loop
      vertex 3.44928 -2.83075 4.31771
      vertex 3.06255 -3.06255 4.74969
      vertex 3.15521 -3.15521 4.31771
    endloop
  endfacet
  facet normal 0.955885 -0.0469456 0.289965
    outer loop
      vertex 4.46214 0 4.31771
      vertex 4.3311 0 4.74969
      vertex 4.44066 -0.437366 4.31771
    endloop
  endfacet
  facet normal 0.979649 -0.0481127 0.194868
    outer loop
      vertex 4.46214 0 4.31771
      vertex 4.44066 -0.437366 4.31771
      vertex 4.55021 0 3.87496
    endloop
  endfacet
  facet normal 0.048824 -0.993997 0.0979062
    outer loop
      vertex 0 -4.55021 3.87496
      vertex 0 -4.59446 3.42571
      vertex 0.450336 -4.57234 3.42571
    endloop
  endfacet
  facet normal 0.395067 -0.835331 0.382288
    outer loop
      vertex 1.96023 -3.66734 5.16675
      vertex 1.59133 -3.84181 5.16675
      vertex 2.04167 -3.81969 4.74969
    endloop
  endfacet
  facet normal 0.213865 -0.597749 0.77263
    outer loop
      vertex 1.04864 -2.53163 6.89475
      vertex 0.795443 -2.62222 6.89475
      vertex 1.18217 -2.85402 6.60837
    endloop
  endfacet
  facet normal 0.214359 -0.855718 0.470954
    outer loop
      vertex 1.2071 -3.97929 5.16675
      vertex 0.769738 -3.86974 5.56487
      vertex 0.811254 -4.07845 5.16675
    endloop
  endfacet
  facet normal 0.378929 0.0562085 0.923717
    outer loop
      vertex 1.92896 0.383694 7.35835
      vertex 1.54223 0.151896 7.5311
      vertex 1.95728 0.192775 7.35835
    endloop
  endfacet
  facet normal 0.872609 0.129444 0.470954
    outer loop
      vertex 4.07845 0.811254 5.16675
      vertex 3.86974 0.769738 5.56487
      vertex 4.13833 0.407589 5.16675
    endloop
  endfacet
  facet normal 0.544531 -0.326364 0.77264
    outer loop
      vertex 2.41665 -1.29173 6.89475
      vertex 2.27841 -1.52238 6.89475
      vertex 2.72441 -1.45622 6.60837
    endloop
  endfacet
  facet normal 0.290256 0.0142552 0.956843
    outer loop
      vertex 1.54223 0.151896 7.5311
      vertex 1.11233 0.109554 7.66214
      vertex 1.54969 0 7.5311
    endloop
  endfacet
  facet normal 0.634081 -0.0311395 0.77264
    outer loop
      vertex 3.08917 0 6.60837
      vertex 2.72702 -0.268588 6.89475
      vertex 3.0743 -0.302792 6.60837
    endloop
  endfacet
  facet normal 0.792578 -0.475053 0.382288
    outer loop
      vertex 3.66734 -1.96023 5.16675
      vertex 3.45754 -2.31026 5.16675
      vertex 3.60118 -2.40623 4.74969
    endloop
  endfacet
  facet normal 0.0144015 -0.0970781 0.995173
    outer loop
      vertex 0.131678 -0.66199 7.75021
      vertex 0.044034 -0.221374 7.79446
      vertex 0.0661573 -0.67171 7.75021
    endloop
  endfacet
  facet normal 0.371593 -0.0930848 0.923717
    outer loop
      vertex 1.92896 -0.383694 7.35835
      vertex 1.48296 -0.449852 7.5311
      vertex 1.88206 -0.570918 7.35835
    endloop
  endfacet
  facet normal 0.457699 0.114647 0.881684
    outer loop
      vertex 2.26304 0.686486 7.14555
      vertex 1.92896 0.383694 7.35835
      vertex 2.31943 0.461363 7.14555
    endloop
  endfacet
  facet normal -0.273619 0.0978962 0.956843
    outer loop
      vertex -1.03263 0.427728 7.66214
      vertex -1.48296 0.449852 7.5311
      vertex -1.06958 0.324453 7.66214
    endloop
  endfacet
  facet normal 0.550018 0.0816045 0.831156
    outer loop
      vertex 2.68756 0.53459 6.89475
      vertex 2.31943 0.461363 7.14555
      vertex 2.35349 0.231797 7.14555
    endloop
  endfacet
  facet normal 0.684676 0.620549 0.382279
    outer loop
      vertex 3.06255 3.06255 4.74969
      vertex 2.9404 2.9404 5.16675
      vertex 3.21445 2.63803 5.16675
    endloop
  endfacet
  facet normal -0.195155 -0.215322 0.956844
    outer loop
      vertex -0.790339 -0.790339 7.66214
      vertex -1.0958 -1.0958 7.5311
      vertex -0.709066 -0.864 7.66214
    endloop
  endfacet
  facet normal -0.363748 0.606862 0.706687
    outer loop
      vertex -1.6067 3.00592 6.28917
      vertex -1.71625 2.56855 6.60837
      vertex -1.45622 2.72441 6.60837
    endloop
  endfacet
  facet normal -0.806854 0.202105 0.555104
    outer loop
      vertex -3.77566 1.14533 5.56487
      vertex -3.86974 0.769738 5.56487
      vertex -3.53566 1.07253 5.94022
    endloop
  endfacet
  facet normal -0.0659068 0.0727179 0.995173
    outer loop
      vertex -0.428189 0.52175 7.75021
      vertex -0.477268 0.477268 7.75021
      vertex -0.143189 0.174477 7.79446
    endloop
  endfacet
  facet normal -0.0931564 0.627973 0.77264
    outer loop
      vertex -0.302792 3.0743 6.60837
      vertex -0.53459 2.68756 6.89475
      vertex -0.268588 2.72702 6.89475
    endloop
  endfacet
  facet normal 0.495508 0.668087 0.555096
    outer loop
      vertex 2.19203 3.28061 5.56487
      vertex 2.0527 3.07208 5.94022
      vertex 2.34393 2.85608 5.94022
    endloop
  endfacet
  facet normal -0.135595 0.91404 0.382289
    outer loop
      vertex -0.424521 4.31025 4.74969
      vertex -0.844955 4.24788 4.74969
      vertex -0.407589 4.13833 5.16675
    endloop
  endfacet
  facet normal -0.326387 0.544529 0.772632
    outer loop
      vertex -1.45622 2.72441 6.60837
      vertex -1.71625 2.56855 6.60837
      vertex -1.52238 2.27841 6.89475
    endloop
  endfacet
  facet normal 0.330677 0.69913 0.633932
    outer loop
      vertex 1.74169 3.25848 5.94022
      vertex 1.41392 3.41351 5.94022
      vertex 1.6067 3.00592 6.28917
    endloop
  endfacet
  facet normal 0.426347 0.470387 0.772634
    outer loop
      vertex 1.95975 2.38796 6.60837
      vertex 1.73837 2.11822 6.89475
      vertex 2.18437 2.18437 6.60837
    endloop
  endfacet
  facet normal 0.573898 0.27145 0.772629
    outer loop
      vertex 2.85402 1.18217 6.60837
      vertex 2.41665 1.29173 6.89475
      vertex 2.53163 1.04864 6.89475
    endloop
  endfacet
  facet normal 0.830589 0.2972 0.47095
    outer loop
      vertex 3.84181 1.59133 5.16675
      vertex 3.64521 1.5099 5.56487
      vertex 3.77566 1.14533 5.56487
    endloop
  endfacet
  facet normal 0.713448 0.427596 0.555115
    outer loop
      vertex 3.47967 1.85992 5.56487
      vertex 3.07208 2.0527 5.94022
      vertex 3.25848 1.74169 5.94022
    endloop
  endfacet
  facet normal 0.684667 0.620554 0.382288
    outer loop
      vertex 3.34799 2.74762 4.74969
      vertex 3.06255 3.06255 4.74969
      vertex 3.21445 2.63803 5.16675
    endloop
  endfacet
  facet normal 0.7422 0.550451 0.382286
    outer loop
      vertex 3.60118 2.40623 4.74969
      vertex 3.21445 2.63803 5.16675
      vertex 3.45754 2.31026 5.16675
    endloop
  endfacet
  facet normal 0.901095 0.322416 0.289957
    outer loop
      vertex 4.12248 1.70759 4.31771
      vertex 4.00142 1.65744 4.74969
      vertex 4.14461 1.25725 4.74969
    endloop
  endfacet
  facet normal 0.841285 0.504253 0.194855
    outer loop
      vertex 3.78336 2.52796 3.87496
      vertex 3.71014 2.47903 4.31771
      vertex 4.01293 2.14495 3.87496
    endloop
  endfacet
  facet normal 0.0469456 0.955885 0.289965
    outer loop
      vertex 0 4.46214 4.31771
      vertex 0 4.3311 4.74969
      vertex 0.437366 4.44066 4.31771
    endloop
  endfacet
  facet normal 0.658669 0.726761 0.194868
    outer loop
      vertex 2.88662 3.51736 3.87496
      vertex 2.83075 3.44928 4.31771
      vertex 3.21749 3.21749 3.87496
    endloop
  endfacet
  facet normal -0.287451 0.0426541 0.956845
    outer loop
      vertex -1.09623 0.218054 7.66214
      vertex -1.51992 0.30233 7.5311
      vertex -1.11233 0.109554 7.66214
    endloop
  endfacet
  facet normal -0.751932 0.355622 0.555096
    outer loop
      vertex -3.47967 1.85992 5.56487
      vertex -3.64521 1.5099 5.56487
      vertex -3.41351 1.41392 5.94022
    endloop
  endfacet
  facet normal -0.841285 0.504253 0.194855
    outer loop
      vertex -3.78336 2.52796 3.87496
      vertex -4.01293 2.14495 3.87496
      vertex -3.71014 2.47903 4.31771
    endloop
  endfacet
  facet normal -0.922931 0.0453326 0.382286
    outer loop
      vertex -4.13833 0.407589 5.16675
      vertex -4.3311 0 4.74969
      vertex -4.15835 0 5.16675
    endloop
  endfacet
  facet normal -0.928359 -0.232522 0.28997
    outer loop
      vertex -4.14461 -1.25725 4.74969
      vertex -4.3764 -0.870521 4.31771
      vertex -4.27001 -1.29529 4.31771
    endloop
  endfacet
  facet normal -0.993997 -0.048824 0.0979062
    outer loop
      vertex -4.55021 0 3.87496
      vertex -4.59446 0 3.42571
      vertex -4.57234 -0.450336 3.42571
    endloop
  endfacet
  facet normal -0.993997 0.048824 0.0979062
    outer loop
      vertex -4.57234 0.450336 3.42571
      vertex -4.59446 0 3.42571
      vertex -4.55021 0 3.87496
    endloop
  endfacet
  facet normal -0.914042 0.13559 0.382285
    outer loop
      vertex -4.07845 0.811254 5.16675
      vertex -4.24788 0.844955 4.74969
      vertex -4.13833 0.407589 5.16675
    endloop
  endfacet
  facet normal -0.419364 0.886656 0.194872
    outer loop
      vertex -1.74129 4.20385 3.87496
      vertex -2.14495 4.01293 3.87496
      vertex -1.70759 4.12248 4.31771
    endloop
  endfacet
  facet normal -0.965372 0.241812 0.0978937
    outer loop
      vertex -4.39662 1.3337 3.42571
      vertex -4.46278 0.887702 3.87496
      vertex -4.35428 1.32086 3.87496
    endloop
  endfacet
  facet normal -0.592838 -0.79935 0.0978936
    outer loop
      vertex -2.88662 -3.51736 3.87496
      vertex -2.91469 -3.55156 3.42571
      vertex -2.52796 -3.78336 3.87496
    endloop
  endfacet
  facet normal -0.853606 -0.511638 0.097897
    outer loop
      vertex -3.78336 -2.52796 3.87496
      vertex -4.01293 -2.14495 3.87496
      vertex -3.82015 -2.55254 3.42571
    endloop
  endfacet
  facet normal 0.183904 0.0657976 0.98074
    outer loop
      vertex 1.03263 0.427728 7.66214
      vertex 0.623582 0.258296 7.75021
      vertex 1.06958 0.324453 7.66214
    endloop
  endfacet
  facet normal 0.183904 -0.0657976 0.98074
    outer loop
      vertex 1.06958 -0.324453 7.66214
      vertex 0.623582 -0.258296 7.75021
      vertex 1.03263 -0.427728 7.66214
    endloop
  endfacet
  facet normal -0.00481619 0.0980221 0.995173
    outer loop
      vertex 0 0.225711 7.79446
      vertex -0.0661573 0.67171 7.75021
      vertex -0.0221233 0.224624 7.79446
    endloop
  endfacet
  facet normal -0.0727149 -0.0659095 0.995173
    outer loop
      vertex -0.174477 -0.143189 7.79446
      vertex -0.477268 -0.477268 7.75021
      vertex -0.159601 -0.159601 7.79446
    endloop
  endfacet
  facet normal 0.0841777 -0.0504543 0.995173
    outer loop
      vertex 0.199059 -0.1064 7.79446
      vertex 0.187672 -0.125398 7.79446
      vertex 0.561209 -0.374988 7.75021
    endloop
  endfacet
  facet normal 0.176566 0.0835126 0.98074
    outer loop
      vertex 0.985731 0.526884 7.66214
      vertex 0.623582 0.258296 7.75021
      vertex 1.03263 0.427728 7.66214
    endloop
  endfacet
  facet normal -0.525512 -0.70855 0.470951
    outer loop
      vertex -2.19203 -3.28061 5.56487
      vertex -2.50303 -3.04995 5.56487
      vertex -2.31026 -3.45754 5.16675
    endloop
  endfacet
  facet normal -0.328573 -0.196945 0.923716
    outer loop
      vertex -1.36671 -0.73052 7.5311
      vertex -1.73452 -0.92712 7.35835
      vertex -1.63529 -1.09267 7.35835
    endloop
  endfacet
  facet normal -0.378182 -0.509917 0.772634
    outer loop
      vertex -1.73837 -2.11822 6.89475
      vertex -1.95975 -2.38796 6.60837
      vertex -1.52238 -2.27841 6.89475
    endloop
  endfacet
  facet normal -0.0432877 -0.88109 0.470964
    outer loop
      vertex -0.386731 -3.92655 5.56487
      vertex -0.407589 -4.13833 5.16675
      vertex 0 -3.94555 5.56487
    endloop
  endfacet
  facet normal 0.524236 -0.475155 0.706686
    outer loop
      vertex 2.38796 -1.95975 6.60837
      vertex 2.18437 -2.18437 6.60837
      vertex 2.63471 -2.16225 6.28917
    endloop
  endfacet
  facet normal 0.260536 -0.728177 0.63394
    outer loop
      vertex 1.30433 -3.14893 6.28917
      vertex 0.989399 -3.26161 6.28917
      vertex 1.41392 -3.41351 5.94022
    endloop
  endfacet
  facet normal 0.0692319 -0.466726 0.881688
    outer loop
      vertex 0.383694 -1.92896 7.35835
      vertex 0.192775 -1.95728 7.35835
      vertex 0.231797 -2.35349 7.14555
    endloop
  endfacet
  facet normal 0.149407 -0.249253 0.956844
    outer loop
      vertex 0.860963 -1.28852 7.5311
      vertex 0.526884 -0.985731 7.66214
      vertex 0.73052 -1.36671 7.5311
    endloop
  endfacet
  facet normal -0.984424 -0.146024 0.0979131
    outer loop
      vertex -4.5283 -0.445998 3.87496
      vertex -4.57234 -0.450336 3.42571
      vertex -4.46278 -0.887702 3.87496
    endloop
  endfacet
  facet normal -0.965372 -0.241812 0.0978937
    outer loop
      vertex -4.35428 -1.32086 3.87496
      vertex -4.46278 -0.887702 3.87496
      vertex -4.39662 -1.3337 3.42571
    endloop
  endfacet
  facet normal -0.621178 -0.460716 0.633939
    outer loop
      vertex -2.63471 -2.16225 6.28917
      vertex -3.07208 -2.0527 5.94022
      vertex -2.85608 -2.34393 5.94022
    endloop
  endfacet
  facet normal -0.355641 -0.751909 0.555114
    outer loop
      vertex -1.74169 -3.25848 5.94022
      vertex -1.85992 -3.47967 5.56487
      vertex -1.41392 -3.41351 5.94022
    endloop
  endfacet
  facet normal -0.787804 -0.584291 0.194856
    outer loop
      vertex -3.71014 -2.47903 4.31771
      vertex -3.78336 -2.52796 3.87496
      vertex -3.44928 -2.83075 4.31771
    endloop
  endfacet
  facet normal -0.742201 -0.550449 0.382288
    outer loop
      vertex -3.21445 -2.63803 5.16675
      vertex -3.60118 -2.40623 4.74969
      vertex -3.34799 -2.74762 4.74969
    endloop
  endfacet
  facet normal -0.238361 -0.666168 0.706686
    outer loop
      vertex -0.896739 -2.95615 6.60837
      vertex -1.18217 -2.85402 6.60837
      vertex -0.989399 -3.26161 6.28917
    endloop
  endfacet
  facet normal -0.820876 -0.492017 0.289968
    outer loop
      vertex -3.81969 -2.04167 4.74969
      vertex -3.93526 -2.10344 4.31771
      vertex -3.60118 -2.40623 4.74969
    endloop
  endfacet
  facet normal -0.597738 -0.213876 0.772636
    outer loop
      vertex -2.62222 -0.795443 6.89475
      vertex -2.95615 -0.896739 6.60837
      vertex -2.85402 -1.18217 6.60837
    endloop
  endfacet
  facet normal -0.896354 -0.224515 0.382285
    outer loop
      vertex -4.07845 -0.811254 5.16675
      vertex -4.24788 -0.844955 4.74969
      vertex -4.14461 -1.25725 4.74969
    endloop
  endfacet
  facet normal -0.699868 -0.103834 0.706685
    outer loop
      vertex -3.0743 -0.302792 6.60837
      vertex -3.34288 -0.664941 6.28917
      vertex -3.02981 -0.602667 6.60837
    endloop
  endfacet
  facet normal -0.750204 -0.18791 0.633943
    outer loop
      vertex -3.34288 -0.664941 6.28917
      vertex -3.53566 -1.07253 5.94022
      vertex -3.26161 -0.989399 6.28917
    endloop
  endfacet
  facet normal -0.872606 -0.12943 0.470964
    outer loop
      vertex -3.92655 -0.386731 5.56487
      vertex -4.13833 -0.407589 5.16675
      vertex -3.86974 -0.769738 5.56487
    endloop
  endfacet
  facet normal -0.539376 0.135106 0.831156
    outer loop
      vertex -2.62222 0.795443 6.89475
      vertex -2.68756 0.53459 6.89475
      vertex -2.31943 0.461363 7.14555
    endloop
  endfacet
  facet normal -0.765008 -0.113473 0.633945
    outer loop
      vertex -3.34288 -0.664941 6.28917
      vertex -3.67696 -0.362149 5.94022
      vertex -3.62376 -0.72081 5.94022
    endloop
  endfacet
  facet normal -0.83078 0.0408108 0.555102
    outer loop
      vertex -3.67696 0.362149 5.94022
      vertex -3.92655 0.386731 5.56487
      vertex -3.69475 0 5.94022
    endloop
  endfacet
  facet normal -0.241812 -0.965372 0.0978937
    outer loop
      vertex -1.32086 -4.35428 3.87496
      vertex -1.3337 -4.39662 3.42571
      vertex -0.887702 -4.46278 3.87496
    endloop
  endfacet
  facet normal -0.0481127 -0.979649 0.194868
    outer loop
      vertex 0 -4.46214 4.31771
      vertex -0.437366 -4.44066 4.31771
      vertex 0 -4.55021 3.87496
    endloop
  endfacet
  facet normal 0.597749 -0.213865 0.77263
    outer loop
      vertex 2.62222 -0.795443 6.89475
      vertex 2.53163 -1.04864 6.89475
      vertex 2.85402 -1.18217 6.60837
    endloop
  endfacet
  facet normal 0.475055 -0.792577 0.382289
    outer loop
      vertex 2.40623 -3.60118 4.74969
      vertex 1.96023 -3.66734 5.16675
      vertex 2.04167 -3.81969 4.74969
    endloop
  endfacet
  facet normal 0.595701 -0.803206 0
    outer loop
      vertex 2.55254 -3.82015 3.2
      vertex 2.91469 -3.55156 3.42571
      vertex 2.55254 -3.82015 3.42571
    endloop
  endfacet
  facet normal 0.595701 -0.803206 0
    outer loop
      vertex 2.91469 -3.55156 3.42571
      vertex 2.55254 -3.82015 3.2
      vertex 2.91469 -3.55156 3.2
    endloop
  endfacet
  facet normal 0.726748 -0.658679 0.194883
    outer loop
      vertex 3.44928 -2.83075 4.31771
      vertex 3.15521 -3.15521 4.31771
      vertex 3.21749 -3.21749 3.87496
    endloop
  endfacet
  facet normal 0.965368 -0.241824 0.0979063
    outer loop
      vertex 4.46278 -0.887702 3.87496
      vertex 4.39662 -1.3337 3.42571
      vertex 4.50618 -0.896334 3.42571
    endloop
  endfacet
  facet normal 0.984423 -0.146031 0.0979065
    outer loop
      vertex 4.57234 -0.450336 3.42571
      vertex 4.46278 -0.887702 3.87496
      vertex 4.50618 -0.896334 3.42571
    endloop
  endfacet
  facet normal -0.146736 0.989176 0
    outer loop
      vertex -0.450336 4.57234 3.2
      vertex -0.896334 4.50618 3.42571
      vertex -0.450336 4.57234 3.42571
    endloop
  endfacet
  facet normal -0.146736 0.989176 0
    outer loop
      vertex -0.896334 4.50618 3.42571
      vertex -0.450336 4.57234 3.2
      vertex -0.896334 4.50618 3.2
    endloop
  endfacet
  facet normal 0.202105 0.806854 0.555104
    outer loop
      vertex 1.14533 3.77566 5.56487
      vertex 0.769738 3.86974 5.56487
      vertex 1.07253 3.53566 5.94022
    endloop
  endfacet
  facet normal -0.446611 0.331231 0.831158
    outer loop
      vertex -2.11822 1.73837 6.89475
      vertex -2.27841 1.52238 6.89475
      vertex -1.96632 1.31385 7.14555
    endloop
  endfacet
  facet normal -0.504253 0.841285 0.194855
    outer loop
      vertex -2.14495 4.01293 3.87496
      vertex -2.52796 3.78336 3.87496
      vertex -2.47903 3.71014 4.31771
    endloop
  endfacet
  facet normal -0.242992 0.970028 0
    outer loop
      vertex -0.896334 4.50618 3.2
      vertex -1.3337 4.39662 3.42571
      vertex -0.896334 4.50618 3.42571
    endloop
  endfacet
  facet normal -0.242992 0.970028 0
    outer loop
      vertex -1.3337 4.39662 3.42571
      vertex -0.896334 4.50618 3.2
      vertex -1.3337 4.39662 3.2
    endloop
  endfacet
  facet normal 0.0469475 0.955884 0.289967
    outer loop
      vertex 0.437366 4.44066 4.31771
      vertex 0 4.3311 4.74969
      vertex 0.424521 4.31025 4.74969
    endloop
  endfacet
  facet normal -0.103834 0.699868 0.706685
    outer loop
      vertex -0.302792 3.0743 6.60837
      vertex -0.664941 3.34288 6.28917
      vertex -0.602667 3.02981 6.60837
    endloop
  endfacet
  facet normal 0.742201 0.550449 0.382288
    outer loop
      vertex 3.34799 2.74762 4.74969
      vertex 3.21445 2.63803 5.16675
      vertex 3.60118 2.40623 4.74969
    endloop
  endfacet
  facet normal 0.989176 0.146736 0
    outer loop
      vertex 4.57234 0.450336 3.42571
      vertex 4.50618 0.896334 3.2
      vertex 4.50618 0.896334 3.42571
    endloop
  endfacet
  facet normal 0.989176 0.146736 0
    outer loop
      vertex 4.50618 0.896334 3.2
      vertex 4.57234 0.450336 3.42571
      vertex 4.57234 0.450336 3.2
    endloop
  endfacet
  facet normal 0.728172 0.260541 0.633943
    outer loop
      vertex 3.41351 1.41392 5.94022
      vertex 3.26161 0.989399 6.28917
      vertex 3.53566 1.07253 5.94022
    endloop
  endfacet
  facet normal 0.82278 -0.12204 0.555103
    outer loop
      vertex 3.92655 -0.386731 5.56487
      vertex 3.67696 -0.362149 5.94022
      vertex 3.86974 -0.769738 5.56487
    endloop
  endfacet
  facet normal 0.870021 -0.311299 0.382304
    outer loop
      vertex 3.97929 -1.2071 5.16675
      vertex 3.84181 -1.59133 5.16675
      vertex 4.14461 -1.25725 4.74969
    endloop
  endfacet
  facet normal 0.979651 0.0481261 0.194855
    outer loop
      vertex 4.5283 0.445998 3.87496
      vertex 4.44066 0.437366 4.31771
      vertex 4.55021 0 3.87496
    endloop
  endfacet
  facet normal 0.509922 -0.37818 0.772632
    outer loop
      vertex 2.56855 -1.71625 6.60837
      vertex 2.27841 -1.52238 6.89475
      vertex 2.38796 -1.95975 6.60837
    endloop
  endfacet
  facet normal 0.772449 -0.0379454 0.633942
    outer loop
      vertex 3.69475 0 5.94022
      vertex 3.40837 0 6.28917
      vertex 3.67696 -0.362149 5.94022
    endloop
  endfacet
  facet normal 0.830596 -0.297193 0.470943
    outer loop
      vertex 3.97929 -1.2071 5.16675
      vertex 3.77566 -1.14533 5.56487
      vertex 3.84181 -1.59133 5.16675
    endloop
  endfacet
  facet normal 0.830589 -0.2972 0.47095
    outer loop
      vertex 3.77566 -1.14533 5.56487
      vertex 3.64521 -1.5099 5.56487
      vertex 3.84181 -1.59133 5.16675
    endloop
  endfacet
  facet normal 0.750204 -0.18791 0.633943
    outer loop
      vertex 3.34288 -0.664941 6.28917
      vertex 3.26161 -0.989399 6.28917
      vertex 3.53566 -1.07253 5.94022
    endloop
  endfacet
  facet normal 0.750202 -0.187913 0.633945
    outer loop
      vertex 3.62376 -0.72081 5.94022
      vertex 3.34288 -0.664941 6.28917
      vertex 3.53566 -1.07253 5.94022
    endloop
  endfacet
  facet normal 0.616323 -0.558579 0.5551
    outer loop
      vertex 3.04995 -2.50303 5.56487
      vertex 2.61259 -2.61259 5.94022
      vertex 2.78993 -2.78993 5.56487
    endloop
  endfacet
  facet normal 0.427625 -0.713445 0.555097
    outer loop
      vertex 2.0527 -3.07208 5.94022
      vertex 1.85992 -3.47967 5.56487
      vertex 2.19203 -3.28061 5.56487
    endloop
  endfacet
  facet normal 0.756654 -0.453523 0.470949
    outer loop
      vertex 3.47967 -1.85992 5.56487
      vertex 3.28061 -2.19203 5.56487
      vertex 3.66734 -1.96023 5.16675
    endloop
  endfacet
  facet normal 0.69913 -0.330677 0.633932
    outer loop
      vertex 3.41351 -1.41392 5.94022
      vertex 3.00592 -1.6067 6.28917
      vertex 3.25848 -1.74169 5.94022
    endloop
  endfacet
  facet normal 0.642714 -0.709115 0.289956
    outer loop
      vertex 3.06255 -3.06255 4.74969
      vertex 2.74762 -3.34799 4.74969
      vertex 2.83075 -3.44928 4.31771
    endloop
  endfacet
  facet normal 0.620549 -0.684676 0.382279
    outer loop
      vertex 2.9404 -2.9404 5.16675
      vertex 2.63803 -3.21445 5.16675
      vertex 3.06255 -3.06255 4.74969
    endloop
  endfacet
  facet normal 0.232532 -0.928359 0.289962
    outer loop
      vertex 1.25725 -4.14461 4.74969
      vertex 0.844955 -4.24788 4.74969
      vertex 0.870521 -4.3764 4.31771
    endloop
  endfacet
  facet normal 0.322429 -0.901087 0.28997
    outer loop
      vertex 1.70759 -4.12248 4.31771
      vertex 1.25725 -4.14461 4.74969
      vertex 1.29529 -4.27001 4.31771
    endloop
  endfacet
  facet normal 0.129444 -0.872609 0.470954
    outer loop
      vertex 0.769738 -3.86974 5.56487
      vertex 0.407589 -4.13833 5.16675
      vertex 0.811254 -4.07845 5.16675
    endloop
  endfacet
  facet normal 0.0432877 -0.88109 0.470964
    outer loop
      vertex 0.386731 -3.92655 5.56487
      vertex 0 -3.94555 5.56487
      vertex 0.407589 -4.13833 5.16675
    endloop
  endfacet
  facet normal -0.048824 -0.993997 0.0979062
    outer loop
      vertex 0 -4.55021 3.87496
      vertex -0.450336 -4.57234 3.42571
      vertex 0 -4.59446 3.42571
    endloop
  endfacet
  facet normal 0.143916 -0.970213 0.194872
    outer loop
      vertex 0.870521 -4.3764 4.31771
      vertex 0.445998 -4.5283 3.87496
      vertex 0.887702 -4.46278 3.87496
    endloop
  endfacet
  facet normal 0.154255 -0.615824 0.772636
    outer loop
      vertex 0.795443 -2.62222 6.89475
      vertex 0.53459 -2.68756 6.89475
      vertex 0.896739 -2.95615 6.60837
    endloop
  endfacet
  facet normal 0.285856 -0.47693 0.831158
    outer loop
      vertex 1.31385 -1.96632 7.14555
      vertex 1.11479 -2.08563 7.14555
      vertex 1.52238 -2.27841 6.89475
    endloop
  endfacet
  facet normal 0.0347124 -0.706684 0.706677
    outer loop
      vertex 0.302792 -3.0743 6.60837
      vertex 0 -3.40837 6.28917
      vertex 0.334079 -3.39196 6.28917
    endloop
  endfacet
  facet normal 0.0931564 -0.627973 0.77264
    outer loop
      vertex 0.53459 -2.68756 6.89475
      vertex 0.268588 -2.72702 6.89475
      vertex 0.302792 -3.0743 6.60837
    endloop
  endfacet
  facet normal 0.224535 -0.896341 0.382304
    outer loop
      vertex 1.2071 -3.97929 5.16675
      vertex 0.811254 -4.07845 5.16675
      vertex 1.25725 -4.14461 4.74969
    endloop
  endfacet
  facet normal 0.355622 -0.751932 0.555096
    outer loop
      vertex 1.85992 -3.47967 5.56487
      vertex 1.41392 -3.41351 5.94022
      vertex 1.5099 -3.64521 5.56487
    endloop
  endfacet
  facet normal 0.772451 0.0379429 0.63394
    outer loop
      vertex 3.67696 0.362149 5.94022
      vertex 3.39196 0.334079 6.28917
      vertex 3.40837 0 6.28917
    endloop
  endfacet
  facet normal 0.444256 -0.158951 0.881687
    outer loop
      vertex 1.88206 -0.570918 7.35835
      vertex 1.81704 -0.752644 7.35835
      vertex 2.18486 -0.904997 7.14555
    endloop
  endfacet
  facet normal 0.426351 -0.470379 0.772638
    outer loop
      vertex 1.93762 -1.93762 6.89475
      vertex 1.73837 -2.11822 6.89475
      vertex 2.18437 -2.18437 6.60837
    endloop
  endfacet
  facet normal 0.470379 -0.426351 0.772638
    outer loop
      vertex 2.11822 -1.73837 6.89475
      vertex 1.93762 -1.93762 6.89475
      vertex 2.18437 -2.18437 6.60837
    endloop
  endfacet
  facet normal 0.568293 -0.421471 0.706686
    outer loop
      vertex 2.83396 -1.89359 6.28917
      vertex 2.38796 -1.95975 6.60837
      vertex 2.63471 -2.16225 6.28917
    endloop
  endfacet
  facet normal 0.568293 -0.42147 0.706686
    outer loop
      vertex 2.56855 -1.71625 6.60837
      vertex 2.38796 -1.95975 6.60837
      vertex 2.83396 -1.89359 6.28917
    endloop
  endfacet
  facet normal 0.639592 -0.302504 0.706692
    outer loop
      vertex 3.14893 -1.30433 6.28917
      vertex 2.85402 -1.18217 6.60837
      vertex 3.00592 -1.6067 6.28917
    endloop
  endfacet
  facet normal 0.639603 -0.302496 0.706686
    outer loop
      vertex 2.85402 -1.18217 6.60837
      vertex 2.72441 -1.45622 6.60837
      vertex 3.00592 -1.6067 6.28917
    endloop
  endfacet
  facet normal 0.523539 -0.187314 0.831156
    outer loop
      vertex 2.62222 -0.795443 6.89475
      vertex 2.18486 -0.904997 7.14555
      vertex 2.53163 -1.04864 6.89475
    endloop
  endfacet
  facet normal 0.597738 -0.213876 0.772636
    outer loop
      vertex 2.95615 -0.896739 6.60837
      vertex 2.62222 -0.795443 6.89475
      vertex 2.85402 -1.18217 6.60837
    endloop
  endfacet
  facet normal 0.382612 -0.0187911 0.923718
    outer loop
      vertex 1.54969 0 7.5311
      vertex 1.54223 -0.151896 7.5311
      vertex 1.96675 0 7.35835
    endloop
  endfacet
  facet normal 0.233417 0.173108 0.956844
    outer loop
      vertex 1.19793 0.983114 7.5311
      vertex 0.864 0.709066 7.66214
      vertex 1.28852 0.860963 7.5311
    endloop
  endfacet
  facet normal 0.193204 0.028669 0.98074
    outer loop
      vertex 1.09623 0.218054 7.66214
      vertex 0.67171 0.0661573 7.75021
      vertex 1.11233 0.109554 7.66214
    endloop
  endfacet
  facet normal 0.382612 0.0187911 0.923718
    outer loop
      vertex 1.96675 0 7.35835
      vertex 1.54223 0.151896 7.5311
      vertex 1.54969 0 7.5311
    endloop
  endfacet
  facet normal 0.371594 0.0930988 0.923715
    outer loop
      vertex 1.92896 0.383694 7.35835
      vertex 1.48296 0.449852 7.5311
      vertex 1.51992 0.30233 7.5311
    endloop
  endfacet
  facet normal 0.281892 0.0706249 0.956843
    outer loop
      vertex 1.48296 0.449852 7.5311
      vertex 1.06958 0.324453 7.66214
      vertex 1.51992 0.30233 7.5311
    endloop
  endfacet
  facet normal -0.0951995 0.0238458 0.995173
    outer loop
      vertex -0.645896 0.19593 7.75021
      vertex -0.66199 0.131678 7.75021
      vertex -0.215992 0.0655203 7.79446
    endloop
  endfacet
  facet normal -0.446615 -0.331229 0.831157
    outer loop
      vertex -1.96632 -1.31385 7.14555
      vertex -2.11822 -1.73837 6.89475
      vertex -1.82807 -1.50026 7.14555
    endloop
  endfacet
  facet normal -0.378929 -0.0562085 0.923717
    outer loop
      vertex -1.54223 -0.151896 7.5311
      vertex -1.95728 -0.192775 7.35835
      vertex -1.92896 -0.383694 7.35835
    endloop
  endfacet
  facet normal 0.0238461 -0.0951995 0.995173
    outer loop
      vertex 0.0655203 -0.215992 7.79446
      vertex 0.044034 -0.221374 7.79446
      vertex 0.131678 -0.66199 7.75021
    endloop
  endfacet
  facet normal -0.0887192 0.0419565 0.995173
    outer loop
      vertex -0.199059 0.1064 7.79446
      vertex -0.623582 0.258296 7.75021
      vertex -0.208529 0.0863752 7.79446
    endloop
  endfacet
  facet normal -0.0659068 -0.0727179 0.995173
    outer loop
      vertex -0.143189 -0.174477 7.79446
      vertex -0.477268 -0.477268 7.75021
      vertex -0.428189 -0.52175 7.75021
    endloop
  endfacet
  facet normal -0.666168 0.238361 0.706686
    outer loop
      vertex -2.85402 1.18217 6.60837
      vertex -3.26161 0.989399 6.28917
      vertex -2.95615 0.896739 6.60837
    endloop
  endfacet
  facet normal -0.634081 -0.0311395 0.77264
    outer loop
      vertex -2.72702 -0.268588 6.89475
      vertex -3.08917 0 6.60837
      vertex -3.0743 -0.302792 6.60837
    endloop
  endfacet
  facet normal -0.509922 0.37818 0.772632
    outer loop
      vertex -2.38796 1.95975 6.60837
      vertex -2.56855 1.71625 6.60837
      vertex -2.27841 1.52238 6.89475
    endloop
  endfacet
  facet normal -0.195154 0.215325 0.956844
    outer loop
      vertex -0.983114 1.19793 7.5311
      vertex -1.0958 1.0958 7.5311
      vertex -0.709066 0.864 7.66214
    endloop
  endfacet
  facet normal 0.37716 0.797469 0.470949
    outer loop
      vertex 1.96023 3.66734 5.16675
      vertex 1.59133 3.84181 5.16675
      vertex 1.85992 3.47967 5.56487
    endloop
  endfacet
  facet normal 0.143916 0.970213 0.194872
    outer loop
      vertex 0.887702 4.46278 3.87496
      vertex 0.445998 4.5283 3.87496
      vertex 0.870521 4.3764 4.31771
    endloop
  endfacet
  facet normal -0.143916 0.970213 0.194872
    outer loop
      vertex -0.445998 4.5283 3.87496
      vertex -0.887702 4.46278 3.87496
      vertex -0.870521 4.3764 4.31771
    endloop
  endfacet
  facet normal -0.0347048 0.706681 0.706681
    outer loop
      vertex 0 3.40837 6.28917
      vertex -0.302792 3.0743 6.60837
      vertex 0 3.08917 6.60837
    endloop
  endfacet
  facet normal 0.573048 0.519361 0.63394
    outer loop
      vertex 2.85608 2.34393 5.94022
      vertex 2.61259 2.61259 5.94022
      vertex 2.63471 2.16225 6.28917
    endloop
  endfacet
  facet normal 0.544531 0.326364 0.77264
    outer loop
      vertex 2.72441 1.45622 6.60837
      vertex 2.27841 1.52238 6.89475
      vertex 2.41665 1.29173 6.89475
    endloop
  endfacet
  facet normal 0.0432777 0.881095 0.470956
    outer loop
      vertex 0 4.15835 5.16675
      vertex 0 3.94555 5.56487
      vertex 0.407589 4.13833 5.16675
    endloop
  endfacet
  facet normal 0.331231 0.446611 0.831158
    outer loop
      vertex 1.52238 2.27841 6.89475
      vertex 1.31385 1.96632 7.14555
      vertex 1.73837 2.11822 6.89475
    endloop
  endfacet
  facet normal 0.728177 0.260536 0.63394
    outer loop
      vertex 3.41351 1.41392 5.94022
      vertex 3.14893 1.30433 6.28917
      vertex 3.26161 0.989399 6.28917
    endloop
  endfacet
  facet normal 0.66337 0.397582 0.633931
    outer loop
      vertex 3.07208 2.0527 5.94022
      vertex 3.00592 1.6067 6.28917
      vertex 3.25848 1.74169 5.94022
    endloop
  endfacet
  facet normal 0.592416 0.653635 0.470961
    outer loop
      vertex 2.63803 3.21445 5.16675
      vertex 2.50303 3.04995 5.56487
      vertex 2.9404 2.9404 5.16675
    endloop
  endfacet
  facet normal 0.453521 0.756654 0.47095
    outer loop
      vertex 2.31026 3.45754 5.16675
      vertex 1.96023 3.66734 5.16675
      vertex 2.19203 3.28061 5.56487
    endloop
  endfacet
  facet normal 0.55858 0.616322 0.555099
    outer loop
      vertex 2.50303 3.04995 5.56487
      vertex 2.34393 2.85608 5.94022
      vertex 2.61259 2.61259 5.94022
    endloop
  endfacet
  facet normal 0.524235 0.47516 0.706683
    outer loop
      vertex 2.41008 2.41008 6.28917
      vertex 2.18437 2.18437 6.60837
      vertex 2.63471 2.16225 6.28917
    endloop
  endfacet
  facet normal 0.642714 0.709115 0.289956
    outer loop
      vertex 2.83075 3.44928 4.31771
      vertex 2.74762 3.34799 4.74969
      vertex 3.06255 3.06255 4.74969
    endloop
  endfacet
  facet normal 0.620549 0.684676 0.382279
    outer loop
      vertex 3.06255 3.06255 4.74969
      vertex 2.63803 3.21445 5.16675
      vertex 2.9404 2.9404 5.16675
    endloop
  endfacet
  facet normal 0.740954 0.671556 0
    outer loop
      vertex 3.55156 2.91469 3.42571
      vertex 3.24877 3.24877 3.2
      vertex 3.24877 3.24877 3.42571
    endloop
  endfacet
  facet normal 0.740954 0.671556 0
    outer loop
      vertex 3.24877 3.24877 3.2
      vertex 3.55156 2.91469 3.42571
      vertex 3.55156 2.91469 3.2
    endloop
  endfacet
  facet normal 0.709121 0.642702 0.289967
    outer loop
      vertex 3.15521 3.15521 4.31771
      vertex 3.06255 3.06255 4.74969
      vertex 3.44928 2.83075 4.31771
    endloop
  endfacet
  facet normal 0.146736 0.989176 -0
    outer loop
      vertex 0.896334 4.50618 3.2
      vertex 0.450336 4.57234 3.42571
      vertex 0.896334 4.50618 3.42571
    endloop
  endfacet
  facet normal 0.146736 0.989176 0
    outer loop
      vertex 0.450336 4.57234 3.42571
      vertex 0.896334 4.50618 3.2
      vertex 0.450336 4.57234 3.2
    endloop
  endfacet
  facet normal 0.803206 0.595701 0
    outer loop
      vertex 3.82015 2.55254 3.42571
      vertex 3.55156 2.91469 3.2
      vertex 3.55156 2.91469 3.42571
    endloop
  endfacet
  facet normal 0.803206 0.595701 0
    outer loop
      vertex 3.55156 2.91469 3.2
      vertex 3.82015 2.55254 3.42571
      vertex 3.82015 2.55254 3.2
    endloop
  endfacet
  facet normal 0.726748 0.658679 0.194883
    outer loop
      vertex 3.21749 3.21749 3.87496
      vertex 3.15521 3.15521 4.31771
      vertex 3.44928 2.83075 4.31771
    endloop
  endfacet
  facet normal 0.330444 0.923488 0.194873
    outer loop
      vertex 1.74129 4.20385 3.87496
      vertex 1.29529 4.27001 4.31771
      vertex 1.70759 4.12248 4.31771
    endloop
  endfacet
  facet normal 0.143934 0.970214 0.194855
    outer loop
      vertex 0.445998 4.5283 3.87496
      vertex 0.437366 4.44066 4.31771
      vertex 0.870521 4.3764 4.31771
    endloop
  endfacet
  facet normal 0.322416 0.901095 0.289957
    outer loop
      vertex 1.70759 4.12248 4.31771
      vertex 1.25725 4.14461 4.74969
      vertex 1.65744 4.00142 4.74969
    endloop
  endfacet
  facet normal 0.335267 0.937023 0.0978929
    outer loop
      vertex 1.3337 4.39662 3.42571
      vertex 1.32086 4.35428 3.87496
      vertex 1.74129 4.20385 3.87496
    endloop
  endfacet
  facet normal -0.896341 0.224535 0.382304
    outer loop
      vertex -3.97929 1.2071 5.16675
      vertex -4.14461 1.25725 4.74969
      vertex -4.07845 0.811254 5.16675
    endloop
  endfacet
  facet normal -0.928359 0.232522 0.28997
    outer loop
      vertex -4.27001 1.29529 4.31771
      vertex -4.3764 0.870521 4.31771
      vertex -4.14461 1.25725 4.74969
    endloop
  endfacet
  facet normal -0.865151 0.409192 0.289958
    outer loop
      vertex -3.81969 2.04167 4.74969
      vertex -4.12248 1.70759 4.31771
      vertex -4.00142 1.65744 4.74969
    endloop
  endfacet
  facet normal -0.872609 0.129444 0.470954
    outer loop
      vertex -4.07845 0.811254 5.16675
      vertex -4.13833 0.407589 5.16675
      vertex -3.86974 0.769738 5.56487
    endloop
  endfacet
  facet normal -0.737407 0.668317 0.0978942
    outer loop
      vertex -3.21749 3.21749 3.87496
      vertex -3.55156 2.91469 3.42571
      vertex -3.51736 2.88662 3.87496
    endloop
  endfacet
  facet normal -0.772451 0.0379429 0.63394
    outer loop
      vertex -3.39196 0.334079 6.28917
      vertex -3.67696 0.362149 5.94022
      vertex -3.40837 0 6.28917
    endloop
  endfacet
  facet normal -0.425509 0.899643 0.0978969
    outer loop
      vertex -1.75822 4.24473 3.42571
      vertex -2.16581 4.05195 3.42571
      vertex -2.14495 4.01293 3.87496
    endloop
  endfacet
  facet normal -0.937023 0.335267 0.0978929
    outer loop
      vertex -4.20385 1.74129 3.87496
      vertex -4.39662 1.3337 3.42571
      vertex -4.35428 1.32086 3.87496
    endloop
  endfacet
  facet normal -0.951438 0.238322 0.194854
    outer loop
      vertex -4.35428 1.32086 3.87496
      vertex -4.46278 0.887702 3.87496
      vertex -4.27001 1.29529 4.31771
    endloop
  endfacet
  facet normal -0.584279 0.78781 0.194868
    outer loop
      vertex -2.52796 3.78336 3.87496
      vertex -2.88662 3.51736 3.87496
      vertex -2.83075 3.44928 4.31771
    endloop
  endfacet
  facet normal -0.923488 0.330444 0.194873
    outer loop
      vertex -4.20385 1.74129 3.87496
      vertex -4.27001 1.29529 4.31771
      vertex -4.12248 1.70759 4.31771
    endloop
  endfacet
  facet normal -0.886656 0.419364 0.194872
    outer loop
      vertex -4.01293 2.14495 3.87496
      vertex -4.20385 1.74129 3.87496
      vertex -4.12248 1.70759 4.31771
    endloop
  endfacet
  facet normal -0.100416 -0.167532 0.980739
    outer loop
      vertex -0.374988 -0.561209 7.75021
      vertex -0.620965 -0.92934 7.66214
      vertex -0.526884 -0.985731 7.66214
    endloop
  endfacet
  facet normal 0.183904 0.0657991 0.980739
    outer loop
      vertex 1.06958 0.324453 7.66214
      vertex 0.623582 0.258296 7.75021
      vertex 0.645896 0.19593 7.75021
    endloop
  endfacet
  facet normal -0.378935 -0.0561976 0.923716
    outer loop
      vertex -1.54223 -0.151896 7.5311
      vertex -1.92896 -0.383694 7.35835
      vertex -1.51992 -0.30233 7.5311
    endloop
  endfacet
  facet normal -0.457695 -0.114653 0.881686
    outer loop
      vertex -1.92896 -0.383694 7.35835
      vertex -2.26304 -0.686486 7.14555
      vertex -1.88206 -0.570918 7.35835
    endloop
  endfacet
  facet normal 0.00958026 -0.195085 0.98074
    outer loop
      vertex 0 -0.67496 7.75021
      vertex 0 -1.11771 7.66214
      vertex 0.109554 -1.11233 7.66214
    endloop
  endfacet
  facet normal -0.273619 -0.0978962 0.956843
    outer loop
      vertex -1.06958 -0.324453 7.66214
      vertex -1.48296 -0.449852 7.5311
      vertex -1.03263 -0.427728 7.66214
    endloop
  endfacet
  facet normal 0.249258 -0.149402 0.956843
    outer loop
      vertex 0.985731 -0.526884 7.66214
      vertex 0.92934 -0.620965 7.66214
      vertex 1.28852 -0.860963 7.5311
    endloop
  endfacet
  facet normal 0.249253 -0.149407 0.956844
    outer loop
      vertex 1.36671 -0.73052 7.5311
      vertex 0.985731 -0.526884 7.66214
      vertex 1.28852 -0.860963 7.5311
    endloop
  endfacet
  facet normal -0.00481619 -0.0980221 0.995173
    outer loop
      vertex -0.0221233 -0.224624 7.79446
      vertex -0.0661573 -0.67171 7.75021
      vertex 0 -0.225711 7.79446
    endloop
  endfacet
  facet normal 0.349613 -0.31686 0.881686
    outer loop
      vertex 1.82807 -1.50026 7.14555
      vertex 1.52032 -1.24769 7.35835
      vertex 1.67222 -1.67222 7.14555
    endloop
  endfacet
  facet normal 0.0490597 -0.998796 0
    outer loop
      vertex 0 -4.59446 3.2
      vertex 0.450336 -4.57234 3.42571
      vertex 0 -4.59446 3.42571
    endloop
  endfacet
  facet normal 0.0490597 -0.998796 0
    outer loop
      vertex 0.450336 -4.57234 3.42571
      vertex 0 -4.59446 3.2
      vertex 0.450336 -4.57234 3.2
    endloop
  endfacet
  facet normal -0.322429 -0.901087 0.28997
    outer loop
      vertex -1.25725 -4.14461 4.74969
      vertex -1.70759 -4.12248 4.31771
      vertex -1.29529 -4.27001 4.31771
    endloop
  endfacet
  facet normal -0.202105 -0.806854 0.555104
    outer loop
      vertex -1.07253 -3.53566 5.94022
      vertex -1.14533 -3.77566 5.56487
      vertex -0.769738 -3.86974 5.56487
    endloop
  endfacet
  facet normal 0.377159 -0.797469 0.47095
    outer loop
      vertex 1.85992 -3.47967 5.56487
      vertex 1.5099 -3.64521 5.56487
      vertex 1.59133 -3.84181 5.16675
    endloop
  endfacet
  facet normal 0.355641 -0.751909 0.555114
    outer loop
      vertex 1.74169 -3.25848 5.94022
      vertex 1.41392 -3.41351 5.94022
      vertex 1.85992 -3.47967 5.56487
    endloop
  endfacet
  facet normal 0.257255 -0.283844 0.923717
    outer loop
      vertex 1.0958 -1.0958 7.5311
      vertex 0.983114 -1.19793 7.5311
      vertex 1.24769 -1.52032 7.35835
    endloop
  endfacet
  facet normal 0.307689 -0.228197 0.923717
    outer loop
      vertex 1.63529 -1.09267 7.35835
      vertex 1.28852 -0.860963 7.5311
      vertex 1.52032 -1.24769 7.35835
    endloop
  endfacet
  facet normal 0.0231369 -0.471271 0.881685
    outer loop
      vertex 0 -1.96675 7.35835
      vertex 0 -2.36487 7.14555
      vertex 0.231797 -2.35349 7.14555
    endloop
  endfacet
  facet normal -0.426351 -0.470379 0.772638
    outer loop
      vertex -1.93762 -1.93762 6.89475
      vertex -2.18437 -2.18437 6.60837
      vertex -1.73837 -2.11822 6.89475
    endloop
  endfacet
  facet normal -0.899644 -0.425507 0.0978994
    outer loop
      vertex -4.20385 -1.74129 3.87496
      vertex -4.24473 -1.75822 3.42571
      vertex -4.01293 -2.14495 3.87496
    endloop
  endfacet
  facet normal -0.923488 -0.330444 0.194873
    outer loop
      vertex -4.12248 -1.70759 4.31771
      vertex -4.27001 -1.29529 4.31771
      vertex -4.20385 -1.74129 3.87496
    endloop
  endfacet
  facet normal -0.951438 -0.238322 0.194854
    outer loop
      vertex -4.27001 -1.29529 4.31771
      vertex -4.46278 -0.887702 3.87496
      vertex -4.35428 -1.32086 3.87496
    endloop
  endfacet
  facet normal -0.901087 -0.322429 0.28997
    outer loop
      vertex -4.14461 -1.25725 4.74969
      vertex -4.27001 -1.29529 4.31771
      vertex -4.12248 -1.70759 4.31771
    endloop
  endfacet
  facet normal -0.830596 -0.297193 0.470943
    outer loop
      vertex -3.77566 -1.14533 5.56487
      vertex -3.97929 -1.2071 5.16675
      vertex -3.84181 -1.59133 5.16675
    endloop
  endfacet
  facet normal -0.330677 -0.69913 0.633932
    outer loop
      vertex -1.6067 -3.00592 6.28917
      vertex -1.74169 -3.25848 5.94022
      vertex -1.41392 -3.41351 5.94022
    endloop
  endfacet
  facet normal -0.713448 -0.427596 0.555115
    outer loop
      vertex -3.25848 -1.74169 5.94022
      vertex -3.47967 -1.85992 5.56487
      vertex -3.07208 -2.0527 5.94022
    endloop
  endfacet
  facet normal -0.713445 -0.427625 0.555097
    outer loop
      vertex -3.07208 -2.0527 5.94022
      vertex -3.47967 -1.85992 5.56487
      vertex -3.28061 -2.19203 5.56487
    endloop
  endfacet
  facet normal -0.768704 -0.570105 0.289955
    outer loop
      vertex -3.34799 -2.74762 4.74969
      vertex -3.60118 -2.40623 4.74969
      vertex -3.44928 -2.83075 4.31771
    endloop
  endfacet
  facet normal -0.592416 -0.653635 0.470961
    outer loop
      vertex -2.50303 -3.04995 5.56487
      vertex -2.9404 -2.9404 5.16675
      vertex -2.63803 -3.21445 5.16675
    endloop
  endfacet
  facet normal -0.658679 -0.726748 0.194883
    outer loop
      vertex -3.15521 -3.15521 4.31771
      vertex -3.21749 -3.21749 3.87496
      vertex -2.83075 -3.44928 4.31771
    endloop
  endfacet
  facet normal -0.941548 -0.336879 0
    outer loop
      vertex -4.24473 -1.75822 3.2
      vertex -4.39662 -1.3337 3.42571
      vertex -4.39662 -1.3337 3.2
    endloop
  endfacet
  facet normal -0.941548 -0.336879 0
    outer loop
      vertex -4.39662 -1.3337 3.42571
      vertex -4.24473 -1.75822 3.2
      vertex -4.24473 -1.75822 3.42571
    endloop
  endfacet
  facet normal -0.584279 -0.78781 0.194868
    outer loop
      vertex -2.83075 -3.44928 4.31771
      vertex -2.88662 -3.51736 3.87496
      vertex -2.52796 -3.78336 3.87496
    endloop
  endfacet
  facet normal -0.768691 -0.570115 0.289969
    outer loop
      vertex -3.60118 -2.40623 4.74969
      vertex -3.71014 -2.47903 4.31771
      vertex -3.44928 -2.83075 4.31771
    endloop
  endfacet
  facet normal -0.820877 -0.492015 0.28997
    outer loop
      vertex -3.60118 -2.40623 4.74969
      vertex -3.93526 -2.10344 4.31771
      vertex -3.71014 -2.47903 4.31771
    endloop
  endfacet
  facet normal -0.870021 -0.311299 0.382304
    outer loop
      vertex -3.97929 -1.2071 5.16675
      vertex -4.14461 -1.25725 4.74969
      vertex -3.84181 -1.59133 5.16675
    endloop
  endfacet
  facet normal -0.865153 -0.40918 0.289969
    outer loop
      vertex -3.81969 -2.04167 4.74969
      vertex -4.12248 -1.70759 4.31771
      vertex -3.93526 -2.10344 4.31771
    endloop
  endfacet
  facet normal -0.78316 -0.280216 0.555103
    outer loop
      vertex -3.53566 -1.07253 5.94022
      vertex -3.77566 -1.14533 5.56487
      vertex -3.41351 -1.41392 5.94022
    endloop
  endfacet
  facet normal -0.686325 -0.17191 0.706686
    outer loop
      vertex -2.95615 -0.896739 6.60837
      vertex -3.34288 -0.664941 6.28917
      vertex -3.26161 -0.989399 6.28917
    endloop
  endfacet
  facet normal -0.573048 -0.519361 0.63394
    outer loop
      vertex -2.63471 -2.16225 6.28917
      vertex -2.85608 -2.34393 5.94022
      vertex -2.61259 -2.61259 5.94022
    endloop
  endfacet
  facet normal -0.686326 -0.171913 0.706685
    outer loop
      vertex -3.02981 -0.602667 6.60837
      vertex -3.34288 -0.664941 6.28917
      vertex -2.95615 -0.896739 6.60837
    endloop
  endfacet
  facet normal -0.855718 0.214359 0.470954
    outer loop
      vertex -3.97929 1.2071 5.16675
      vertex -4.07845 0.811254 5.16675
      vertex -3.86974 0.769738 5.56487
    endloop
  endfacet
  facet normal -0.855727 0.214346 0.470943
    outer loop
      vertex -3.77566 1.14533 5.56487
      vertex -3.97929 1.2071 5.16675
      vertex -3.86974 0.769738 5.56487
    endloop
  endfacet
  facet normal -0.82278 0.12204 0.555103
    outer loop
      vertex -3.86974 0.769738 5.56487
      vertex -3.92655 0.386731 5.56487
      vertex -3.67696 0.362149 5.94022
    endloop
  endfacet
  facet normal -0.872606 0.12943 0.470964
    outer loop
      vertex -3.86974 0.769738 5.56487
      vertex -4.13833 0.407589 5.16675
      vertex -3.92655 0.386731 5.56487
    endloop
  endfacet
  facet normal -0.765011 -0.113482 0.63394
    outer loop
      vertex -3.39196 -0.334079 6.28917
      vertex -3.67696 -0.362149 5.94022
      vertex -3.34288 -0.664941 6.28917
    endloop
  endfacet
  facet normal -0.699878 -0.10382 0.706677
    outer loop
      vertex -3.0743 -0.302792 6.60837
      vertex -3.39196 -0.334079 6.28917
      vertex -3.34288 -0.664941 6.28917
    endloop
  endfacet
  facet normal -0.0481261 -0.979651 0.194855
    outer loop
      vertex -0.437366 -4.44066 4.31771
      vertex -0.445998 -4.5283 3.87496
      vertex 0 -4.55021 3.87496
    endloop
  endfacet
  facet normal 0.241824 -0.965368 0.0979063
    outer loop
      vertex 1.3337 -4.39662 3.42571
      vertex 0.887702 -4.46278 3.87496
      vertex 0.896334 -4.50618 3.42571
    endloop
  endfacet
  facet normal 0.504248 -0.841287 0.19486
    outer loop
      vertex 2.47903 -3.71014 4.31771
      vertex 2.10344 -3.93526 4.31771
      vertex 2.14495 -4.01293 3.87496
    endloop
  endfacet
  facet normal 0.59284 -0.799348 0.0978965
    outer loop
      vertex 2.91469 -3.55156 3.42571
      vertex 2.52796 -3.78336 3.87496
      vertex 2.55254 -3.82015 3.42571
    endloop
  endfacet
  facet normal 0.668332 -0.737396 0.0978768
    outer loop
      vertex 3.21749 -3.21749 3.87496
      vertex 2.91469 -3.55156 3.42571
      vertex 3.24877 -3.24877 3.42571
    endloop
  endfacet
  facet normal 0.425507 -0.899644 0.0978994
    outer loop
      vertex 2.14495 -4.01293 3.87496
      vertex 1.74129 -4.20385 3.87496
      vertex 1.75822 -4.24473 3.42571
    endloop
  endfacet
  facet normal 0.511638 -0.853606 0.097897
    outer loop
      vertex 2.52796 -3.78336 3.87496
      vertex 2.14495 -4.01293 3.87496
      vertex 2.55254 -3.82015 3.42571
    endloop
  endfacet
  facet normal 0.841285 -0.504253 0.194855
    outer loop
      vertex 4.01293 -2.14495 3.87496
      vertex 3.71014 -2.47903 4.31771
      vertex 3.78336 -2.52796 3.87496
    endloop
  endfacet
  facet normal 0.928359 -0.232522 0.28997
    outer loop
      vertex 4.3764 -0.870521 4.31771
      vertex 4.14461 -1.25725 4.74969
      vertex 4.27001 -1.29529 4.31771
    endloop
  endfacet
  facet normal 0.937025 -0.33526 0.0978999
    outer loop
      vertex 4.39662 -1.3337 3.42571
      vertex 4.20385 -1.74129 3.87496
      vertex 4.24473 -1.75822 3.42571
    endloop
  endfacet
  facet normal 0.857726 -0.514108 0
    outer loop
      vertex 3.82015 -2.55254 3.42571
      vertex 4.05195 -2.16581 3.2
      vertex 4.05195 -2.16581 3.42571
    endloop
  endfacet
  facet normal 0.857726 -0.514108 0
    outer loop
      vertex 4.05195 -2.16581 3.2
      vertex 3.82015 -2.55254 3.42571
      vertex 3.82015 -2.55254 3.2
    endloop
  endfacet
  facet normal -0.970028 0.242992 0
    outer loop
      vertex -4.50618 0.896334 3.2
      vertex -4.39662 1.3337 3.42571
      vertex -4.39662 1.3337 3.2
    endloop
  endfacet
  facet normal -0.970028 0.242992 0
    outer loop
      vertex -4.39662 1.3337 3.42571
      vertex -4.50618 0.896334 3.2
      vertex -4.50618 0.896334 3.42571
    endloop
  endfacet
  facet normal -0.214359 0.855718 0.470954
    outer loop
      vertex -0.811254 4.07845 5.16675
      vertex -1.2071 3.97929 5.16675
      vertex -0.769738 3.86974 5.56487
    endloop
  endfacet
  facet normal -0.124244 0.262703 0.956844
    outer loop
      vertex -0.593041 1.43173 7.5311
      vertex -0.73052 1.36671 7.5311
      vertex -0.526884 0.985731 7.66214
    endloop
  endfacet
  facet normal -0.47693 0.285856 0.831158
    outer loop
      vertex -1.96632 1.31385 7.14555
      vertex -2.27841 1.52238 6.89475
      vertex -2.08563 1.11479 7.14555
    endloop
  endfacet
  facet normal -0.260541 0.728172 0.633943
    outer loop
      vertex -1.07253 3.53566 5.94022
      vertex -1.41392 3.41351 5.94022
      vertex -0.989399 3.26161 6.28917
    endloop
  endfacet
  facet normal -0.363749 0.606862 0.706687
    outer loop
      vertex -1.6067 3.00592 6.28917
      vertex -1.89359 2.83396 6.28917
      vertex -1.71625 2.56855 6.60837
    endloop
  endfacet
  facet normal -0.453521 0.756654 0.47095
    outer loop
      vertex -1.96023 3.66734 5.16675
      vertex -2.31026 3.45754 5.16675
      vertex -2.19203 3.28061 5.56487
    endloop
  endfacet
  facet normal 0.140437 0.946678 0.289961
    outer loop
      vertex 0.870521 4.3764 4.31771
      vertex 0.424521 4.31025 4.74969
      vertex 0.844955 4.24788 4.74969
    endloop
  endfacet
  facet normal 0.135595 0.91404 0.382289
    outer loop
      vertex 0.424521 4.31025 4.74969
      vertex 0.407589 4.13833 5.16675
      vertex 0.844955 4.24788 4.74969
    endloop
  endfacet
  facet normal -0.0481261 0.979651 0.194855
    outer loop
      vertex 0 4.55021 3.87496
      vertex -0.445998 4.5283 3.87496
      vertex -0.437366 4.44066 4.31771
    endloop
  endfacet
  facet normal 0.140443 0.946676 0.289967
    outer loop
      vertex 0.437366 4.44066 4.31771
      vertex 0.424521 4.31025 4.74969
      vertex 0.870521 4.3764 4.31771
    endloop
  endfacet
  facet normal 0.937025 0.33526 0.0978999
    outer loop
      vertex 4.24473 1.75822 3.42571
      vertex 4.20385 1.74129 3.87496
      vertex 4.39662 1.3337 3.42571
    endloop
  endfacet
  facet normal 0.941548 0.336879 0
    outer loop
      vertex 4.39662 1.3337 3.42571
      vertex 4.24473 1.75822 3.2
      vertex 4.24473 1.75822 3.42571
    endloop
  endfacet
  facet normal 0.941548 0.336879 0
    outer loop
      vertex 4.24473 1.75822 3.2
      vertex 4.39662 1.3337 3.42571
      vertex 4.39662 1.3337 3.2
    endloop
  endfacet
  facet normal 0.937023 0.335267 0.0978929
    outer loop
      vertex 4.39662 1.3337 3.42571
      vertex 4.20385 1.74129 3.87496
      vertex 4.35428 1.32086 3.87496
    endloop
  endfacet
  facet normal 0.865153 0.40918 0.289969
    outer loop
      vertex 3.93526 2.10344 4.31771
      vertex 3.81969 2.04167 4.74969
      vertex 4.12248 1.70759 4.31771
    endloop
  endfacet
  facet normal 0.872606 -0.12943 0.470964
    outer loop
      vertex 3.92655 -0.386731 5.56487
      vertex 3.86974 -0.769738 5.56487
      vertex 4.13833 -0.407589 5.16675
    endloop
  endfacet
  facet normal 0.82278 0.12204 0.555103
    outer loop
      vertex 3.86974 0.769738 5.56487
      vertex 3.67696 0.362149 5.94022
      vertex 3.92655 0.386731 5.56487
    endloop
  endfacet
  facet normal 0.83078 0.0408108 0.555102
    outer loop
      vertex 3.92655 0.386731 5.56487
      vertex 3.67696 0.362149 5.94022
      vertex 3.69475 0 5.94022
    endloop
  endfacet
  facet normal 0.951438 0.238322 0.194854
    outer loop
      vertex 4.35428 1.32086 3.87496
      vertex 4.27001 1.29529 4.31771
      vertex 4.46278 0.887702 3.87496
    endloop
  endfacet
  facet normal 0.751932 0.355622 0.555096
    outer loop
      vertex 3.47967 1.85992 5.56487
      vertex 3.41351 1.41392 5.94022
      vertex 3.64521 1.5099 5.56487
    endloop
  endfacet
  facet normal 0.855718 0.214359 0.470954
    outer loop
      vertex 3.97929 1.2071 5.16675
      vertex 3.86974 0.769738 5.56487
      vertex 4.07845 0.811254 5.16675
    endloop
  endfacet
  facet normal 0.69913 0.330677 0.633932
    outer loop
      vertex 3.25848 1.74169 5.94022
      vertex 3.00592 1.6067 6.28917
      vertex 3.41351 1.41392 5.94022
    endloop
  endfacet
  facet normal 0.597749 0.213865 0.77263
    outer loop
      vertex 2.85402 1.18217 6.60837
      vertex 2.53163 1.04864 6.89475
      vertex 2.62222 0.795443 6.89475
    endloop
  endfacet
  facet normal 0.993996 0.0488308 0.097913
    outer loop
      vertex 4.57234 0.450336 3.42571
      vertex 4.5283 0.445998 3.87496
      vertex 4.55021 0 3.87496
    endloop
  endfacet
  facet normal 0.970214 -0.143934 0.194855
    outer loop
      vertex 4.44066 -0.437366 4.31771
      vertex 4.3764 -0.870521 4.31771
      vertex 4.5283 -0.445998 3.87496
    endloop
  endfacet
  facet normal 0.92293 -0.045329 0.382289
    outer loop
      vertex 4.3311 0 4.74969
      vertex 4.13833 -0.407589 5.16675
      vertex 4.31025 -0.424521 4.74969
    endloop
  endfacet
  facet normal 0.946676 -0.140443 0.289967
    outer loop
      vertex 4.44066 -0.437366 4.31771
      vertex 4.31025 -0.424521 4.74969
      vertex 4.3764 -0.870521 4.31771
    endloop
  endfacet
  facet normal 0.634091 -0.031163 0.772631
    outer loop
      vertex 2.74022 0 6.89475
      vertex 2.72702 -0.268588 6.89475
      vertex 3.08917 0 6.60837
    endloop
  endfacet
  facet normal 0.634081 0.0311395 0.77264
    outer loop
      vertex 3.0743 0.302792 6.60837
      vertex 2.72702 0.268588 6.89475
      vertex 3.08917 0 6.60837
    endloop
  endfacet
  facet normal 0.783161 -0.28023 0.555095
    outer loop
      vertex 3.77566 -1.14533 5.56487
      vertex 3.41351 -1.41392 5.94022
      vertex 3.64521 -1.5099 5.56487
    endloop
  endfacet
  facet normal 0.835317 -0.395081 0.382304
    outer loop
      vertex 3.84181 -1.59133 5.16675
      vertex 3.81969 -2.04167 4.74969
      vertex 4.00142 -1.65744 4.74969
    endloop
  endfacet
  facet normal 0.787804 -0.584291 0.194856
    outer loop
      vertex 3.71014 -2.47903 4.31771
      vertex 3.44928 -2.83075 4.31771
      vertex 3.78336 -2.52796 3.87496
    endloop
  endfacet
  facet normal 0.865151 -0.409192 0.289958
    outer loop
      vertex 4.00142 -1.65744 4.74969
      vertex 3.81969 -2.04167 4.74969
      vertex 4.12248 -1.70759 4.31771
    endloop
  endfacet
  facet normal 0.519361 -0.573048 0.63394
    outer loop
      vertex 2.61259 -2.61259 5.94022
      vertex 2.16225 -2.63471 6.28917
      vertex 2.34393 -2.85608 5.94022
    endloop
  endfacet
  facet normal 0.495502 -0.668088 0.5551
    outer loop
      vertex 2.34393 -2.85608 5.94022
      vertex 2.19203 -3.28061 5.56487
      vertex 2.50303 -3.04995 5.56487
    endloop
  endfacet
  facet normal 0.709115 -0.642714 0.289956
    outer loop
      vertex 3.34799 -2.74762 4.74969
      vertex 3.06255 -3.06255 4.74969
      vertex 3.44928 -2.83075 4.31771
    endloop
  endfacet
  facet normal 0.768704 -0.570105 0.289955
    outer loop
      vertex 3.60118 -2.40623 4.74969
      vertex 3.34799 -2.74762 4.74969
      vertex 3.44928 -2.83075 4.31771
    endloop
  endfacet
  facet normal 0.558579 -0.616323 0.5551
    outer loop
      vertex 2.61259 -2.61259 5.94022
      vertex 2.50303 -3.04995 5.56487
      vertex 2.78993 -2.78993 5.56487
    endloop
  endfacet
  facet normal 0.37716 -0.797469 0.470949
    outer loop
      vertex 1.85992 -3.47967 5.56487
      vertex 1.59133 -3.84181 5.16675
      vertex 1.96023 -3.66734 5.16675
    endloop
  endfacet
  facet normal 0.453523 -0.756654 0.470949
    outer loop
      vertex 2.19203 -3.28061 5.56487
      vertex 1.85992 -3.47967 5.56487
      vertex 1.96023 -3.66734 5.16675
    endloop
  endfacet
  facet normal 0.232522 -0.928359 0.28997
    outer loop
      vertex 1.25725 -4.14461 4.74969
      vertex 0.870521 -4.3764 4.31771
      vertex 1.29529 -4.27001 4.31771
    endloop
  endfacet
  facet normal 0.224515 -0.896354 0.382285
    outer loop
      vertex 1.25725 -4.14461 4.74969
      vertex 0.811254 -4.07845 5.16675
      vertex 0.844955 -4.24788 4.74969
    endloop
  endfacet
  facet normal 0.260541 -0.728172 0.633943
    outer loop
      vertex 1.41392 -3.41351 5.94022
      vertex 0.989399 -3.26161 6.28917
      vertex 1.07253 -3.53566 5.94022
    endloop
  endfacet
  facet normal 0.311299 -0.870021 0.382304
    outer loop
      vertex 1.59133 -3.84181 5.16675
      vertex 1.2071 -3.97929 5.16675
      vertex 1.25725 -4.14461 4.74969
    endloop
  endfacet
  facet normal 0.214346 -0.855727 0.470943
    outer loop
      vertex 1.14533 -3.77566 5.56487
      vertex 0.769738 -3.86974 5.56487
      vertex 1.2071 -3.97929 5.16675
    endloop
  endfacet
  facet normal 0.302504 -0.639592 0.706692
    outer loop
      vertex 1.6067 -3.00592 6.28917
      vertex 1.18217 -2.85402 6.60837
      vertex 1.30433 -3.14893 6.28917
    endloop
  endfacet
  facet normal 0.446611 -0.331231 0.831158
    outer loop
      vertex 2.27841 -1.52238 6.89475
      vertex 1.96632 -1.31385 7.14555
      vertex 2.11822 -1.73837 6.89475
    endloop
  endfacet
  facet normal 0.114653 -0.457695 0.881686
    outer loop
      vertex 0.570918 -1.88206 7.35835
      vertex 0.383694 -1.92896 7.35835
      vertex 0.686486 -2.26304 7.14555
    endloop
  endfacet
  facet normal -0.113482 -0.765011 0.63394
    outer loop
      vertex -0.334079 -3.39196 6.28917
      vertex -0.664941 -3.34288 6.28917
      vertex -0.362149 -3.67696 5.94022
    endloop
  endfacet
  facet normal 0.0815934 -0.550026 0.831152
    outer loop
      vertex 0.53459 -2.68756 6.89475
      vertex 0.231797 -2.35349 7.14555
      vertex 0.268588 -2.72702 6.89475
    endloop
  endfacet
  facet normal 0.135106 -0.539376 0.831156
    outer loop
      vertex 0.686486 -2.26304 7.14555
      vertex 0.461363 -2.31943 7.14555
      vertex 0.795443 -2.62222 6.89475
    endloop
  endfacet
  facet normal -0.0272653 -0.555362 0.831161
    outer loop
      vertex 0 -2.36487 7.14555
      vertex -0.231797 -2.35349 7.14555
      vertex 0 -2.74022 6.89475
    endloop
  endfacet
  facet normal -0.260541 -0.728172 0.633943
    outer loop
      vertex -0.989399 -3.26161 6.28917
      vertex -1.41392 -3.41351 5.94022
      vertex -1.07253 -3.53566 5.94022
    endloop
  endfacet
  facet normal -0.103834 -0.699868 0.706685
    outer loop
      vertex -0.602667 -3.02981 6.60837
      vertex -0.664941 -3.34288 6.28917
      vertex -0.302792 -3.0743 6.60837
    endloop
  endfacet
  facet normal -0.202103 -0.806854 0.555104
    outer loop
      vertex -0.72081 -3.62376 5.94022
      vertex -1.07253 -3.53566 5.94022
      vertex -0.769738 -3.86974 5.56487
    endloop
  endfacet
  facet normal 0.0408159 -0.830778 0.555106
    outer loop
      vertex 0 -3.69475 5.94022
      vertex 0 -3.94555 5.56487
      vertex 0.386731 -3.92655 5.56487
    endloop
  endfacet
  facet normal 0.12943 -0.872606 0.470964
    outer loop
      vertex 0.769738 -3.86974 5.56487
      vertex 0.386731 -3.92655 5.56487
      vertex 0.407589 -4.13833 5.16675
    endloop
  endfacet
  facet normal 0.47693 -0.285856 0.831158
    outer loop
      vertex 2.08563 -1.11479 7.14555
      vertex 1.96632 -1.31385 7.14555
      vertex 2.27841 -1.52238 6.89475
    endloop
  endfacet
  facet normal 0.378984 -0.281072 0.881686
    outer loop
      vertex 1.63529 -1.09267 7.35835
      vertex 1.52032 -1.24769 7.35835
      vertex 1.96632 -1.31385 7.14555
    endloop
  endfacet
  facet normal 0.592416 -0.653635 0.470961
    outer loop
      vertex 2.9404 -2.9404 5.16675
      vertex 2.50303 -3.04995 5.56487
      vertex 2.63803 -3.21445 5.16675
    endloop
  endfacet
  facet normal 0.756654 -0.453521 0.47095
    outer loop
      vertex 3.66734 -1.96023 5.16675
      vertex 3.28061 -2.19203 5.56487
      vertex 3.45754 -2.31026 5.16675
    endloop
  endfacet
  facet normal 0.668087 -0.495508 0.555096
    outer loop
      vertex 3.07208 -2.0527 5.94022
      vertex 2.85608 -2.34393 5.94022
      vertex 3.28061 -2.19203 5.56487
    endloop
  endfacet
  facet normal 0.621178 -0.460716 0.633939
    outer loop
      vertex 3.07208 -2.0527 5.94022
      vertex 2.63471 -2.16225 6.28917
      vertex 2.85608 -2.34393 5.94022
    endloop
  endfacet
  facet normal 0.446615 -0.331229 0.831157
    outer loop
      vertex 1.96632 -1.31385 7.14555
      vertex 1.82807 -1.50026 7.14555
      vertex 2.11822 -1.73837 6.89475
    endloop
  endfacet
  facet normal 0.302496 -0.639603 0.706686
    outer loop
      vertex 1.45622 -2.72441 6.60837
      vertex 1.18217 -2.85402 6.60837
      vertex 1.6067 -3.00592 6.28917
    endloop
  endfacet
  facet normal 0.78316 -0.280216 0.555103
    outer loop
      vertex 3.53566 -1.07253 5.94022
      vertex 3.41351 -1.41392 5.94022
      vertex 3.77566 -1.14533 5.56487
    endloop
  endfacet
  facet normal 0.606862 -0.363749 0.706687
    outer loop
      vertex 3.00592 -1.6067 6.28917
      vertex 2.56855 -1.71625 6.60837
      vertex 2.83396 -1.89359 6.28917
    endloop
  endfacet
  facet normal 0.699878 -0.10382 0.706677
    outer loop
      vertex 3.39196 -0.334079 6.28917
      vertex 3.0743 -0.302792 6.60837
      vertex 3.34288 -0.664941 6.28917
    endloop
  endfacet
  facet normal 0.728177 -0.260536 0.63394
    outer loop
      vertex 3.26161 -0.989399 6.28917
      vertex 3.14893 -1.30433 6.28917
      vertex 3.41351 -1.41392 5.94022
    endloop
  endfacet
  facet normal 0.502648 -0.237749 0.831156
    outer loop
      vertex 2.53163 -1.04864 6.89475
      vertex 2.08563 -1.11479 7.14555
      vertex 2.41665 -1.29173 6.89475
    endloop
  endfacet
  facet normal 0.476936 -0.285852 0.831156
    outer loop
      vertex 2.41665 -1.29173 6.89475
      vertex 2.08563 -1.11479 7.14555
      vertex 2.27841 -1.52238 6.89475
    endloop
  endfacet
  facet normal 0.615825 -0.154254 0.772635
    outer loop
      vertex 3.02981 -0.602667 6.60837
      vertex 2.68756 -0.53459 6.89475
      vertex 2.95615 -0.896739 6.60837
    endloop
  endfacet
  facet normal 0.686326 -0.171913 0.706685
    outer loop
      vertex 3.02981 -0.602667 6.60837
      vertex 2.95615 -0.896739 6.60837
      vertex 3.34288 -0.664941 6.28917
    endloop
  endfacet
  facet normal 0.627973 -0.0931564 0.77264
    outer loop
      vertex 2.72702 -0.268588 6.89475
      vertex 2.68756 -0.53459 6.89475
      vertex 3.0743 -0.302792 6.60837
    endloop
  endfacet
  facet normal 0.42653 -0.201745 0.881686
    outer loop
      vertex 2.18486 -0.904997 7.14555
      vertex 1.81704 -0.752644 7.35835
      vertex 2.08563 -1.11479 7.14555
    endloop
  endfacet
  facet normal 0.555362 0.0272653 0.831161
    outer loop
      vertex 2.74022 0 6.89475
      vertex 2.35349 0.231797 7.14555
      vertex 2.36487 0 7.14555
    endloop
  endfacet
  facet normal 0.378929 -0.0562085 0.923717
    outer loop
      vertex 1.95728 -0.192775 7.35835
      vertex 1.54223 -0.151896 7.5311
      vertex 1.92896 -0.383694 7.35835
    endloop
  endfacet
  facet normal 0.0841782 0.0504536 0.995173
    outer loop
      vertex 0.561209 0.374988 7.75021
      vertex 0.199059 0.1064 7.79446
      vertex 0.595262 0.318173 7.75021
    endloop
  endfacet
  facet normal 0.195085 0.00958026 0.98074
    outer loop
      vertex 1.11233 0.109554 7.66214
      vertex 0.67496 0 7.75021
      vertex 1.11771 0 7.66214
    endloop
  endfacet
  facet normal 0.237748 0.502648 0.831156
    outer loop
      vertex 1.04864 2.53163 6.89475
      vertex 0.904997 2.18486 7.14555
      vertex 1.11479 2.08563 7.14555
    endloop
  endfacet
  facet normal 0.281072 0.378984 0.881686
    outer loop
      vertex 1.31385 1.96632 7.14555
      vertex 1.24769 1.52032 7.35835
      vertex 1.50026 1.82807 7.14555
    endloop
  endfacet
  facet normal 0.471271 -0.0231369 0.881685
    outer loop
      vertex 2.36487 0 7.14555
      vertex 1.96675 0 7.35835
      vertex 2.35349 -0.231797 7.14555
    endloop
  endfacet
  facet normal 0.466726 -0.0692319 0.881688
    outer loop
      vertex 1.95728 -0.192775 7.35835
      vertex 1.92896 -0.383694 7.35835
      vertex 2.35349 -0.231797 7.14555
    endloop
  endfacet
  facet normal -0.0504543 0.0841777 0.995173
    outer loop
      vertex -0.1064 0.199059 7.79446
      vertex -0.374988 0.561209 7.75021
      vertex -0.125398 0.187672 7.79446
    endloop
  endfacet
  facet normal 0.0659068 -0.0727179 0.995173
    outer loop
      vertex 0.477268 -0.477268 7.75021
      vertex 0.143189 -0.174477 7.79446
      vertex 0.428189 -0.52175 7.75021
    endloop
  endfacet
  facet normal 0.196945 0.328573 0.923716
    outer loop
      vertex 0.92712 1.73452 7.35835
      vertex 0.73052 1.36671 7.5311
      vertex 1.09267 1.63529 7.35835
    endloop
  endfacet
  facet normal 0.0286622 0.193207 0.980739
    outer loop
      vertex 0.218054 1.09623 7.66214
      vertex 0.0661573 0.67171 7.75021
      vertex 0.131678 0.66199 7.75021
    endloop
  endfacet
  facet normal 0.202103 0.806854 0.555104
    outer loop
      vertex 0.769738 3.86974 5.56487
      vertex 0.72081 3.62376 5.94022
      vertex 1.07253 3.53566 5.94022
    endloop
  endfacet
  facet normal 0.297193 0.830596 0.470943
    outer loop
      vertex 1.2071 3.97929 5.16675
      vertex 1.14533 3.77566 5.56487
      vertex 1.59133 3.84181 5.16675
    endloop
  endfacet
  facet normal -0.0379454 0.772449 0.633942
    outer loop
      vertex 0 3.69475 5.94022
      vertex -0.362149 3.67696 5.94022
      vertex 0 3.40837 6.28917
    endloop
  endfacet
  facet normal -0.202103 0.806854 0.555104
    outer loop
      vertex -0.769738 3.86974 5.56487
      vertex -1.07253 3.53566 5.94022
      vertex -0.72081 3.62376 5.94022
    endloop
  endfacet
  facet normal -0.114647 0.457699 0.881684
    outer loop
      vertex -0.461363 2.31943 7.14555
      vertex -0.686486 2.26304 7.14555
      vertex -0.383694 1.92896 7.35835
    endloop
  endfacet
  facet normal 0.373432 0.411995 0.831149
    outer loop
      vertex 1.73837 2.11822 6.89475
      vertex 1.67222 1.67222 7.14555
      vertex 1.93762 1.93762 6.89475
    endloop
  endfacet
  facet normal -0.195085 -0.00958026 0.98074
    outer loop
      vertex -0.67496 0 7.75021
      vertex -1.11771 0 7.66214
      vertex -1.11233 -0.109554 7.66214
    endloop
  endfacet
  facet normal -0.195084 -0.00958356 0.98074
    outer loop
      vertex -0.67496 0 7.75021
      vertex -1.11233 -0.109554 7.66214
      vertex -0.67171 -0.0661573 7.75021
    endloop
  endfacet
  facet normal -0.382612 0.0187911 0.923718
    outer loop
      vertex -1.54223 0.151896 7.5311
      vertex -1.96675 0 7.35835
      vertex -1.54969 0 7.5311
    endloop
  endfacet
  facet normal -0.634081 0.0311395 0.77264
    outer loop
      vertex -3.0743 0.302792 6.60837
      vertex -3.08917 0 6.60837
      vertex -2.72702 0.268588 6.89475
    endloop
  endfacet
  facet normal -0.642702 0.709121 0.289967
    outer loop
      vertex -2.83075 3.44928 4.31771
      vertex -3.15521 3.15521 4.31771
      vertex -3.06255 3.06255 4.74969
    endloop
  endfacet
  facet normal -0.709121 0.642702 0.289967
    outer loop
      vertex -3.15521 3.15521 4.31771
      vertex -3.44928 2.83075 4.31771
      vertex -3.06255 3.06255 4.74969
    endloop
  endfacet
  facet normal -0.772451 -0.0379429 0.63394
    outer loop
      vertex -3.40837 0 6.28917
      vertex -3.67696 -0.362149 5.94022
      vertex -3.39196 -0.334079 6.28917
    endloop
  endfacet
  facet normal -0.706684 -0.0347124 0.706677
    outer loop
      vertex -3.0743 -0.302792 6.60837
      vertex -3.40837 0 6.28917
      vertex -3.39196 -0.334079 6.28917
    endloop
  endfacet
  facet normal -0.42653 0.201745 0.881686
    outer loop
      vertex -2.08563 1.11479 7.14555
      vertex -2.18486 0.904997 7.14555
      vertex -1.81704 0.752644 7.35835
    endloop
  endfacet
  facet normal -0.476936 -0.285852 0.831156
    outer loop
      vertex -2.08563 -1.11479 7.14555
      vertex -2.41665 -1.29173 6.89475
      vertex -2.27841 -1.52238 6.89475
    endloop
  endfacet
  facet normal -0.215322 0.195155 0.956844
    outer loop
      vertex -0.790339 0.790339 7.66214
      vertex -1.0958 1.0958 7.5311
      vertex -0.864 0.709066 7.66214
    endloop
  endfacet
  facet normal -0.195084 0.00958356 0.98074
    outer loop
      vertex -0.67171 0.0661573 7.75021
      vertex -1.11233 0.109554 7.66214
      vertex -0.67496 0 7.75021
    endloop
  endfacet
  facet normal 0.00958356 0.195084 0.98074
    outer loop
      vertex 0.109554 1.11233 7.66214
      vertex 0 0.67496 7.75021
      vertex 0.0661573 0.67171 7.75021
    endloop
  endfacet
  facet normal -0.426347 0.470387 0.772634
    outer loop
      vertex -1.95975 2.38796 6.60837
      vertex -2.18437 2.18437 6.60837
      vertex -1.73837 2.11822 6.89475
    endloop
  endfacet
  facet normal -0.238361 0.666168 0.706686
    outer loop
      vertex -0.989399 3.26161 6.28917
      vertex -1.18217 2.85402 6.60837
      vertex -0.896739 2.95615 6.60837
    endloop
  endfacet
  facet normal 0.122042 0.822779 0.555104
    outer loop
      vertex 0.769738 3.86974 5.56487
      vertex 0.362149 3.67696 5.94022
      vertex 0.72081 3.62376 5.94022
    endloop
  endfacet
  facet normal 0.446615 0.331229 0.831157
    outer loop
      vertex 2.11822 1.73837 6.89475
      vertex 1.82807 1.50026 7.14555
      vertex 1.96632 1.31385 7.14555
    endloop
  endfacet
  facet normal 0.285852 0.476936 0.831156
    outer loop
      vertex 1.29173 2.41665 6.89475
      vertex 1.11479 2.08563 7.14555
      vertex 1.52238 2.27841 6.89475
    endloop
  endfacet
  facet normal 0.573897 0.271421 0.77264
    outer loop
      vertex 2.72441 1.45622 6.60837
      vertex 2.41665 1.29173 6.89475
      vertex 2.85402 1.18217 6.60837
    endloop
  endfacet
  facet normal 0.249258 0.149402 0.956843
    outer loop
      vertex 1.28852 0.860963 7.5311
      vertex 0.92934 0.620965 7.66214
      vertex 0.985731 0.526884 7.66214
    endloop
  endfacet
  facet normal 0.519374 0.573016 0.633959
    outer loop
      vertex 2.61259 2.61259 5.94022
      vertex 2.16225 2.63471 6.28917
      vertex 2.41008 2.41008 6.28917
    endloop
  endfacet
  facet normal 0.519361 0.573048 0.63394
    outer loop
      vertex 2.34393 2.85608 5.94022
      vertex 2.16225 2.63471 6.28917
      vertex 2.61259 2.61259 5.94022
    endloop
  endfacet
  facet normal 0.302496 0.639603 0.706686
    outer loop
      vertex 1.6067 3.00592 6.28917
      vertex 1.18217 2.85402 6.60837
      vertex 1.45622 2.72441 6.60837
    endloop
  endfacet
  facet normal 0.103834 0.699868 0.706685
    outer loop
      vertex 0.664941 3.34288 6.28917
      vertex 0.302792 3.0743 6.60837
      vertex 0.602667 3.02981 6.60837
    endloop
  endfacet
  facet normal 0.12943 0.872606 0.470964
    outer loop
      vertex 0.407589 4.13833 5.16675
      vertex 0.386731 3.92655 5.56487
      vertex 0.769738 3.86974 5.56487
    endloop
  endfacet
  facet normal 0.460716 0.621178 0.633939
    outer loop
      vertex 2.34393 2.85608 5.94022
      vertex 2.0527 3.07208 5.94022
      vertex 2.16225 2.63471 6.28917
    endloop
  endfacet
  facet normal 0.504253 0.841285 0.194855
    outer loop
      vertex 2.52796 3.78336 3.87496
      vertex 2.14495 4.01293 3.87496
      vertex 2.47903 3.71014 4.31771
    endloop
  endfacet
  facet normal 0.453523 0.756654 0.470949
    outer loop
      vertex 1.96023 3.66734 5.16675
      vertex 1.85992 3.47967 5.56487
      vertex 2.19203 3.28061 5.56487
    endloop
  endfacet
  facet normal 0.395067 0.835331 0.382288
    outer loop
      vertex 2.04167 3.81969 4.74969
      vertex 1.59133 3.84181 5.16675
      vertex 1.96023 3.66734 5.16675
    endloop
  endfacet
  facet normal 0.65365 0.592409 0.47095
    outer loop
      vertex 2.9404 2.9404 5.16675
      vertex 2.78993 2.78993 5.56487
      vertex 3.04995 2.50303 5.56487
    endloop
  endfacet
  facet normal 0.787804 0.584291 0.194856
    outer loop
      vertex 3.78336 2.52796 3.87496
      vertex 3.44928 2.83075 4.31771
      vertex 3.71014 2.47903 4.31771
    endloop
  endfacet
  facet normal 0.799348 0.59284 0.0978965
    outer loop
      vertex 3.82015 2.55254 3.42571
      vertex 3.55156 2.91469 3.42571
      vertex 3.78336 2.52796 3.87496
    endloop
  endfacet
  facet normal 0.708553 0.525497 0.470961
    outer loop
      vertex 3.21445 2.63803 5.16675
      vertex 3.04995 2.50303 5.56487
      vertex 3.45754 2.31026 5.16675
    endloop
  endfacet
  facet normal 0.792578 0.475053 0.382288
    outer loop
      vertex 3.60118 2.40623 4.74969
      vertex 3.45754 2.31026 5.16675
      vertex 3.66734 1.96023 5.16675
    endloop
  endfacet
  facet normal 0.998796 -0.0490597 0
    outer loop
      vertex 4.57234 -0.450336 3.42571
      vertex 4.59446 0 3.2
      vertex 4.59446 0 3.42571
    endloop
  endfacet
  facet normal 0.998796 -0.0490597 0
    outer loop
      vertex 4.59446 0 3.2
      vertex 4.57234 -0.450336 3.42571
      vertex 4.57234 -0.450336 3.2
    endloop
  endfacet
  facet normal 0.984424 -0.146024 0.0979131
    outer loop
      vertex 4.5283 -0.445998 3.87496
      vertex 4.46278 -0.887702 3.87496
      vertex 4.57234 -0.450336 3.42571
    endloop
  endfacet
  facet normal 0.979649 0.0481127 0.194868
    outer loop
      vertex 4.55021 0 3.87496
      vertex 4.44066 0.437366 4.31771
      vertex 4.46214 0 4.31771
    endloop
  endfacet
  facet normal 0.241824 0.965368 0.0979063
    outer loop
      vertex 0.896334 4.50618 3.42571
      vertex 0.887702 4.46278 3.87496
      vertex 1.3337 4.39662 3.42571
    endloop
  endfacet
  facet normal 0.242992 0.970028 -0
    outer loop
      vertex 1.3337 4.39662 3.2
      vertex 0.896334 4.50618 3.42571
      vertex 1.3337 4.39662 3.42571
    endloop
  endfacet
  facet normal 0.242992 0.970028 0
    outer loop
      vertex 0.896334 4.50618 3.42571
      vertex 1.3337 4.39662 3.2
      vertex 0.896334 4.50618 3.2
    endloop
  endfacet
  facet normal 0.419354 0.886663 0.194861
    outer loop
      vertex 2.14495 4.01293 3.87496
      vertex 1.70759 4.12248 4.31771
      vertex 2.10344 3.93526 4.31771
    endloop
  endfacet
  facet normal 0.59284 0.799348 0.0978965
    outer loop
      vertex 2.55254 3.82015 3.42571
      vertex 2.52796 3.78336 3.87496
      vertex 2.91469 3.55156 3.42571
    endloop
  endfacet
  facet normal 0.425507 0.899644 0.0978994
    outer loop
      vertex 1.75822 4.24473 3.42571
      vertex 1.74129 4.20385 3.87496
      vertex 2.14495 4.01293 3.87496
    endloop
  endfacet
  facet normal 0.595701 0.803206 -0
    outer loop
      vertex 2.91469 3.55156 3.2
      vertex 2.55254 3.82015 3.42571
      vertex 2.91469 3.55156 3.42571
    endloop
  endfacet
  facet normal 0.595701 0.803206 0
    outer loop
      vertex 2.55254 3.82015 3.42571
      vertex 2.91469 3.55156 3.2
      vertex 2.55254 3.82015 3.2
    endloop
  endfacet
  facet normal 0.475053 0.792578 0.382288
    outer loop
      vertex 2.40623 3.60118 4.74969
      vertex 1.96023 3.66734 5.16675
      vertex 2.31026 3.45754 5.16675
    endloop
  endfacet
  facet normal 0.525512 0.70855 0.470951
    outer loop
      vertex 2.31026 3.45754 5.16675
      vertex 2.19203 3.28061 5.56487
      vertex 2.50303 3.04995 5.56487
    endloop
  endfacet
  facet normal -0.979651 0.0481261 0.194855
    outer loop
      vertex -4.5283 0.445998 3.87496
      vertex -4.55021 0 3.87496
      vertex -4.44066 0.437366 4.31771
    endloop
  endfacet
  facet normal -0.979649 0.0481127 0.194868
    outer loop
      vertex -4.44066 0.437366 4.31771
      vertex -4.55021 0 3.87496
      vertex -4.46214 0 4.31771
    endloop
  endfacet
  facet normal -0.870021 0.311298 0.382305
    outer loop
      vertex -4.00142 1.65744 4.74969
      vertex -4.14461 1.25725 4.74969
      vertex -3.84181 1.59133 5.16675
    endloop
  endfacet
  facet normal -0.835317 0.395081 0.382304
    outer loop
      vertex -3.81969 2.04167 4.74969
      vertex -4.00142 1.65744 4.74969
      vertex -3.84181 1.59133 5.16675
    endloop
  endfacet
  facet normal -0.899643 0.425509 0.0978969
    outer loop
      vertex -4.05195 2.16581 3.42571
      vertex -4.24473 1.75822 3.42571
      vertex -4.01293 2.14495 3.87496
    endloop
  endfacet
  facet normal -0.330677 0.69913 0.633932
    outer loop
      vertex -1.41392 3.41351 5.94022
      vertex -1.74169 3.25848 5.94022
      vertex -1.6067 3.00592 6.28917
    endloop
  endfacet
  facet normal -0.592416 0.653635 0.470961
    outer loop
      vertex -2.63803 3.21445 5.16675
      vertex -2.9404 2.9404 5.16675
      vertex -2.50303 3.04995 5.56487
    endloop
  endfacet
  facet normal -0.853606 0.511638 0.097897
    outer loop
      vertex -3.82015 2.55254 3.42571
      vertex -4.01293 2.14495 3.87496
      vertex -3.78336 2.52796 3.87496
    endloop
  endfacet
  facet normal -0.797469 0.377159 0.47095
    outer loop
      vertex -3.47967 1.85992 5.56487
      vertex -3.84181 1.59133 5.16675
      vertex -3.64521 1.5099 5.56487
    endloop
  endfacet
  facet normal -0.742201 0.550449 0.382288
    outer loop
      vertex -3.34799 2.74762 4.74969
      vertex -3.60118 2.40623 4.74969
      vertex -3.21445 2.63803 5.16675
    endloop
  endfacet
  facet normal -0.639592 0.302504 0.706692
    outer loop
      vertex -3.00592 1.6067 6.28917
      vertex -3.14893 1.30433 6.28917
      vertex -2.85402 1.18217 6.60837
    endloop
  endfacet
  facet normal -0.668317 0.737407 0.0978942
    outer loop
      vertex -2.91469 3.55156 3.42571
      vertex -3.21749 3.21749 3.87496
      vertex -2.88662 3.51736 3.87496
    endloop
  endfacet
  facet normal -0.737396 0.668332 0.0978768
    outer loop
      vertex -3.24877 3.24877 3.42571
      vertex -3.55156 2.91469 3.42571
      vertex -3.21749 3.21749 3.87496
    endloop
  endfacet
  facet normal -0.726748 0.658679 0.194883
    outer loop
      vertex -3.21749 3.21749 3.87496
      vertex -3.44928 2.83075 4.31771
      vertex -3.15521 3.15521 4.31771
    endloop
  endfacet
  facet normal -0.658679 0.726748 0.194883
    outer loop
      vertex -2.83075 3.44928 4.31771
      vertex -3.21749 3.21749 3.87496
      vertex -3.15521 3.15521 4.31771
    endloop
  endfacet
  facet normal -0.492015 0.820877 0.28997
    outer loop
      vertex -2.10344 3.93526 4.31771
      vertex -2.47903 3.71014 4.31771
      vertex -2.40623 3.60118 4.74969
    endloop
  endfacet
  facet normal -0.886663 0.419354 0.194861
    outer loop
      vertex -4.01293 2.14495 3.87496
      vertex -4.12248 1.70759 4.31771
      vertex -3.93526 2.10344 4.31771
    endloop
  endfacet
  facet normal -0.865153 0.40918 0.289969
    outer loop
      vertex -3.93526 2.10344 4.31771
      vertex -4.12248 1.70759 4.31771
      vertex -3.81969 2.04167 4.74969
    endloop
  endfacet
  facet normal -0.937025 0.33526 0.0978999
    outer loop
      vertex -4.24473 1.75822 3.42571
      vertex -4.39662 1.3337 3.42571
      vertex -4.20385 1.74129 3.87496
    endloop
  endfacet
  facet normal -0.923498 0.330428 0.194855
    outer loop
      vertex -4.20385 1.74129 3.87496
      vertex -4.35428 1.32086 3.87496
      vertex -4.27001 1.29529 4.31771
    endloop
  endfacet
  facet normal 0.0142552 0.290256 0.956843
    outer loop
      vertex 0.151896 1.54223 7.5311
      vertex 0 1.54969 7.5311
      vertex 0.109554 1.11233 7.66214
    endloop
  endfacet
  facet normal 0.0142539 0.290256 0.956843
    outer loop
      vertex 0 1.54969 7.5311
      vertex 0 1.11771 7.66214
      vertex 0.109554 1.11233 7.66214
    endloop
  endfacet
  facet normal -0.262701 -0.124253 0.956843
    outer loop
      vertex -1.03263 -0.427728 7.66214
      vertex -1.43173 -0.593041 7.5311
      vertex -0.985731 -0.526884 7.66214
    endloop
  endfacet
  facet normal -0.183904 -0.0657991 0.980739
    outer loop
      vertex -0.645896 -0.19593 7.75021
      vertex -1.06958 -0.324453 7.66214
      vertex -0.623582 -0.258296 7.75021
    endloop
  endfacet
  facet normal -0.615824 -0.154255 0.772636
    outer loop
      vertex -2.68756 -0.53459 6.89475
      vertex -2.95615 -0.896739 6.60837
      vertex -2.62222 -0.795443 6.89475
    endloop
  endfacet
  facet normal -0.215322 -0.195155 0.956844
    outer loop
      vertex -0.864 -0.709066 7.66214
      vertex -1.0958 -1.0958 7.5311
      vertex -0.790339 -0.790339 7.66214
    endloop
  endfacet
  facet normal -0.373432 -0.411995 0.831149
    outer loop
      vertex -1.67222 -1.67222 7.14555
      vertex -1.93762 -1.93762 6.89475
      vertex -1.73837 -2.11822 6.89475
    endloop
  endfacet
  facet normal -0.00481538 -0.0980222 0.995173
    outer loop
      vertex 0 -0.225711 7.79446
      vertex -0.0661573 -0.67171 7.75021
      vertex 0 -0.67496 7.75021
    endloop
  endfacet
  facet normal 0.257264 -0.28384 0.923715
    outer loop
      vertex 1.3907 -1.3907 7.35835
      vertex 1.0958 -1.0958 7.5311
      vertex 1.24769 -1.52032 7.35835
    endloop
  endfacet
  facet normal 0.262701 -0.124253 0.956843
    outer loop
      vertex 1.03263 -0.427728 7.66214
      vertex 0.985731 -0.526884 7.66214
      vertex 1.43173 -0.593041 7.5311
    endloop
  endfacet
  facet normal 0.201736 -0.42654 0.881684
    outer loop
      vertex 0.92712 -1.73452 7.35835
      vertex 0.752644 -1.81704 7.35835
      vertex 1.11479 -2.08563 7.14555
    endloop
  endfacet
  facet normal 0.0887192 0.0419565 0.995173
    outer loop
      vertex 0.623582 0.258296 7.75021
      vertex 0.199059 0.1064 7.79446
      vertex 0.208529 0.0863752 7.79446
    endloop
  endfacet
  facet normal 0.215325 -0.195154 0.956844
    outer loop
      vertex 1.19793 -0.983114 7.5311
      vertex 0.864 -0.709066 7.66214
      vertex 1.0958 -1.0958 7.5311
    endloop
  endfacet
  facet normal 0.281892 -0.0706249 0.956843
    outer loop
      vertex 1.51992 -0.30233 7.5311
      vertex 1.06958 -0.324453 7.66214
      vertex 1.48296 -0.449852 7.5311
    endloop
  endfacet
  facet normal 0.360683 -0.129049 0.923717
    outer loop
      vertex 1.88206 -0.570918 7.35835
      vertex 1.48296 -0.449852 7.5311
      vertex 1.81704 -0.752644 7.35835
    endloop
  endfacet
  facet normal -0.504253 -0.841285 0.194855
    outer loop
      vertex -2.47903 -3.71014 4.31771
      vertex -2.52796 -3.78336 3.87496
      vertex -2.14495 -4.01293 3.87496
    endloop
  endfacet
  facet normal -0.419364 -0.886656 0.194872
    outer loop
      vertex -1.70759 -4.12248 4.31771
      vertex -2.14495 -4.01293 3.87496
      vertex -1.74129 -4.20385 3.87496
    endloop
  endfacet
  facet normal -0.146024 -0.984424 0.0979131
    outer loop
      vertex -0.445998 -4.5283 3.87496
      vertex -0.887702 -4.46278 3.87496
      vertex -0.450336 -4.57234 3.42571
    endloop
  endfacet
  facet normal 0.0481127 -0.979649 0.194868
    outer loop
      vertex 0 -4.46214 4.31771
      vertex 0 -4.55021 3.87496
      vertex 0.437366 -4.44066 4.31771
    endloop
  endfacet
  facet normal -0.214359 -0.855718 0.470954
    outer loop
      vertex -0.769738 -3.86974 5.56487
      vertex -1.2071 -3.97929 5.16675
      vertex -0.811254 -4.07845 5.16675
    endloop
  endfacet
  facet normal -0.322416 -0.901095 0.289957
    outer loop
      vertex -1.65744 -4.00142 4.74969
      vertex -1.70759 -4.12248 4.31771
      vertex -1.25725 -4.14461 4.74969
    endloop
  endfacet
  facet normal -0.495502 -0.668088 0.5551
    outer loop
      vertex -2.34393 -2.85608 5.94022
      vertex -2.50303 -3.04995 5.56487
      vertex -2.19203 -3.28061 5.56487
    endloop
  endfacet
  facet normal -0.311298 -0.870021 0.382305
    outer loop
      vertex -1.59133 -3.84181 5.16675
      vertex -1.65744 -4.00142 4.74969
      vertex -1.25725 -4.14461 4.74969
    endloop
  endfacet
  facet normal 0.187913 -0.750202 0.633945
    outer loop
      vertex 1.07253 -3.53566 5.94022
      vertex 0.664941 -3.34288 6.28917
      vertex 0.72081 -3.62376 5.94022
    endloop
  endfacet
  facet normal 0.330677 -0.69913 0.633932
    outer loop
      vertex 1.6067 -3.00592 6.28917
      vertex 1.41392 -3.41351 5.94022
      vertex 1.74169 -3.25848 5.94022
    endloop
  endfacet
  facet normal 0.363749 -0.606862 0.706687
    outer loop
      vertex 1.71625 -2.56855 6.60837
      vertex 1.6067 -3.00592 6.28917
      vertex 1.89359 -2.83396 6.28917
    endloop
  endfacet
  facet normal 0.330663 -0.69913 0.633939
    outer loop
      vertex 1.6067 -3.00592 6.28917
      vertex 1.30433 -3.14893 6.28917
      vertex 1.41392 -3.41351 5.94022
    endloop
  endfacet
  facet normal 0.378984 -0.281072 0.881686
    outer loop
      vertex 1.96632 -1.31385 7.14555
      vertex 1.52032 -1.24769 7.35835
      vertex 1.82807 -1.50026 7.14555
    endloop
  endfacet
  facet normal 0.156884 -0.116352 0.980739
    outer loop
      vertex 0.92934 -0.620965 7.66214
      vertex 0.561209 -0.374988 7.75021
      vertex 0.864 -0.709066 7.66214
    endloop
  endfacet
  facet normal -0.0788265 -0.058463 0.995173
    outer loop
      vertex -0.187672 -0.125398 7.79446
      vertex -0.561209 -0.374988 7.75021
      vertex -0.174477 -0.143189 7.79446
    endloop
  endfacet
  facet normal 0.0584646 -0.0788255 0.995173
    outer loop
      vertex 0.428189 -0.52175 7.75021
      vertex 0.143189 -0.174477 7.79446
      vertex 0.374988 -0.561209 7.75021
    endloop
  endfacet
  facet normal 0.0930988 -0.371594 0.923715
    outer loop
      vertex 0.449852 -1.48296 7.5311
      vertex 0.30233 -1.51992 7.5311
      vertex 0.383694 -1.92896 7.35835
    endloop
  endfacet
  facet normal 0.163785 -0.346298 0.923716
    outer loop
      vertex 0.92712 -1.73452 7.35835
      vertex 0.73052 -1.36671 7.5311
      vertex 0.752644 -1.81704 7.35835
    endloop
  endfacet
  facet normal 0.129049 -0.360683 0.923717
    outer loop
      vertex 0.752644 -1.81704 7.35835
      vertex 0.449852 -1.48296 7.5311
      vertex 0.570918 -1.88206 7.35835
    endloop
  endfacet
  facet normal 0.27145 -0.573898 0.772629
    outer loop
      vertex 1.29173 -2.41665 6.89475
      vertex 1.04864 -2.53163 6.89475
      vertex 1.18217 -2.85402 6.60837
    endloop
  endfacet
  facet normal -0.187314 -0.523539 0.831156
    outer loop
      vertex -0.686486 -2.26304 7.14555
      vertex -0.904997 -2.18486 7.14555
      vertex -0.795443 -2.62222 6.89475
    endloop
  endfacet
  facet normal 0.0231507 -0.471265 0.881688
    outer loop
      vertex 0.192775 -1.95728 7.35835
      vertex 0 -1.96675 7.35835
      vertex 0.231797 -2.35349 7.14555
    endloop
  endfacet
  facet normal -0.0311395 -0.634081 0.77264
    outer loop
      vertex -0.268588 -2.72702 6.89475
      vertex -0.302792 -3.0743 6.60837
      vertex 0 -3.08917 6.60837
    endloop
  endfacet
  facet normal -0.213865 -0.597749 0.77263
    outer loop
      vertex -1.04864 -2.53163 6.89475
      vertex -1.18217 -2.85402 6.60837
      vertex -0.795443 -2.62222 6.89475
    endloop
  endfacet
  facet normal -0.970028 -0.242992 0
    outer loop
      vertex -4.39662 -1.3337 3.2
      vertex -4.50618 -0.896334 3.42571
      vertex -4.50618 -0.896334 3.2
    endloop
  endfacet
  facet normal -0.970028 -0.242992 0
    outer loop
      vertex -4.50618 -0.896334 3.42571
      vertex -4.39662 -1.3337 3.2
      vertex -4.39662 -1.3337 3.42571
    endloop
  endfacet
  facet normal -0.903986 -0.427563 0
    outer loop
      vertex -4.05195 -2.16581 3.2
      vertex -4.24473 -1.75822 3.42571
      vertex -4.24473 -1.75822 3.2
    endloop
  endfacet
  facet normal -0.903986 -0.427563 0
    outer loop
      vertex -4.24473 -1.75822 3.42571
      vertex -4.05195 -2.16581 3.2
      vertex -4.05195 -2.16581 3.42571
    endloop
  endfacet
  facet normal -0.886656 -0.419364 0.194872
    outer loop
      vertex -4.12248 -1.70759 4.31771
      vertex -4.20385 -1.74129 3.87496
      vertex -4.01293 -2.14495 3.87496
    endloop
  endfacet
  facet normal -0.928359 -0.232532 0.289962
    outer loop
      vertex -4.24788 -0.844955 4.74969
      vertex -4.3764 -0.870521 4.31771
      vertex -4.14461 -1.25725 4.74969
    endloop
  endfacet
  facet normal -0.979649 -0.0481127 0.194868
    outer loop
      vertex -4.46214 0 4.31771
      vertex -4.55021 0 3.87496
      vertex -4.44066 -0.437366 4.31771
    endloop
  endfacet
  facet normal -0.870021 -0.311298 0.382305
    outer loop
      vertex -3.84181 -1.59133 5.16675
      vertex -4.14461 -1.25725 4.74969
      vertex -4.00142 -1.65744 4.74969
    endloop
  endfacet
  facet normal -0.901095 -0.322416 0.289957
    outer loop
      vertex -4.00142 -1.65744 4.74969
      vertex -4.14461 -1.25725 4.74969
      vertex -4.12248 -1.70759 4.31771
    endloop
  endfacet
  facet normal -0.970213 -0.143916 0.194872
    outer loop
      vertex -4.3764 -0.870521 4.31771
      vertex -4.5283 -0.445998 3.87496
      vertex -4.46278 -0.887702 3.87496
    endloop
  endfacet
  facet normal -0.91404 -0.135595 0.382289
    outer loop
      vertex -4.13833 -0.407589 5.16675
      vertex -4.31025 -0.424521 4.74969
      vertex -4.24788 -0.844955 4.74969
    endloop
  endfacet
  facet normal -0.822779 -0.122042 0.555104
    outer loop
      vertex -3.67696 -0.362149 5.94022
      vertex -3.86974 -0.769738 5.56487
      vertex -3.62376 -0.72081 5.94022
    endloop
  endfacet
  facet normal -0.88109 0.0432877 0.470964
    outer loop
      vertex -3.92655 0.386731 5.56487
      vertex -4.13833 0.407589 5.16675
      vertex -3.94555 0 5.56487
    endloop
  endfacet
  facet normal -0.797469 -0.37716 0.470949
    outer loop
      vertex -3.47967 -1.85992 5.56487
      vertex -3.84181 -1.59133 5.16675
      vertex -3.66734 -1.96023 5.16675
    endloop
  endfacet
  facet normal -0.835331 -0.395067 0.382288
    outer loop
      vertex -3.66734 -1.96023 5.16675
      vertex -3.84181 -1.59133 5.16675
      vertex -3.81969 -2.04167 4.74969
    endloop
  endfacet
  facet normal -0.668087 -0.495508 0.555096
    outer loop
      vertex -3.07208 -2.0527 5.94022
      vertex -3.28061 -2.19203 5.56487
      vertex -2.85608 -2.34393 5.94022
    endloop
  endfacet
  facet normal -0.616322 -0.55858 0.555099
    outer loop
      vertex -2.85608 -2.34393 5.94022
      vertex -3.04995 -2.50303 5.56487
      vertex -2.61259 -2.61259 5.94022
    endloop
  endfacet
  facet normal -0.684676 -0.620549 0.382279
    outer loop
      vertex -2.9404 -2.9404 5.16675
      vertex -3.21445 -2.63803 5.16675
      vertex -3.06255 -3.06255 4.74969
    endloop
  endfacet
  facet normal -0.620549 -0.684676 0.382279
    outer loop
      vertex -2.9404 -2.9404 5.16675
      vertex -3.06255 -3.06255 4.74969
      vertex -2.63803 -3.21445 5.16675
    endloop
  endfacet
  facet normal -0.709115 -0.642714 0.289956
    outer loop
      vertex -3.34799 -2.74762 4.74969
      vertex -3.44928 -2.83075 4.31771
      vertex -3.06255 -3.06255 4.74969
    endloop
  endfacet
  facet normal -0.684667 -0.620554 0.382288
    outer loop
      vertex -3.21445 -2.63803 5.16675
      vertex -3.34799 -2.74762 4.74969
      vertex -3.06255 -3.06255 4.74969
    endloop
  endfacet
  facet normal -0.570115 -0.768691 0.289969
    outer loop
      vertex -2.40623 -3.60118 4.74969
      vertex -2.83075 -3.44928 4.31771
      vertex -2.47903 -3.71014 4.31771
    endloop
  endfacet
  facet normal -0.726748 -0.658679 0.194883
    outer loop
      vertex -3.15521 -3.15521 4.31771
      vertex -3.44928 -2.83075 4.31771
      vertex -3.21749 -3.21749 3.87496
    endloop
  endfacet
  facet normal -0.803206 -0.595701 0
    outer loop
      vertex -3.55156 -2.91469 3.2
      vertex -3.82015 -2.55254 3.42571
      vertex -3.82015 -2.55254 3.2
    endloop
  endfacet
  facet normal -0.803206 -0.595701 0
    outer loop
      vertex -3.82015 -2.55254 3.42571
      vertex -3.55156 -2.91469 3.2
      vertex -3.55156 -2.91469 3.42571
    endloop
  endfacet
  facet normal -0.799348 -0.59284 0.0978965
    outer loop
      vertex -3.78336 -2.52796 3.87496
      vertex -3.82015 -2.55254 3.42571
      vertex -3.55156 -2.91469 3.42571
    endloop
  endfacet
  facet normal -0.841287 -0.504248 0.19486
    outer loop
      vertex -3.93526 -2.10344 4.31771
      vertex -4.01293 -2.14495 3.87496
      vertex -3.71014 -2.47903 4.31771
    endloop
  endfacet
  facet normal -0.792577 -0.475055 0.382289
    outer loop
      vertex -3.66734 -1.96023 5.16675
      vertex -3.81969 -2.04167 4.74969
      vertex -3.60118 -2.40623 4.74969
    endloop
  endfacet
  facet normal -0.756654 -0.453521 0.47095
    outer loop
      vertex -3.28061 -2.19203 5.56487
      vertex -3.66734 -1.96023 5.16675
      vertex -3.45754 -2.31026 5.16675
    endloop
  endfacet
  facet normal -0.797469 -0.377159 0.47095
    outer loop
      vertex -3.64521 -1.5099 5.56487
      vertex -3.84181 -1.59133 5.16675
      vertex -3.47967 -1.85992 5.56487
    endloop
  endfacet
  facet normal -0.751909 -0.355641 0.555114
    outer loop
      vertex -3.41351 -1.41392 5.94022
      vertex -3.47967 -1.85992 5.56487
      vertex -3.25848 -1.74169 5.94022
    endloop
  endfacet
  facet normal -0.728172 -0.260541 0.633943
    outer loop
      vertex -3.26161 -0.989399 6.28917
      vertex -3.53566 -1.07253 5.94022
      vertex -3.41351 -1.41392 5.94022
    endloop
  endfacet
  facet normal -0.728177 -0.260536 0.63394
    outer loop
      vertex -3.26161 -0.989399 6.28917
      vertex -3.41351 -1.41392 5.94022
      vertex -3.14893 -1.30433 6.28917
    endloop
  endfacet
  facet normal -0.615825 -0.154254 0.772635
    outer loop
      vertex -2.68756 -0.53459 6.89475
      vertex -3.02981 -0.602667 6.60837
      vertex -2.95615 -0.896739 6.60837
    endloop
  endfacet
  facet normal -0.627976 -0.0931677 0.772636
    outer loop
      vertex -2.68756 -0.53459 6.89475
      vertex -3.0743 -0.302792 6.60837
      vertex -3.02981 -0.602667 6.60837
    endloop
  endfacet
  facet normal -0.167532 -0.100416 0.980739
    outer loop
      vertex -0.561209 -0.374988 7.75021
      vertex -0.985731 -0.526884 7.66214
      vertex -0.92934 -0.620965 7.66214
    endloop
  endfacet
  facet normal -0.639592 -0.302504 0.706692
    outer loop
      vertex -2.85402 -1.18217 6.60837
      vertex -3.14893 -1.30433 6.28917
      vertex -3.00592 -1.6067 6.28917
    endloop
  endfacet
  facet normal -0.91404 0.135595 0.382289
    outer loop
      vertex -4.24788 0.844955 4.74969
      vertex -4.31025 0.424521 4.74969
      vertex -4.13833 0.407589 5.16675
    endloop
  endfacet
  facet normal -0.928359 0.232532 0.289962
    outer loop
      vertex -4.14461 1.25725 4.74969
      vertex -4.3764 0.870521 4.31771
      vertex -4.24788 0.844955 4.74969
    endloop
  endfacet
  facet normal -0.881095 0.0432777 0.470956
    outer loop
      vertex -4.13833 0.407589 5.16675
      vertex -4.15835 0 5.16675
      vertex -3.94555 0 5.56487
    endloop
  endfacet
  facet normal -0.881095 -0.0432777 0.470956
    outer loop
      vertex -3.94555 0 5.56487
      vertex -4.15835 0 5.16675
      vertex -4.13833 -0.407589 5.16675
    endloop
  endfacet
  facet normal 0.514108 -0.857726 0
    outer loop
      vertex 2.16581 -4.05195 3.2
      vertex 2.55254 -3.82015 3.42571
      vertex 2.16581 -4.05195 3.42571
    endloop
  endfacet
  facet normal 0.514108 -0.857726 0
    outer loop
      vertex 2.55254 -3.82015 3.42571
      vertex 2.16581 -4.05195 3.2
      vertex 2.55254 -3.82015 3.2
    endloop
  endfacet
  facet normal 0.425509 -0.899643 0.0978969
    outer loop
      vertex 2.14495 -4.01293 3.87496
      vertex 1.75822 -4.24473 3.42571
      vertex 2.16581 -4.05195 3.42571
    endloop
  endfacet
  facet normal 0.238303 -0.951439 0.194872
    outer loop
      vertex 1.29529 -4.27001 4.31771
      vertex 0.870521 -4.3764 4.31771
      vertex 0.887702 -4.46278 3.87496
    endloop
  endfacet
  facet normal 0.140443 -0.946676 0.289967
    outer loop
      vertex 0.870521 -4.3764 4.31771
      vertex 0.424521 -4.31025 4.74969
      vertex 0.437366 -4.44066 4.31771
    endloop
  endfacet
  facet normal 0.504253 -0.841285 0.194855
    outer loop
      vertex 2.47903 -3.71014 4.31771
      vertex 2.14495 -4.01293 3.87496
      vertex 2.52796 -3.78336 3.87496
    endloop
  endfacet
  facet normal 0.658679 -0.726748 0.194883
    outer loop
      vertex 3.15521 -3.15521 4.31771
      vertex 2.83075 -3.44928 4.31771
      vertex 3.21749 -3.21749 3.87496
    endloop
  endfacet
  facet normal 0.143934 -0.970214 0.194855
    outer loop
      vertex 0.870521 -4.3764 4.31771
      vertex 0.437366 -4.44066 4.31771
      vertex 0.445998 -4.5283 3.87496
    endloop
  endfacet
  facet normal 0.238322 -0.951438 0.194854
    outer loop
      vertex 1.29529 -4.27001 4.31771
      vertex 0.887702 -4.46278 3.87496
      vertex 1.32086 -4.35428 3.87496
    endloop
  endfacet
  facet normal 0.642702 -0.709121 0.289967
    outer loop
      vertex 3.06255 -3.06255 4.74969
      vertex 2.83075 -3.44928 4.31771
      vertex 3.15521 -3.15521 4.31771
    endloop
  endfacet
  facet normal 0.570105 -0.768704 0.289955
    outer loop
      vertex 2.74762 -3.34799 4.74969
      vertex 2.40623 -3.60118 4.74969
      vertex 2.83075 -3.44928 4.31771
    endloop
  endfacet
  facet normal 0.737396 -0.668332 0.0978768
    outer loop
      vertex 3.55156 -2.91469 3.42571
      vertex 3.21749 -3.21749 3.87496
      vertex 3.24877 -3.24877 3.42571
    endloop
  endfacet
  facet normal 0.40918 -0.865153 0.289969
    outer loop
      vertex 2.04167 -3.81969 4.74969
      vertex 1.70759 -4.12248 4.31771
      vertex 2.10344 -3.93526 4.31771
    endloop
  endfacet
  facet normal 0.740954 -0.671556 0
    outer loop
      vertex 3.24877 -3.24877 3.42571
      vertex 3.55156 -2.91469 3.2
      vertex 3.55156 -2.91469 3.42571
    endloop
  endfacet
  facet normal 0.740954 -0.671556 0
    outer loop
      vertex 3.55156 -2.91469 3.2
      vertex 3.24877 -3.24877 3.42571
      vertex 3.24877 -3.24877 3.2
    endloop
  endfacet
  facet normal 0.799348 -0.59284 0.0978965
    outer loop
      vertex 3.78336 -2.52796 3.87496
      vertex 3.55156 -2.91469 3.42571
      vertex 3.82015 -2.55254 3.42571
    endloop
  endfacet
  facet normal 0.853606 -0.511638 0.097897
    outer loop
      vertex 4.01293 -2.14495 3.87496
      vertex 3.78336 -2.52796 3.87496
      vertex 3.82015 -2.55254 3.42571
    endloop
  endfacet
  facet normal 0.853606 -0.511638 0.0978975
    outer loop
      vertex 4.01293 -2.14495 3.87496
      vertex 3.82015 -2.55254 3.42571
      vertex 4.05195 -2.16581 3.42571
    endloop
  endfacet
  facet normal 0.835331 -0.395067 0.382288
    outer loop
      vertex 3.84181 -1.59133 5.16675
      vertex 3.66734 -1.96023 5.16675
      vertex 3.81969 -2.04167 4.74969
    endloop
  endfacet
  facet normal 0.713448 -0.427596 0.555115
    outer loop
      vertex 3.25848 -1.74169 5.94022
      vertex 3.07208 -2.0527 5.94022
      vertex 3.47967 -1.85992 5.56487
    endloop
  endfacet
  facet normal -0.853606 0.511638 0.0978975
    outer loop
      vertex -3.82015 2.55254 3.42571
      vertex -4.05195 2.16581 3.42571
      vertex -4.01293 2.14495 3.87496
    endloop
  endfacet
  facet normal -0.993996 0.0488308 0.097913
    outer loop
      vertex -4.5283 0.445998 3.87496
      vertex -4.57234 0.450336 3.42571
      vertex -4.55021 0 3.87496
    endloop
  endfacet
  facet normal -0.146031 0.984423 0.0979065
    outer loop
      vertex -0.450336 4.57234 3.42571
      vertex -0.896334 4.50618 3.42571
      vertex -0.887702 4.46278 3.87496
    endloop
  endfacet
  facet normal -0.241824 0.965368 0.0979063
    outer loop
      vertex -0.896334 4.50618 3.42571
      vertex -1.3337 4.39662 3.42571
      vertex -0.887702 4.46278 3.87496
    endloop
  endfacet
  facet normal -0.12943 0.872606 0.470964
    outer loop
      vertex -0.407589 4.13833 5.16675
      vertex -0.769738 3.86974 5.56487
      vertex -0.386731 3.92655 5.56487
    endloop
  endfacet
  facet normal -0.129444 0.872609 0.470954
    outer loop
      vertex -0.407589 4.13833 5.16675
      vertex -0.811254 4.07845 5.16675
      vertex -0.769738 3.86974 5.56487
    endloop
  endfacet
  facet normal -0.281072 0.378984 0.881686
    outer loop
      vertex -1.31385 1.96632 7.14555
      vertex -1.50026 1.82807 7.14555
      vertex -1.24769 1.52032 7.35835
    endloop
  endfacet
  facet normal -0.37716 0.797469 0.470949
    outer loop
      vertex -1.59133 3.84181 5.16675
      vertex -1.96023 3.66734 5.16675
      vertex -1.85992 3.47967 5.56487
    endloop
  endfacet
  facet normal -0.550451 0.7422 0.382286
    outer loop
      vertex -2.40623 3.60118 4.74969
      vertex -2.63803 3.21445 5.16675
      vertex -2.31026 3.45754 5.16675
    endloop
  endfacet
  facet normal -0.302496 0.639603 0.706686
    outer loop
      vertex -1.18217 2.85402 6.60837
      vertex -1.6067 3.00592 6.28917
      vertex -1.45622 2.72441 6.60837
    endloop
  endfacet
  facet normal 0.322429 0.901087 0.28997
    outer loop
      vertex 1.29529 4.27001 4.31771
      vertex 1.25725 4.14461 4.74969
      vertex 1.70759 4.12248 4.31771
    endloop
  endfacet
  facet normal 0.13559 0.914042 0.382285
    outer loop
      vertex 0.844955 4.24788 4.74969
      vertex 0.407589 4.13833 5.16675
      vertex 0.811254 4.07845 5.16675
    endloop
  endfacet
  facet normal 0.224515 0.896354 0.382285
    outer loop
      vertex 0.844955 4.24788 4.74969
      vertex 0.811254 4.07845 5.16675
      vertex 1.25725 4.14461 4.74969
    endloop
  endfacet
  facet normal 0.492015 0.820877 0.28997
    outer loop
      vertex 2.47903 3.71014 4.31771
      vertex 2.10344 3.93526 4.31771
      vertex 2.40623 3.60118 4.74969
    endloop
  endfacet
  facet normal -0.232532 0.928359 0.289962
    outer loop
      vertex -0.870521 4.3764 4.31771
      vertex -1.25725 4.14461 4.74969
      vertex -0.844955 4.24788 4.74969
    endloop
  endfacet
  facet normal -0.045329 0.92293 0.382289
    outer loop
      vertex 0 4.3311 4.74969
      vertex -0.424521 4.31025 4.74969
      vertex -0.407589 4.13833 5.16675
    endloop
  endfacet
  facet normal 0.0490597 0.998796 -0
    outer loop
      vertex 0.450336 4.57234 3.2
      vertex 0 4.59446 3.42571
      vertex 0.450336 4.57234 3.42571
    endloop
  endfacet
  facet normal 0.0490597 0.998796 0
    outer loop
      vertex 0 4.59446 3.42571
      vertex 0.450336 4.57234 3.2
      vertex 0 4.59446 3.2
    endloop
  endfacet
  facet normal -0.0490597 0.998796 0
    outer loop
      vertex 0 4.59446 3.2
      vertex -0.450336 4.57234 3.42571
      vertex 0 4.59446 3.42571
    endloop
  endfacet
  facet normal -0.0490597 0.998796 0
    outer loop
      vertex -0.450336 4.57234 3.42571
      vertex 0 4.59446 3.2
      vertex -0.450336 4.57234 3.2
    endloop
  endfacet
  facet normal 0.903986 0.427563 0
    outer loop
      vertex 4.24473 1.75822 3.42571
      vertex 4.05195 2.16581 3.2
      vertex 4.05195 2.16581 3.42571
    endloop
  endfacet
  facet normal 0.903986 0.427563 0
    outer loop
      vertex 4.05195 2.16581 3.2
      vertex 4.24473 1.75822 3.42571
      vertex 4.24473 1.75822 3.2
    endloop
  endfacet
  facet normal 0.857726 0.514108 0
    outer loop
      vertex 4.05195 2.16581 3.42571
      vertex 3.82015 2.55254 3.2
      vertex 3.82015 2.55254 3.42571
    endloop
  endfacet
  facet normal 0.857726 0.514108 0
    outer loop
      vertex 3.82015 2.55254 3.2
      vertex 4.05195 2.16581 3.42571
      vertex 4.05195 2.16581 3.2
    endloop
  endfacet
  facet normal 0.853606 0.511638 0.0978975
    outer loop
      vertex 4.05195 2.16581 3.42571
      vertex 3.82015 2.55254 3.42571
      vertex 4.01293 2.14495 3.87496
    endloop
  endfacet
  facet normal 0.853606 0.511638 0.097897
    outer loop
      vertex 3.82015 2.55254 3.42571
      vertex 3.78336 2.52796 3.87496
      vertex 4.01293 2.14495 3.87496
    endloop
  endfacet
  facet normal 0.923498 0.330428 0.194855
    outer loop
      vertex 4.35428 1.32086 3.87496
      vertex 4.20385 1.74129 3.87496
      vertex 4.27001 1.29529 4.31771
    endloop
  endfacet
  facet normal 0.768691 0.570115 0.289969
    outer loop
      vertex 3.71014 2.47903 4.31771
      vertex 3.44928 2.83075 4.31771
      vertex 3.60118 2.40623 4.74969
    endloop
  endfacet
  facet normal 0.706684 0.0347124 0.706677
    outer loop
      vertex 3.39196 0.334079 6.28917
      vertex 3.0743 0.302792 6.60837
      vertex 3.40837 0 6.28917
    endloop
  endfacet
  facet normal 0.772449 0.0379454 0.633942
    outer loop
      vertex 3.67696 0.362149 5.94022
      vertex 3.40837 0 6.28917
      vertex 3.69475 0 5.94022
    endloop
  endfacet
  facet normal 0.922931 0.0453326 0.382286
    outer loop
      vertex 4.3311 0 4.74969
      vertex 4.13833 0.407589 5.16675
      vertex 4.15835 0 5.16675
    endloop
  endfacet
  facet normal 0.83078 -0.0408108 0.555102
    outer loop
      vertex 3.69475 0 5.94022
      vertex 3.67696 -0.362149 5.94022
      vertex 3.92655 -0.386731 5.56487
    endloop
  endfacet
  facet normal 0.896341 0.224535 0.382304
    outer loop
      vertex 4.14461 1.25725 4.74969
      vertex 3.97929 1.2071 5.16675
      vertex 4.07845 0.811254 5.16675
    endloop
  endfacet
  facet normal 0.870021 0.311299 0.382304
    outer loop
      vertex 4.14461 1.25725 4.74969
      vertex 3.84181 1.59133 5.16675
      vertex 3.97929 1.2071 5.16675
    endloop
  endfacet
  facet normal 0.881095 -0.0432777 0.470956
    outer loop
      vertex 4.15835 0 5.16675
      vertex 3.94555 0 5.56487
      vertex 4.13833 -0.407589 5.16675
    endloop
  endfacet
  facet normal 0.881095 0.0432777 0.470956
    outer loop
      vertex 4.13833 0.407589 5.16675
      vertex 3.94555 0 5.56487
      vertex 4.15835 0 5.16675
    endloop
  endfacet
  facet normal 0.751909 0.355641 0.555114
    outer loop
      vertex 3.47967 1.85992 5.56487
      vertex 3.25848 1.74169 5.94022
      vertex 3.41351 1.41392 5.94022
    endloop
  endfacet
  facet normal 0.606862 0.363749 0.706687
    outer loop
      vertex 2.83396 1.89359 6.28917
      vertex 2.56855 1.71625 6.60837
      vertex 3.00592 1.6067 6.28917
    endloop
  endfacet
  facet normal 0.955885 0.0469456 0.289965
    outer loop
      vertex 4.44066 0.437366 4.31771
      vertex 4.3311 0 4.74969
      vertex 4.46214 0 4.31771
    endloop
  endfacet
  facet normal 0.984424 0.146024 0.0979131
    outer loop
      vertex 4.57234 0.450336 3.42571
      vertex 4.46278 0.887702 3.87496
      vertex 4.5283 0.445998 3.87496
    endloop
  endfacet
  facet normal 0.993997 0.048824 0.0979062
    outer loop
      vertex 4.57234 0.450336 3.42571
      vertex 4.55021 0 3.87496
      vertex 4.59446 0 3.42571
    endloop
  endfacet
  facet normal 0.91404 -0.135595 0.382289
    outer loop
      vertex 4.31025 -0.424521 4.74969
      vertex 4.13833 -0.407589 5.16675
      vertex 4.24788 -0.844955 4.74969
    endloop
  endfacet
  facet normal 0.896341 -0.224535 0.382304
    outer loop
      vertex 4.07845 -0.811254 5.16675
      vertex 3.97929 -1.2071 5.16675
      vertex 4.14461 -1.25725 4.74969
    endloop
  endfacet
  facet normal 0.555374 0.0272944 0.831153
    outer loop
      vertex 2.72702 0.268588 6.89475
      vertex 2.35349 0.231797 7.14555
      vertex 2.74022 0 6.89475
    endloop
  endfacet
  facet normal 0.634091 0.031163 0.772631
    outer loop
      vertex 3.08917 0 6.60837
      vertex 2.72702 0.268588 6.89475
      vertex 2.74022 0 6.89475
    endloop
  endfacet
  facet normal 0.706681 -0.0347048 0.706681
    outer loop
      vertex 3.08917 0 6.60837
      vertex 3.0743 -0.302792 6.60837
      vertex 3.40837 0 6.28917
    endloop
  endfacet
  facet normal 0.706681 0.0347048 0.706681
    outer loop
      vertex 3.40837 0 6.28917
      vertex 3.0743 0.302792 6.60837
      vertex 3.08917 0 6.60837
    endloop
  endfacet
  facet normal 0.686325 -0.17191 0.706686
    outer loop
      vertex 3.34288 -0.664941 6.28917
      vertex 2.95615 -0.896739 6.60837
      vertex 3.26161 -0.989399 6.28917
    endloop
  endfacet
  facet normal 0.855727 -0.214346 0.470943
    outer loop
      vertex 3.86974 -0.769738 5.56487
      vertex 3.77566 -1.14533 5.56487
      vertex 3.97929 -1.2071 5.16675
    endloop
  endfacet
  facet normal 0.713445 -0.427625 0.555097
    outer loop
      vertex 3.47967 -1.85992 5.56487
      vertex 3.07208 -2.0527 5.94022
      vertex 3.28061 -2.19203 5.56487
    endloop
  endfacet
  facet normal 0.70855 -0.525512 0.470951
    outer loop
      vertex 3.28061 -2.19203 5.56487
      vertex 3.04995 -2.50303 5.56487
      vertex 3.45754 -2.31026 5.16675
    endloop
  endfacet
  facet normal 0.621182 -0.460695 0.63395
    outer loop
      vertex 2.83396 -1.89359 6.28917
      vertex 2.63471 -2.16225 6.28917
      vertex 3.07208 -2.0527 5.94022
    endloop
  endfacet
  facet normal 0.519374 -0.573016 0.633959
    outer loop
      vertex 2.41008 -2.41008 6.28917
      vertex 2.16225 -2.63471 6.28917
      vertex 2.61259 -2.61259 5.94022
    endloop
  endfacet
  facet normal 0.525512 -0.70855 0.470951
    outer loop
      vertex 2.50303 -3.04995 5.56487
      vertex 2.19203 -3.28061 5.56487
      vertex 2.31026 -3.45754 5.16675
    endloop
  endfacet
  facet normal 0.708553 -0.525497 0.470961
    outer loop
      vertex 3.45754 -2.31026 5.16675
      vertex 3.04995 -2.50303 5.56487
      vertex 3.21445 -2.63803 5.16675
    endloop
  endfacet
  facet normal 0.453521 -0.756654 0.47095
    outer loop
      vertex 2.19203 -3.28061 5.56487
      vertex 1.96023 -3.66734 5.16675
      vertex 2.31026 -3.45754 5.16675
    endloop
  endfacet
  facet normal 0.475053 -0.792578 0.382288
    outer loop
      vertex 2.31026 -3.45754 5.16675
      vertex 1.96023 -3.66734 5.16675
      vertex 2.40623 -3.60118 4.74969
    endloop
  endfacet
  facet normal -0.238303 -0.951439 0.194872
    outer loop
      vertex -0.870521 -4.3764 4.31771
      vertex -1.29529 -4.27001 4.31771
      vertex -0.887702 -4.46278 3.87496
    endloop
  endfacet
  facet normal 0.0432777 -0.881095 0.470956
    outer loop
      vertex 0 -3.94555 5.56487
      vertex 0 -4.15835 5.16675
      vertex 0.407589 -4.13833 5.16675
    endloop
  endfacet
  facet normal 0.146736 -0.989176 0
    outer loop
      vertex 0.450336 -4.57234 3.2
      vertex 0.896334 -4.50618 3.42571
      vertex 0.450336 -4.57234 3.42571
    endloop
  endfacet
  facet normal 0.146736 -0.989176 0
    outer loop
      vertex 0.896334 -4.50618 3.42571
      vertex 0.450336 -4.57234 3.2
      vertex 0.896334 -4.50618 3.2
    endloop
  endfacet
  facet normal 0.363748 -0.606862 0.706687
    outer loop
      vertex 1.71625 -2.56855 6.60837
      vertex 1.45622 -2.72441 6.60837
      vertex 1.6067 -3.00592 6.28917
    endloop
  endfacet
  facet normal 0.37818 -0.509922 0.772632
    outer loop
      vertex 1.95975 -2.38796 6.60837
      vertex 1.52238 -2.27841 6.89475
      vertex 1.71625 -2.56855 6.60837
    endloop
  endfacet
  facet normal 0.285852 -0.476936 0.831156
    outer loop
      vertex 1.52238 -2.27841 6.89475
      vertex 1.11479 -2.08563 7.14555
      vertex 1.29173 -2.41665 6.89475
    endloop
  endfacet
  facet normal 0.326364 -0.544531 0.77264
    outer loop
      vertex 1.52238 -2.27841 6.89475
      vertex 1.29173 -2.41665 6.89475
      vertex 1.45622 -2.72441 6.60837
    endloop
  endfacet
  facet normal 0.237749 -0.502648 0.831156
    outer loop
      vertex 1.11479 -2.08563 7.14555
      vertex 1.04864 -2.53163 6.89475
      vertex 1.29173 -2.41665 6.89475
    endloop
  endfacet
  facet normal 0.213876 -0.597738 0.772636
    outer loop
      vertex 1.18217 -2.85402 6.60837
      vertex 0.795443 -2.62222 6.89475
      vertex 0.896739 -2.95615 6.60837
    endloop
  endfacet
  facet normal 0.114647 -0.457699 0.881684
    outer loop
      vertex 0.686486 -2.26304 7.14555
      vertex 0.383694 -1.92896 7.35835
      vertex 0.461363 -2.31943 7.14555
    endloop
  endfacet
  facet normal 0.0692473 -0.46673 0.881685
    outer loop
      vertex 0.383694 -1.92896 7.35835
      vertex 0.231797 -2.35349 7.14555
      vertex 0.461363 -2.31943 7.14555
    endloop
  endfacet
  facet normal 0.135106 -0.539376 0.831156
    outer loop
      vertex 0.795443 -2.62222 6.89475
      vertex 0.461363 -2.31943 7.14555
      vertex 0.53459 -2.68756 6.89475
    endloop
  endfacet
  facet normal 0.0816045 -0.550018 0.831156
    outer loop
      vertex 0.461363 -2.31943 7.14555
      vertex 0.231797 -2.35349 7.14555
      vertex 0.53459 -2.68756 6.89475
    endloop
  endfacet
  facet normal -0.122042 -0.822779 0.555104
    outer loop
      vertex -0.72081 -3.62376 5.94022
      vertex -0.769738 -3.86974 5.56487
      vertex -0.362149 -3.67696 5.94022
    endloop
  endfacet
  facet normal -0.187913 -0.750202 0.633945
    outer loop
      vertex -0.664941 -3.34288 6.28917
      vertex -1.07253 -3.53566 5.94022
      vertex -0.72081 -3.62376 5.94022
    endloop
  endfacet
  facet normal 0.17191 -0.686325 0.706686
    outer loop
      vertex 0.896739 -2.95615 6.60837
      vertex 0.664941 -3.34288 6.28917
      vertex 0.989399 -3.26161 6.28917
    endloop
  endfacet
  facet normal 0.18791 -0.750204 0.633943
    outer loop
      vertex 0.989399 -3.26161 6.28917
      vertex 0.664941 -3.34288 6.28917
      vertex 1.07253 -3.53566 5.94022
    endloop
  endfacet
  facet normal 0.10382 -0.699878 0.706677
    outer loop
      vertex 0.664941 -3.34288 6.28917
      vertex 0.302792 -3.0743 6.60837
      vertex 0.334079 -3.39196 6.28917
    endloop
  endfacet
  facet normal 0.0931677 -0.627976 0.772636
    outer loop
      vertex 0.53459 -2.68756 6.89475
      vertex 0.302792 -3.0743 6.60837
      vertex 0.602667 -3.02981 6.60837
    endloop
  endfacet
  facet normal 0.12204 -0.82278 0.555103
    outer loop
      vertex 0.769738 -3.86974 5.56487
      vertex 0.362149 -3.67696 5.94022
      vertex 0.386731 -3.92655 5.56487
    endloop
  endfacet
  facet normal 0.113473 -0.765008 0.633945
    outer loop
      vertex 0.664941 -3.34288 6.28917
      vertex 0.362149 -3.67696 5.94022
      vertex 0.72081 -3.62376 5.94022
    endloop
  endfacet
  facet normal 0.297193 -0.830596 0.470943
    outer loop
      vertex 1.59133 -3.84181 5.16675
      vertex 1.14533 -3.77566 5.56487
      vertex 1.2071 -3.97929 5.16675
    endloop
  endfacet
  facet normal 0.2972 -0.830589 0.47095
    outer loop
      vertex 1.5099 -3.64521 5.56487
      vertex 1.14533 -3.77566 5.56487
      vertex 1.59133 -3.84181 5.16675
    endloop
  endfacet
  facet normal 0.7422 -0.550451 0.382286
    outer loop
      vertex 3.45754 -2.31026 5.16675
      vertex 3.21445 -2.63803 5.16675
      vertex 3.60118 -2.40623 4.74969
    endloop
  endfacet
  facet normal 0.684676 -0.620549 0.382279
    outer loop
      vertex 3.21445 -2.63803 5.16675
      vertex 2.9404 -2.9404 5.16675
      vertex 3.06255 -3.06255 4.74969
    endloop
  endfacet
  facet normal 0.573048 -0.519361 0.63394
    outer loop
      vertex 2.63471 -2.16225 6.28917
      vertex 2.61259 -2.61259 5.94022
      vertex 2.85608 -2.34393 5.94022
    endloop
  endfacet
  facet normal 0.797469 -0.37716 0.470949
    outer loop
      vertex 3.84181 -1.59133 5.16675
      vertex 3.47967 -1.85992 5.56487
      vertex 3.66734 -1.96023 5.16675
    endloop
  endfacet
  facet normal 0.653635 -0.592416 0.470961
    outer loop
      vertex 3.04995 -2.50303 5.56487
      vertex 2.9404 -2.9404 5.16675
      vertex 3.21445 -2.63803 5.16675
    endloop
  endfacet
  facet normal 0.65365 -0.592409 0.47095
    outer loop
      vertex 3.04995 -2.50303 5.56487
      vertex 2.78993 -2.78993 5.56487
      vertex 2.9404 -2.9404 5.16675
    endloop
  endfacet
  facet normal 0.66334 -0.397602 0.63395
    outer loop
      vertex 3.00592 -1.6067 6.28917
      vertex 2.83396 -1.89359 6.28917
      vertex 3.07208 -2.0527 5.94022
    endloop
  endfacet
  facet normal 0.66337 -0.397582 0.633931
    outer loop
      vertex 3.25848 -1.74169 5.94022
      vertex 3.00592 -1.6067 6.28917
      vertex 3.07208 -2.0527 5.94022
    endloop
  endfacet
  facet normal 0.475155 -0.524236 0.706686
    outer loop
      vertex 2.18437 -2.18437 6.60837
      vertex 1.95975 -2.38796 6.60837
      vertex 2.16225 -2.63471 6.28917
    endloop
  endfacet
  facet normal 0.426347 -0.470387 0.772634
    outer loop
      vertex 2.18437 -2.18437 6.60837
      vertex 1.73837 -2.11822 6.89475
      vertex 1.95975 -2.38796 6.60837
    endloop
  endfacet
  facet normal 0.606862 -0.363748 0.706687
    outer loop
      vertex 2.72441 -1.45622 6.60837
      vertex 2.56855 -1.71625 6.60837
      vertex 3.00592 -1.6067 6.28917
    endloop
  endfacet
  facet normal 0.544529 -0.326387 0.772632
    outer loop
      vertex 2.72441 -1.45622 6.60837
      vertex 2.27841 -1.52238 6.89475
      vertex 2.56855 -1.71625 6.60837
    endloop
  endfacet
  facet normal 0.806854 -0.202105 0.555104
    outer loop
      vertex 3.86974 -0.769738 5.56487
      vertex 3.53566 -1.07253 5.94022
      vertex 3.77566 -1.14533 5.56487
    endloop
  endfacet
  facet normal 0.806854 -0.202103 0.555104
    outer loop
      vertex 3.62376 -0.72081 5.94022
      vertex 3.53566 -1.07253 5.94022
      vertex 3.86974 -0.769738 5.56487
    endloop
  endfacet
  facet normal 0.765011 -0.113482 0.63394
    outer loop
      vertex 3.39196 -0.334079 6.28917
      vertex 3.34288 -0.664941 6.28917
      vertex 3.67696 -0.362149 5.94022
    endloop
  endfacet
  facet normal 0.765008 -0.113473 0.633945
    outer loop
      vertex 3.67696 -0.362149 5.94022
      vertex 3.34288 -0.664941 6.28917
      vertex 3.62376 -0.72081 5.94022
    endloop
  endfacet
  facet normal 0.728172 -0.260541 0.633943
    outer loop
      vertex 3.53566 -1.07253 5.94022
      vertex 3.26161 -0.989399 6.28917
      vertex 3.41351 -1.41392 5.94022
    endloop
  endfacet
  facet normal 0.615824 -0.154255 0.772636
    outer loop
      vertex 2.68756 -0.53459 6.89475
      vertex 2.62222 -0.795443 6.89475
      vertex 2.95615 -0.896739 6.60837
    endloop
  endfacet
  facet normal 0.573898 -0.27145 0.772629
    outer loop
      vertex 2.53163 -1.04864 6.89475
      vertex 2.41665 -1.29173 6.89475
      vertex 2.85402 -1.18217 6.60837
    endloop
  endfacet
  facet normal 0.573897 -0.271421 0.77264
    outer loop
      vertex 2.85402 -1.18217 6.60837
      vertex 2.41665 -1.29173 6.89475
      vertex 2.72441 -1.45622 6.60837
    endloop
  endfacet
  facet normal 0.666168 -0.238361 0.706686
    outer loop
      vertex 2.95615 -0.896739 6.60837
      vertex 2.85402 -1.18217 6.60837
      vertex 3.26161 -0.989399 6.28917
    endloop
  endfacet
  facet normal 0.666166 -0.238349 0.706691
    outer loop
      vertex 3.26161 -0.989399 6.28917
      vertex 2.85402 -1.18217 6.60837
      vertex 3.14893 -1.30433 6.28917
    endloop
  endfacet
  facet normal 0.699868 -0.103834 0.706685
    outer loop
      vertex 3.0743 -0.302792 6.60837
      vertex 3.02981 -0.602667 6.60837
      vertex 3.34288 -0.664941 6.28917
    endloop
  endfacet
  facet normal 0.627976 -0.0931677 0.772636
    outer loop
      vertex 3.0743 -0.302792 6.60837
      vertex 2.68756 -0.53459 6.89475
      vertex 3.02981 -0.602667 6.60837
    endloop
  endfacet
  facet normal 0.360686 -0.129046 0.923717
    outer loop
      vertex 1.48296 -0.449852 7.5311
      vertex 1.43173 -0.593041 7.5311
      vertex 1.81704 -0.752644 7.35835
    endloop
  endfacet
  facet normal 0.346298 -0.163785 0.923716
    outer loop
      vertex 1.81704 -0.752644 7.35835
      vertex 1.36671 -0.73052 7.5311
      vertex 1.73452 -0.92712 7.35835
    endloop
  endfacet
  facet normal 0.523539 -0.187314 0.831156
    outer loop
      vertex 2.26304 -0.686486 7.14555
      vertex 2.18486 -0.904997 7.14555
      vertex 2.62222 -0.795443 6.89475
    endloop
  endfacet
  facet normal 0.539376 -0.135106 0.831156
    outer loop
      vertex 2.68756 -0.53459 6.89475
      vertex 2.31943 -0.461363 7.14555
      vertex 2.62222 -0.795443 6.89475
    endloop
  endfacet
  facet normal 0.471271 0.0231369 0.881685
    outer loop
      vertex 2.35349 0.231797 7.14555
      vertex 1.96675 0 7.35835
      vertex 2.36487 0 7.14555
    endloop
  endfacet
  facet normal 0.382614 0.0187958 0.923717
    outer loop
      vertex 1.95728 0.192775 7.35835
      vertex 1.54223 0.151896 7.5311
      vertex 1.96675 0 7.35835
    endloop
  endfacet
  facet normal 0.273619 0.0978962 0.956843
    outer loop
      vertex 1.48296 0.449852 7.5311
      vertex 1.03263 0.427728 7.66214
      vertex 1.06958 0.324453 7.66214
    endloop
  endfacet
  facet normal 0.283844 0.257255 0.923717
    outer loop
      vertex 1.52032 1.24769 7.35835
      vertex 1.0958 1.0958 7.5311
      vertex 1.19793 0.983114 7.5311
    endloop
  endfacet
  facet normal 0.523539 0.187314 0.831156
    outer loop
      vertex 2.53163 1.04864 6.89475
      vertex 2.18486 0.904997 7.14555
      vertex 2.62222 0.795443 6.89475
    endloop
  endfacet
  facet normal 0.262703 0.124244 0.956844
    outer loop
      vertex 1.36671 0.73052 7.5311
      vertex 0.985731 0.526884 7.66214
      vertex 1.43173 0.593041 7.5311
    endloop
  endfacet
  facet normal 0.0980222 0.00481538 0.995173
    outer loop
      vertex 0.67171 0.0661573 7.75021
      vertex 0.225711 0 7.79446
      vertex 0.67496 0 7.75021
    endloop
  endfacet
  facet normal 0.378935 0.0561976 0.923716
    outer loop
      vertex 1.92896 0.383694 7.35835
      vertex 1.51992 0.30233 7.5311
      vertex 1.54223 0.151896 7.5311
    endloop
  endfacet
  facet normal 0.287461 0.0426317 0.956843
    outer loop
      vertex 1.51992 0.30233 7.5311
      vertex 1.11233 0.109554 7.66214
      vertex 1.54223 0.151896 7.5311
    endloop
  endfacet
  facet normal 0.195085 -0.00958026 0.98074
    outer loop
      vertex 1.11771 0 7.66214
      vertex 0.67496 0 7.75021
      vertex 1.11233 -0.109554 7.66214
    endloop
  endfacet
  facet normal 0.233415 0.173112 0.956843
    outer loop
      vertex 1.28852 0.860963 7.5311
      vertex 0.864 0.709066 7.66214
      vertex 0.92934 0.620965 7.66214
    endloop
  endfacet
  facet normal -0.195154 -0.215325 0.956844
    outer loop
      vertex -0.709066 -0.864 7.66214
      vertex -1.0958 -1.0958 7.5311
      vertex -0.983114 -1.19793 7.5311
    endloop
  endfacet
  facet normal 0.116357 0.156879 0.98074
    outer loop
      vertex 0.709066 0.864 7.66214
      vertex 0.374988 0.561209 7.75021
      vertex 0.428189 0.52175 7.75021
    endloop
  endfacet
  facet normal 0.131168 0.144723 0.98074
    outer loop
      vertex 0.709066 0.864 7.66214
      vertex 0.428189 0.52175 7.75021
      vertex 0.790339 0.790339 7.66214
    endloop
  endfacet
  facet normal -0.0286622 0.193207 0.980739
    outer loop
      vertex -0.0661573 0.67171 7.75021
      vertex -0.218054 1.09623 7.66214
      vertex -0.131678 0.66199 7.75021
    endloop
  endfacet
  facet normal 0.0659095 -0.0727149 0.995173
    outer loop
      vertex 0.159601 -0.159601 7.79446
      vertex 0.143189 -0.174477 7.79446
      vertex 0.477268 -0.477268 7.75021
    endloop
  endfacet
  facet normal -0.0980221 0.00481619 0.995173
    outer loop
      vertex -0.224624 0.0221233 7.79446
      vertex -0.67171 0.0661573 7.75021
      vertex -0.225711 0 7.79446
    endloop
  endfacet
  facet normal 0.083511 -0.176567 0.980739
    outer loop
      vertex 0.318173 -0.595262 7.75021
      vertex 0.258296 -0.623582 7.75021
      vertex 0.526884 -0.985731 7.66214
    endloop
  endfacet
  facet normal 0.12204 0.82278 0.555103
    outer loop
      vertex 0.386731 3.92655 5.56487
      vertex 0.362149 3.67696 5.94022
      vertex 0.769738 3.86974 5.56487
    endloop
  endfacet
  facet normal 0.113473 0.765008 0.633945
    outer loop
      vertex 0.72081 3.62376 5.94022
      vertex 0.362149 3.67696 5.94022
      vertex 0.664941 3.34288 6.28917
    endloop
  endfacet
  facet normal -0.135106 0.539376 0.831156
    outer loop
      vertex -0.461363 2.31943 7.14555
      vertex -0.795443 2.62222 6.89475
      vertex -0.686486 2.26304 7.14555
    endloop
  endfacet
  facet normal -0.131168 0.144724 0.98074
    outer loop
      vertex -0.428189 0.52175 7.75021
      vertex -0.790339 0.790339 7.66214
      vertex -0.477268 0.477268 7.75021
    endloop
  endfacet
  facet normal 0.0347048 0.706681 0.706681
    outer loop
      vertex 0 3.40837 6.28917
      vertex 0 3.08917 6.60837
      vertex 0.302792 3.0743 6.60837
    endloop
  endfacet
  facet normal -0.187314 0.523539 0.831156
    outer loop
      vertex -0.795443 2.62222 6.89475
      vertex -0.904997 2.18486 7.14555
      vertex -0.686486 2.26304 7.14555
    endloop
  endfacet
  facet normal 0.163785 0.346298 0.923716
    outer loop
      vertex 0.752644 1.81704 7.35835
      vertex 0.73052 1.36671 7.5311
      vertex 0.92712 1.73452 7.35835
    endloop
  endfacet
  facet normal 0.129046 0.360686 0.923717
    outer loop
      vertex 0.752644 1.81704 7.35835
      vertex 0.449852 1.48296 7.5311
      vertex 0.593041 1.43173 7.5311
    endloop
  endfacet
  facet normal 0.242581 0.404708 0.881684
    outer loop
      vertex 1.11479 2.08563 7.14555
      vertex 0.92712 1.73452 7.35835
      vertex 1.09267 1.63529 7.35835
    endloop
  endfacet
  facet normal 0.201736 0.42654 0.881684
    outer loop
      vertex 1.11479 2.08563 7.14555
      vertex 0.752644 1.81704 7.35835
      vertex 0.92712 1.73452 7.35835
    endloop
  endfacet
  facet normal -0.523539 -0.187314 0.831156
    outer loop
      vertex -2.18486 -0.904997 7.14555
      vertex -2.62222 -0.795443 6.89475
      vertex -2.53163 -1.04864 6.89475
    endloop
  endfacet
  facet normal -0.634091 0.031163 0.772631
    outer loop
      vertex -2.72702 0.268588 6.89475
      vertex -3.08917 0 6.60837
      vertex -2.74022 0 6.89475
    endloop
  endfacet
  facet normal -0.66334 0.397602 0.63395
    outer loop
      vertex -2.83396 1.89359 6.28917
      vertex -3.07208 2.0527 5.94022
      vertex -3.00592 1.6067 6.28917
    endloop
  endfacet
  facet normal -0.699878 0.10382 0.706677
    outer loop
      vertex -3.34288 0.664941 6.28917
      vertex -3.39196 0.334079 6.28917
      vertex -3.0743 0.302792 6.60837
    endloop
  endfacet
  facet normal -0.706684 0.0347124 0.706677
    outer loop
      vertex -3.39196 0.334079 6.28917
      vertex -3.40837 0 6.28917
      vertex -3.0743 0.302792 6.60837
    endloop
  endfacet
  facet normal -0.634091 -0.031163 0.772631
    outer loop
      vertex -2.74022 0 6.89475
      vertex -3.08917 0 6.60837
      vertex -2.72702 -0.268588 6.89475
    endloop
  endfacet
  facet normal -0.772449 -0.0379454 0.633942
    outer loop
      vertex -3.40837 0 6.28917
      vertex -3.69475 0 5.94022
      vertex -3.67696 -0.362149 5.94022
    endloop
  endfacet
  facet normal -0.772449 0.0379454 0.633942
    outer loop
      vertex -3.67696 0.362149 5.94022
      vertex -3.69475 0 5.94022
      vertex -3.40837 0 6.28917
    endloop
  endfacet
  facet normal -0.550018 -0.0816045 0.831156
    outer loop
      vertex -2.35349 -0.231797 7.14555
      vertex -2.68756 -0.53459 6.89475
      vertex -2.31943 -0.461363 7.14555
    endloop
  endfacet
  facet normal -0.290256 -0.0142539 0.956843
    outer loop
      vertex -1.11771 0 7.66214
      vertex -1.54969 0 7.5311
      vertex -1.11233 -0.109554 7.66214
    endloop
  endfacet
  facet normal -0.475155 0.524236 0.706686
    outer loop
      vertex -2.16225 2.63471 6.28917
      vertex -2.18437 2.18437 6.60837
      vertex -1.95975 2.38796 6.60837
    endloop
  endfacet
  facet normal -0.411995 0.373432 0.831149
    outer loop
      vertex -1.93762 1.93762 6.89475
      vertex -2.11822 1.73837 6.89475
      vertex -1.67222 1.67222 7.14555
    endloop
  endfacet
  facet normal -0.378935 0.0561976 0.923716
    outer loop
      vertex -1.51992 0.30233 7.5311
      vertex -1.92896 0.383694 7.35835
      vertex -1.54223 0.151896 7.5311
    endloop
  endfacet
  facet normal -0.183904 0.0657991 0.980739
    outer loop
      vertex -0.623582 0.258296 7.75021
      vertex -1.06958 0.324453 7.66214
      vertex -0.645896 0.19593 7.75021
    endloop
  endfacet
  facet normal 0.187314 0.523539 0.831156
    outer loop
      vertex 1.04864 2.53163 6.89475
      vertex 0.795443 2.62222 6.89475
      vertex 0.904997 2.18486 7.14555
    endloop
  endfacet
  facet normal -0.167533 0.100413 0.980739
    outer loop
      vertex -0.561209 0.374988 7.75021
      vertex -0.985731 0.526884 7.66214
      vertex -0.595262 0.318173 7.75021
    endloop
  endfacet
  facet normal -0.135106 0.539376 0.831156
    outer loop
      vertex -0.53459 2.68756 6.89475
      vertex -0.795443 2.62222 6.89475
      vertex -0.461363 2.31943 7.14555
    endloop
  endfacet
  facet normal 0.0426317 0.287461 0.956843
    outer loop
      vertex 0.151896 1.54223 7.5311
      vertex 0.109554 1.11233 7.66214
      vertex 0.30233 1.51992 7.5311
    endloop
  endfacet
  facet normal -0.378182 0.509917 0.772634
    outer loop
      vertex -1.52238 2.27841 6.89475
      vertex -1.95975 2.38796 6.60837
      vertex -1.73837 2.11822 6.89475
    endloop
  endfacet
  facet normal -0.285852 0.476936 0.831156
    outer loop
      vertex -1.29173 2.41665 6.89475
      vertex -1.52238 2.27841 6.89475
      vertex -1.11479 2.08563 7.14555
    endloop
  endfacet
  facet normal -0.519361 0.573048 0.63394
    outer loop
      vertex -2.34393 2.85608 5.94022
      vertex -2.61259 2.61259 5.94022
      vertex -2.16225 2.63471 6.28917
    endloop
  endfacet
  facet normal -0.42147 0.568293 0.706686
    outer loop
      vertex -1.89359 2.83396 6.28917
      vertex -1.95975 2.38796 6.60837
      vertex -1.71625 2.56855 6.60837
    endloop
  endfacet
  facet normal 0.470379 0.426351 0.772638
    outer loop
      vertex 2.18437 2.18437 6.60837
      vertex 1.93762 1.93762 6.89475
      vertex 2.11822 1.73837 6.89475
    endloop
  endfacet
  facet normal 0.470387 0.426347 0.772634
    outer loop
      vertex 2.18437 2.18437 6.60837
      vertex 2.11822 1.73837 6.89475
      vertex 2.38796 1.95975 6.60837
    endloop
  endfacet
  facet normal 0.615824 0.154255 0.772636
    outer loop
      vertex 2.95615 0.896739 6.60837
      vertex 2.62222 0.795443 6.89475
      vertex 2.68756 0.53459 6.89475
    endloop
  endfacet
  facet normal 0.42654 0.201736 0.881684
    outer loop
      vertex 2.08563 1.11479 7.14555
      vertex 1.73452 0.92712 7.35835
      vertex 1.81704 0.752644 7.35835
    endloop
  endfacet
  facet normal 0.502648 0.237748 0.831156
    outer loop
      vertex 2.53163 1.04864 6.89475
      vertex 2.08563 1.11479 7.14555
      vertex 2.18486 0.904997 7.14555
    endloop
  endfacet
  facet normal 0.78316 0.280216 0.555103
    outer loop
      vertex 3.77566 1.14533 5.56487
      vertex 3.41351 1.41392 5.94022
      vertex 3.53566 1.07253 5.94022
    endloop
  endfacet
  facet normal 0.69913 0.330663 0.633939
    outer loop
      vertex 3.41351 1.41392 5.94022
      vertex 3.00592 1.6067 6.28917
      vertex 3.14893 1.30433 6.28917
    endloop
  endfacet
  facet normal 0.573016 0.519374 0.633959
    outer loop
      vertex 2.61259 2.61259 5.94022
      vertex 2.41008 2.41008 6.28917
      vertex 2.63471 2.16225 6.28917
    endloop
  endfacet
  facet normal 0.426351 0.470379 0.772638
    outer loop
      vertex 2.18437 2.18437 6.60837
      vertex 1.73837 2.11822 6.89475
      vertex 1.93762 1.93762 6.89475
    endloop
  endfacet
  facet normal 0.568293 0.42147 0.706686
    outer loop
      vertex 2.83396 1.89359 6.28917
      vertex 2.38796 1.95975 6.60837
      vertex 2.56855 1.71625 6.60837
    endloop
  endfacet
  facet normal 0.363749 0.606862 0.706687
    outer loop
      vertex 1.89359 2.83396 6.28917
      vertex 1.6067 3.00592 6.28917
      vertex 1.71625 2.56855 6.60837
    endloop
  endfacet
  facet normal 0.421471 0.568293 0.706686
    outer loop
      vertex 2.16225 2.63471 6.28917
      vertex 1.89359 2.83396 6.28917
      vertex 1.95975 2.38796 6.60837
    endloop
  endfacet
  facet normal 0.355622 0.751932 0.555096
    outer loop
      vertex 1.5099 3.64521 5.56487
      vertex 1.41392 3.41351 5.94022
      vertex 1.85992 3.47967 5.56487
    endloop
  endfacet
  facet normal 0.377159 0.797469 0.47095
    outer loop
      vertex 1.59133 3.84181 5.16675
      vertex 1.5099 3.64521 5.56487
      vertex 1.85992 3.47967 5.56487
    endloop
  endfacet
  facet normal 0.311299 0.870021 0.382304
    outer loop
      vertex 1.25725 4.14461 4.74969
      vertex 1.2071 3.97929 5.16675
      vertex 1.59133 3.84181 5.16675
    endloop
  endfacet
  facet normal 0.311298 0.870021 0.382305
    outer loop
      vertex 1.65744 4.00142 4.74969
      vertex 1.25725 4.14461 4.74969
      vertex 1.59133 3.84181 5.16675
    endloop
  endfacet
  facet normal 0.558579 0.616323 0.5551
    outer loop
      vertex 2.78993 2.78993 5.56487
      vertex 2.50303 3.04995 5.56487
      vertex 2.61259 2.61259 5.94022
    endloop
  endfacet
  facet normal 0.592409 0.65365 0.47095
    outer loop
      vertex 2.9404 2.9404 5.16675
      vertex 2.50303 3.04995 5.56487
      vertex 2.78993 2.78993 5.56487
    endloop
  endfacet
  facet normal 0.525497 0.708553 0.470961
    outer loop
      vertex 2.63803 3.21445 5.16675
      vertex 2.31026 3.45754 5.16675
      vertex 2.50303 3.04995 5.56487
    endloop
  endfacet
  facet normal 0.475055 0.792577 0.382289
    outer loop
      vertex 2.04167 3.81969 4.74969
      vertex 1.96023 3.66734 5.16675
      vertex 2.40623 3.60118 4.74969
    endloop
  endfacet
  facet normal 0.592838 0.79935 0.0978936
    outer loop
      vertex 2.91469 3.55156 3.42571
      vertex 2.52796 3.78336 3.87496
      vertex 2.88662 3.51736 3.87496
    endloop
  endfacet
  facet normal 0.768704 0.570105 0.289955
    outer loop
      vertex 3.44928 2.83075 4.31771
      vertex 3.34799 2.74762 4.74969
      vertex 3.60118 2.40623 4.74969
    endloop
  endfacet
  facet normal 0.835331 0.395067 0.382288
    outer loop
      vertex 3.81969 2.04167 4.74969
      vertex 3.66734 1.96023 5.16675
      vertex 3.84181 1.59133 5.16675
    endloop
  endfacet
  facet normal 0.653635 0.592416 0.470961
    outer loop
      vertex 3.21445 2.63803 5.16675
      vertex 2.9404 2.9404 5.16675
      vertex 3.04995 2.50303 5.56487
    endloop
  endfacet
  facet normal 0.756654 0.453523 0.470949
    outer loop
      vertex 3.66734 1.96023 5.16675
      vertex 3.28061 2.19203 5.56487
      vertex 3.47967 1.85992 5.56487
    endloop
  endfacet
  facet normal 0.998796 0.0490597 0
    outer loop
      vertex 4.59446 0 3.42571
      vertex 4.57234 0.450336 3.2
      vertex 4.57234 0.450336 3.42571
    endloop
  endfacet
  facet normal 0.998796 0.0490597 0
    outer loop
      vertex 4.57234 0.450336 3.2
      vertex 4.59446 0 3.42571
      vertex 4.59446 0 3.2
    endloop
  endfacet
  facet normal 0.993997 -0.048824 0.0979062
    outer loop
      vertex 4.59446 0 3.42571
      vertex 4.55021 0 3.87496
      vertex 4.57234 -0.450336 3.42571
    endloop
  endfacet
  facet normal 0.993996 -0.0488308 0.097913
    outer loop
      vertex 4.55021 0 3.87496
      vertex 4.5283 -0.445998 3.87496
      vertex 4.57234 -0.450336 3.42571
    endloop
  endfacet
  facet normal 0.899644 0.425507 0.0978994
    outer loop
      vertex 4.24473 1.75822 3.42571
      vertex 4.01293 2.14495 3.87496
      vertex 4.20385 1.74129 3.87496
    endloop
  endfacet
  facet normal 0.965372 0.241812 0.0978937
    outer loop
      vertex 4.39662 1.3337 3.42571
      vertex 4.35428 1.32086 3.87496
      vertex 4.46278 0.887702 3.87496
    endloop
  endfacet
  facet normal 0.970028 0.242992 0
    outer loop
      vertex 4.50618 0.896334 3.42571
      vertex 4.39662 1.3337 3.2
      vertex 4.39662 1.3337 3.42571
    endloop
  endfacet
  facet normal 0.970028 0.242992 0
    outer loop
      vertex 4.39662 1.3337 3.2
      vertex 4.50618 0.896334 3.42571
      vertex 4.50618 0.896334 3.2
    endloop
  endfacet
  facet normal 0.550451 0.7422 0.382286
    outer loop
      vertex 2.40623 3.60118 4.74969
      vertex 2.31026 3.45754 5.16675
      vertex 2.63803 3.21445 5.16675
    endloop
  endfacet
  facet normal 0.550449 0.742201 0.382288
    outer loop
      vertex 2.74762 3.34799 4.74969
      vertex 2.40623 3.60118 4.74969
      vertex 2.63803 3.21445 5.16675
    endloop
  endfacet
  facet normal 0.511638 0.853606 0.097897
    outer loop
      vertex 2.55254 3.82015 3.42571
      vertex 2.14495 4.01293 3.87496
      vertex 2.52796 3.78336 3.87496
    endloop
  endfacet
  facet normal 0.511638 0.853606 0.0978975
    outer loop
      vertex 2.16581 4.05195 3.42571
      vertex 2.14495 4.01293 3.87496
      vertex 2.55254 3.82015 3.42571
    endloop
  endfacet
  facet normal 0.40918 0.865153 0.289969
    outer loop
      vertex 2.10344 3.93526 4.31771
      vertex 1.70759 4.12248 4.31771
      vertex 2.04167 3.81969 4.74969
    endloop
  endfacet
  facet normal 0.409192 0.865151 0.289958
    outer loop
      vertex 1.70759 4.12248 4.31771
      vertex 1.65744 4.00142 4.74969
      vertex 2.04167 3.81969 4.74969
    endloop
  endfacet
  facet normal -0.946676 -0.140443 0.289967
    outer loop
      vertex -4.31025 -0.424521 4.74969
      vertex -4.44066 -0.437366 4.31771
      vertex -4.3764 -0.870521 4.31771
    endloop
  endfacet
  facet normal -0.92293 -0.045329 0.382289
    outer loop
      vertex -4.13833 -0.407589 5.16675
      vertex -4.3311 0 4.74969
      vertex -4.31025 -0.424521 4.74969
    endloop
  endfacet
  facet normal -0.946678 0.140437 0.289961
    outer loop
      vertex -4.24788 0.844955 4.74969
      vertex -4.3764 0.870521 4.31771
      vertex -4.31025 0.424521 4.74969
    endloop
  endfacet
  facet normal -0.946676 0.140443 0.289967
    outer loop
      vertex -4.3764 0.870521 4.31771
      vertex -4.44066 0.437366 4.31771
      vertex -4.31025 0.424521 4.74969
    endloop
  endfacet
  facet normal -0.857726 0.514108 0
    outer loop
      vertex -4.05195 2.16581 3.2
      vertex -3.82015 2.55254 3.42571
      vertex -3.82015 2.55254 3.2
    endloop
  endfacet
  facet normal -0.857726 0.514108 0
    outer loop
      vertex -3.82015 2.55254 3.42571
      vertex -4.05195 2.16581 3.2
      vertex -4.05195 2.16581 3.42571
    endloop
  endfacet
  facet normal -0.66337 0.397582 0.633931
    outer loop
      vertex -3.07208 2.0527 5.94022
      vertex -3.25848 1.74169 5.94022
      vertex -3.00592 1.6067 6.28917
    endloop
  endfacet
  facet normal -0.421471 0.568293 0.706686
    outer loop
      vertex -1.89359 2.83396 6.28917
      vertex -2.16225 2.63471 6.28917
      vertex -1.95975 2.38796 6.60837
    endloop
  endfacet
  facet normal -0.475053 0.792578 0.382288
    outer loop
      vertex -1.96023 3.66734 5.16675
      vertex -2.40623 3.60118 4.74969
      vertex -2.31026 3.45754 5.16675
    endloop
  endfacet
  facet normal -0.768691 0.570115 0.289969
    outer loop
      vertex -3.44928 2.83075 4.31771
      vertex -3.71014 2.47903 4.31771
      vertex -3.60118 2.40623 4.74969
    endloop
  endfacet
  facet normal -0.984424 0.146024 0.0979131
    outer loop
      vertex -4.46278 0.887702 3.87496
      vertex -4.57234 0.450336 3.42571
      vertex -4.5283 0.445998 3.87496
    endloop
  endfacet
  facet normal -0.984423 0.146031 0.0979065
    outer loop
      vertex -4.50618 0.896334 3.42571
      vertex -4.57234 0.450336 3.42571
      vertex -4.46278 0.887702 3.87496
    endloop
  endfacet
  facet normal -0.998796 -0.0490597 0
    outer loop
      vertex -4.57234 -0.450336 3.2
      vertex -4.59446 0 3.42571
      vertex -4.59446 0 3.2
    endloop
  endfacet
  facet normal -0.998796 -0.0490597 0
    outer loop
      vertex -4.59446 0 3.42571
      vertex -4.57234 -0.450336 3.2
      vertex -4.57234 -0.450336 3.42571
    endloop
  endfacet
  facet normal -0.425507 0.899644 0.0978994
    outer loop
      vertex -1.75822 4.24473 3.42571
      vertex -2.14495 4.01293 3.87496
      vertex -1.74129 4.20385 3.87496
    endloop
  endfacet
  facet normal -0.584291 0.787804 0.194856
    outer loop
      vertex -2.52796 3.78336 3.87496
      vertex -2.83075 3.44928 4.31771
      vertex -2.47903 3.71014 4.31771
    endloop
  endfacet
  facet normal -0.335267 0.937023 0.0978929
    outer loop
      vertex -1.3337 4.39662 3.42571
      vertex -1.74129 4.20385 3.87496
      vertex -1.32086 4.35428 3.87496
    endloop
  endfacet
  facet normal -0.224535 0.896341 0.382304
    outer loop
      vertex -0.811254 4.07845 5.16675
      vertex -1.25725 4.14461 4.74969
      vertex -1.2071 3.97929 5.16675
    endloop
  endfacet
  facet normal -0.740954 0.671556 0
    outer loop
      vertex -3.55156 2.91469 3.2
      vertex -3.24877 3.24877 3.42571
      vertex -3.24877 3.24877 3.2
    endloop
  endfacet
  facet normal -0.740954 0.671556 0
    outer loop
      vertex -3.24877 3.24877 3.42571
      vertex -3.55156 2.91469 3.2
      vertex -3.55156 2.91469 3.42571
    endloop
  endfacet
  facet normal -0.658669 0.726761 0.194868
    outer loop
      vertex -2.88662 3.51736 3.87496
      vertex -3.21749 3.21749 3.87496
      vertex -2.83075 3.44928 4.31771
    endloop
  endfacet
  facet normal -0.336879 0.941548 0
    outer loop
      vertex -1.3337 4.39662 3.2
      vertex -1.75822 4.24473 3.42571
      vertex -1.3337 4.39662 3.42571
    endloop
  endfacet
  facet normal -0.336879 0.941548 0
    outer loop
      vertex -1.75822 4.24473 3.42571
      vertex -1.3337 4.39662 3.2
      vertex -1.75822 4.24473 3.2
    endloop
  endfacet
  facet normal -0.803206 0.595701 0
    outer loop
      vertex -3.82015 2.55254 3.2
      vertex -3.55156 2.91469 3.42571
      vertex -3.55156 2.91469 3.2
    endloop
  endfacet
  facet normal -0.803206 0.595701 0
    outer loop
      vertex -3.55156 2.91469 3.42571
      vertex -3.82015 2.55254 3.2
      vertex -3.82015 2.55254 3.42571
    endloop
  endfacet
  facet normal -0.514108 0.857726 0
    outer loop
      vertex -2.16581 4.05195 3.2
      vertex -2.55254 3.82015 3.42571
      vertex -2.16581 4.05195 3.42571
    endloop
  endfacet
  facet normal -0.514108 0.857726 0
    outer loop
      vertex -2.55254 3.82015 3.42571
      vertex -2.16581 4.05195 3.2
      vertex -2.55254 3.82015 3.2
    endloop
  endfacet
  facet normal -0.841287 0.504248 0.19486
    outer loop
      vertex -3.71014 2.47903 4.31771
      vertex -4.01293 2.14495 3.87496
      vertex -3.93526 2.10344 4.31771
    endloop
  endfacet
  facet normal -0.768704 0.570105 0.289955
    outer loop
      vertex -3.44928 2.83075 4.31771
      vertex -3.60118 2.40623 4.74969
      vertex -3.34799 2.74762 4.74969
    endloop
  endfacet
  facet normal -0.0970781 -0.0144015 0.995173
    outer loop
      vertex -0.221374 -0.044034 7.79446
      vertex -0.67171 -0.0661573 7.75021
      vertex -0.66199 -0.131678 7.75021
    endloop
  endfacet
  facet normal -0.116352 0.156884 0.980739
    outer loop
      vertex -0.620965 0.92934 7.66214
      vertex -0.709066 0.864 7.66214
      vertex -0.374988 0.561209 7.75021
    endloop
  endfacet
  facet normal -0.0727179 -0.0659068 0.995173
    outer loop
      vertex -0.174477 -0.143189 7.79446
      vertex -0.52175 -0.428189 7.75021
      vertex -0.477268 -0.477268 7.75021
    endloop
  endfacet
  facet normal -0.444258 -0.158949 0.881686
    outer loop
      vertex -1.88206 -0.570918 7.35835
      vertex -2.26304 -0.686486 7.14555
      vertex -2.18486 -0.904997 7.14555
    endloop
  endfacet
  facet normal 0.0980221 -0.00481619 0.995173
    outer loop
      vertex 0.225711 0 7.79446
      vertex 0.224624 -0.0221233 7.79446
      vertex 0.67171 -0.0661573 7.75021
    endloop
  endfacet
  facet normal -0.378984 -0.281072 0.881686
    outer loop
      vertex -1.63529 -1.09267 7.35835
      vertex -1.96632 -1.31385 7.14555
      vertex -1.52032 -1.24769 7.35835
    endloop
  endfacet
  facet normal -0.193204 -0.028669 0.98074
    outer loop
      vertex -0.67171 -0.0661573 7.75021
      vertex -1.11233 -0.109554 7.66214
      vertex -1.09623 -0.218054 7.66214
    endloop
  endfacet
  facet normal -0.281891 -0.070606 0.956845
    outer loop
      vertex -1.09623 -0.218054 7.66214
      vertex -1.51992 -0.30233 7.5311
      vertex -1.06958 -0.324453 7.66214
    endloop
  endfacet
  facet normal -0.262703 -0.124244 0.956844
    outer loop
      vertex -0.985731 -0.526884 7.66214
      vertex -1.43173 -0.593041 7.5311
      vertex -1.36671 -0.73052 7.5311
    endloop
  endfacet
  facet normal -0.346298 0.163785 0.923716
    outer loop
      vertex -1.73452 0.92712 7.35835
      vertex -1.81704 0.752644 7.35835
      vertex -1.36671 0.73052 7.5311
    endloop
  endfacet
  facet normal -0.0187911 -0.382612 0.923718
    outer loop
      vertex 0 -1.54969 7.5311
      vertex -0.151896 -1.54223 7.5311
      vertex 0 -1.96675 7.35835
    endloop
  endfacet
  facet normal -0.0142552 -0.290256 0.956843
    outer loop
      vertex -0.109554 -1.11233 7.66214
      vertex -0.151896 -1.54223 7.5311
      vertex 0 -1.54969 7.5311
    endloop
  endfacet
  facet normal -0.360686 -0.129046 0.923717
    outer loop
      vertex -1.48296 -0.449852 7.5311
      vertex -1.81704 -0.752644 7.35835
      vertex -1.43173 -0.593041 7.5311
    endloop
  endfacet
  facet normal -0.502648 -0.237748 0.831156
    outer loop
      vertex -2.18486 -0.904997 7.14555
      vertex -2.53163 -1.04864 6.89475
      vertex -2.08563 -1.11479 7.14555
    endloop
  endfacet
  facet normal -0.228197 -0.307689 0.923717
    outer loop
      vertex -0.860963 -1.28852 7.5311
      vertex -1.24769 -1.52032 7.35835
      vertex -1.09267 -1.63529 7.35835
    endloop
  endfacet
  facet normal -0.135106 -0.539376 0.831156
    outer loop
      vertex -0.461363 -2.31943 7.14555
      vertex -0.795443 -2.62222 6.89475
      vertex -0.53459 -2.68756 6.89475
    endloop
  endfacet
  facet normal 0.0727149 -0.0659095 0.995173
    outer loop
      vertex 0.174477 -0.143189 7.79446
      vertex 0.159601 -0.159601 7.79446
      vertex 0.477268 -0.477268 7.75021
    endloop
  endfacet
  facet normal -0.0980222 -0.00481538 0.995173
    outer loop
      vertex -0.225711 0 7.79446
      vertex -0.67496 0 7.75021
      vertex -0.67171 -0.0661573 7.75021
    endloop
  endfacet
  facet normal 0.0474583 -0.189468 0.980739
    outer loop
      vertex 0.19593 -0.645896 7.75021
      vertex 0.131678 -0.66199 7.75021
      vertex 0.218054 -1.09623 7.66214
    endloop
  endfacet
  facet normal 0.0887177 -0.0419608 0.995173
    outer loop
      vertex 0.623582 -0.258296 7.75021
      vertex 0.199059 -0.1064 7.79446
      vertex 0.595262 -0.318173 7.75021
    endloop
  endfacet
  facet normal -0.0419565 -0.0887192 0.995173
    outer loop
      vertex -0.1064 -0.199059 7.79446
      vertex -0.258296 -0.623582 7.75021
      vertex -0.0863752 -0.208529 7.79446
    endloop
  endfacet
  facet normal 0.0951995 -0.0238458 0.995173
    outer loop
      vertex 0.66199 -0.131678 7.75021
      vertex 0.215992 -0.0655203 7.79446
      vertex 0.645896 -0.19593 7.75021
    endloop
  endfacet
  facet normal 0.0788255 -0.0584646 0.995173
    outer loop
      vertex 0.561209 -0.374988 7.75021
      vertex 0.174477 -0.143189 7.79446
      vertex 0.52175 -0.428189 7.75021
    endloop
  endfacet
  facet normal 0.0727179 -0.0659068 0.995173
    outer loop
      vertex 0.52175 -0.428189 7.75021
      vertex 0.174477 -0.143189 7.79446
      vertex 0.477268 -0.477268 7.75021
    endloop
  endfacet
  facet normal 0.287451 0.0426541 0.956845
    outer loop
      vertex 1.51992 0.30233 7.5311
      vertex 1.09623 0.218054 7.66214
      vertex 1.11233 0.109554 7.66214
    endloop
  endfacet
  facet normal 0.193207 0.0286622 0.980739
    outer loop
      vertex 1.09623 0.218054 7.66214
      vertex 0.66199 0.131678 7.75021
      vertex 0.67171 0.0661573 7.75021
    endloop
  endfacet
  facet normal 0.378935 -0.0561976 0.923716
    outer loop
      vertex 1.54223 -0.151896 7.5311
      vertex 1.51992 -0.30233 7.5311
      vertex 1.92896 -0.383694 7.35835
    endloop
  endfacet
  facet normal 0.287461 -0.0426317 0.956843
    outer loop
      vertex 1.54223 -0.151896 7.5311
      vertex 1.11233 -0.109554 7.66214
      vertex 1.51992 -0.30233 7.5311
    endloop
  endfacet
  facet normal 0.346299 -0.16378 0.923717
    outer loop
      vertex 1.43173 -0.593041 7.5311
      vertex 1.36671 -0.73052 7.5311
      vertex 1.81704 -0.752644 7.35835
    endloop
  endfacet
  facet normal -0.129444 -0.872609 0.470954
    outer loop
      vertex -0.769738 -3.86974 5.56487
      vertex -0.811254 -4.07845 5.16675
      vertex -0.407589 -4.13833 5.16675
    endloop
  endfacet
  facet normal -0.238322 -0.951438 0.194854
    outer loop
      vertex -1.29529 -4.27001 4.31771
      vertex -1.32086 -4.35428 3.87496
      vertex -0.887702 -4.46278 3.87496
    endloop
  endfacet
  facet normal -0.0488308 -0.993996 0.097913
    outer loop
      vertex -0.445998 -4.5283 3.87496
      vertex -0.450336 -4.57234 3.42571
      vertex 0 -4.55021 3.87496
    endloop
  endfacet
  facet normal -0.592409 -0.65365 0.47095
    outer loop
      vertex -2.78993 -2.78993 5.56487
      vertex -2.9404 -2.9404 5.16675
      vertex -2.50303 -3.04995 5.56487
    endloop
  endfacet
  facet normal -0.525497 -0.708553 0.470961
    outer loop
      vertex -2.50303 -3.04995 5.56487
      vertex -2.63803 -3.21445 5.16675
      vertex -2.31026 -3.45754 5.16675
    endloop
  endfacet
  facet normal -0.28023 -0.783161 0.555095
    outer loop
      vertex -1.41392 -3.41351 5.94022
      vertex -1.5099 -3.64521 5.56487
      vertex -1.14533 -3.77566 5.56487
    endloop
  endfacet
  facet normal -0.280216 -0.78316 0.555103
    outer loop
      vertex -1.07253 -3.53566 5.94022
      vertex -1.41392 -3.41351 5.94022
      vertex -1.14533 -3.77566 5.56487
    endloop
  endfacet
  facet normal 0.280216 -0.78316 0.555103
    outer loop
      vertex 1.41392 -3.41351 5.94022
      vertex 1.07253 -3.53566 5.94022
      vertex 1.14533 -3.77566 5.56487
    endloop
  endfacet
  facet normal 0.28023 -0.783161 0.555095
    outer loop
      vertex 1.41392 -3.41351 5.94022
      vertex 1.14533 -3.77566 5.56487
      vertex 1.5099 -3.64521 5.56487
    endloop
  endfacet
  facet normal 0.495508 -0.668087 0.555096
    outer loop
      vertex 2.34393 -2.85608 5.94022
      vertex 2.0527 -3.07208 5.94022
      vertex 2.19203 -3.28061 5.56487
    endloop
  endfacet
  facet normal 0.460716 -0.621178 0.633939
    outer loop
      vertex 2.16225 -2.63471 6.28917
      vertex 2.0527 -3.07208 5.94022
      vertex 2.34393 -2.85608 5.94022
    endloop
  endfacet
  facet normal 0.40471 -0.24257 0.881686
    outer loop
      vertex 2.08563 -1.11479 7.14555
      vertex 1.63529 -1.09267 7.35835
      vertex 1.96632 -1.31385 7.14555
    endloop
  endfacet
  facet normal 0.404708 -0.242581 0.881684
    outer loop
      vertex 1.73452 -0.92712 7.35835
      vertex 1.63529 -1.09267 7.35835
      vertex 2.08563 -1.11479 7.14555
    endloop
  endfacet
  facet normal 0.156879 -0.116357 0.98074
    outer loop
      vertex 0.561209 -0.374988 7.75021
      vertex 0.52175 -0.428189 7.75021
      vertex 0.864 -0.709066 7.66214
    endloop
  endfacet
  facet normal 0.283844 -0.257255 0.923717
    outer loop
      vertex 1.19793 -0.983114 7.5311
      vertex 1.0958 -1.0958 7.5311
      vertex 1.52032 -1.24769 7.35835
    endloop
  endfacet
  facet normal 0.373405 -0.412003 0.831157
    outer loop
      vertex 1.67222 -1.67222 7.14555
      vertex 1.50026 -1.82807 7.14555
      vertex 1.73837 -2.11822 6.89475
    endloop
  endfacet
  facet normal 0.412003 -0.373405 0.831157
    outer loop
      vertex 1.82807 -1.50026 7.14555
      vertex 1.67222 -1.67222 7.14555
      vertex 2.11822 -1.73837 6.89475
    endloop
  endfacet
  facet normal 0.173112 -0.233415 0.956843
    outer loop
      vertex 0.709066 -0.864 7.66214
      vertex 0.620965 -0.92934 7.66214
      vertex 0.860963 -1.28852 7.5311
    endloop
  endfacet
  facet normal 0.173108 -0.233417 0.956844
    outer loop
      vertex 0.983114 -1.19793 7.5311
      vertex 0.709066 -0.864 7.66214
      vertex 0.860963 -1.28852 7.5311
    endloop
  endfacet
  facet normal 0.0187958 -0.382614 0.923717
    outer loop
      vertex 0.151896 -1.54223 7.5311
      vertex 0 -1.96675 7.35835
      vertex 0.192775 -1.95728 7.35835
    endloop
  endfacet
  facet normal 0.0562085 -0.378929 0.923717
    outer loop
      vertex 0.383694 -1.92896 7.35835
      vertex 0.151896 -1.54223 7.5311
      vertex 0.192775 -1.95728 7.35835
    endloop
  endfacet
  facet normal 0.100413 -0.167533 0.980739
    outer loop
      vertex 0.374988 -0.561209 7.75021
      vertex 0.318173 -0.595262 7.75021
      vertex 0.526884 -0.985731 7.66214
    endloop
  endfacet
  facet normal 0.0330613 -0.092404 0.995173
    outer loop
      vertex 0.258296 -0.623582 7.75021
      vertex 0.0655203 -0.215992 7.79446
      vertex 0.19593 -0.645896 7.75021
    endloop
  endfacet
  facet normal 0.124244 -0.262703 0.956844
    outer loop
      vertex 0.73052 -1.36671 7.5311
      vertex 0.526884 -0.985731 7.66214
      vertex 0.593041 -1.43173 7.5311
    endloop
  endfacet
  facet normal 0.19695 -0.328568 0.923717
    outer loop
      vertex 0.860963 -1.28852 7.5311
      vertex 0.73052 -1.36671 7.5311
      vertex 1.09267 -1.63529 7.35835
    endloop
  endfacet
  facet normal 0.201745 -0.42653 0.881686
    outer loop
      vertex 1.11479 -2.08563 7.14555
      vertex 0.752644 -1.81704 7.35835
      vertex 0.904997 -2.18486 7.14555
    endloop
  endfacet
  facet normal 0.0930848 -0.371593 0.923717
    outer loop
      vertex 0.449852 -1.48296 7.5311
      vertex 0.383694 -1.92896 7.35835
      vertex 0.570918 -1.88206 7.35835
    endloop
  endfacet
  facet normal 0.0272653 -0.555362 0.831161
    outer loop
      vertex 0 -2.36487 7.14555
      vertex 0 -2.74022 6.89475
      vertex 0.231797 -2.35349 7.14555
    endloop
  endfacet
  facet normal -0.0231369 -0.471271 0.881685
    outer loop
      vertex 0 -1.96675 7.35835
      vertex -0.231797 -2.35349 7.14555
      vertex 0 -2.36487 7.14555
    endloop
  endfacet
  facet normal -0.237749 -0.502648 0.831156
    outer loop
      vertex -1.11479 -2.08563 7.14555
      vertex -1.29173 -2.41665 6.89475
      vertex -1.04864 -2.53163 6.89475
    endloop
  endfacet
  facet normal -0.129049 -0.360683 0.923717
    outer loop
      vertex -0.449852 -1.48296 7.5311
      vertex -0.752644 -1.81704 7.35835
      vertex -0.570918 -1.88206 7.35835
    endloop
  endfacet
  facet normal -0.0347124 -0.706684 0.706677
    outer loop
      vertex -0.302792 -3.0743 6.60837
      vertex -0.334079 -3.39196 6.28917
      vertex 0 -3.40837 6.28917
    endloop
  endfacet
  facet normal -0.113473 -0.765008 0.633945
    outer loop
      vertex -0.664941 -3.34288 6.28917
      vertex -0.72081 -3.62376 5.94022
      vertex -0.362149 -3.67696 5.94022
    endloop
  endfacet
  facet normal -0.965368 -0.241824 0.0979063
    outer loop
      vertex -4.46278 -0.887702 3.87496
      vertex -4.50618 -0.896334 3.42571
      vertex -4.39662 -1.3337 3.42571
    endloop
  endfacet
  facet normal -0.984423 -0.146031 0.0979065
    outer loop
      vertex -4.46278 -0.887702 3.87496
      vertex -4.57234 -0.450336 3.42571
      vertex -4.50618 -0.896334 3.42571
    endloop
  endfacet
  facet normal -0.937023 -0.335267 0.0978929
    outer loop
      vertex -4.35428 -1.32086 3.87496
      vertex -4.39662 -1.3337 3.42571
      vertex -4.20385 -1.74129 3.87496
    endloop
  endfacet
  facet normal -0.923498 -0.330428 0.194855
    outer loop
      vertex -4.27001 -1.29529 4.31771
      vertex -4.35428 -1.32086 3.87496
      vertex -4.20385 -1.74129 3.87496
    endloop
  endfacet
  facet normal -0.946678 -0.140437 0.289961
    outer loop
      vertex -4.31025 -0.424521 4.74969
      vertex -4.3764 -0.870521 4.31771
      vertex -4.24788 -0.844955 4.74969
    endloop
  endfacet
  facet normal -0.970214 -0.143934 0.194855
    outer loop
      vertex -4.44066 -0.437366 4.31771
      vertex -4.5283 -0.445998 3.87496
      vertex -4.3764 -0.870521 4.31771
    endloop
  endfacet
  facet normal -0.855727 -0.214346 0.470943
    outer loop
      vertex -3.86974 -0.769738 5.56487
      vertex -3.97929 -1.2071 5.16675
      vertex -3.77566 -1.14533 5.56487
    endloop
  endfacet
  facet normal -0.896341 -0.224535 0.382304
    outer loop
      vertex -4.07845 -0.811254 5.16675
      vertex -4.14461 -1.25725 4.74969
      vertex -3.97929 -1.2071 5.16675
    endloop
  endfacet
  facet normal -0.865151 -0.409192 0.289958
    outer loop
      vertex -4.00142 -1.65744 4.74969
      vertex -4.12248 -1.70759 4.31771
      vertex -3.81969 -2.04167 4.74969
    endloop
  endfacet
  facet normal -0.835317 -0.395081 0.382304
    outer loop
      vertex -3.84181 -1.59133 5.16675
      vertex -4.00142 -1.65744 4.74969
      vertex -3.81969 -2.04167 4.74969
    endloop
  endfacet
  facet normal -0.426347 -0.470387 0.772634
    outer loop
      vertex -1.73837 -2.11822 6.89475
      vertex -2.18437 -2.18437 6.60837
      vertex -1.95975 -2.38796 6.60837
    endloop
  endfacet
  facet normal -0.558579 -0.616323 0.5551
    outer loop
      vertex -2.61259 -2.61259 5.94022
      vertex -2.78993 -2.78993 5.56487
      vertex -2.50303 -3.04995 5.56487
    endloop
  endfacet
  facet normal -0.642714 -0.709115 0.289956
    outer loop
      vertex -2.74762 -3.34799 4.74969
      vertex -3.06255 -3.06255 4.74969
      vertex -2.83075 -3.44928 4.31771
    endloop
  endfacet
  facet normal -0.570105 -0.768704 0.289955
    outer loop
      vertex -2.74762 -3.34799 4.74969
      vertex -2.83075 -3.44928 4.31771
      vertex -2.40623 -3.60118 4.74969
    endloop
  endfacet
  facet normal -0.709121 -0.642702 0.289967
    outer loop
      vertex -3.06255 -3.06255 4.74969
      vertex -3.44928 -2.83075 4.31771
      vertex -3.15521 -3.15521 4.31771
    endloop
  endfacet
  facet normal -0.857726 -0.514108 0
    outer loop
      vertex -3.82015 -2.55254 3.2
      vertex -4.05195 -2.16581 3.42571
      vertex -4.05195 -2.16581 3.2
    endloop
  endfacet
  facet normal -0.857726 -0.514108 0
    outer loop
      vertex -4.05195 -2.16581 3.42571
      vertex -3.82015 -2.55254 3.2
      vertex -3.82015 -2.55254 3.42571
    endloop
  endfacet
  facet normal -0.595701 -0.803206 0
    outer loop
      vertex -2.91469 -3.55156 3.2
      vertex -2.55254 -3.82015 3.42571
      vertex -2.91469 -3.55156 3.42571
    endloop
  endfacet
  facet normal -0.595701 -0.803206 -0
    outer loop
      vertex -2.55254 -3.82015 3.42571
      vertex -2.91469 -3.55156 3.2
      vertex -2.55254 -3.82015 3.2
    endloop
  endfacet
  facet normal -0.584291 -0.787804 0.194856
    outer loop
      vertex -2.47903 -3.71014 4.31771
      vertex -2.83075 -3.44928 4.31771
      vertex -2.52796 -3.78336 3.87496
    endloop
  endfacet
  facet normal -0.740954 -0.671556 0
    outer loop
      vertex -3.24877 -3.24877 3.2
      vertex -3.55156 -2.91469 3.42571
      vertex -3.55156 -2.91469 3.2
    endloop
  endfacet
  facet normal -0.740954 -0.671556 0
    outer loop
      vertex -3.55156 -2.91469 3.42571
      vertex -3.24877 -3.24877 3.2
      vertex -3.24877 -3.24877 3.42571
    endloop
  endfacet
  facet normal -0.737396 -0.668332 0.0978768
    outer loop
      vertex -3.21749 -3.21749 3.87496
      vertex -3.55156 -2.91469 3.42571
      vertex -3.24877 -3.24877 3.42571
    endloop
  endfacet
  facet normal -0.853606 -0.511638 0.0978975
    outer loop
      vertex -4.01293 -2.14495 3.87496
      vertex -4.05195 -2.16581 3.42571
      vertex -3.82015 -2.55254 3.42571
    endloop
  endfacet
  facet normal -0.899643 -0.425509 0.0978969
    outer loop
      vertex -4.01293 -2.14495 3.87496
      vertex -4.24473 -1.75822 3.42571
      vertex -4.05195 -2.16581 3.42571
    endloop
  endfacet
  facet normal -0.792578 -0.475053 0.382288
    outer loop
      vertex -3.45754 -2.31026 5.16675
      vertex -3.66734 -1.96023 5.16675
      vertex -3.60118 -2.40623 4.74969
    endloop
  endfacet
  facet normal -0.7422 -0.550451 0.382286
    outer loop
      vertex -3.45754 -2.31026 5.16675
      vertex -3.60118 -2.40623 4.74969
      vertex -3.21445 -2.63803 5.16675
    endloop
  endfacet
  facet normal -0.783161 -0.28023 0.555095
    outer loop
      vertex -3.41351 -1.41392 5.94022
      vertex -3.77566 -1.14533 5.56487
      vertex -3.64521 -1.5099 5.56487
    endloop
  endfacet
  facet normal -0.830589 -0.2972 0.47095
    outer loop
      vertex -3.77566 -1.14533 5.56487
      vertex -3.84181 -1.59133 5.16675
      vertex -3.64521 -1.5099 5.56487
    endloop
  endfacet
  facet normal -0.639603 -0.302496 0.706686
    outer loop
      vertex -2.85402 -1.18217 6.60837
      vertex -3.00592 -1.6067 6.28917
      vertex -2.72441 -1.45622 6.60837
    endloop
  endfacet
  facet normal -0.47516 -0.524235 0.706683
    outer loop
      vertex -2.18437 -2.18437 6.60837
      vertex -2.41008 -2.41008 6.28917
      vertex -2.16225 -2.63471 6.28917
    endloop
  endfacet
  facet normal -0.830778 -0.0408159 0.555106
    outer loop
      vertex -3.69475 0 5.94022
      vertex -3.94555 0 5.56487
      vertex -3.92655 -0.386731 5.56487
    endloop
  endfacet
  facet normal -0.88109 -0.0432877 0.470964
    outer loop
      vertex -3.94555 0 5.56487
      vertex -4.13833 -0.407589 5.16675
      vertex -3.92655 -0.386731 5.56487
    endloop
  endfacet
  facet normal 0.330444 -0.923488 0.194873
    outer loop
      vertex 1.70759 -4.12248 4.31771
      vertex 1.29529 -4.27001 4.31771
      vertex 1.74129 -4.20385 3.87496
    endloop
  endfacet
  facet normal 0.492017 -0.820876 0.289968
    outer loop
      vertex 2.40623 -3.60118 4.74969
      vertex 2.04167 -3.81969 4.74969
      vertex 2.10344 -3.93526 4.31771
    endloop
  endfacet
  facet normal 0.419354 -0.886663 0.194861
    outer loop
      vertex 2.10344 -3.93526 4.31771
      vertex 1.70759 -4.12248 4.31771
      vertex 2.14495 -4.01293 3.87496
    endloop
  endfacet
  facet normal 0.419364 -0.886656 0.194872
    outer loop
      vertex 2.14495 -4.01293 3.87496
      vertex 1.70759 -4.12248 4.31771
      vertex 1.74129 -4.20385 3.87496
    endloop
  endfacet
  facet normal 0.146024 -0.984424 0.0979131
    outer loop
      vertex 0.887702 -4.46278 3.87496
      vertex 0.445998 -4.5283 3.87496
      vertex 0.450336 -4.57234 3.42571
    endloop
  endfacet
  facet normal 0.146031 -0.984423 0.0979065
    outer loop
      vertex 0.887702 -4.46278 3.87496
      vertex 0.450336 -4.57234 3.42571
      vertex 0.896334 -4.50618 3.42571
    endloop
  endfacet
  facet normal 0.13559 -0.914042 0.382285
    outer loop
      vertex 0.811254 -4.07845 5.16675
      vertex 0.407589 -4.13833 5.16675
      vertex 0.844955 -4.24788 4.74969
    endloop
  endfacet
  facet normal 0.0481261 -0.979651 0.194855
    outer loop
      vertex 0.437366 -4.44066 4.31771
      vertex 0 -4.55021 3.87496
      vertex 0.445998 -4.5283 3.87496
    endloop
  endfacet
  facet normal 0.584291 -0.787804 0.194856
    outer loop
      vertex 2.83075 -3.44928 4.31771
      vertex 2.47903 -3.71014 4.31771
      vertex 2.52796 -3.78336 3.87496
    endloop
  endfacet
  facet normal 0.570115 -0.768691 0.289969
    outer loop
      vertex 2.83075 -3.44928 4.31771
      vertex 2.40623 -3.60118 4.74969
      vertex 2.47903 -3.71014 4.31771
    endloop
  endfacet
  facet normal 0.620554 -0.684667 0.382288
    outer loop
      vertex 3.06255 -3.06255 4.74969
      vertex 2.63803 -3.21445 5.16675
      vertex 2.74762 -3.34799 4.74969
    endloop
  endfacet
  facet normal 0.550449 -0.742201 0.382288
    outer loop
      vertex 2.63803 -3.21445 5.16675
      vertex 2.40623 -3.60118 4.74969
      vertex 2.74762 -3.34799 4.74969
    endloop
  endfacet
  facet normal 0.658669 -0.726761 0.194868
    outer loop
      vertex 3.21749 -3.21749 3.87496
      vertex 2.83075 -3.44928 4.31771
      vertex 2.88662 -3.51736 3.87496
    endloop
  endfacet
  facet normal 0.584279 -0.78781 0.194868
    outer loop
      vertex 2.83075 -3.44928 4.31771
      vertex 2.52796 -3.78336 3.87496
      vertex 2.88662 -3.51736 3.87496
    endloop
  endfacet
  facet normal 0.803206 -0.595701 0
    outer loop
      vertex 3.55156 -2.91469 3.42571
      vertex 3.82015 -2.55254 3.2
      vertex 3.82015 -2.55254 3.42571
    endloop
  endfacet
  facet normal 0.803206 -0.595701 0
    outer loop
      vertex 3.82015 -2.55254 3.2
      vertex 3.55156 -2.91469 3.42571
      vertex 3.55156 -2.91469 3.2
    endloop
  endfacet
  facet normal 0.989176 -0.146736 0
    outer loop
      vertex 4.50618 -0.896334 3.42571
      vertex 4.57234 -0.450336 3.2
      vertex 4.57234 -0.450336 3.42571
    endloop
  endfacet
  facet normal 0.989176 -0.146736 0
    outer loop
      vertex 4.57234 -0.450336 3.2
      vertex 4.50618 -0.896334 3.42571
      vertex 4.50618 -0.896334 3.2
    endloop
  endfacet
  facet normal 0.903986 -0.427563 0
    outer loop
      vertex 4.05195 -2.16581 3.42571
      vertex 4.24473 -1.75822 3.2
      vertex 4.24473 -1.75822 3.42571
    endloop
  endfacet
  facet normal 0.903986 -0.427563 0
    outer loop
      vertex 4.24473 -1.75822 3.2
      vertex 4.05195 -2.16581 3.42571
      vertex 4.05195 -2.16581 3.2
    endloop
  endfacet
  facet normal 0.899643 -0.425509 0.0978969
    outer loop
      vertex 4.24473 -1.75822 3.42571
      vertex 4.01293 -2.14495 3.87496
      vertex 4.05195 -2.16581 3.42571
    endloop
  endfacet
  facet normal 0.79935 -0.592838 0.0978936
    outer loop
      vertex 3.78336 -2.52796 3.87496
      vertex 3.51736 -2.88662 3.87496
      vertex 3.55156 -2.91469 3.42571
    endloop
  endfacet
  facet normal 0.78781 -0.584279 0.194868
    outer loop
      vertex 3.78336 -2.52796 3.87496
      vertex 3.44928 -2.83075 4.31771
      vertex 3.51736 -2.88662 3.87496
    endloop
  endfacet
  facet normal 0.865153 -0.40918 0.289969
    outer loop
      vertex 4.12248 -1.70759 4.31771
      vertex 3.81969 -2.04167 4.74969
      vertex 3.93526 -2.10344 4.31771
    endloop
  endfacet
  facet normal 0.937023 -0.335267 0.0978929
    outer loop
      vertex 4.35428 -1.32086 3.87496
      vertex 4.20385 -1.74129 3.87496
      vertex 4.39662 -1.3337 3.42571
    endloop
  endfacet
  facet normal 0.886656 -0.419364 0.194872
    outer loop
      vertex 4.12248 -1.70759 4.31771
      vertex 4.01293 -2.14495 3.87496
      vertex 4.20385 -1.74129 3.87496
    endloop
  endfacet
  facet normal 0.820876 -0.492017 0.289968
    outer loop
      vertex 3.81969 -2.04167 4.74969
      vertex 3.60118 -2.40623 4.74969
      vertex 3.93526 -2.10344 4.31771
    endloop
  endfacet
  facet normal -0.224515 0.896354 0.382285
    outer loop
      vertex -0.844955 4.24788 4.74969
      vertex -1.25725 4.14461 4.74969
      vertex -0.811254 4.07845 5.16675
    endloop
  endfacet
  facet normal -0.40918 0.865153 0.289969
    outer loop
      vertex -1.70759 4.12248 4.31771
      vertex -2.10344 3.93526 4.31771
      vertex -2.04167 3.81969 4.74969
    endloop
  endfacet
  facet normal -0.0408159 0.830778 0.555106
    outer loop
      vertex 0 3.94555 5.56487
      vertex -0.386731 3.92655 5.56487
      vertex 0 3.69475 5.94022
    endloop
  endfacet
  facet normal -0.214346 0.855727 0.470943
    outer loop
      vertex -0.769738 3.86974 5.56487
      vertex -1.2071 3.97929 5.16675
      vertex -1.14533 3.77566 5.56487
    endloop
  endfacet
  facet normal -0.17191 0.686325 0.706686
    outer loop
      vertex -0.664941 3.34288 6.28917
      vertex -0.989399 3.26161 6.28917
      vertex -0.896739 2.95615 6.60837
    endloop
  endfacet
  facet normal -0.171913 0.686326 0.706685
    outer loop
      vertex -0.664941 3.34288 6.28917
      vertex -0.896739 2.95615 6.60837
      vertex -0.602667 3.02981 6.60837
    endloop
  endfacet
  facet normal -0.453523 0.756654 0.470949
    outer loop
      vertex -1.96023 3.66734 5.16675
      vertex -2.19203 3.28061 5.56487
      vertex -1.85992 3.47967 5.56487
    endloop
  endfacet
  facet normal -0.355622 0.751932 0.555096
    outer loop
      vertex -1.5099 3.64521 5.56487
      vertex -1.85992 3.47967 5.56487
      vertex -1.41392 3.41351 5.94022
    endloop
  endfacet
  facet normal -0.355641 0.751909 0.555114
    outer loop
      vertex -1.41392 3.41351 5.94022
      vertex -1.85992 3.47967 5.56487
      vertex -1.74169 3.25848 5.94022
    endloop
  endfacet
  facet normal -0.397582 0.66337 0.633931
    outer loop
      vertex -1.74169 3.25848 5.94022
      vertex -2.0527 3.07208 5.94022
      vertex -1.6067 3.00592 6.28917
    endloop
  endfacet
  facet normal -0.326364 0.544531 0.77264
    outer loop
      vertex -1.45622 2.72441 6.60837
      vertex -1.52238 2.27841 6.89475
      vertex -1.29173 2.41665 6.89475
    endloop
  endfacet
  facet normal -0.271421 0.573897 0.77264
    outer loop
      vertex -1.18217 2.85402 6.60837
      vertex -1.45622 2.72441 6.60837
      vertex -1.29173 2.41665 6.89475
    endloop
  endfacet
  facet normal 0.224535 0.896341 0.382304
    outer loop
      vertex 1.25725 4.14461 4.74969
      vertex 0.811254 4.07845 5.16675
      vertex 1.2071 3.97929 5.16675
    endloop
  endfacet
  facet normal 0.214346 0.855727 0.470943
    outer loop
      vertex 1.2071 3.97929 5.16675
      vertex 0.769738 3.86974 5.56487
      vertex 1.14533 3.77566 5.56487
    endloop
  endfacet
  facet normal 0.232522 0.928359 0.28997
    outer loop
      vertex 1.29529 4.27001 4.31771
      vertex 0.870521 4.3764 4.31771
      vertex 1.25725 4.14461 4.74969
    endloop
  endfacet
  facet normal 0.238303 0.951439 0.194872
    outer loop
      vertex 0.887702 4.46278 3.87496
      vertex 0.870521 4.3764 4.31771
      vertex 1.29529 4.27001 4.31771
    endloop
  endfacet
  facet normal -0.0432777 0.881095 0.470956
    outer loop
      vertex 0 4.15835 5.16675
      vertex -0.407589 4.13833 5.16675
      vertex 0 3.94555 5.56487
    endloop
  endfacet
  facet normal -0.0432877 0.88109 0.470964
    outer loop
      vertex 0 3.94555 5.56487
      vertex -0.407589 4.13833 5.16675
      vertex -0.386731 3.92655 5.56487
    endloop
  endfacet
  facet normal 0.048824 0.993997 0.0979062
    outer loop
      vertex 0 4.59446 3.42571
      vertex 0 4.55021 3.87496
      vertex 0.450336 4.57234 3.42571
    endloop
  endfacet
  facet normal 0.146024 0.984424 0.0979131
    outer loop
      vertex 0.450336 4.57234 3.42571
      vertex 0.445998 4.5283 3.87496
      vertex 0.887702 4.46278 3.87496
    endloop
  endfacet
  facet normal 0.899643 0.425509 0.0978969
    outer loop
      vertex 4.05195 2.16581 3.42571
      vertex 4.01293 2.14495 3.87496
      vertex 4.24473 1.75822 3.42571
    endloop
  endfacet
  facet normal 0.886663 0.419354 0.194861
    outer loop
      vertex 4.01293 2.14495 3.87496
      vertex 3.93526 2.10344 4.31771
      vertex 4.12248 1.70759 4.31771
    endloop
  endfacet
  facet normal 0.841287 0.504248 0.19486
    outer loop
      vertex 4.01293 2.14495 3.87496
      vertex 3.71014 2.47903 4.31771
      vertex 3.93526 2.10344 4.31771
    endloop
  endfacet
  facet normal 0.886656 0.419364 0.194872
    outer loop
      vertex 4.20385 1.74129 3.87496
      vertex 4.01293 2.14495 3.87496
      vertex 4.12248 1.70759 4.31771
    endloop
  endfacet
  facet normal 0.923488 0.330444 0.194873
    outer loop
      vertex 4.20385 1.74129 3.87496
      vertex 4.12248 1.70759 4.31771
      vertex 4.27001 1.29529 4.31771
    endloop
  endfacet
  facet normal 0.772451 -0.0379429 0.63394
    outer loop
      vertex 3.40837 0 6.28917
      vertex 3.39196 -0.334079 6.28917
      vertex 3.67696 -0.362149 5.94022
    endloop
  endfacet
  facet normal 0.706684 -0.0347124 0.706677
    outer loop
      vertex 3.40837 0 6.28917
      vertex 3.0743 -0.302792 6.60837
      vertex 3.39196 -0.334079 6.28917
    endloop
  endfacet
  facet normal 0.806854 0.202105 0.555104
    outer loop
      vertex 3.77566 1.14533 5.56487
      vertex 3.53566 1.07253 5.94022
      vertex 3.86974 0.769738 5.56487
    endloop
  endfacet
  facet normal 0.686325 0.17191 0.706686
    outer loop
      vertex 3.26161 0.989399 6.28917
      vertex 2.95615 0.896739 6.60837
      vertex 3.34288 0.664941 6.28917
    endloop
  endfacet
  facet normal 0.855727 0.214346 0.470943
    outer loop
      vertex 3.97929 1.2071 5.16675
      vertex 3.77566 1.14533 5.56487
      vertex 3.86974 0.769738 5.56487
    endloop
  endfacet
  facet normal 0.830596 0.297193 0.470943
    outer loop
      vertex 3.84181 1.59133 5.16675
      vertex 3.77566 1.14533 5.56487
      vertex 3.97929 1.2071 5.16675
    endloop
  endfacet
  facet normal 0.91404 0.135595 0.382289
    outer loop
      vertex 4.24788 0.844955 4.74969
      vertex 4.13833 0.407589 5.16675
      vertex 4.31025 0.424521 4.74969
    endloop
  endfacet
  facet normal 0.92293 0.045329 0.382289
    outer loop
      vertex 4.31025 0.424521 4.74969
      vertex 4.13833 0.407589 5.16675
      vertex 4.3311 0 4.74969
    endloop
  endfacet
  facet normal 0.830778 0.0408159 0.555106
    outer loop
      vertex 3.92655 0.386731 5.56487
      vertex 3.69475 0 5.94022
      vertex 3.94555 0 5.56487
    endloop
  endfacet
  facet normal 0.922931 -0.0453326 0.382286
    outer loop
      vertex 4.15835 0 5.16675
      vertex 4.13833 -0.407589 5.16675
      vertex 4.3311 0 4.74969
    endloop
  endfacet
  facet normal 0.901087 0.322429 0.28997
    outer loop
      vertex 4.27001 1.29529 4.31771
      vertex 4.12248 1.70759 4.31771
      vertex 4.14461 1.25725 4.74969
    endloop
  endfacet
  facet normal 0.951439 0.238303 0.194872
    outer loop
      vertex 4.46278 0.887702 3.87496
      vertex 4.27001 1.29529 4.31771
      vertex 4.3764 0.870521 4.31771
    endloop
  endfacet
  facet normal 0.970213 0.143916 0.194872
    outer loop
      vertex 4.46278 0.887702 3.87496
      vertex 4.3764 0.870521 4.31771
      vertex 4.5283 0.445998 3.87496
    endloop
  endfacet
  facet normal 0.955884 0.0469475 0.289967
    outer loop
      vertex 4.44066 0.437366 4.31771
      vertex 4.31025 0.424521 4.74969
      vertex 4.3311 0 4.74969
    endloop
  endfacet
  facet normal 0.946678 -0.140437 0.289961
    outer loop
      vertex 4.31025 -0.424521 4.74969
      vertex 4.24788 -0.844955 4.74969
      vertex 4.3764 -0.870521 4.31771
    endloop
  endfacet
  facet normal 0.896354 -0.224515 0.382285
    outer loop
      vertex 4.24788 -0.844955 4.74969
      vertex 4.07845 -0.811254 5.16675
      vertex 4.14461 -1.25725 4.74969
    endloop
  endfacet
  facet normal 0.928359 -0.232532 0.289962
    outer loop
      vertex 4.24788 -0.844955 4.74969
      vertex 4.14461 -1.25725 4.74969
      vertex 4.3764 -0.870521 4.31771
    endloop
  endfacet
  facet normal 0.955884 -0.0469475 0.289967
    outer loop
      vertex 4.3311 0 4.74969
      vertex 4.31025 -0.424521 4.74969
      vertex 4.44066 -0.437366 4.31771
    endloop
  endfacet
  facet normal 0.872609 -0.129444 0.470954
    outer loop
      vertex 4.13833 -0.407589 5.16675
      vertex 3.86974 -0.769738 5.56487
      vertex 4.07845 -0.811254 5.16675
    endloop
  endfacet
  facet normal 0.855718 -0.214359 0.470954
    outer loop
      vertex 4.07845 -0.811254 5.16675
      vertex 3.86974 -0.769738 5.56487
      vertex 3.97929 -1.2071 5.16675
    endloop
  endfacet
  facet normal 0.751932 -0.355622 0.555096
    outer loop
      vertex 3.64521 -1.5099 5.56487
      vertex 3.41351 -1.41392 5.94022
      vertex 3.47967 -1.85992 5.56487
    endloop
  endfacet
  facet normal 0.751909 -0.355641 0.555114
    outer loop
      vertex 3.41351 -1.41392 5.94022
      vertex 3.25848 -1.74169 5.94022
      vertex 3.47967 -1.85992 5.56487
    endloop
  endfacet
  facet normal 0.524235 -0.47516 0.706683
    outer loop
      vertex 2.63471 -2.16225 6.28917
      vertex 2.18437 -2.18437 6.60837
      vertex 2.41008 -2.41008 6.28917
    endloop
  endfacet
  facet normal 0.47516 -0.524235 0.706683
    outer loop
      vertex 2.18437 -2.18437 6.60837
      vertex 2.16225 -2.63471 6.28917
      vertex 2.41008 -2.41008 6.28917
    endloop
  endfacet
  facet normal 0.0453326 -0.922931 0.382286
    outer loop
      vertex 0 -4.15835 5.16675
      vertex 0 -4.3311 4.74969
      vertex 0.407589 -4.13833 5.16675
    endloop
  endfacet
  facet normal -0.0453326 -0.922931 0.382286
    outer loop
      vertex 0 -4.15835 5.16675
      vertex -0.407589 -4.13833 5.16675
      vertex 0 -4.3311 4.74969
    endloop
  endfacet
  facet normal 0.242992 -0.970028 0
    outer loop
      vertex 0.896334 -4.50618 3.2
      vertex 1.3337 -4.39662 3.42571
      vertex 0.896334 -4.50618 3.42571
    endloop
  endfacet
  facet normal 0.242992 -0.970028 0
    outer loop
      vertex 1.3337 -4.39662 3.42571
      vertex 0.896334 -4.50618 3.2
      vertex 1.3337 -4.39662 3.2
    endloop
  endfacet
  facet normal 0.397602 -0.66334 0.63395
    outer loop
      vertex 1.89359 -2.83396 6.28917
      vertex 1.6067 -3.00592 6.28917
      vertex 2.0527 -3.07208 5.94022
    endloop
  endfacet
  facet normal 0.460695 -0.621182 0.63395
    outer loop
      vertex 2.16225 -2.63471 6.28917
      vertex 1.89359 -2.83396 6.28917
      vertex 2.0527 -3.07208 5.94022
    endloop
  endfacet
  facet normal 0.158951 -0.444256 0.881687
    outer loop
      vertex 0.752644 -1.81704 7.35835
      vertex 0.570918 -1.88206 7.35835
      vertex 0.904997 -2.18486 7.14555
    endloop
  endfacet
  facet normal 0.326387 -0.544529 0.772632
    outer loop
      vertex 1.52238 -2.27841 6.89475
      vertex 1.45622 -2.72441 6.60837
      vertex 1.71625 -2.56855 6.60837
    endloop
  endfacet
  facet normal 0.378182 -0.509917 0.772634
    outer loop
      vertex 1.73837 -2.11822 6.89475
      vertex 1.52238 -2.27841 6.89475
      vertex 1.95975 -2.38796 6.60837
    endloop
  endfacet
  facet normal 0.331231 -0.446611 0.831158
    outer loop
      vertex 1.73837 -2.11822 6.89475
      vertex 1.31385 -1.96632 7.14555
      vertex 1.52238 -2.27841 6.89475
    endloop
  endfacet
  facet normal -0.12204 -0.82278 0.555103
    outer loop
      vertex -0.362149 -3.67696 5.94022
      vertex -0.769738 -3.86974 5.56487
      vertex -0.386731 -3.92655 5.56487
    endloop
  endfacet
  facet normal -0.0379429 -0.772451 0.63394
    outer loop
      vertex -0.334079 -3.39196 6.28917
      vertex -0.362149 -3.67696 5.94022
      vertex 0 -3.40837 6.28917
    endloop
  endfacet
  facet normal 0.238349 -0.666166 0.706691
    outer loop
      vertex 1.18217 -2.85402 6.60837
      vertex 0.989399 -3.26161 6.28917
      vertex 1.30433 -3.14893 6.28917
    endloop
  endfacet
  facet normal 0.238361 -0.666168 0.706686
    outer loop
      vertex 1.18217 -2.85402 6.60837
      vertex 0.896739 -2.95615 6.60837
      vertex 0.989399 -3.26161 6.28917
    endloop
  endfacet
  facet normal 0.103834 -0.699868 0.706685
    outer loop
      vertex 0.602667 -3.02981 6.60837
      vertex 0.302792 -3.0743 6.60837
      vertex 0.664941 -3.34288 6.28917
    endloop
  endfacet
  facet normal 0.171913 -0.686326 0.706685
    outer loop
      vertex 0.896739 -2.95615 6.60837
      vertex 0.602667 -3.02981 6.60837
      vertex 0.664941 -3.34288 6.28917
    endloop
  endfacet
  facet normal 0.0311395 -0.634081 0.77264
    outer loop
      vertex 0.268588 -2.72702 6.89475
      vertex 0 -3.08917 6.60837
      vertex 0.302792 -3.0743 6.60837
    endloop
  endfacet
  facet normal -0.0931564 -0.627973 0.77264
    outer loop
      vertex -0.268588 -2.72702 6.89475
      vertex -0.53459 -2.68756 6.89475
      vertex -0.302792 -3.0743 6.60837
    endloop
  endfacet
  facet normal -0.0379454 -0.772449 0.633942
    outer loop
      vertex 0 -3.40837 6.28917
      vertex -0.362149 -3.67696 5.94022
      vertex 0 -3.69475 5.94022
    endloop
  endfacet
  facet normal 0.0408108 -0.83078 0.555102
    outer loop
      vertex 0.362149 -3.67696 5.94022
      vertex 0 -3.69475 5.94022
      vertex 0.386731 -3.92655 5.56487
    endloop
  endfacet
  facet normal 0.616322 -0.55858 0.555099
    outer loop
      vertex 2.85608 -2.34393 5.94022
      vertex 2.61259 -2.61259 5.94022
      vertex 3.04995 -2.50303 5.56487
    endloop
  endfacet
  facet normal 0.668088 -0.495502 0.5551
    outer loop
      vertex 3.28061 -2.19203 5.56487
      vertex 2.85608 -2.34393 5.94022
      vertex 3.04995 -2.50303 5.56487
    endloop
  endfacet
  facet normal 0.684667 -0.620554 0.382288
    outer loop
      vertex 3.21445 -2.63803 5.16675
      vertex 3.06255 -3.06255 4.74969
      vertex 3.34799 -2.74762 4.74969
    endloop
  endfacet
  facet normal 0.742201 -0.550449 0.382288
    outer loop
      vertex 3.60118 -2.40623 4.74969
      vertex 3.21445 -2.63803 5.16675
      vertex 3.34799 -2.74762 4.74969
    endloop
  endfacet
  facet normal 0.470387 -0.426347 0.772634
    outer loop
      vertex 2.38796 -1.95975 6.60837
      vertex 2.11822 -1.73837 6.89475
      vertex 2.18437 -2.18437 6.60837
    endloop
  endfacet
  facet normal 0.509917 -0.378182 0.772634
    outer loop
      vertex 2.27841 -1.52238 6.89475
      vertex 2.11822 -1.73837 6.89475
      vertex 2.38796 -1.95975 6.60837
    endloop
  endfacet
  facet normal 0.42147 -0.568293 0.706686
    outer loop
      vertex 1.95975 -2.38796 6.60837
      vertex 1.71625 -2.56855 6.60837
      vertex 1.89359 -2.83396 6.28917
    endloop
  endfacet
  facet normal 0.421471 -0.568293 0.706686
    outer loop
      vertex 1.95975 -2.38796 6.60837
      vertex 1.89359 -2.83396 6.28917
      vertex 2.16225 -2.63471 6.28917
    endloop
  endfacet
  facet normal 0.457695 -0.114653 0.881686
    outer loop
      vertex 1.92896 -0.383694 7.35835
      vertex 1.88206 -0.570918 7.35835
      vertex 2.26304 -0.686486 7.14555
    endloop
  endfacet
  facet normal 0.444258 -0.158949 0.881686
    outer loop
      vertex 2.26304 -0.686486 7.14555
      vertex 1.88206 -0.570918 7.35835
      vertex 2.18486 -0.904997 7.14555
    endloop
  endfacet
  facet normal 0.555374 -0.0272944 0.831153
    outer loop
      vertex 2.74022 0 6.89475
      vertex 2.35349 -0.231797 7.14555
      vertex 2.72702 -0.268588 6.89475
    endloop
  endfacet
  facet normal 0.555362 -0.0272653 0.831161
    outer loop
      vertex 2.36487 0 7.14555
      vertex 2.35349 -0.231797 7.14555
      vertex 2.74022 0 6.89475
    endloop
  endfacet
  facet normal 0.471265 0.0231507 0.881688
    outer loop
      vertex 2.35349 0.231797 7.14555
      vertex 1.95728 0.192775 7.35835
      vertex 1.96675 0 7.35835
    endloop
  endfacet
  facet normal 0.466726 0.0692319 0.881688
    outer loop
      vertex 2.35349 0.231797 7.14555
      vertex 1.92896 0.383694 7.35835
      vertex 1.95728 0.192775 7.35835
    endloop
  endfacet
  facet normal 0.471265 -0.0231507 0.881688
    outer loop
      vertex 1.96675 0 7.35835
      vertex 1.95728 -0.192775 7.35835
      vertex 2.35349 -0.231797 7.14555
    endloop
  endfacet
  facet normal 0.382614 -0.0187958 0.923717
    outer loop
      vertex 1.96675 0 7.35835
      vertex 1.54223 -0.151896 7.5311
      vertex 1.95728 -0.192775 7.35835
    endloop
  endfacet
  facet normal 0.328573 0.196945 0.923716
    outer loop
      vertex 1.63529 1.09267 7.35835
      vertex 1.36671 0.73052 7.5311
      vertex 1.73452 0.92712 7.35835
    endloop
  endfacet
  facet normal 0.167533 0.100413 0.980739
    outer loop
      vertex 0.985731 0.526884 7.66214
      vertex 0.561209 0.374988 7.75021
      vertex 0.595262 0.318173 7.75021
    endloop
  endfacet
  facet normal 0.444258 0.158949 0.881686
    outer loop
      vertex 2.18486 0.904997 7.14555
      vertex 1.88206 0.570918 7.35835
      vertex 2.26304 0.686486 7.14555
    endloop
  endfacet
  facet normal 0.262701 0.124253 0.956843
    outer loop
      vertex 1.43173 0.593041 7.5311
      vertex 0.985731 0.526884 7.66214
      vertex 1.03263 0.427728 7.66214
    endloop
  endfacet
  facet normal 0.228193 0.307694 0.923716
    outer loop
      vertex 1.24769 1.52032 7.35835
      vertex 0.860963 1.28852 7.5311
      vertex 0.983114 1.19793 7.5311
    endloop
  endfacet
  facet normal 0.257264 0.28384 0.923715
    outer loop
      vertex 1.24769 1.52032 7.35835
      vertex 1.0958 1.0958 7.5311
      vertex 1.3907 1.3907 7.35835
    endloop
  endfacet
  facet normal 0.273619 0.0978952 0.956843
    outer loop
      vertex 1.43173 0.593041 7.5311
      vertex 1.03263 0.427728 7.66214
      vertex 1.48296 0.449852 7.5311
    endloop
  endfacet
  facet normal 0.346299 0.16378 0.923717
    outer loop
      vertex 1.81704 0.752644 7.35835
      vertex 1.36671 0.73052 7.5311
      vertex 1.43173 0.593041 7.5311
    endloop
  endfacet
  facet normal 0.0970781 0.0144015 0.995173
    outer loop
      vertex 0.66199 0.131678 7.75021
      vertex 0.221374 0.044034 7.79446
      vertex 0.67171 0.0661573 7.75021
    endloop
  endfacet
  facet normal 0.195084 0.00958356 0.98074
    outer loop
      vertex 1.11233 0.109554 7.66214
      vertex 0.67171 0.0661573 7.75021
      vertex 0.67496 0 7.75021
    endloop
  endfacet
  facet normal 0.290256 0.0142539 0.956843
    outer loop
      vertex 1.54969 0 7.5311
      vertex 1.11233 0.109554 7.66214
      vertex 1.11771 0 7.66214
    endloop
  endfacet
  facet normal 0.290256 -0.0142539 0.956843
    outer loop
      vertex 1.11771 0 7.66214
      vertex 1.11233 -0.109554 7.66214
      vertex 1.54969 0 7.5311
    endloop
  endfacet
  facet normal -0.0970782 0.0143996 0.995173
    outer loop
      vertex -0.221374 0.044034 7.79446
      vertex -0.67171 0.0661573 7.75021
      vertex -0.224624 0.0221233 7.79446
    endloop
  endfacet
  facet normal 0.215325 0.195154 0.956844
    outer loop
      vertex 1.0958 1.0958 7.5311
      vertex 0.864 0.709066 7.66214
      vertex 1.19793 0.983114 7.5311
    endloop
  endfacet
  facet normal 0.173112 0.233415 0.956843
    outer loop
      vertex 0.860963 1.28852 7.5311
      vertex 0.620965 0.92934 7.66214
      vertex 0.709066 0.864 7.66214
    endloop
  endfacet
  facet normal -0.0330663 -0.0924017 0.995173
    outer loop
      vertex -0.0863752 -0.208529 7.79446
      vertex -0.258296 -0.623582 7.75021
      vertex -0.0655203 -0.215992 7.79446
    endloop
  endfacet
  facet normal 0.0231369 0.471271 0.881685
    outer loop
      vertex 0 2.36487 7.14555
      vertex 0 1.96675 7.35835
      vertex 0.231797 2.35349 7.14555
    endloop
  endfacet
  facet normal 0.058463 0.0788265 0.995173
    outer loop
      vertex 0.374988 0.561209 7.75021
      vertex 0.125398 0.187672 7.79446
      vertex 0.143189 0.174477 7.79446
    endloop
  endfacet
  facet normal 0.0330663 -0.0924017 0.995173
    outer loop
      vertex 0.0863752 -0.208529 7.79446
      vertex 0.0655203 -0.215992 7.79446
      vertex 0.258296 -0.623582 7.75021
    endloop
  endfacet
  facet normal 0.0978952 -0.273619 0.956843
    outer loop
      vertex 0.593041 -1.43173 7.5311
      vertex 0.427728 -1.03263 7.66214
      vertex 0.449852 -1.48296 7.5311
    endloop
  endfacet
  facet normal -0.0330613 0.092404 0.995173
    outer loop
      vertex -0.19593 0.645896 7.75021
      vertex -0.258296 0.623582 7.75021
      vertex -0.0655203 0.215992 7.79446
    endloop
  endfacet
  facet normal -0.12204 0.82278 0.555103
    outer loop
      vertex -0.386731 3.92655 5.56487
      vertex -0.769738 3.86974 5.56487
      vertex -0.362149 3.67696 5.94022
    endloop
  endfacet
  facet normal -0.0408108 0.83078 0.555102
    outer loop
      vertex 0 3.69475 5.94022
      vertex -0.386731 3.92655 5.56487
      vertex -0.362149 3.67696 5.94022
    endloop
  endfacet
  facet normal 0.214359 0.855718 0.470954
    outer loop
      vertex 0.811254 4.07845 5.16675
      vertex 0.769738 3.86974 5.56487
      vertex 1.2071 3.97929 5.16675
    endloop
  endfacet
  facet normal 0.129444 0.872609 0.470954
    outer loop
      vertex 0.811254 4.07845 5.16675
      vertex 0.407589 4.13833 5.16675
      vertex 0.769738 3.86974 5.56487
    endloop
  endfacet
  facet normal 0.27145 0.573898 0.772629
    outer loop
      vertex 1.18217 2.85402 6.60837
      vertex 1.04864 2.53163 6.89475
      vertex 1.29173 2.41665 6.89475
    endloop
  endfacet
  facet normal 0.154254 0.615825 0.772635
    outer loop
      vertex 0.602667 3.02981 6.60837
      vertex 0.53459 2.68756 6.89475
      vertex 0.896739 2.95615 6.60837
    endloop
  endfacet
  facet normal 0.0379429 0.772451 0.63394
    outer loop
      vertex 0.362149 3.67696 5.94022
      vertex 0 3.40837 6.28917
      vertex 0.334079 3.39196 6.28917
    endloop
  endfacet
  facet normal 0.17191 0.686325 0.706686
    outer loop
      vertex 0.989399 3.26161 6.28917
      vertex 0.664941 3.34288 6.28917
      vertex 0.896739 2.95615 6.60837
    endloop
  endfacet
  facet normal 0.0311395 0.634081 0.77264
    outer loop
      vertex 0.302792 3.0743 6.60837
      vertex 0 3.08917 6.60837
      vertex 0.268588 2.72702 6.89475
    endloop
  endfacet
  facet normal 0.135106 0.539376 0.831156
    outer loop
      vertex 0.53459 2.68756 6.89475
      vertex 0.461363 2.31943 7.14555
      vertex 0.795443 2.62222 6.89475
    endloop
  endfacet
  facet normal -0.187913 0.750202 0.633945
    outer loop
      vertex -0.72081 3.62376 5.94022
      vertex -1.07253 3.53566 5.94022
      vertex -0.664941 3.34288 6.28917
    endloop
  endfacet
  facet normal -0.18791 0.750204 0.633943
    outer loop
      vertex -0.664941 3.34288 6.28917
      vertex -1.07253 3.53566 5.94022
      vertex -0.989399 3.26161 6.28917
    endloop
  endfacet
  facet normal 0.154255 0.615824 0.772636
    outer loop
      vertex 0.896739 2.95615 6.60837
      vertex 0.53459 2.68756 6.89475
      vertex 0.795443 2.62222 6.89475
    endloop
  endfacet
  facet normal 0.0692473 0.46673 0.881685
    outer loop
      vertex 0.461363 2.31943 7.14555
      vertex 0.231797 2.35349 7.14555
      vertex 0.383694 1.92896 7.35835
    endloop
  endfacet
  facet normal 0.24257 0.40471 0.881686
    outer loop
      vertex 1.11479 2.08563 7.14555
      vertex 1.09267 1.63529 7.35835
      vertex 1.31385 1.96632 7.14555
    endloop
  endfacet
  facet normal 0.349599 0.316866 0.881689
    outer loop
      vertex 1.67222 1.67222 7.14555
      vertex 1.3907 1.3907 7.35835
      vertex 1.52032 1.24769 7.35835
    endloop
  endfacet
  facet normal -0.466726 -0.0692319 0.881688
    outer loop
      vertex -1.95728 -0.192775 7.35835
      vertex -2.35349 -0.231797 7.14555
      vertex -1.92896 -0.383694 7.35835
    endloop
  endfacet
  facet normal -0.471271 0.0231369 0.881685
    outer loop
      vertex -2.35349 0.231797 7.14555
      vertex -2.36487 0 7.14555
      vertex -1.96675 0 7.35835
    endloop
  endfacet
  facet normal -0.639603 0.302496 0.706686
    outer loop
      vertex -2.72441 1.45622 6.60837
      vertex -3.00592 1.6067 6.28917
      vertex -2.85402 1.18217 6.60837
    endloop
  endfacet
  facet normal -0.792577 0.475055 0.382289
    outer loop
      vertex -3.60118 2.40623 4.74969
      vertex -3.81969 2.04167 4.74969
      vertex -3.66734 1.96023 5.16675
    endloop
  endfacet
  facet normal -0.706681 0.0347048 0.706681
    outer loop
      vertex -3.0743 0.302792 6.60837
      vertex -3.40837 0 6.28917
      vertex -3.08917 0 6.60837
    endloop
  endfacet
  facet normal -0.706681 -0.0347048 0.706681
    outer loop
      vertex -3.08917 0 6.60837
      vertex -3.40837 0 6.28917
      vertex -3.0743 -0.302792 6.60837
    endloop
  endfacet
  facet normal -0.615825 0.154254 0.772635
    outer loop
      vertex -2.95615 0.896739 6.60837
      vertex -3.02981 0.602667 6.60837
      vertex -2.68756 0.53459 6.89475
    endloop
  endfacet
  facet normal -0.686326 0.171913 0.706685
    outer loop
      vertex -2.95615 0.896739 6.60837
      vertex -3.34288 0.664941 6.28917
      vertex -3.02981 0.602667 6.60837
    endloop
  endfacet
  facet normal -0.750204 0.18791 0.633943
    outer loop
      vertex -3.26161 0.989399 6.28917
      vertex -3.53566 1.07253 5.94022
      vertex -3.34288 0.664941 6.28917
    endloop
  endfacet
  facet normal -0.699868 0.103834 0.706685
    outer loop
      vertex -3.02981 0.602667 6.60837
      vertex -3.34288 0.664941 6.28917
      vertex -3.0743 0.302792 6.60837
    endloop
  endfacet
  facet normal -0.382612 -0.0187911 0.923718
    outer loop
      vertex -1.54969 0 7.5311
      vertex -1.96675 0 7.35835
      vertex -1.54223 -0.151896 7.5311
    endloop
  endfacet
  facet normal -0.382614 0.0187958 0.923717
    outer loop
      vertex -1.95728 0.192775 7.35835
      vertex -1.96675 0 7.35835
      vertex -1.54223 0.151896 7.5311
    endloop
  endfacet
  facet normal -0.0841782 0.0504536 0.995173
    outer loop
      vertex -0.561209 0.374988 7.75021
      vertex -0.595262 0.318173 7.75021
      vertex -0.199059 0.1064 7.79446
    endloop
  endfacet
  facet normal -0.46673 -0.0692473 0.881685
    outer loop
      vertex -1.92896 -0.383694 7.35835
      vertex -2.35349 -0.231797 7.14555
      vertex -2.31943 -0.461363 7.14555
    endloop
  endfacet
  facet normal -0.262701 0.124253 0.956843
    outer loop
      vertex -0.985731 0.526884 7.66214
      vertex -1.43173 0.593041 7.5311
      vertex -1.03263 0.427728 7.66214
    endloop
  endfacet
  facet normal -0.573898 0.27145 0.772629
    outer loop
      vertex -2.41665 1.29173 6.89475
      vertex -2.85402 1.18217 6.60837
      vertex -2.53163 1.04864 6.89475
    endloop
  endfacet
  facet normal -0.290256 0.0142552 0.956843
    outer loop
      vertex -1.54223 0.151896 7.5311
      vertex -1.54969 0 7.5311
      vertex -1.11233 0.109554 7.66214
    endloop
  endfacet
  facet normal -0.290256 0.0142539 0.956843
    outer loop
      vertex -1.11233 0.109554 7.66214
      vertex -1.54969 0 7.5311
      vertex -1.11771 0 7.66214
    endloop
  endfacet
  facet normal -0.249253 0.149407 0.956844
    outer loop
      vertex -1.28852 0.860963 7.5311
      vertex -1.36671 0.73052 7.5311
      vertex -0.985731 0.526884 7.66214
    endloop
  endfacet
  facet normal -0.183904 0.0657976 0.98074
    outer loop
      vertex -1.03263 0.427728 7.66214
      vertex -1.06958 0.324453 7.66214
      vertex -0.623582 0.258296 7.75021
    endloop
  endfacet
  facet normal -0.176566 0.0835126 0.98074
    outer loop
      vertex -0.985731 0.526884 7.66214
      vertex -1.03263 0.427728 7.66214
      vertex -0.623582 0.258296 7.75021
    endloop
  endfacet
  facet normal -0.40471 0.24257 0.881686
    outer loop
      vertex -1.96632 1.31385 7.14555
      vertex -2.08563 1.11479 7.14555
      vertex -1.63529 1.09267 7.35835
    endloop
  endfacet
  facet normal -0.457695 0.114653 0.881686
    outer loop
      vertex -1.88206 0.570918 7.35835
      vertex -2.26304 0.686486 7.14555
      vertex -1.92896 0.383694 7.35835
    endloop
  endfacet
  facet normal -0.27145 0.573898 0.772629
    outer loop
      vertex -1.18217 2.85402 6.60837
      vertex -1.29173 2.41665 6.89475
      vertex -1.04864 2.53163 6.89475
    endloop
  endfacet
  facet normal -0.283844 0.257255 0.923717
    outer loop
      vertex -1.0958 1.0958 7.5311
      vertex -1.52032 1.24769 7.35835
      vertex -1.19793 0.983114 7.5311
    endloop
  endfacet
  facet normal -0.129046 0.360686 0.923717
    outer loop
      vertex -0.449852 1.48296 7.5311
      vertex -0.752644 1.81704 7.35835
      vertex -0.593041 1.43173 7.5311
    endloop
  endfacet
  facet normal -0.446615 0.331229 0.831157
    outer loop
      vertex -1.82807 1.50026 7.14555
      vertex -2.11822 1.73837 6.89475
      vertex -1.96632 1.31385 7.14555
    endloop
  endfacet
  facet normal 0.373405 0.412003 0.831157
    outer loop
      vertex 1.73837 2.11822 6.89475
      vertex 1.50026 1.82807 7.14555
      vertex 1.67222 1.67222 7.14555
    endloop
  endfacet
  facet normal 0.446611 0.331231 0.831158
    outer loop
      vertex 2.11822 1.73837 6.89475
      vertex 1.96632 1.31385 7.14555
      vertex 2.27841 1.52238 6.89475
    endloop
  endfacet
  facet normal 0.42147 0.568293 0.706686
    outer loop
      vertex 1.89359 2.83396 6.28917
      vertex 1.71625 2.56855 6.60837
      vertex 1.95975 2.38796 6.60837
    endloop
  endfacet
  facet normal 0.378182 0.509917 0.772634
    outer loop
      vertex 1.95975 2.38796 6.60837
      vertex 1.52238 2.27841 6.89475
      vertex 1.73837 2.11822 6.89475
    endloop
  endfacet
  facet normal 0.539376 0.135106 0.831156
    outer loop
      vertex 2.62222 0.795443 6.89475
      vertex 2.26304 0.686486 7.14555
      vertex 2.31943 0.461363 7.14555
    endloop
  endfacet
  facet normal 0.539376 0.135106 0.831156
    outer loop
      vertex 2.62222 0.795443 6.89475
      vertex 2.31943 0.461363 7.14555
      vertex 2.68756 0.53459 6.89475
    endloop
  endfacet
  facet normal 0.615825 0.154254 0.772635
    outer loop
      vertex 2.95615 0.896739 6.60837
      vertex 2.68756 0.53459 6.89475
      vertex 3.02981 0.602667 6.60837
    endloop
  endfacet
  facet normal 0.627976 0.0931677 0.772636
    outer loop
      vertex 3.02981 0.602667 6.60837
      vertex 2.68756 0.53459 6.89475
      vertex 3.0743 0.302792 6.60837
    endloop
  endfacet
  facet normal 0.666168 0.238361 0.706686
    outer loop
      vertex 3.26161 0.989399 6.28917
      vertex 2.85402 1.18217 6.60837
      vertex 2.95615 0.896739 6.60837
    endloop
  endfacet
  facet normal 0.666166 0.238349 0.706691
    outer loop
      vertex 3.14893 1.30433 6.28917
      vertex 2.85402 1.18217 6.60837
      vertex 3.26161 0.989399 6.28917
    endloop
  endfacet
  facet normal 0.66334 0.397602 0.63395
    outer loop
      vertex 3.07208 2.0527 5.94022
      vertex 2.83396 1.89359 6.28917
      vertex 3.00592 1.6067 6.28917
    endloop
  endfacet
  facet normal 0.621178 0.460716 0.633939
    outer loop
      vertex 2.85608 2.34393 5.94022
      vertex 2.63471 2.16225 6.28917
      vertex 3.07208 2.0527 5.94022
    endloop
  endfacet
  facet normal 0.427625 0.713445 0.555097
    outer loop
      vertex 2.19203 3.28061 5.56487
      vertex 1.85992 3.47967 5.56487
      vertex 2.0527 3.07208 5.94022
    endloop
  endfacet
  facet normal 0.427596 0.713448 0.555115
    outer loop
      vertex 1.85992 3.47967 5.56487
      vertex 1.74169 3.25848 5.94022
      vertex 2.0527 3.07208 5.94022
    endloop
  endfacet
  facet normal 0.397582 0.66337 0.633931
    outer loop
      vertex 1.74169 3.25848 5.94022
      vertex 1.6067 3.00592 6.28917
      vertex 2.0527 3.07208 5.94022
    endloop
  endfacet
  facet normal 0.355641 0.751909 0.555114
    outer loop
      vertex 1.85992 3.47967 5.56487
      vertex 1.41392 3.41351 5.94022
      vertex 1.74169 3.25848 5.94022
    endloop
  endfacet
  facet normal 0.2972 0.830589 0.47095
    outer loop
      vertex 1.59133 3.84181 5.16675
      vertex 1.14533 3.77566 5.56487
      vertex 1.5099 3.64521 5.56487
    endloop
  endfacet
  facet normal 0.28023 0.783161 0.555095
    outer loop
      vertex 1.5099 3.64521 5.56487
      vertex 1.14533 3.77566 5.56487
      vertex 1.41392 3.41351 5.94022
    endloop
  endfacet
  facet normal 0.504248 0.841287 0.19486
    outer loop
      vertex 2.14495 4.01293 3.87496
      vertex 2.10344 3.93526 4.31771
      vertex 2.47903 3.71014 4.31771
    endloop
  endfacet
  facet normal 0.570105 0.768704 0.289955
    outer loop
      vertex 2.83075 3.44928 4.31771
      vertex 2.40623 3.60118 4.74969
      vertex 2.74762 3.34799 4.74969
    endloop
  endfacet
  facet normal 0.642702 0.709121 0.289967
    outer loop
      vertex 3.15521 3.15521 4.31771
      vertex 2.83075 3.44928 4.31771
      vertex 3.06255 3.06255 4.74969
    endloop
  endfacet
  facet normal 0.78781 0.584279 0.194868
    outer loop
      vertex 3.51736 2.88662 3.87496
      vertex 3.44928 2.83075 4.31771
      vertex 3.78336 2.52796 3.87496
    endloop
  endfacet
  facet normal 0.865151 0.409192 0.289958
    outer loop
      vertex 4.12248 1.70759 4.31771
      vertex 3.81969 2.04167 4.74969
      vertex 4.00142 1.65744 4.74969
    endloop
  endfacet
  facet normal 0.835317 0.395081 0.382304
    outer loop
      vertex 4.00142 1.65744 4.74969
      vertex 3.81969 2.04167 4.74969
      vertex 3.84181 1.59133 5.16675
    endloop
  endfacet
  facet normal 0.820876 0.492017 0.289968
    outer loop
      vertex 3.93526 2.10344 4.31771
      vertex 3.60118 2.40623 4.74969
      vertex 3.81969 2.04167 4.74969
    endloop
  endfacet
  facet normal 0.820877 0.492015 0.28997
    outer loop
      vertex 3.71014 2.47903 4.31771
      vertex 3.60118 2.40623 4.74969
      vertex 3.93526 2.10344 4.31771
    endloop
  endfacet
  facet normal 0.756654 0.453521 0.47095
    outer loop
      vertex 3.45754 2.31026 5.16675
      vertex 3.28061 2.19203 5.56487
      vertex 3.66734 1.96023 5.16675
    endloop
  endfacet
  facet normal 0.797469 0.37716 0.470949
    outer loop
      vertex 3.66734 1.96023 5.16675
      vertex 3.47967 1.85992 5.56487
      vertex 3.84181 1.59133 5.16675
    endloop
  endfacet
  facet normal 0.616323 0.558579 0.5551
    outer loop
      vertex 2.78993 2.78993 5.56487
      vertex 2.61259 2.61259 5.94022
      vertex 3.04995 2.50303 5.56487
    endloop
  endfacet
  facet normal 0.616322 0.55858 0.555099
    outer loop
      vertex 3.04995 2.50303 5.56487
      vertex 2.61259 2.61259 5.94022
      vertex 2.85608 2.34393 5.94022
    endloop
  endfacet
  facet normal 0.965368 0.241824 0.0979063
    outer loop
      vertex 4.50618 0.896334 3.42571
      vertex 4.39662 1.3337 3.42571
      vertex 4.46278 0.887702 3.87496
    endloop
  endfacet
  facet normal 0.984423 0.146031 0.0979065
    outer loop
      vertex 4.50618 0.896334 3.42571
      vertex 4.46278 0.887702 3.87496
      vertex 4.57234 0.450336 3.42571
    endloop
  endfacet
  facet normal 0.330428 0.923498 0.194855
    outer loop
      vertex 1.32086 4.35428 3.87496
      vertex 1.29529 4.27001 4.31771
      vertex 1.74129 4.20385 3.87496
    endloop
  endfacet
  facet normal 0.241812 0.965372 0.0978937
    outer loop
      vertex 1.3337 4.39662 3.42571
      vertex 0.887702 4.46278 3.87496
      vertex 1.32086 4.35428 3.87496
    endloop
  endfacet
  facet normal -0.955884 0.0469475 0.289967
    outer loop
      vertex -4.31025 0.424521 4.74969
      vertex -4.44066 0.437366 4.31771
      vertex -4.3311 0 4.74969
    endloop
  endfacet
  facet normal -0.92293 0.045329 0.382289
    outer loop
      vertex -4.31025 0.424521 4.74969
      vertex -4.3311 0 4.74969
      vertex -4.13833 0.407589 5.16675
    endloop
  endfacet
  facet normal -0.783161 0.28023 0.555095
    outer loop
      vertex -3.64521 1.5099 5.56487
      vertex -3.77566 1.14533 5.56487
      vertex -3.41351 1.41392 5.94022
    endloop
  endfacet
  facet normal -0.573897 0.271421 0.77264
    outer loop
      vertex -2.72441 1.45622 6.60837
      vertex -2.85402 1.18217 6.60837
      vertex -2.41665 1.29173 6.89475
    endloop
  endfacet
  facet normal -0.397602 0.66334 0.63395
    outer loop
      vertex -1.6067 3.00592 6.28917
      vertex -2.0527 3.07208 5.94022
      vertex -1.89359 2.83396 6.28917
    endloop
  endfacet
  facet normal -0.495508 0.668087 0.555096
    outer loop
      vertex -2.19203 3.28061 5.56487
      vertex -2.34393 2.85608 5.94022
      vertex -2.0527 3.07208 5.94022
    endloop
  endfacet
  facet normal -0.642714 0.709115 0.289956
    outer loop
      vertex -2.83075 3.44928 4.31771
      vertex -3.06255 3.06255 4.74969
      vertex -2.74762 3.34799 4.74969
    endloop
  endfacet
  facet normal -0.620554 0.684667 0.382288
    outer loop
      vertex -2.74762 3.34799 4.74969
      vertex -3.06255 3.06255 4.74969
      vertex -2.63803 3.21445 5.16675
    endloop
  endfacet
  facet normal -0.524235 0.47516 0.706683
    outer loop
      vertex -2.41008 2.41008 6.28917
      vertex -2.63471 2.16225 6.28917
      vertex -2.18437 2.18437 6.60837
    endloop
  endfacet
  facet normal -0.460695 0.621182 0.63395
    outer loop
      vertex -2.0527 3.07208 5.94022
      vertex -2.16225 2.63471 6.28917
      vertex -1.89359 2.83396 6.28917
    endloop
  endfacet
  facet normal -0.989176 -0.146736 0
    outer loop
      vertex -4.50618 -0.896334 3.2
      vertex -4.57234 -0.450336 3.42571
      vertex -4.57234 -0.450336 3.2
    endloop
  endfacet
  facet normal -0.989176 -0.146736 0
    outer loop
      vertex -4.57234 -0.450336 3.42571
      vertex -4.50618 -0.896334 3.2
      vertex -4.50618 -0.896334 3.42571
    endloop
  endfacet
  facet normal -0.492017 0.820876 0.289968
    outer loop
      vertex -2.10344 3.93526 4.31771
      vertex -2.40623 3.60118 4.74969
      vertex -2.04167 3.81969 4.74969
    endloop
  endfacet
  facet normal -0.238322 0.951438 0.194854
    outer loop
      vertex -0.887702 4.46278 3.87496
      vertex -1.32086 4.35428 3.87496
      vertex -1.29529 4.27001 4.31771
    endloop
  endfacet
  facet normal -0.140437 0.946678 0.289961
    outer loop
      vertex -0.424521 4.31025 4.74969
      vertex -0.870521 4.3764 4.31771
      vertex -0.844955 4.24788 4.74969
    endloop
  endfacet
  facet normal -0.241812 0.965372 0.0978937
    outer loop
      vertex -0.887702 4.46278 3.87496
      vertex -1.3337 4.39662 3.42571
      vertex -1.32086 4.35428 3.87496
    endloop
  endfacet
  facet normal -0.511638 0.853606 0.0978975
    outer loop
      vertex -2.16581 4.05195 3.42571
      vertex -2.55254 3.82015 3.42571
      vertex -2.14495 4.01293 3.87496
    endloop
  endfacet
  facet normal -0.511638 0.853606 0.097897
    outer loop
      vertex -2.14495 4.01293 3.87496
      vertex -2.55254 3.82015 3.42571
      vertex -2.52796 3.78336 3.87496
    endloop
  endfacet
  facet normal -0.33526 0.937025 0.0978999
    outer loop
      vertex -1.3337 4.39662 3.42571
      vertex -1.75822 4.24473 3.42571
      vertex -1.74129 4.20385 3.87496
    endloop
  endfacet
  facet normal -0.799348 0.59284 0.0978965
    outer loop
      vertex -3.55156 2.91469 3.42571
      vertex -3.82015 2.55254 3.42571
      vertex -3.78336 2.52796 3.87496
    endloop
  endfacet
  facet normal -0.79935 0.592838 0.0978936
    outer loop
      vertex -3.55156 2.91469 3.42571
      vertex -3.78336 2.52796 3.87496
      vertex -3.51736 2.88662 3.87496
    endloop
  endfacet
  facet normal -0.595701 0.803206 0
    outer loop
      vertex -2.55254 3.82015 3.2
      vertex -2.91469 3.55156 3.42571
      vertex -2.55254 3.82015 3.42571
    endloop
  endfacet
  facet normal -0.595701 0.803206 0
    outer loop
      vertex -2.91469 3.55156 3.42571
      vertex -2.55254 3.82015 3.2
      vertex -2.91469 3.55156 3.2
    endloop
  endfacet
  facet normal -0.820877 0.492015 0.28997
    outer loop
      vertex -3.71014 2.47903 4.31771
      vertex -3.93526 2.10344 4.31771
      vertex -3.60118 2.40623 4.74969
    endloop
  endfacet
  facet normal -0.820876 0.492017 0.289968
    outer loop
      vertex -3.60118 2.40623 4.74969
      vertex -3.93526 2.10344 4.31771
      vertex -3.81969 2.04167 4.74969
    endloop
  endfacet
  facet normal 0.0330663 0.0924017 0.995173
    outer loop
      vertex 0.258296 0.623582 7.75021
      vertex 0.0655203 0.215992 7.79446
      vertex 0.0863752 0.208529 7.79446
    endloop
  endfacet
  facet normal -0.173108 -0.233417 0.956844
    outer loop
      vertex -0.709066 -0.864 7.66214
      vertex -0.983114 -1.19793 7.5311
      vertex -0.860963 -1.28852 7.5311
    endloop
  endfacet
  facet normal -0.116352 -0.156884 0.980739
    outer loop
      vertex -0.374988 -0.561209 7.75021
      vertex -0.709066 -0.864 7.66214
      vertex -0.620965 -0.92934 7.66214
    endloop
  endfacet
  facet normal -0.281892 -0.0706249 0.956843
    outer loop
      vertex -1.06958 -0.324453 7.66214
      vertex -1.51992 -0.30233 7.5311
      vertex -1.48296 -0.449852 7.5311
    endloop
  endfacet
  facet normal -0.371594 -0.0930988 0.923715
    outer loop
      vertex -1.51992 -0.30233 7.5311
      vertex -1.92896 -0.383694 7.35835
      vertex -1.48296 -0.449852 7.5311
    endloop
  endfacet
  facet normal -0.249258 -0.149402 0.956843
    outer loop
      vertex -0.985731 -0.526884 7.66214
      vertex -1.28852 -0.860963 7.5311
      vertex -0.92934 -0.620965 7.66214
    endloop
  endfacet
  facet normal -0.249253 -0.149407 0.956844
    outer loop
      vertex -0.985731 -0.526884 7.66214
      vertex -1.36671 -0.73052 7.5311
      vertex -1.28852 -0.860963 7.5311
    endloop
  endfacet
  facet normal 0.058463 -0.0788265 0.995173
    outer loop
      vertex 0.143189 -0.174477 7.79446
      vertex 0.125398 -0.187672 7.79446
      vertex 0.374988 -0.561209 7.75021
    endloop
  endfacet
  facet normal -0.189468 -0.0474564 0.980739
    outer loop
      vertex -0.645896 -0.19593 7.75021
      vertex -1.09623 -0.218054 7.66214
      vertex -1.06958 -0.324453 7.66214
    endloop
  endfacet
  facet normal 0.100413 0.167533 0.980739
    outer loop
      vertex 0.526884 0.985731 7.66214
      vertex 0.318173 0.595262 7.75021
      vertex 0.374988 0.561209 7.75021
    endloop
  endfacet
  facet normal -0.0980221 -0.00481619 0.995173
    outer loop
      vertex -0.225711 0 7.79446
      vertex -0.67171 -0.0661573 7.75021
      vertex -0.224624 -0.0221233 7.79446
    endloop
  endfacet
  facet normal -0.316866 -0.349599 0.881689
    outer loop
      vertex -1.3907 -1.3907 7.35835
      vertex -1.67222 -1.67222 7.14555
      vertex -1.24769 -1.52032 7.35835
    endloop
  endfacet
  facet normal -0.444256 -0.158951 0.881687
    outer loop
      vertex -1.88206 -0.570918 7.35835
      vertex -2.18486 -0.904997 7.14555
      vertex -1.81704 -0.752644 7.35835
    endloop
  endfacet
  facet normal -0.502648 -0.237749 0.831156
    outer loop
      vertex -2.08563 -1.11479 7.14555
      vertex -2.53163 -1.04864 6.89475
      vertex -2.41665 -1.29173 6.89475
    endloop
  endfacet
  facet normal -0.28384 -0.257264 0.923715
    outer loop
      vertex -1.0958 -1.0958 7.5311
      vertex -1.52032 -1.24769 7.35835
      vertex -1.3907 -1.3907 7.35835
    endloop
  endfacet
  facet normal -0.42653 -0.201745 0.881686
    outer loop
      vertex -1.81704 -0.752644 7.35835
      vertex -2.18486 -0.904997 7.14555
      vertex -2.08563 -1.11479 7.14555
    endloop
  endfacet
  facet normal -0.42654 -0.201736 0.881684
    outer loop
      vertex -1.81704 -0.752644 7.35835
      vertex -2.08563 -1.11479 7.14555
      vertex -1.73452 -0.92712 7.35835
    endloop
  endfacet
  facet normal -0.149407 -0.249253 0.956844
    outer loop
      vertex -0.526884 -0.985731 7.66214
      vertex -0.860963 -1.28852 7.5311
      vertex -0.73052 -1.36671 7.5311
    endloop
  endfacet
  facet normal -0.00958026 -0.195085 0.98074
    outer loop
      vertex 0 -0.67496 7.75021
      vertex -0.109554 -1.11233 7.66214
      vertex 0 -1.11771 7.66214
    endloop
  endfacet
  facet normal -0.281072 -0.378984 0.881686
    outer loop
      vertex -1.24769 -1.52032 7.35835
      vertex -1.31385 -1.96632 7.14555
      vertex -1.09267 -1.63529 7.35835
    endloop
  endfacet
  facet normal -0.083511 -0.176567 0.980739
    outer loop
      vertex -0.318173 -0.595262 7.75021
      vertex -0.526884 -0.985731 7.66214
      vertex -0.258296 -0.623582 7.75021
    endloop
  endfacet
  facet normal -0.378984 -0.281072 0.881686
    outer loop
      vertex -1.52032 -1.24769 7.35835
      vertex -1.96632 -1.31385 7.14555
      vertex -1.82807 -1.50026 7.14555
    endloop
  endfacet
  facet normal -0.233417 -0.173108 0.956844
    outer loop
      vertex -0.864 -0.709066 7.66214
      vertex -1.28852 -0.860963 7.5311
      vertex -1.19793 -0.983114 7.5311
    endloop
  endfacet
  facet normal -0.196945 -0.328573 0.923716
    outer loop
      vertex -0.73052 -1.36671 7.5311
      vertex -1.09267 -1.63529 7.35835
      vertex -0.92712 -1.73452 7.35835
    endloop
  endfacet
  facet normal -0.228193 -0.307694 0.923716
    outer loop
      vertex -0.983114 -1.19793 7.5311
      vertex -1.24769 -1.52032 7.35835
      vertex -0.860963 -1.28852 7.5311
    endloop
  endfacet
  facet normal 0.092404 -0.0330613 0.995173
    outer loop
      vertex 0.645896 -0.19593 7.75021
      vertex 0.215992 -0.0655203 7.79446
      vertex 0.623582 -0.258296 7.75021
    endloop
  endfacet
  facet normal -0.0659095 -0.0727149 0.995173
    outer loop
      vertex -0.159601 -0.159601 7.79446
      vertex -0.477268 -0.477268 7.75021
      vertex -0.143189 -0.174477 7.79446
    endloop
  endfacet
  facet normal -0.0951995 -0.0238461 0.995173
    outer loop
      vertex -0.221374 -0.044034 7.79446
      vertex -0.66199 -0.131678 7.75021
      vertex -0.215992 -0.0655203 7.79446
    endloop
  endfacet
  facet normal 0.0504543 -0.0841777 0.995173
    outer loop
      vertex 0.125398 -0.187672 7.79446
      vertex 0.1064 -0.199059 7.79446
      vertex 0.374988 -0.561209 7.75021
    endloop
  endfacet
  facet normal 0.0238458 -0.0951995 0.995173
    outer loop
      vertex 0.19593 -0.645896 7.75021
      vertex 0.0655203 -0.215992 7.79446
      vertex 0.131678 -0.66199 7.75021
    endloop
  endfacet
  facet normal 0.0657991 -0.183904 0.980739
    outer loop
      vertex 0.258296 -0.623582 7.75021
      vertex 0.19593 -0.645896 7.75021
      vertex 0.324453 -1.06958 7.66214
    endloop
  endfacet
  facet normal 0.00481538 -0.0980222 0.995173
    outer loop
      vertex 0 -0.225711 7.79446
      vertex 0 -0.67496 7.75021
      vertex 0.0661573 -0.67171 7.75021
    endloop
  endfacet
  facet normal 0.00958356 -0.195084 0.98074
    outer loop
      vertex 0.0661573 -0.67171 7.75021
      vertex 0 -0.67496 7.75021
      vertex 0.109554 -1.11233 7.66214
    endloop
  endfacet
  facet normal 0.0970782 -0.0143996 0.995173
    outer loop
      vertex 0.224624 -0.0221233 7.79446
      vertex 0.221374 -0.044034 7.79446
      vertex 0.67171 -0.0661573 7.75021
    endloop
  endfacet
  facet normal 0.262703 -0.124244 0.956844
    outer loop
      vertex 1.43173 -0.593041 7.5311
      vertex 0.985731 -0.526884 7.66214
      vertex 1.36671 -0.73052 7.5311
    endloop
  endfacet
  facet normal 0.0419608 -0.0887177 0.995173
    outer loop
      vertex 0.318173 -0.595262 7.75021
      vertex 0.1064 -0.199059 7.79446
      vertex 0.258296 -0.623582 7.75021
    endloop
  endfacet
  facet normal 0.195155 0.215322 0.956844
    outer loop
      vertex 1.0958 1.0958 7.5311
      vertex 0.709066 0.864 7.66214
      vertex 0.790339 0.790339 7.66214
    endloop
  endfacet
  facet normal 0.281891 -0.070606 0.956845
    outer loop
      vertex 1.09623 -0.218054 7.66214
      vertex 1.06958 -0.324453 7.66214
      vertex 1.51992 -0.30233 7.5311
    endloop
  endfacet
  facet normal 0.287451 -0.0426541 0.956845
    outer loop
      vertex 1.11233 -0.109554 7.66214
      vertex 1.09623 -0.218054 7.66214
      vertex 1.51992 -0.30233 7.5311
    endloop
  endfacet
  facet normal 0.273619 -0.0978952 0.956843
    outer loop
      vertex 1.48296 -0.449852 7.5311
      vertex 1.03263 -0.427728 7.66214
      vertex 1.43173 -0.593041 7.5311
    endloop
  endfacet
  facet normal 0.176566 -0.0835126 0.98074
    outer loop
      vertex 1.03263 -0.427728 7.66214
      vertex 0.623582 -0.258296 7.75021
      vertex 0.985731 -0.526884 7.66214
    endloop
  endfacet
  facet normal -0.514108 -0.857726 0
    outer loop
      vertex -2.55254 -3.82015 3.2
      vertex -2.16581 -4.05195 3.42571
      vertex -2.55254 -3.82015 3.42571
    endloop
  endfacet
  facet normal -0.514108 -0.857726 -0
    outer loop
      vertex -2.16581 -4.05195 3.42571
      vertex -2.55254 -3.82015 3.2
      vertex -2.16581 -4.05195 3.2
    endloop
  endfacet
  facet normal -0.511638 -0.853606 0.0978975
    outer loop
      vertex -2.14495 -4.01293 3.87496
      vertex -2.55254 -3.82015 3.42571
      vertex -2.16581 -4.05195 3.42571
    endloop
  endfacet
  facet normal -0.419354 -0.886663 0.194861
    outer loop
      vertex -2.10344 -3.93526 4.31771
      vertex -2.14495 -4.01293 3.87496
      vertex -1.70759 -4.12248 4.31771
    endloop
  endfacet
  facet normal -0.377159 -0.797469 0.47095
    outer loop
      vertex -1.5099 -3.64521 5.56487
      vertex -1.85992 -3.47967 5.56487
      vertex -1.59133 -3.84181 5.16675
    endloop
  endfacet
  facet normal -0.143916 -0.970213 0.194872
    outer loop
      vertex -0.870521 -4.3764 4.31771
      vertex -0.887702 -4.46278 3.87496
      vertex -0.445998 -4.5283 3.87496
    endloop
  endfacet
  facet normal -0.330444 -0.923488 0.194873
    outer loop
      vertex -1.70759 -4.12248 4.31771
      vertex -1.74129 -4.20385 3.87496
      vertex -1.29529 -4.27001 4.31771
    endloop
  endfacet
  facet normal -0.0469456 -0.955885 0.289965
    outer loop
      vertex 0 -4.3311 4.74969
      vertex -0.437366 -4.44066 4.31771
      vertex 0 -4.46214 4.31771
    endloop
  endfacet
  facet normal -0.045329 -0.92293 0.382289
    outer loop
      vertex -0.407589 -4.13833 5.16675
      vertex -0.424521 -4.31025 4.74969
      vertex 0 -4.3311 4.74969
    endloop
  endfacet
  facet normal -0.232532 -0.928359 0.289962
    outer loop
      vertex -0.844955 -4.24788 4.74969
      vertex -1.25725 -4.14461 4.74969
      vertex -0.870521 -4.3764 4.31771
    endloop
  endfacet
  facet normal -0.140443 -0.946676 0.289967
    outer loop
      vertex -0.424521 -4.31025 4.74969
      vertex -0.870521 -4.3764 4.31771
      vertex -0.437366 -4.44066 4.31771
    endloop
  endfacet
  facet normal 0.0488308 -0.993996 0.097913
    outer loop
      vertex 0.445998 -4.5283 3.87496
      vertex 0 -4.55021 3.87496
      vertex 0.450336 -4.57234 3.42571
    endloop
  endfacet
  facet normal 0.045329 -0.92293 0.382289
    outer loop
      vertex 0.407589 -4.13833 5.16675
      vertex 0 -4.3311 4.74969
      vertex 0.424521 -4.31025 4.74969
    endloop
  endfacet
  facet normal -0.550451 -0.7422 0.382286
    outer loop
      vertex -2.31026 -3.45754 5.16675
      vertex -2.63803 -3.21445 5.16675
      vertex -2.40623 -3.60118 4.74969
    endloop
  endfacet
  facet normal -0.475053 -0.792578 0.382288
    outer loop
      vertex -2.31026 -3.45754 5.16675
      vertex -2.40623 -3.60118 4.74969
      vertex -1.96023 -3.66734 5.16675
    endloop
  endfacet
  facet normal -0.355622 -0.751932 0.555096
    outer loop
      vertex -1.41392 -3.41351 5.94022
      vertex -1.85992 -3.47967 5.56487
      vertex -1.5099 -3.64521 5.56487
    endloop
  endfacet
  facet normal -0.397582 -0.66337 0.633931
    outer loop
      vertex -1.6067 -3.00592 6.28917
      vertex -2.0527 -3.07208 5.94022
      vertex -1.74169 -3.25848 5.94022
    endloop
  endfacet
  facet normal 0.427596 -0.713448 0.555115
    outer loop
      vertex 2.0527 -3.07208 5.94022
      vertex 1.74169 -3.25848 5.94022
      vertex 1.85992 -3.47967 5.56487
    endloop
  endfacet
  facet normal 0.397582 -0.66337 0.633931
    outer loop
      vertex 2.0527 -3.07208 5.94022
      vertex 1.6067 -3.00592 6.28917
      vertex 1.74169 -3.25848 5.94022
    endloop
  endfacet
  facet normal 0.328568 -0.19695 0.923717
    outer loop
      vertex 1.36671 -0.73052 7.5311
      vertex 1.28852 -0.860963 7.5311
      vertex 1.63529 -1.09267 7.35835
    endloop
  endfacet
  facet normal 0.176567 -0.083511 0.980739
    outer loop
      vertex 0.623582 -0.258296 7.75021
      vertex 0.595262 -0.318173 7.75021
      vertex 0.985731 -0.526884 7.66214
    endloop
  endfacet
  facet normal 0.195154 -0.215325 0.956844
    outer loop
      vertex 1.0958 -1.0958 7.5311
      vertex 0.709066 -0.864 7.66214
      vertex 0.983114 -1.19793 7.5311
    endloop
  endfacet
  facet normal 0.116352 -0.156884 0.980739
    outer loop
      vertex 0.709066 -0.864 7.66214
      vertex 0.374988 -0.561209 7.75021
      vertex 0.620965 -0.92934 7.66214
    endloop
  endfacet
  facet normal 0.281072 -0.378984 0.881686
    outer loop
      vertex 1.24769 -1.52032 7.35835
      vertex 1.09267 -1.63529 7.35835
      vertex 1.31385 -1.96632 7.14555
    endloop
  endfacet
  facet normal 0.228197 -0.307689 0.923717
    outer loop
      vertex 1.24769 -1.52032 7.35835
      vertex 0.860963 -1.28852 7.5311
      vertex 1.09267 -1.63529 7.35835
    endloop
  endfacet
  facet normal 0.0924017 0.0330663 0.995173
    outer loop
      vertex 0.623582 0.258296 7.75021
      vertex 0.208529 0.0863752 7.79446
      vertex 0.215992 0.0655203 7.79446
    endloop
  endfacet
  facet normal 0.0426317 -0.287461 0.956843
    outer loop
      vertex 0.30233 -1.51992 7.5311
      vertex 0.109554 -1.11233 7.66214
      vertex 0.151896 -1.54223 7.5311
    endloop
  endfacet
  facet normal 0.0561976 -0.378935 0.923716
    outer loop
      vertex 0.30233 -1.51992 7.5311
      vertex 0.151896 -1.54223 7.5311
      vertex 0.383694 -1.92896 7.35835
    endloop
  endfacet
  facet normal 0.0474564 -0.189468 0.980739
    outer loop
      vertex 0.324453 -1.06958 7.66214
      vertex 0.19593 -0.645896 7.75021
      vertex 0.218054 -1.09623 7.66214
    endloop
  endfacet
  facet normal 0.070606 -0.281891 0.956845
    outer loop
      vertex 0.324453 -1.06958 7.66214
      vertex 0.218054 -1.09623 7.66214
      vertex 0.30233 -1.51992 7.5311
    endloop
  endfacet
  facet normal 0.195155 -0.215322 0.956844
    outer loop
      vertex 0.790339 -0.790339 7.66214
      vertex 0.709066 -0.864 7.66214
      vertex 1.0958 -1.0958 7.5311
    endloop
  endfacet
  facet normal 0.116357 -0.156879 0.98074
    outer loop
      vertex 0.428189 -0.52175 7.75021
      vertex 0.374988 -0.561209 7.75021
      vertex 0.709066 -0.864 7.66214
    endloop
  endfacet
  facet normal 0.0657976 -0.183904 0.98074
    outer loop
      vertex 0.427728 -1.03263 7.66214
      vertex 0.258296 -0.623582 7.75021
      vertex 0.324453 -1.06958 7.66214
    endloop
  endfacet
  facet normal 0.0978962 -0.273619 0.956843
    outer loop
      vertex 0.427728 -1.03263 7.66214
      vertex 0.324453 -1.06958 7.66214
      vertex 0.449852 -1.48296 7.5311
    endloop
  endfacet
  facet normal -0.0272944 -0.555374 0.831153
    outer loop
      vertex -0.231797 -2.35349 7.14555
      vertex -0.268588 -2.72702 6.89475
      vertex 0 -2.74022 6.89475
    endloop
  endfacet
  facet normal -0.031163 -0.634091 0.772631
    outer loop
      vertex 0 -2.74022 6.89475
      vertex -0.268588 -2.72702 6.89475
      vertex 0 -3.08917 6.60837
    endloop
  endfacet
  facet normal -0.0692473 -0.46673 0.881685
    outer loop
      vertex -0.383694 -1.92896 7.35835
      vertex -0.461363 -2.31943 7.14555
      vertex -0.231797 -2.35349 7.14555
    endloop
  endfacet
  facet normal -0.0426317 -0.287461 0.956843
    outer loop
      vertex -0.109554 -1.11233 7.66214
      vertex -0.30233 -1.51992 7.5311
      vertex -0.151896 -1.54223 7.5311
    endloop
  endfacet
  facet normal -0.0815934 -0.550026 0.831152
    outer loop
      vertex -0.231797 -2.35349 7.14555
      vertex -0.53459 -2.68756 6.89475
      vertex -0.268588 -2.72702 6.89475
    endloop
  endfacet
  facet normal -0.0816045 -0.550018 0.831156
    outer loop
      vertex -0.461363 -2.31943 7.14555
      vertex -0.53459 -2.68756 6.89475
      vertex -0.231797 -2.35349 7.14555
    endloop
  endfacet
  facet normal -0.519374 -0.573016 0.633959
    outer loop
      vertex -2.41008 -2.41008 6.28917
      vertex -2.61259 -2.61259 5.94022
      vertex -2.16225 -2.63471 6.28917
    endloop
  endfacet
  facet normal -0.27145 -0.573898 0.772629
    outer loop
      vertex -1.04864 -2.53163 6.89475
      vertex -1.29173 -2.41665 6.89475
      vertex -1.18217 -2.85402 6.60837
    endloop
  endfacet
  facet normal -0.158949 -0.444258 0.881686
    outer loop
      vertex -0.570918 -1.88206 7.35835
      vertex -0.904997 -2.18486 7.14555
      vertex -0.686486 -2.26304 7.14555
    endloop
  endfacet
  facet normal -0.509922 -0.37818 0.772632
    outer loop
      vertex -2.27841 -1.52238 6.89475
      vertex -2.56855 -1.71625 6.60837
      vertex -2.38796 -1.95975 6.60837
    endloop
  endfacet
  facet normal -0.979651 -0.0481261 0.194855
    outer loop
      vertex -4.44066 -0.437366 4.31771
      vertex -4.55021 0 3.87496
      vertex -4.5283 -0.445998 3.87496
    endloop
  endfacet
  facet normal -0.993996 -0.0488308 0.097913
    outer loop
      vertex -4.55021 0 3.87496
      vertex -4.57234 -0.450336 3.42571
      vertex -4.5283 -0.445998 3.87496
    endloop
  endfacet
  facet normal -0.855718 -0.214359 0.470954
    outer loop
      vertex -3.86974 -0.769738 5.56487
      vertex -4.07845 -0.811254 5.16675
      vertex -3.97929 -1.2071 5.16675
    endloop
  endfacet
  facet normal -0.872609 -0.129444 0.470954
    outer loop
      vertex -3.86974 -0.769738 5.56487
      vertex -4.13833 -0.407589 5.16675
      vertex -4.07845 -0.811254 5.16675
    endloop
  endfacet
  facet normal -0.70855 -0.525512 0.470951
    outer loop
      vertex -3.28061 -2.19203 5.56487
      vertex -3.45754 -2.31026 5.16675
      vertex -3.04995 -2.50303 5.56487
    endloop
  endfacet
  facet normal -0.708553 -0.525497 0.470961
    outer loop
      vertex -3.04995 -2.50303 5.56487
      vertex -3.45754 -2.31026 5.16675
      vertex -3.21445 -2.63803 5.16675
    endloop
  endfacet
  facet normal -0.568293 -0.42147 0.706686
    outer loop
      vertex -2.56855 -1.71625 6.60837
      vertex -2.83396 -1.89359 6.28917
      vertex -2.38796 -1.95975 6.60837
    endloop
  endfacet
  facet normal -0.519361 -0.573048 0.63394
    outer loop
      vertex -2.16225 -2.63471 6.28917
      vertex -2.61259 -2.61259 5.94022
      vertex -2.34393 -2.85608 5.94022
    endloop
  endfacet
  facet normal -0.492015 -0.820877 0.28997
    outer loop
      vertex -2.40623 -3.60118 4.74969
      vertex -2.47903 -3.71014 4.31771
      vertex -2.10344 -3.93526 4.31771
    endloop
  endfacet
  facet normal -0.504248 -0.841287 0.19486
    outer loop
      vertex -2.10344 -3.93526 4.31771
      vertex -2.47903 -3.71014 4.31771
      vertex -2.14495 -4.01293 3.87496
    endloop
  endfacet
  facet normal -0.511638 -0.853606 0.097897
    outer loop
      vertex -2.52796 -3.78336 3.87496
      vertex -2.55254 -3.82015 3.42571
      vertex -2.14495 -4.01293 3.87496
    endloop
  endfacet
  facet normal -0.59284 -0.799348 0.0978965
    outer loop
      vertex -2.52796 -3.78336 3.87496
      vertex -2.91469 -3.55156 3.42571
      vertex -2.55254 -3.82015 3.42571
    endloop
  endfacet
  facet normal -0.841285 -0.504253 0.194855
    outer loop
      vertex -3.71014 -2.47903 4.31771
      vertex -4.01293 -2.14495 3.87496
      vertex -3.78336 -2.52796 3.87496
    endloop
  endfacet
  facet normal -0.668332 -0.737396 0.0978768
    outer loop
      vertex -3.21749 -3.21749 3.87496
      vertex -3.24877 -3.24877 3.42571
      vertex -2.91469 -3.55156 3.42571
    endloop
  endfacet
  facet normal -0.78781 -0.584279 0.194868
    outer loop
      vertex -3.44928 -2.83075 4.31771
      vertex -3.78336 -2.52796 3.87496
      vertex -3.51736 -2.88662 3.87496
    endloop
  endfacet
  facet normal -0.79935 -0.592838 0.0978936
    outer loop
      vertex -3.51736 -2.88662 3.87496
      vertex -3.78336 -2.52796 3.87496
      vertex -3.55156 -2.91469 3.42571
    endloop
  endfacet
  facet normal -0.69913 -0.330663 0.633939
    outer loop
      vertex -3.14893 -1.30433 6.28917
      vertex -3.41351 -1.41392 5.94022
      vertex -3.00592 -1.6067 6.28917
    endloop
  endfacet
  facet normal -0.69913 -0.330677 0.633932
    outer loop
      vertex -3.00592 -1.6067 6.28917
      vertex -3.41351 -1.41392 5.94022
      vertex -3.25848 -1.74169 5.94022
    endloop
  endfacet
  facet normal -0.621182 -0.460695 0.63395
    outer loop
      vertex -2.83396 -1.89359 6.28917
      vertex -3.07208 -2.0527 5.94022
      vertex -2.63471 -2.16225 6.28917
    endloop
  endfacet
  facet normal -0.568293 -0.421471 0.706686
    outer loop
      vertex -2.38796 -1.95975 6.60837
      vertex -2.83396 -1.89359 6.28917
      vertex -2.63471 -2.16225 6.28917
    endloop
  endfacet
  facet normal -0.242992 -0.970028 0
    outer loop
      vertex -1.3337 -4.39662 3.2
      vertex -0.896334 -4.50618 3.42571
      vertex -1.3337 -4.39662 3.42571
    endloop
  endfacet
  facet normal -0.242992 -0.970028 -0
    outer loop
      vertex -0.896334 -4.50618 3.42571
      vertex -1.3337 -4.39662 3.2
      vertex -0.896334 -4.50618 3.2
    endloop
  endfacet
  facet normal 0.336879 -0.941548 0
    outer loop
      vertex 1.3337 -4.39662 3.2
      vertex 1.75822 -4.24473 3.42571
      vertex 1.3337 -4.39662 3.42571
    endloop
  endfacet
  facet normal 0.336879 -0.941548 0
    outer loop
      vertex 1.75822 -4.24473 3.42571
      vertex 1.3337 -4.39662 3.2
      vertex 1.75822 -4.24473 3.2
    endloop
  endfacet
  facet normal 0.511638 -0.853606 0.0978975
    outer loop
      vertex 2.55254 -3.82015 3.42571
      vertex 2.14495 -4.01293 3.87496
      vertex 2.16581 -4.05195 3.42571
    endloop
  endfacet
  facet normal 0.395081 -0.835317 0.382304
    outer loop
      vertex 2.04167 -3.81969 4.74969
      vertex 1.59133 -3.84181 5.16675
      vertex 1.65744 -4.00142 4.74969
    endloop
  endfacet
  facet normal 0.311298 -0.870021 0.382305
    outer loop
      vertex 1.59133 -3.84181 5.16675
      vertex 1.25725 -4.14461 4.74969
      vertex 1.65744 -4.00142 4.74969
    endloop
  endfacet
  facet normal 0.241812 -0.965372 0.0978937
    outer loop
      vertex 1.32086 -4.35428 3.87496
      vertex 0.887702 -4.46278 3.87496
      vertex 1.3337 -4.39662 3.42571
    endloop
  endfacet
  facet normal 0.335267 -0.937023 0.0978929
    outer loop
      vertex 1.74129 -4.20385 3.87496
      vertex 1.32086 -4.35428 3.87496
      vertex 1.3337 -4.39662 3.42571
    endloop
  endfacet
  facet normal 0.668317 -0.737407 0.0978942
    outer loop
      vertex 3.21749 -3.21749 3.87496
      vertex 2.88662 -3.51736 3.87496
      vertex 2.91469 -3.55156 3.42571
    endloop
  endfacet
  facet normal 0.592838 -0.79935 0.0978936
    outer loop
      vertex 2.88662 -3.51736 3.87496
      vertex 2.52796 -3.78336 3.87496
      vertex 2.91469 -3.55156 3.42571
    endloop
  endfacet
  facet normal 0.941548 -0.336879 0
    outer loop
      vertex 4.24473 -1.75822 3.42571
      vertex 4.39662 -1.3337 3.2
      vertex 4.39662 -1.3337 3.42571
    endloop
  endfacet
  facet normal 0.941548 -0.336879 0
    outer loop
      vertex 4.39662 -1.3337 3.2
      vertex 4.24473 -1.75822 3.42571
      vertex 4.24473 -1.75822 3.2
    endloop
  endfacet
  facet normal 0.726761 -0.658669 0.194868
    outer loop
      vertex 3.44928 -2.83075 4.31771
      vertex 3.21749 -3.21749 3.87496
      vertex 3.51736 -2.88662 3.87496
    endloop
  endfacet
  facet normal 0.737407 -0.668317 0.0978942
    outer loop
      vertex 3.51736 -2.88662 3.87496
      vertex 3.21749 -3.21749 3.87496
      vertex 3.55156 -2.91469 3.42571
    endloop
  endfacet
  facet normal 0.923498 -0.330428 0.194855
    outer loop
      vertex 4.27001 -1.29529 4.31771
      vertex 4.20385 -1.74129 3.87496
      vertex 4.35428 -1.32086 3.87496
    endloop
  endfacet
  facet normal 0.965372 -0.241812 0.0978937
    outer loop
      vertex 4.46278 -0.887702 3.87496
      vertex 4.35428 -1.32086 3.87496
      vertex 4.39662 -1.3337 3.42571
    endloop
  endfacet
  facet normal 0.841287 -0.504248 0.19486
    outer loop
      vertex 3.93526 -2.10344 4.31771
      vertex 3.71014 -2.47903 4.31771
      vertex 4.01293 -2.14495 3.87496
    endloop
  endfacet
  facet normal 0.820877 -0.492015 0.28997
    outer loop
      vertex 3.93526 -2.10344 4.31771
      vertex 3.60118 -2.40623 4.74969
      vertex 3.71014 -2.47903 4.31771
    endloop
  endfacet
  facet normal -0.13559 0.914042 0.382285
    outer loop
      vertex -0.407589 4.13833 5.16675
      vertex -0.844955 4.24788 4.74969
      vertex -0.811254 4.07845 5.16675
    endloop
  endfacet
  facet normal -0.322416 0.901095 0.289957
    outer loop
      vertex -1.25725 4.14461 4.74969
      vertex -1.70759 4.12248 4.31771
      vertex -1.65744 4.00142 4.74969
    endloop
  endfacet
  facet normal -0.0453326 0.922931 0.382286
    outer loop
      vertex 0 4.3311 4.74969
      vertex -0.407589 4.13833 5.16675
      vertex 0 4.15835 5.16675
    endloop
  endfacet
  facet normal 0.0453326 0.922931 0.382286
    outer loop
      vertex 0 4.3311 4.74969
      vertex 0 4.15835 5.16675
      vertex 0.407589 4.13833 5.16675
    endloop
  endfacet
  facet normal -0.28023 0.783161 0.555095
    outer loop
      vertex -1.14533 3.77566 5.56487
      vertex -1.5099 3.64521 5.56487
      vertex -1.41392 3.41351 5.94022
    endloop
  endfacet
  facet normal -0.377159 0.797469 0.47095
    outer loop
      vertex -1.59133 3.84181 5.16675
      vertex -1.85992 3.47967 5.56487
      vertex -1.5099 3.64521 5.56487
    endloop
  endfacet
  facet normal -0.10382 0.699878 0.706677
    outer loop
      vertex -0.334079 3.39196 6.28917
      vertex -0.664941 3.34288 6.28917
      vertex -0.302792 3.0743 6.60837
    endloop
  endfacet
  facet normal -0.0347124 0.706684 0.706677
    outer loop
      vertex 0 3.40837 6.28917
      vertex -0.334079 3.39196 6.28917
      vertex -0.302792 3.0743 6.60837
    endloop
  endfacet
  facet normal -0.202105 0.806854 0.555104
    outer loop
      vertex -0.769738 3.86974 5.56487
      vertex -1.14533 3.77566 5.56487
      vertex -1.07253 3.53566 5.94022
    endloop
  endfacet
  facet normal -0.280216 0.78316 0.555103
    outer loop
      vertex -1.14533 3.77566 5.56487
      vertex -1.41392 3.41351 5.94022
      vertex -1.07253 3.53566 5.94022
    endloop
  endfacet
  facet normal -0.475055 0.792577 0.382289
    outer loop
      vertex -2.04167 3.81969 4.74969
      vertex -2.40623 3.60118 4.74969
      vertex -1.96023 3.66734 5.16675
    endloop
  endfacet
  facet normal -0.322429 0.901087 0.28997
    outer loop
      vertex -1.29529 4.27001 4.31771
      vertex -1.70759 4.12248 4.31771
      vertex -1.25725 4.14461 4.74969
    endloop
  endfacet
  facet normal -0.525497 0.708553 0.470961
    outer loop
      vertex -2.31026 3.45754 5.16675
      vertex -2.63803 3.21445 5.16675
      vertex -2.50303 3.04995 5.56487
    endloop
  endfacet
  facet normal -0.525512 0.70855 0.470951
    outer loop
      vertex -2.31026 3.45754 5.16675
      vertex -2.50303 3.04995 5.56487
      vertex -2.19203 3.28061 5.56487
    endloop
  endfacet
  facet normal 0.0408159 0.830778 0.555106
    outer loop
      vertex 0 3.94555 5.56487
      vertex 0 3.69475 5.94022
      vertex 0.386731 3.92655 5.56487
    endloop
  endfacet
  facet normal 0.0432877 0.88109 0.470964
    outer loop
      vertex 0.407589 4.13833 5.16675
      vertex 0 3.94555 5.56487
      vertex 0.386731 3.92655 5.56487
    endloop
  endfacet
  facet normal 0.750202 0.187913 0.633945
    outer loop
      vertex 3.53566 1.07253 5.94022
      vertex 3.34288 0.664941 6.28917
      vertex 3.62376 0.72081 5.94022
    endloop
  endfacet
  facet normal 0.750204 0.18791 0.633943
    outer loop
      vertex 3.53566 1.07253 5.94022
      vertex 3.26161 0.989399 6.28917
      vertex 3.34288 0.664941 6.28917
    endloop
  endfacet
  facet normal 0.88109 0.0432877 0.470964
    outer loop
      vertex 4.13833 0.407589 5.16675
      vertex 3.92655 0.386731 5.56487
      vertex 3.94555 0 5.56487
    endloop
  endfacet
  facet normal 0.872606 0.12943 0.470964
    outer loop
      vertex 4.13833 0.407589 5.16675
      vertex 3.86974 0.769738 5.56487
      vertex 3.92655 0.386731 5.56487
    endloop
  endfacet
  facet normal 0.765011 0.113482 0.63394
    outer loop
      vertex 3.67696 0.362149 5.94022
      vertex 3.34288 0.664941 6.28917
      vertex 3.39196 0.334079 6.28917
    endloop
  endfacet
  facet normal 0.822779 0.122042 0.555104
    outer loop
      vertex 3.86974 0.769738 5.56487
      vertex 3.62376 0.72081 5.94022
      vertex 3.67696 0.362149 5.94022
    endloop
  endfacet
  facet normal 0.928359 0.232522 0.28997
    outer loop
      vertex 4.27001 1.29529 4.31771
      vertex 4.14461 1.25725 4.74969
      vertex 4.3764 0.870521 4.31771
    endloop
  endfacet
  facet normal 0.928359 0.232532 0.289962
    outer loop
      vertex 4.3764 0.870521 4.31771
      vertex 4.14461 1.25725 4.74969
      vertex 4.24788 0.844955 4.74969
    endloop
  endfacet
  facet normal 0.951438 -0.238322 0.194854
    outer loop
      vertex 4.46278 -0.887702 3.87496
      vertex 4.27001 -1.29529 4.31771
      vertex 4.35428 -1.32086 3.87496
    endloop
  endfacet
  facet normal 0.901095 -0.322416 0.289957
    outer loop
      vertex 4.14461 -1.25725 4.74969
      vertex 4.00142 -1.65744 4.74969
      vertex 4.12248 -1.70759 4.31771
    endloop
  endfacet
  facet normal 0.0469475 -0.955884 0.289967
    outer loop
      vertex 0.424521 -4.31025 4.74969
      vertex 0 -4.3311 4.74969
      vertex 0.437366 -4.44066 4.31771
    endloop
  endfacet
  facet normal 0.0469456 -0.955885 0.289965
    outer loop
      vertex 0 -4.3311 4.74969
      vertex 0 -4.46214 4.31771
      vertex 0.437366 -4.44066 4.31771
    endloop
  endfacet
  facet normal 0.158949 -0.444258 0.881686
    outer loop
      vertex 0.904997 -2.18486 7.14555
      vertex 0.570918 -1.88206 7.35835
      vertex 0.686486 -2.26304 7.14555
    endloop
  endfacet
  facet normal 0.187314 -0.523539 0.831156
    outer loop
      vertex 0.904997 -2.18486 7.14555
      vertex 0.686486 -2.26304 7.14555
      vertex 0.795443 -2.62222 6.89475
    endloop
  endfacet
  facet normal -0.171913 -0.686326 0.706685
    outer loop
      vertex -0.602667 -3.02981 6.60837
      vertex -0.896739 -2.95615 6.60837
      vertex -0.664941 -3.34288 6.28917
    endloop
  endfacet
  facet normal -0.18791 -0.750204 0.633943
    outer loop
      vertex -0.989399 -3.26161 6.28917
      vertex -1.07253 -3.53566 5.94022
      vertex -0.664941 -3.34288 6.28917
    endloop
  endfacet
  facet normal 0.0379454 -0.772449 0.633942
    outer loop
      vertex 0 -3.40837 6.28917
      vertex 0 -3.69475 5.94022
      vertex 0.362149 -3.67696 5.94022
    endloop
  endfacet
  facet normal 0.0379429 -0.772451 0.63394
    outer loop
      vertex 0.334079 -3.39196 6.28917
      vertex 0 -3.40837 6.28917
      vertex 0.362149 -3.67696 5.94022
    endloop
  endfacet
  facet normal -0.0408108 -0.83078 0.555102
    outer loop
      vertex -0.362149 -3.67696 5.94022
      vertex -0.386731 -3.92655 5.56487
      vertex 0 -3.69475 5.94022
    endloop
  endfacet
  facet normal -0.0408159 -0.830778 0.555106
    outer loop
      vertex 0 -3.69475 5.94022
      vertex -0.386731 -3.92655 5.56487
      vertex 0 -3.94555 5.56487
    endloop
  endfacet
  facet normal 0.122042 -0.822779 0.555104
    outer loop
      vertex 0.72081 -3.62376 5.94022
      vertex 0.362149 -3.67696 5.94022
      vertex 0.769738 -3.86974 5.56487
    endloop
  endfacet
  facet normal 0.202103 -0.806854 0.555104
    outer loop
      vertex 1.07253 -3.53566 5.94022
      vertex 0.72081 -3.62376 5.94022
      vertex 0.769738 -3.86974 5.56487
    endloop
  endfacet
  facet normal 0.411995 -0.373432 0.831149
    outer loop
      vertex 2.11822 -1.73837 6.89475
      vertex 1.67222 -1.67222 7.14555
      vertex 1.93762 -1.93762 6.89475
    endloop
  endfacet
  facet normal 0.373432 -0.411995 0.831149
    outer loop
      vertex 1.93762 -1.93762 6.89475
      vertex 1.67222 -1.67222 7.14555
      vertex 1.73837 -2.11822 6.89475
    endloop
  endfacet
  facet normal 0.539376 -0.135106 0.831156
    outer loop
      vertex 2.31943 -0.461363 7.14555
      vertex 2.26304 -0.686486 7.14555
      vertex 2.62222 -0.795443 6.89475
    endloop
  endfacet
  facet normal 0.457699 -0.114647 0.881684
    outer loop
      vertex 2.31943 -0.461363 7.14555
      vertex 1.92896 -0.383694 7.35835
      vertex 2.26304 -0.686486 7.14555
    endloop
  endfacet
  facet normal 0.46673 -0.0692473 0.881685
    outer loop
      vertex 2.35349 -0.231797 7.14555
      vertex 1.92896 -0.383694 7.35835
      vertex 2.31943 -0.461363 7.14555
    endloop
  endfacet
  facet normal 0.550018 -0.0816045 0.831156
    outer loop
      vertex 2.35349 -0.231797 7.14555
      vertex 2.31943 -0.461363 7.14555
      vertex 2.68756 -0.53459 6.89475
    endloop
  endfacet
  facet normal 0.307694 0.228193 0.923716
    outer loop
      vertex 1.52032 1.24769 7.35835
      vertex 1.19793 0.983114 7.5311
      vertex 1.28852 0.860963 7.5311
    endloop
  endfacet
  facet normal 0.404708 0.242581 0.881684
    outer loop
      vertex 2.08563 1.11479 7.14555
      vertex 1.63529 1.09267 7.35835
      vertex 1.73452 0.92712 7.35835
    endloop
  endfacet
  facet normal 0.509922 0.37818 0.772632
    outer loop
      vertex 2.38796 1.95975 6.60837
      vertex 2.27841 1.52238 6.89475
      vertex 2.56855 1.71625 6.60837
    endloop
  endfacet
  facet normal 0.509917 0.378182 0.772634
    outer loop
      vertex 2.38796 1.95975 6.60837
      vertex 2.11822 1.73837 6.89475
      vertex 2.27841 1.52238 6.89475
    endloop
  endfacet
  facet normal 0.411995 0.373432 0.831149
    outer loop
      vertex 1.93762 1.93762 6.89475
      vertex 1.67222 1.67222 7.14555
      vertex 2.11822 1.73837 6.89475
    endloop
  endfacet
  facet normal 0.328568 0.19695 0.923717
    outer loop
      vertex 1.63529 1.09267 7.35835
      vertex 1.28852 0.860963 7.5311
      vertex 1.36671 0.73052 7.5311
    endloop
  endfacet
  facet normal 0.131168 0.144724 0.98074
    outer loop
      vertex 0.790339 0.790339 7.66214
      vertex 0.428189 0.52175 7.75021
      vertex 0.477268 0.477268 7.75021
    endloop
  endfacet
  facet normal 0.116352 0.156884 0.980739
    outer loop
      vertex 0.620965 0.92934 7.66214
      vertex 0.374988 0.561209 7.75021
      vertex 0.709066 0.864 7.66214
    endloop
  endfacet
  facet normal 0.40471 0.24257 0.881686
    outer loop
      vertex 1.96632 1.31385 7.14555
      vertex 1.63529 1.09267 7.35835
      vertex 2.08563 1.11479 7.14555
    endloop
  endfacet
  facet normal 0.249253 0.149407 0.956844
    outer loop
      vertex 1.28852 0.860963 7.5311
      vertex 0.985731 0.526884 7.66214
      vertex 1.36671 0.73052 7.5311
    endloop
  endfacet
  facet normal 0.0970782 0.0143996 0.995173
    outer loop
      vertex 0.67171 0.0661573 7.75021
      vertex 0.221374 0.044034 7.79446
      vertex 0.224624 0.0221233 7.79446
    endloop
  endfacet
  facet normal 0.0980221 0.00481619 0.995173
    outer loop
      vertex 0.67171 0.0661573 7.75021
      vertex 0.224624 0.0221233 7.79446
      vertex 0.225711 0 7.79446
    endloop
  endfacet
  facet normal 0.281891 0.070606 0.956845
    outer loop
      vertex 1.51992 0.30233 7.5311
      vertex 1.06958 0.324453 7.66214
      vertex 1.09623 0.218054 7.66214
    endloop
  endfacet
  facet normal 0.189468 0.0474564 0.980739
    outer loop
      vertex 1.06958 0.324453 7.66214
      vertex 0.645896 0.19593 7.75021
      vertex 1.09623 0.218054 7.66214
    endloop
  endfacet
  facet normal -0.0144015 -0.0970781 0.995173
    outer loop
      vertex -0.044034 -0.221374 7.79446
      vertex -0.131678 -0.66199 7.75021
      vertex -0.0661573 -0.67171 7.75021
    endloop
  endfacet
  facet normal 0.0727179 0.0659068 0.995173
    outer loop
      vertex 0.477268 0.477268 7.75021
      vertex 0.174477 0.143189 7.79446
      vertex 0.52175 0.428189 7.75021
    endloop
  endfacet
  facet normal -0.0924017 0.0330663 0.995173
    outer loop
      vertex -0.208529 0.0863752 7.79446
      vertex -0.623582 0.258296 7.75021
      vertex -0.215992 0.0655203 7.79446
    endloop
  endfacet
  facet normal 0.092404 0.0330613 0.995173
    outer loop
      vertex 0.623582 0.258296 7.75021
      vertex 0.215992 0.0655203 7.79446
      vertex 0.645896 0.19593 7.75021
    endloop
  endfacet
  facet normal -0.0951995 0.0238461 0.995173
    outer loop
      vertex -0.215992 0.0655203 7.79446
      vertex -0.66199 0.131678 7.75021
      vertex -0.221374 0.044034 7.79446
    endloop
  endfacet
  facet normal -0.0980222 0.00481538 0.995173
    outer loop
      vertex -0.67171 0.0661573 7.75021
      vertex -0.67496 0 7.75021
      vertex -0.225711 0 7.79446
    endloop
  endfacet
  facet normal 0.144724 0.131168 0.98074
    outer loop
      vertex 0.790339 0.790339 7.66214
      vertex 0.477268 0.477268 7.75021
      vertex 0.52175 0.428189 7.75021
    endloop
  endfacet
  facet normal 0.144723 0.131168 0.98074
    outer loop
      vertex 0.790339 0.790339 7.66214
      vertex 0.52175 0.428189 7.75021
      vertex 0.864 0.709066 7.66214
    endloop
  endfacet
  facet normal 0.0978952 0.273619 0.956843
    outer loop
      vertex 0.449852 1.48296 7.5311
      vertex 0.427728 1.03263 7.66214
      vertex 0.593041 1.43173 7.5311
    endloop
  endfacet
  facet normal 0.100416 0.167532 0.980739
    outer loop
      vertex 0.526884 0.985731 7.66214
      vertex 0.374988 0.561209 7.75021
      vertex 0.620965 0.92934 7.66214
    endloop
  endfacet
  facet normal -0.0504536 0.0841782 0.995173
    outer loop
      vertex -0.318173 0.595262 7.75021
      vertex -0.374988 0.561209 7.75021
      vertex -0.1064 0.199059 7.79446
    endloop
  endfacet
  facet normal 0.0143996 0.0970782 0.995173
    outer loop
      vertex 0.0661573 0.67171 7.75021
      vertex 0.0221233 0.224624 7.79446
      vertex 0.044034 0.221374 7.79446
    endloop
  endfacet
  facet normal 0.0657991 0.183904 0.980739
    outer loop
      vertex 0.324453 1.06958 7.66214
      vertex 0.19593 0.645896 7.75021
      vertex 0.258296 0.623582 7.75021
    endloop
  endfacet
  facet normal 0.0978962 0.273619 0.956843
    outer loop
      vertex 0.449852 1.48296 7.5311
      vertex 0.324453 1.06958 7.66214
      vertex 0.427728 1.03263 7.66214
    endloop
  endfacet
  facet normal 0.149402 0.249258 0.956843
    outer loop
      vertex 0.860963 1.28852 7.5311
      vertex 0.526884 0.985731 7.66214
      vertex 0.620965 0.92934 7.66214
    endloop
  endfacet
  facet normal 0.0504536 -0.0841782 0.995173
    outer loop
      vertex 0.374988 -0.561209 7.75021
      vertex 0.1064 -0.199059 7.79446
      vertex 0.318173 -0.595262 7.75021
    endloop
  endfacet
  facet normal -0.0419608 -0.0887177 0.995173
    outer loop
      vertex -0.1064 -0.199059 7.79446
      vertex -0.318173 -0.595262 7.75021
      vertex -0.258296 -0.623582 7.75021
    endloop
  endfacet
  facet normal -0.149402 0.249258 0.956843
    outer loop
      vertex -0.526884 0.985731 7.66214
      vertex -0.860963 1.28852 7.5311
      vertex -0.620965 0.92934 7.66214
    endloop
  endfacet
  facet normal -0.0887177 -0.0419608 0.995173
    outer loop
      vertex -0.199059 -0.1064 7.79446
      vertex -0.623582 -0.258296 7.75021
      vertex -0.595262 -0.318173 7.75021
    endloop
  endfacet
  facet normal -0.092404 0.0330613 0.995173
    outer loop
      vertex -0.623582 0.258296 7.75021
      vertex -0.645896 0.19593 7.75021
      vertex -0.215992 0.0655203 7.79446
    endloop
  endfacet
  facet normal -0.0887192 -0.0419565 0.995173
    outer loop
      vertex -0.208529 -0.0863752 7.79446
      vertex -0.623582 -0.258296 7.75021
      vertex -0.199059 -0.1064 7.79446
    endloop
  endfacet
  facet normal 0.302504 0.639592 0.706692
    outer loop
      vertex 1.30433 3.14893 6.28917
      vertex 1.18217 2.85402 6.60837
      vertex 1.6067 3.00592 6.28917
    endloop
  endfacet
  facet normal 0.330663 0.69913 0.633939
    outer loop
      vertex 1.41392 3.41351 5.94022
      vertex 1.30433 3.14893 6.28917
      vertex 1.6067 3.00592 6.28917
    endloop
  endfacet
  facet normal 0.158951 0.444256 0.881687
    outer loop
      vertex 0.904997 2.18486 7.14555
      vertex 0.570918 1.88206 7.35835
      vertex 0.752644 1.81704 7.35835
    endloop
  endfacet
  facet normal 0.213865 0.597749 0.77263
    outer loop
      vertex 1.18217 2.85402 6.60837
      vertex 0.795443 2.62222 6.89475
      vertex 1.04864 2.53163 6.89475
    endloop
  endfacet
  facet normal 0.0408108 0.83078 0.555102
    outer loop
      vertex 0.386731 3.92655 5.56487
      vertex 0 3.69475 5.94022
      vertex 0.362149 3.67696 5.94022
    endloop
  endfacet
  facet normal 0.0379454 0.772449 0.633942
    outer loop
      vertex 0 3.69475 5.94022
      vertex 0 3.40837 6.28917
      vertex 0.362149 3.67696 5.94022
    endloop
  endfacet
  facet normal 0.171913 0.686326 0.706685
    outer loop
      vertex 0.664941 3.34288 6.28917
      vertex 0.602667 3.02981 6.60837
      vertex 0.896739 2.95615 6.60837
    endloop
  endfacet
  facet normal 0.0347124 0.706684 0.706677
    outer loop
      vertex 0.334079 3.39196 6.28917
      vertex 0 3.40837 6.28917
      vertex 0.302792 3.0743 6.60837
    endloop
  endfacet
  facet normal -0.154254 0.615825 0.772635
    outer loop
      vertex -0.602667 3.02981 6.60837
      vertex -0.896739 2.95615 6.60837
      vertex -0.53459 2.68756 6.89475
    endloop
  endfacet
  facet normal -0.0931677 0.627976 0.772636
    outer loop
      vertex -0.302792 3.0743 6.60837
      vertex -0.602667 3.02981 6.60837
      vertex -0.53459 2.68756 6.89475
    endloop
  endfacet
  facet normal -0.0426317 0.287461 0.956843
    outer loop
      vertex -0.151896 1.54223 7.5311
      vertex -0.30233 1.51992 7.5311
      vertex -0.109554 1.11233 7.66214
    endloop
  endfacet
  facet normal 0.0272944 0.555374 0.831153
    outer loop
      vertex 0.268588 2.72702 6.89475
      vertex 0 2.74022 6.89475
      vertex 0.231797 2.35349 7.14555
    endloop
  endfacet
  facet normal 0.135106 0.539376 0.831156
    outer loop
      vertex 0.795443 2.62222 6.89475
      vertex 0.461363 2.31943 7.14555
      vertex 0.686486 2.26304 7.14555
    endloop
  endfacet
  facet normal 0.0816045 0.550018 0.831156
    outer loop
      vertex 0.53459 2.68756 6.89475
      vertex 0.231797 2.35349 7.14555
      vertex 0.461363 2.31943 7.14555
    endloop
  endfacet
  facet normal 0.331229 0.446615 0.831157
    outer loop
      vertex 1.73837 2.11822 6.89475
      vertex 1.31385 1.96632 7.14555
      vertex 1.50026 1.82807 7.14555
    endloop
  endfacet
  facet normal 0.285856 0.47693 0.831158
    outer loop
      vertex 1.52238 2.27841 6.89475
      vertex 1.11479 2.08563 7.14555
      vertex 1.31385 1.96632 7.14555
    endloop
  endfacet
  facet normal -0.457699 -0.114647 0.881684
    outer loop
      vertex -1.92896 -0.383694 7.35835
      vertex -2.31943 -0.461363 7.14555
      vertex -2.26304 -0.686486 7.14555
    endloop
  endfacet
  facet normal -0.523539 -0.187314 0.831156
    outer loop
      vertex -2.26304 -0.686486 7.14555
      vertex -2.62222 -0.795443 6.89475
      vertex -2.18486 -0.904997 7.14555
    endloop
  endfacet
  facet normal -0.806854 0.202103 0.555104
    outer loop
      vertex -3.53566 1.07253 5.94022
      vertex -3.86974 0.769738 5.56487
      vertex -3.62376 0.72081 5.94022
    endloop
  endfacet
  facet normal -0.822779 0.122042 0.555104
    outer loop
      vertex -3.62376 0.72081 5.94022
      vertex -3.86974 0.769738 5.56487
      vertex -3.67696 0.362149 5.94022
    endloop
  endfacet
  facet normal -0.616323 0.558579 0.5551
    outer loop
      vertex -2.78993 2.78993 5.56487
      vertex -3.04995 2.50303 5.56487
      vertex -2.61259 2.61259 5.94022
    endloop
  endfacet
  facet normal -0.7422 0.550451 0.382286
    outer loop
      vertex -3.21445 2.63803 5.16675
      vertex -3.60118 2.40623 4.74969
      vertex -3.45754 2.31026 5.16675
    endloop
  endfacet
  facet normal -0.686325 0.17191 0.706686
    outer loop
      vertex -3.26161 0.989399 6.28917
      vertex -3.34288 0.664941 6.28917
      vertex -2.95615 0.896739 6.60837
    endloop
  endfacet
  facet normal -0.627976 0.0931677 0.772636
    outer loop
      vertex -3.02981 0.602667 6.60837
      vertex -3.0743 0.302792 6.60837
      vertex -2.68756 0.53459 6.89475
    endloop
  endfacet
  facet normal -0.539376 0.135106 0.831156
    outer loop
      vertex -2.26304 0.686486 7.14555
      vertex -2.62222 0.795443 6.89475
      vertex -2.31943 0.461363 7.14555
    endloop
  endfacet
  facet normal -0.597749 0.213865 0.77263
    outer loop
      vertex -2.53163 1.04864 6.89475
      vertex -2.85402 1.18217 6.60837
      vertex -2.62222 0.795443 6.89475
    endloop
  endfacet
  facet normal -0.502648 0.237749 0.831156
    outer loop
      vertex -2.41665 1.29173 6.89475
      vertex -2.53163 1.04864 6.89475
      vertex -2.08563 1.11479 7.14555
    endloop
  endfacet
  facet normal -0.476936 0.285852 0.831156
    outer loop
      vertex -2.27841 1.52238 6.89475
      vertex -2.41665 1.29173 6.89475
      vertex -2.08563 1.11479 7.14555
    endloop
  endfacet
  facet normal -0.597738 0.213876 0.772636
    outer loop
      vertex -2.85402 1.18217 6.60837
      vertex -2.95615 0.896739 6.60837
      vertex -2.62222 0.795443 6.89475
    endloop
  endfacet
  facet normal -0.615824 0.154255 0.772636
    outer loop
      vertex -2.62222 0.795443 6.89475
      vertex -2.95615 0.896739 6.60837
      vertex -2.68756 0.53459 6.89475
    endloop
  endfacet
  facet normal -0.193204 0.028669 0.98074
    outer loop
      vertex -1.09623 0.218054 7.66214
      vertex -1.11233 0.109554 7.66214
      vertex -0.67171 0.0661573 7.75021
    endloop
  endfacet
  facet normal -0.193207 0.0286622 0.980739
    outer loop
      vertex -0.66199 0.131678 7.75021
      vertex -1.09623 0.218054 7.66214
      vertex -0.67171 0.0661573 7.75021
    endloop
  endfacet
  facet normal -0.189468 0.0474564 0.980739
    outer loop
      vertex -1.06958 0.324453 7.66214
      vertex -1.09623 0.218054 7.66214
      vertex -0.645896 0.19593 7.75021
    endloop
  endfacet
  facet normal -0.189468 0.0474583 0.980739
    outer loop
      vertex -0.645896 0.19593 7.75021
      vertex -1.09623 0.218054 7.66214
      vertex -0.66199 0.131678 7.75021
    endloop
  endfacet
  facet normal -0.0238461 -0.0951995 0.995173
    outer loop
      vertex -0.0655203 -0.215992 7.79446
      vertex -0.131678 -0.66199 7.75021
      vertex -0.044034 -0.221374 7.79446
    endloop
  endfacet
  facet normal -0.167532 0.100416 0.980739
    outer loop
      vertex -0.92934 0.620965 7.66214
      vertex -0.985731 0.526884 7.66214
      vertex -0.561209 0.374988 7.75021
    endloop
  endfacet
  facet normal -0.249258 0.149402 0.956843
    outer loop
      vertex -0.92934 0.620965 7.66214
      vertex -1.28852 0.860963 7.5311
      vertex -0.985731 0.526884 7.66214
    endloop
  endfacet
  facet normal -0.371593 0.0930848 0.923717
    outer loop
      vertex -1.88206 0.570918 7.35835
      vertex -1.92896 0.383694 7.35835
      vertex -1.48296 0.449852 7.5311
    endloop
  endfacet
  facet normal -0.328568 0.19695 0.923717
    outer loop
      vertex -1.28852 0.860963 7.5311
      vertex -1.63529 1.09267 7.35835
      vertex -1.36671 0.73052 7.5311
    endloop
  endfacet
  facet normal -0.228193 0.307694 0.923716
    outer loop
      vertex -0.860963 1.28852 7.5311
      vertex -1.24769 1.52032 7.35835
      vertex -0.983114 1.19793 7.5311
    endloop
  endfacet
  facet normal -0.131168 0.144723 0.98074
    outer loop
      vertex -0.709066 0.864 7.66214
      vertex -0.790339 0.790339 7.66214
      vertex -0.428189 0.52175 7.75021
    endloop
  endfacet
  facet normal 0.114647 0.457699 0.881684
    outer loop
      vertex 0.461363 2.31943 7.14555
      vertex 0.383694 1.92896 7.35835
      vertex 0.686486 2.26304 7.14555
    endloop
  endfacet
  facet normal -0.0930848 0.371593 0.923717
    outer loop
      vertex -0.383694 1.92896 7.35835
      vertex -0.570918 1.88206 7.35835
      vertex -0.449852 1.48296 7.5311
    endloop
  endfacet
  facet normal -0.154255 0.615824 0.772636
    outer loop
      vertex -0.53459 2.68756 6.89475
      vertex -0.896739 2.95615 6.60837
      vertex -0.795443 2.62222 6.89475
    endloop
  endfacet
  facet normal -0.213876 0.597738 0.772636
    outer loop
      vertex -0.896739 2.95615 6.60837
      vertex -1.18217 2.85402 6.60837
      vertex -0.795443 2.62222 6.89475
    endloop
  endfacet
  facet normal -0.412003 0.373405 0.831157
    outer loop
      vertex -1.67222 1.67222 7.14555
      vertex -2.11822 1.73837 6.89475
      vertex -1.82807 1.50026 7.14555
    endloop
  endfacet
  facet normal -0.373432 0.411995 0.831149
    outer loop
      vertex -1.73837 2.11822 6.89475
      vertex -1.93762 1.93762 6.89475
      vertex -1.67222 1.67222 7.14555
    endloop
  endfacet
  facet normal -0.237748 0.502648 0.831156
    outer loop
      vertex -1.04864 2.53163 6.89475
      vertex -1.11479 2.08563 7.14555
      vertex -0.904997 2.18486 7.14555
    endloop
  endfacet
  facet normal -0.237749 0.502648 0.831156
    outer loop
      vertex -1.04864 2.53163 6.89475
      vertex -1.29173 2.41665 6.89475
      vertex -1.11479 2.08563 7.14555
    endloop
  endfacet
  facet normal 0.524236 0.475155 0.706686
    outer loop
      vertex 2.63471 2.16225 6.28917
      vertex 2.18437 2.18437 6.60837
      vertex 2.38796 1.95975 6.60837
    endloop
  endfacet
  facet normal 0.47516 0.524235 0.706683
    outer loop
      vertex 2.41008 2.41008 6.28917
      vertex 2.16225 2.63471 6.28917
      vertex 2.18437 2.18437 6.60837
    endloop
  endfacet
  facet normal 0.363748 0.606862 0.706687
    outer loop
      vertex 1.6067 3.00592 6.28917
      vertex 1.45622 2.72441 6.60837
      vertex 1.71625 2.56855 6.60837
    endloop
  endfacet
  facet normal 0.37818 0.509922 0.772632
    outer loop
      vertex 1.71625 2.56855 6.60837
      vertex 1.52238 2.27841 6.89475
      vertex 1.95975 2.38796 6.60837
    endloop
  endfacet
  facet normal 0.568293 0.421471 0.706686
    outer loop
      vertex 2.63471 2.16225 6.28917
      vertex 2.38796 1.95975 6.60837
      vertex 2.83396 1.89359 6.28917
    endloop
  endfacet
  facet normal 0.621182 0.460695 0.63395
    outer loop
      vertex 3.07208 2.0527 5.94022
      vertex 2.63471 2.16225 6.28917
      vertex 2.83396 1.89359 6.28917
    endloop
  endfacet
  facet normal 0.544529 0.326387 0.772632
    outer loop
      vertex 2.56855 1.71625 6.60837
      vertex 2.27841 1.52238 6.89475
      vertex 2.72441 1.45622 6.60837
    endloop
  endfacet
  facet normal 0.639592 0.302504 0.706692
    outer loop
      vertex 3.00592 1.6067 6.28917
      vertex 2.85402 1.18217 6.60837
      vertex 3.14893 1.30433 6.28917
    endloop
  endfacet
  facet normal 0.668087 0.495508 0.555096
    outer loop
      vertex 3.28061 2.19203 5.56487
      vertex 2.85608 2.34393 5.94022
      vertex 3.07208 2.0527 5.94022
    endloop
  endfacet
  facet normal 0.713445 0.427625 0.555097
    outer loop
      vertex 3.28061 2.19203 5.56487
      vertex 3.07208 2.0527 5.94022
      vertex 3.47967 1.85992 5.56487
    endloop
  endfacet
  facet normal 0.397602 0.66334 0.63395
    outer loop
      vertex 2.0527 3.07208 5.94022
      vertex 1.6067 3.00592 6.28917
      vertex 1.89359 2.83396 6.28917
    endloop
  endfacet
  facet normal 0.460695 0.621182 0.63395
    outer loop
      vertex 2.0527 3.07208 5.94022
      vertex 1.89359 2.83396 6.28917
      vertex 2.16225 2.63471 6.28917
    endloop
  endfacet
  facet normal 0.726761 0.658669 0.194868
    outer loop
      vertex 3.51736 2.88662 3.87496
      vertex 3.21749 3.21749 3.87496
      vertex 3.44928 2.83075 4.31771
    endloop
  endfacet
  facet normal 0.584279 0.78781 0.194868
    outer loop
      vertex 2.88662 3.51736 3.87496
      vertex 2.52796 3.78336 3.87496
      vertex 2.83075 3.44928 4.31771
    endloop
  endfacet
  facet normal 0.570115 0.768691 0.289969
    outer loop
      vertex 2.47903 3.71014 4.31771
      vertex 2.40623 3.60118 4.74969
      vertex 2.83075 3.44928 4.31771
    endloop
  endfacet
  facet normal 0.584291 0.787804 0.194856
    outer loop
      vertex 2.52796 3.78336 3.87496
      vertex 2.47903 3.71014 4.31771
      vertex 2.83075 3.44928 4.31771
    endloop
  endfacet
  facet normal 0.658679 0.726748 0.194883
    outer loop
      vertex 3.21749 3.21749 3.87496
      vertex 2.83075 3.44928 4.31771
      vertex 3.15521 3.15521 4.31771
    endloop
  endfacet
  facet normal 0.79935 0.592838 0.0978936
    outer loop
      vertex 3.55156 2.91469 3.42571
      vertex 3.51736 2.88662 3.87496
      vertex 3.78336 2.52796 3.87496
    endloop
  endfacet
  facet normal 0.425509 0.899643 0.0978969
    outer loop
      vertex 2.16581 4.05195 3.42571
      vertex 1.75822 4.24473 3.42571
      vertex 2.14495 4.01293 3.87496
    endloop
  endfacet
  facet normal 0.33526 0.937025 0.0978999
    outer loop
      vertex 1.75822 4.24473 3.42571
      vertex 1.3337 4.39662 3.42571
      vertex 1.74129 4.20385 3.87496
    endloop
  endfacet
  facet normal 0.419364 0.886656 0.194872
    outer loop
      vertex 1.74129 4.20385 3.87496
      vertex 1.70759 4.12248 4.31771
      vertex 2.14495 4.01293 3.87496
    endloop
  endfacet
  facet normal -0.470379 0.426351 0.772638
    outer loop
      vertex -1.93762 1.93762 6.89475
      vertex -2.18437 2.18437 6.60837
      vertex -2.11822 1.73837 6.89475
    endloop
  endfacet
  facet normal -0.509917 0.378182 0.772634
    outer loop
      vertex -2.11822 1.73837 6.89475
      vertex -2.38796 1.95975 6.60837
      vertex -2.27841 1.52238 6.89475
    endloop
  endfacet
  facet normal -0.426351 0.470379 0.772638
    outer loop
      vertex -1.73837 2.11822 6.89475
      vertex -2.18437 2.18437 6.60837
      vertex -1.93762 1.93762 6.89475
    endloop
  endfacet
  facet normal -0.37818 0.509922 0.772632
    outer loop
      vertex -1.71625 2.56855 6.60837
      vertex -1.95975 2.38796 6.60837
      vertex -1.52238 2.27841 6.89475
    endloop
  endfacet
  facet normal -0.427596 0.713448 0.555115
    outer loop
      vertex -1.85992 3.47967 5.56487
      vertex -2.0527 3.07208 5.94022
      vertex -1.74169 3.25848 5.94022
    endloop
  endfacet
  facet normal -0.427625 0.713445 0.555097
    outer loop
      vertex -1.85992 3.47967 5.56487
      vertex -2.19203 3.28061 5.56487
      vertex -2.0527 3.07208 5.94022
    endloop
  endfacet
  facet normal -0.620549 0.684676 0.382279
    outer loop
      vertex -2.63803 3.21445 5.16675
      vertex -3.06255 3.06255 4.74969
      vertex -2.9404 2.9404 5.16675
    endloop
  endfacet
  facet normal -0.684676 0.620549 0.382279
    outer loop
      vertex -3.06255 3.06255 4.74969
      vertex -3.21445 2.63803 5.16675
      vertex -2.9404 2.9404 5.16675
    endloop
  endfacet
  facet normal -0.550449 0.742201 0.382288
    outer loop
      vertex -2.40623 3.60118 4.74969
      vertex -2.74762 3.34799 4.74969
      vertex -2.63803 3.21445 5.16675
    endloop
  endfacet
  facet normal -0.570105 0.768704 0.289955
    outer loop
      vertex -2.40623 3.60118 4.74969
      vertex -2.83075 3.44928 4.31771
      vertex -2.74762 3.34799 4.74969
    endloop
  endfacet
  facet normal -0.504248 0.841287 0.19486
    outer loop
      vertex -2.14495 4.01293 3.87496
      vertex -2.47903 3.71014 4.31771
      vertex -2.10344 3.93526 4.31771
    endloop
  endfacet
  facet normal -0.419354 0.886663 0.194861
    outer loop
      vertex -1.70759 4.12248 4.31771
      vertex -2.14495 4.01293 3.87496
      vertex -2.10344 3.93526 4.31771
    endloop
  endfacet
  facet normal -0.330428 0.923498 0.194855
    outer loop
      vertex -1.32086 4.35428 3.87496
      vertex -1.74129 4.20385 3.87496
      vertex -1.29529 4.27001 4.31771
    endloop
  endfacet
  facet normal -0.330444 0.923488 0.194873
    outer loop
      vertex -1.29529 4.27001 4.31771
      vertex -1.74129 4.20385 3.87496
      vertex -1.70759 4.12248 4.31771
    endloop
  endfacet
  facet normal -0.427563 0.903986 0
    outer loop
      vertex -1.75822 4.24473 3.2
      vertex -2.16581 4.05195 3.42571
      vertex -1.75822 4.24473 3.42571
    endloop
  endfacet
  facet normal -0.427563 0.903986 0
    outer loop
      vertex -2.16581 4.05195 3.42571
      vertex -1.75822 4.24473 3.2
      vertex -2.16581 4.05195 3.2
    endloop
  endfacet
  facet normal -0.668332 0.737396 0.0978768
    outer loop
      vertex -2.91469 3.55156 3.42571
      vertex -3.24877 3.24877 3.42571
      vertex -3.21749 3.21749 3.87496
    endloop
  endfacet
  facet normal -0.671556 0.740954 0
    outer loop
      vertex -2.91469 3.55156 3.2
      vertex -3.24877 3.24877 3.42571
      vertex -2.91469 3.55156 3.42571
    endloop
  endfacet
  facet normal -0.671556 0.740954 0
    outer loop
      vertex -3.24877 3.24877 3.42571
      vertex -2.91469 3.55156 3.2
      vertex -3.24877 3.24877 3.2
    endloop
  endfacet
  facet normal -0.684667 0.620554 0.382288
    outer loop
      vertex -3.06255 3.06255 4.74969
      vertex -3.34799 2.74762 4.74969
      vertex -3.21445 2.63803 5.16675
    endloop
  endfacet
  facet normal -0.709115 0.642714 0.289956
    outer loop
      vertex -3.06255 3.06255 4.74969
      vertex -3.44928 2.83075 4.31771
      vertex -3.34799 2.74762 4.74969
    endloop
  endfacet
  facet normal -0.116357 0.156879 0.98074
    outer loop
      vertex -0.374988 0.561209 7.75021
      vertex -0.709066 0.864 7.66214
      vertex -0.428189 0.52175 7.75021
    endloop
  endfacet
  facet normal -0.149402 -0.249258 0.956843
    outer loop
      vertex -0.620965 -0.92934 7.66214
      vertex -0.860963 -1.28852 7.5311
      vertex -0.526884 -0.985731 7.66214
    endloop
  endfacet
  facet normal 0.0143996 -0.0970782 0.995173
    outer loop
      vertex 0.044034 -0.221374 7.79446
      vertex 0.0221233 -0.224624 7.79446
      vertex 0.0661573 -0.67171 7.75021
    endloop
  endfacet
  facet normal 0.0841777 0.0504543 0.995173
    outer loop
      vertex 0.561209 0.374988 7.75021
      vertex 0.187672 0.125398 7.79446
      vertex 0.199059 0.1064 7.79446
    endloop
  endfacet
  facet normal -0.0924017 -0.0330663 0.995173
    outer loop
      vertex -0.215992 -0.0655203 7.79446
      vertex -0.623582 -0.258296 7.75021
      vertex -0.208529 -0.0863752 7.79446
    endloop
  endfacet
  facet normal -0.131168 -0.144724 0.98074
    outer loop
      vertex -0.477268 -0.477268 7.75021
      vertex -0.790339 -0.790339 7.66214
      vertex -0.428189 -0.52175 7.75021
    endloop
  endfacet
  facet normal -0.287451 -0.0426541 0.956845
    outer loop
      vertex -1.11233 -0.109554 7.66214
      vertex -1.51992 -0.30233 7.5311
      vertex -1.09623 -0.218054 7.66214
    endloop
  endfacet
  facet normal -0.287461 -0.0426317 0.956843
    outer loop
      vertex -1.11233 -0.109554 7.66214
      vertex -1.54223 -0.151896 7.5311
      vertex -1.51992 -0.30233 7.5311
    endloop
  endfacet
  facet normal -0.156879 -0.116357 0.98074
    outer loop
      vertex -0.561209 -0.374988 7.75021
      vertex -0.864 -0.709066 7.66214
      vertex -0.52175 -0.428189 7.75021
    endloop
  endfacet
  facet normal -0.144723 -0.131168 0.98074
    outer loop
      vertex -0.52175 -0.428189 7.75021
      vertex -0.864 -0.709066 7.66214
      vertex -0.790339 -0.790339 7.66214
    endloop
  endfacet
  facet normal -0.189468 -0.0474583 0.980739
    outer loop
      vertex -0.66199 -0.131678 7.75021
      vertex -1.09623 -0.218054 7.66214
      vertex -0.645896 -0.19593 7.75021
    endloop
  endfacet
  facet normal -0.0657991 0.183904 0.980739
    outer loop
      vertex -0.19593 0.645896 7.75021
      vertex -0.324453 1.06958 7.66214
      vertex -0.258296 0.623582 7.75021
    endloop
  endfacet
  facet normal -0.273619 -0.0978952 0.956843
    outer loop
      vertex -1.03263 -0.427728 7.66214
      vertex -1.48296 -0.449852 7.5311
      vertex -1.43173 -0.593041 7.5311
    endloop
  endfacet
  facet normal 0.00481619 0.0980221 0.995173
    outer loop
      vertex 0.0661573 0.67171 7.75021
      vertex 0 0.225711 7.79446
      vertex 0.0221233 0.224624 7.79446
    endloop
  endfacet
  facet normal -0.0474583 0.189468 0.980739
    outer loop
      vertex -0.131678 0.66199 7.75021
      vertex -0.218054 1.09623 7.66214
      vertex -0.19593 0.645896 7.75021
    endloop
  endfacet
  facet normal -0.539376 -0.135106 0.831156
    outer loop
      vertex -2.31943 -0.461363 7.14555
      vertex -2.62222 -0.795443 6.89475
      vertex -2.26304 -0.686486 7.14555
    endloop
  endfacet
  facet normal -0.539376 -0.135106 0.831156
    outer loop
      vertex -2.31943 -0.461363 7.14555
      vertex -2.68756 -0.53459 6.89475
      vertex -2.62222 -0.795443 6.89475
    endloop
  endfacet
  facet normal -0.666168 -0.238361 0.706686
    outer loop
      vertex -2.95615 -0.896739 6.60837
      vertex -3.26161 -0.989399 6.28917
      vertex -2.85402 -1.18217 6.60837
    endloop
  endfacet
  facet normal -0.666166 -0.238349 0.706691
    outer loop
      vertex -2.85402 -1.18217 6.60837
      vertex -3.26161 -0.989399 6.28917
      vertex -3.14893 -1.30433 6.28917
    endloop
  endfacet
  facet normal -0.412003 -0.373405 0.831157
    outer loop
      vertex -1.82807 -1.50026 7.14555
      vertex -2.11822 -1.73837 6.89475
      vertex -1.67222 -1.67222 7.14555
    endloop
  endfacet
  facet normal -0.349599 -0.316866 0.881689
    outer loop
      vertex -1.52032 -1.24769 7.35835
      vertex -1.67222 -1.67222 7.14555
      vertex -1.3907 -1.3907 7.35835
    endloop
  endfacet
  facet normal -0.360683 -0.129049 0.923717
    outer loop
      vertex -1.48296 -0.449852 7.5311
      vertex -1.88206 -0.570918 7.35835
      vertex -1.81704 -0.752644 7.35835
    endloop
  endfacet
  facet normal -0.371593 -0.0930848 0.923717
    outer loop
      vertex -1.48296 -0.449852 7.5311
      vertex -1.92896 -0.383694 7.35835
      vertex -1.88206 -0.570918 7.35835
    endloop
  endfacet
  facet normal -0.0142539 -0.290256 0.956843
    outer loop
      vertex 0 -1.11771 7.66214
      vertex -0.109554 -1.11233 7.66214
      vertex 0 -1.54969 7.5311
    endloop
  endfacet
  facet normal 0.0142539 -0.290256 0.956843
    outer loop
      vertex 0 -1.11771 7.66214
      vertex 0 -1.54969 7.5311
      vertex 0.109554 -1.11233 7.66214
    endloop
  endfacet
  facet normal -0.0978962 -0.273619 0.956843
    outer loop
      vertex -0.427728 -1.03263 7.66214
      vertex -0.449852 -1.48296 7.5311
      vertex -0.324453 -1.06958 7.66214
    endloop
  endfacet
  facet normal -0.0143996 -0.0970782 0.995173
    outer loop
      vertex -0.044034 -0.221374 7.79446
      vertex -0.0661573 -0.67171 7.75021
      vertex -0.0221233 -0.224624 7.79446
    endloop
  endfacet
  facet normal -0.0561976 -0.378935 0.923716
    outer loop
      vertex -0.30233 -1.51992 7.5311
      vertex -0.383694 -1.92896 7.35835
      vertex -0.151896 -1.54223 7.5311
    endloop
  endfacet
  facet normal -0.0286622 -0.193207 0.980739
    outer loop
      vertex -0.131678 -0.66199 7.75021
      vertex -0.218054 -1.09623 7.66214
      vertex -0.0661573 -0.67171 7.75021
    endloop
  endfacet
  facet normal -0.257264 -0.28384 0.923715
    outer loop
      vertex -1.0958 -1.0958 7.5311
      vertex -1.3907 -1.3907 7.35835
      vertex -1.24769 -1.52032 7.35835
    endloop
  endfacet
  facet normal -0.349613 -0.31686 0.881686
    outer loop
      vertex -1.52032 -1.24769 7.35835
      vertex -1.82807 -1.50026 7.14555
      vertex -1.67222 -1.67222 7.14555
    endloop
  endfacet
  facet normal -0.257255 -0.283844 0.923717
    outer loop
      vertex -1.0958 -1.0958 7.5311
      vertex -1.24769 -1.52032 7.35835
      vertex -0.983114 -1.19793 7.5311
    endloop
  endfacet
  facet normal -0.173112 -0.233415 0.956843
    outer loop
      vertex -0.709066 -0.864 7.66214
      vertex -0.860963 -1.28852 7.5311
      vertex -0.620965 -0.92934 7.66214
    endloop
  endfacet
  facet normal -0.307694 -0.228193 0.923716
    outer loop
      vertex -1.28852 -0.860963 7.5311
      vertex -1.52032 -1.24769 7.35835
      vertex -1.19793 -0.983114 7.5311
    endloop
  endfacet
  facet normal -0.40471 -0.24257 0.881686
    outer loop
      vertex -1.63529 -1.09267 7.35835
      vertex -2.08563 -1.11479 7.14555
      vertex -1.96632 -1.31385 7.14555
    endloop
  endfacet
  facet normal -0.19695 -0.328568 0.923717
    outer loop
      vertex -0.860963 -1.28852 7.5311
      vertex -1.09267 -1.63529 7.35835
      vertex -0.73052 -1.36671 7.5311
    endloop
  endfacet
  facet normal -0.281072 -0.378984 0.881686
    outer loop
      vertex -1.24769 -1.52032 7.35835
      vertex -1.50026 -1.82807 7.14555
      vertex -1.31385 -1.96632 7.14555
    endloop
  endfacet
  facet normal -0.326387 -0.544529 0.772632
    outer loop
      vertex -1.52238 -2.27841 6.89475
      vertex -1.71625 -2.56855 6.60837
      vertex -1.45622 -2.72441 6.60837
    endloop
  endfacet
  facet normal -0.17191 -0.686325 0.706686
    outer loop
      vertex -0.896739 -2.95615 6.60837
      vertex -0.989399 -3.26161 6.28917
      vertex -0.664941 -3.34288 6.28917
    endloop
  endfacet
  facet normal -0.114653 -0.457695 0.881686
    outer loop
      vertex -0.570918 -1.88206 7.35835
      vertex -0.686486 -2.26304 7.14555
      vertex -0.383694 -1.92896 7.35835
    endloop
  endfacet
  facet normal -0.201745 -0.42653 0.881686
    outer loop
      vertex -0.752644 -1.81704 7.35835
      vertex -1.11479 -2.08563 7.14555
      vertex -0.904997 -2.18486 7.14555
    endloop
  endfacet
  facet normal 0.131168 -0.144723 0.98074
    outer loop
      vertex 0.790339 -0.790339 7.66214
      vertex 0.428189 -0.52175 7.75021
      vertex 0.709066 -0.864 7.66214
    endloop
  endfacet
  facet normal 0.131168 -0.144724 0.98074
    outer loop
      vertex 0.477268 -0.477268 7.75021
      vertex 0.428189 -0.52175 7.75021
      vertex 0.790339 -0.790339 7.66214
    endloop
  endfacet
  facet normal 0.0841782 -0.0504536 0.995173
    outer loop
      vertex 0.595262 -0.318173 7.75021
      vertex 0.199059 -0.1064 7.79446
      vertex 0.561209 -0.374988 7.75021
    endloop
  endfacet
  facet normal 0.0887192 -0.0419565 0.995173
    outer loop
      vertex 0.208529 -0.0863752 7.79446
      vertex 0.199059 -0.1064 7.79446
      vertex 0.623582 -0.258296 7.75021
    endloop
  endfacet
  facet normal 0.273619 -0.0978962 0.956843
    outer loop
      vertex 1.06958 -0.324453 7.66214
      vertex 1.03263 -0.427728 7.66214
      vertex 1.48296 -0.449852 7.5311
    endloop
  endfacet
  facet normal 0.0970781 -0.0144015 0.995173
    outer loop
      vertex 0.67171 -0.0661573 7.75021
      vertex 0.221374 -0.044034 7.79446
      vertex 0.66199 -0.131678 7.75021
    endloop
  endfacet
  facet normal 0.0951995 -0.0238461 0.995173
    outer loop
      vertex 0.221374 -0.044034 7.79446
      vertex 0.215992 -0.0655203 7.79446
      vertex 0.66199 -0.131678 7.75021
    endloop
  endfacet
  facet normal 0.193204 -0.028669 0.98074
    outer loop
      vertex 1.11233 -0.109554 7.66214
      vertex 0.67171 -0.0661573 7.75021
      vertex 1.09623 -0.218054 7.66214
    endloop
  endfacet
  facet normal 0.167533 -0.100413 0.980739
    outer loop
      vertex 0.595262 -0.318173 7.75021
      vertex 0.561209 -0.374988 7.75021
      vertex 0.985731 -0.526884 7.66214
    endloop
  endfacet
  facet normal 0.167532 -0.100416 0.980739
    outer loop
      vertex 0.985731 -0.526884 7.66214
      vertex 0.561209 -0.374988 7.75021
      vertex 0.92934 -0.620965 7.66214
    endloop
  endfacet
  facet normal 0.0419565 -0.0887192 0.995173
    outer loop
      vertex 0.1064 -0.199059 7.79446
      vertex 0.0863752 -0.208529 7.79446
      vertex 0.258296 -0.623582 7.75021
    endloop
  endfacet
  facet normal 0.0330613 0.092404 0.995173
    outer loop
      vertex 0.19593 0.645896 7.75021
      vertex 0.0655203 0.215992 7.79446
      vertex 0.258296 0.623582 7.75021
    endloop
  endfacet
  facet normal 0.144724 -0.131168 0.98074
    outer loop
      vertex 0.52175 -0.428189 7.75021
      vertex 0.477268 -0.477268 7.75021
      vertex 0.790339 -0.790339 7.66214
    endloop
  endfacet
  facet normal 0.215322 -0.195155 0.956844
    outer loop
      vertex 0.864 -0.709066 7.66214
      vertex 0.790339 -0.790339 7.66214
      vertex 1.0958 -1.0958 7.5311
    endloop
  endfacet
  facet normal -0.425507 -0.899644 0.0978994
    outer loop
      vertex -1.74129 -4.20385 3.87496
      vertex -2.14495 -4.01293 3.87496
      vertex -1.75822 -4.24473 3.42571
    endloop
  endfacet
  facet normal -0.33526 -0.937025 0.0978999
    outer loop
      vertex -1.74129 -4.20385 3.87496
      vertex -1.75822 -4.24473 3.42571
      vertex -1.3337 -4.39662 3.42571
    endloop
  endfacet
  facet normal -0.395081 -0.835317 0.382304
    outer loop
      vertex -1.59133 -3.84181 5.16675
      vertex -2.04167 -3.81969 4.74969
      vertex -1.65744 -4.00142 4.74969
    endloop
  endfacet
  facet normal -0.409192 -0.865151 0.289958
    outer loop
      vertex -1.65744 -4.00142 4.74969
      vertex -2.04167 -3.81969 4.74969
      vertex -1.70759 -4.12248 4.31771
    endloop
  endfacet
  facet normal -0.214346 -0.855727 0.470943
    outer loop
      vertex -1.14533 -3.77566 5.56487
      vertex -1.2071 -3.97929 5.16675
      vertex -0.769738 -3.86974 5.56487
    endloop
  endfacet
  facet normal -0.297193 -0.830596 0.470943
    outer loop
      vertex -1.14533 -3.77566 5.56487
      vertex -1.59133 -3.84181 5.16675
      vertex -1.2071 -3.97929 5.16675
    endloop
  endfacet
  facet normal -0.143934 -0.970214 0.194855
    outer loop
      vertex -0.437366 -4.44066 4.31771
      vertex -0.870521 -4.3764 4.31771
      vertex -0.445998 -4.5283 3.87496
    endloop
  endfacet
  facet normal -0.0469475 -0.955884 0.289967
    outer loop
      vertex -0.424521 -4.31025 4.74969
      vertex -0.437366 -4.44066 4.31771
      vertex 0 -4.3311 4.74969
    endloop
  endfacet
  facet normal -0.0490597 -0.998796 0
    outer loop
      vertex -0.450336 -4.57234 3.2
      vertex 0 -4.59446 3.42571
      vertex -0.450336 -4.57234 3.42571
    endloop
  endfacet
  facet normal -0.0490597 -0.998796 -0
    outer loop
      vertex 0 -4.59446 3.42571
      vertex -0.450336 -4.57234 3.2
      vertex 0 -4.59446 3.2
    endloop
  endfacet
  facet normal -0.453521 -0.756654 0.47095
    outer loop
      vertex -2.19203 -3.28061 5.56487
      vertex -2.31026 -3.45754 5.16675
      vertex -1.96023 -3.66734 5.16675
    endloop
  endfacet
  facet normal -0.37716 -0.797469 0.470949
    outer loop
      vertex -1.85992 -3.47967 5.56487
      vertex -1.96023 -3.66734 5.16675
      vertex -1.59133 -3.84181 5.16675
    endloop
  endfacet
  facet normal -0.620554 -0.684667 0.382288
    outer loop
      vertex -2.63803 -3.21445 5.16675
      vertex -3.06255 -3.06255 4.74969
      vertex -2.74762 -3.34799 4.74969
    endloop
  endfacet
  facet normal -0.550449 -0.742201 0.382288
    outer loop
      vertex -2.63803 -3.21445 5.16675
      vertex -2.74762 -3.34799 4.74969
      vertex -2.40623 -3.60118 4.74969
    endloop
  endfacet
  facet normal 0.307694 -0.228193 0.923716
    outer loop
      vertex 1.28852 -0.860963 7.5311
      vertex 1.19793 -0.983114 7.5311
      vertex 1.52032 -1.24769 7.35835
    endloop
  endfacet
  facet normal 0.144723 -0.131168 0.98074
    outer loop
      vertex 0.864 -0.709066 7.66214
      vertex 0.52175 -0.428189 7.75021
      vertex 0.790339 -0.790339 7.66214
    endloop
  endfacet
  facet normal 0.31686 -0.349613 0.881686
    outer loop
      vertex 1.67222 -1.67222 7.14555
      vertex 1.24769 -1.52032 7.35835
      vertex 1.50026 -1.82807 7.14555
    endloop
  endfacet
  facet normal 0.281072 -0.378984 0.881686
    outer loop
      vertex 1.50026 -1.82807 7.14555
      vertex 1.24769 -1.52032 7.35835
      vertex 1.31385 -1.96632 7.14555
    endloop
  endfacet
  facet normal 0.316866 -0.349599 0.881689
    outer loop
      vertex 1.3907 -1.3907 7.35835
      vertex 1.24769 -1.52032 7.35835
      vertex 1.67222 -1.67222 7.14555
    endloop
  endfacet
  facet normal 0.349599 -0.316866 0.881689
    outer loop
      vertex 1.52032 -1.24769 7.35835
      vertex 1.3907 -1.3907 7.35835
      vertex 1.67222 -1.67222 7.14555
    endloop
  endfacet
  facet normal 0.242581 -0.404708 0.881684
    outer loop
      vertex 1.09267 -1.63529 7.35835
      vertex 0.92712 -1.73452 7.35835
      vertex 1.11479 -2.08563 7.14555
    endloop
  endfacet
  facet normal 0.24257 -0.40471 0.881686
    outer loop
      vertex 1.31385 -1.96632 7.14555
      vertex 1.09267 -1.63529 7.35835
      vertex 1.11479 -2.08563 7.14555
    endloop
  endfacet
  facet normal 0.00481619 -0.0980221 0.995173
    outer loop
      vertex 0.0221233 -0.224624 7.79446
      vertex 0 -0.225711 7.79446
      vertex 0.0661573 -0.67171 7.75021
    endloop
  endfacet
  facet normal -0.16378 0.346299 0.923717
    outer loop
      vertex -0.593041 1.43173 7.5311
      vertex -0.752644 1.81704 7.35835
      vertex -0.73052 1.36671 7.5311
    endloop
  endfacet
  facet normal 0.0706249 -0.281892 0.956843
    outer loop
      vertex 0.324453 -1.06958 7.66214
      vertex 0.30233 -1.51992 7.5311
      vertex 0.449852 -1.48296 7.5311
    endloop
  endfacet
  facet normal 0.0426541 -0.287451 0.956845
    outer loop
      vertex 0.218054 -1.09623 7.66214
      vertex 0.109554 -1.11233 7.66214
      vertex 0.30233 -1.51992 7.5311
    endloop
  endfacet
  facet normal 0.100416 -0.167532 0.980739
    outer loop
      vertex 0.620965 -0.92934 7.66214
      vertex 0.374988 -0.561209 7.75021
      vertex 0.526884 -0.985731 7.66214
    endloop
  endfacet
  facet normal 0.149402 -0.249258 0.956843
    outer loop
      vertex 0.620965 -0.92934 7.66214
      vertex 0.526884 -0.985731 7.66214
      vertex 0.860963 -1.28852 7.5311
    endloop
  endfacet
  facet normal 0.124253 -0.262701 0.956843
    outer loop
      vertex 0.526884 -0.985731 7.66214
      vertex 0.427728 -1.03263 7.66214
      vertex 0.593041 -1.43173 7.5311
    endloop
  endfacet
  facet normal 0.0835126 -0.176566 0.98074
    outer loop
      vertex 0.526884 -0.985731 7.66214
      vertex 0.258296 -0.623582 7.75021
      vertex 0.427728 -1.03263 7.66214
    endloop
  endfacet
  facet normal -0.0692319 -0.466726 0.881688
    outer loop
      vertex -0.192775 -1.95728 7.35835
      vertex -0.383694 -1.92896 7.35835
      vertex -0.231797 -2.35349 7.14555
    endloop
  endfacet
  facet normal -0.0231507 -0.471265 0.881688
    outer loop
      vertex -0.192775 -1.95728 7.35835
      vertex -0.231797 -2.35349 7.14555
      vertex 0 -1.96675 7.35835
    endloop
  endfacet
  facet normal 0.031163 -0.634091 0.772631
    outer loop
      vertex 0 -2.74022 6.89475
      vertex 0 -3.08917 6.60837
      vertex 0.268588 -2.72702 6.89475
    endloop
  endfacet
  facet normal 0.0272944 -0.555374 0.831153
    outer loop
      vertex 0.231797 -2.35349 7.14555
      vertex 0 -2.74022 6.89475
      vertex 0.268588 -2.72702 6.89475
    endloop
  endfacet
  facet normal -0.154254 -0.615825 0.772635
    outer loop
      vertex -0.53459 -2.68756 6.89475
      vertex -0.896739 -2.95615 6.60837
      vertex -0.602667 -3.02981 6.60837
    endloop
  endfacet
  facet normal -0.0931677 -0.627976 0.772636
    outer loop
      vertex -0.53459 -2.68756 6.89475
      vertex -0.602667 -3.02981 6.60837
      vertex -0.302792 -3.0743 6.60837
    endloop
  endfacet
  facet normal -0.330663 -0.69913 0.633939
    outer loop
      vertex -1.30433 -3.14893 6.28917
      vertex -1.6067 -3.00592 6.28917
      vertex -1.41392 -3.41351 5.94022
    endloop
  endfacet
  facet normal -0.260536 -0.728177 0.63394
    outer loop
      vertex -1.30433 -3.14893 6.28917
      vertex -1.41392 -3.41351 5.94022
      vertex -0.989399 -3.26161 6.28917
    endloop
  endfacet
  facet normal -0.955884 -0.0469475 0.289967
    outer loop
      vertex -4.3311 0 4.74969
      vertex -4.44066 -0.437366 4.31771
      vertex -4.31025 -0.424521 4.74969
    endloop
  endfacet
  facet normal -0.955885 -0.0469456 0.289965
    outer loop
      vertex -4.3311 0 4.74969
      vertex -4.46214 0 4.31771
      vertex -4.44066 -0.437366 4.31771
    endloop
  endfacet
  facet normal -0.616323 -0.558579 0.5551
    outer loop
      vertex -2.61259 -2.61259 5.94022
      vertex -3.04995 -2.50303 5.56487
      vertex -2.78993 -2.78993 5.56487
    endloop
  endfacet
  facet normal -0.65365 -0.592409 0.47095
    outer loop
      vertex -2.78993 -2.78993 5.56487
      vertex -3.04995 -2.50303 5.56487
      vertex -2.9404 -2.9404 5.16675
    endloop
  endfacet
  facet normal -0.421471 -0.568293 0.706686
    outer loop
      vertex -1.95975 -2.38796 6.60837
      vertex -2.16225 -2.63471 6.28917
      vertex -1.89359 -2.83396 6.28917
    endloop
  endfacet
  facet normal -0.495508 -0.668087 0.555096
    outer loop
      vertex -2.0527 -3.07208 5.94022
      vertex -2.34393 -2.85608 5.94022
      vertex -2.19203 -3.28061 5.56487
    endloop
  endfacet
  facet normal -0.37818 -0.509922 0.772632
    outer loop
      vertex -1.52238 -2.27841 6.89475
      vertex -1.95975 -2.38796 6.60837
      vertex -1.71625 -2.56855 6.60837
    endloop
  endfacet
  facet normal -0.509917 -0.378182 0.772634
    outer loop
      vertex -2.27841 -1.52238 6.89475
      vertex -2.38796 -1.95975 6.60837
      vertex -2.11822 -1.73837 6.89475
    endloop
  endfacet
  facet normal -0.492017 -0.820876 0.289968
    outer loop
      vertex -2.04167 -3.81969 4.74969
      vertex -2.40623 -3.60118 4.74969
      vertex -2.10344 -3.93526 4.31771
    endloop
  endfacet
  facet normal -0.40918 -0.865153 0.289969
    outer loop
      vertex -2.04167 -3.81969 4.74969
      vertex -2.10344 -3.93526 4.31771
      vertex -1.70759 -4.12248 4.31771
    endloop
  endfacet
  facet normal -0.427563 -0.903986 0
    outer loop
      vertex -2.16581 -4.05195 3.2
      vertex -1.75822 -4.24473 3.42571
      vertex -2.16581 -4.05195 3.42571
    endloop
  endfacet
  facet normal -0.427563 -0.903986 -0
    outer loop
      vertex -1.75822 -4.24473 3.42571
      vertex -2.16581 -4.05195 3.2
      vertex -1.75822 -4.24473 3.2
    endloop
  endfacet
  facet normal -0.425509 -0.899643 0.0978969
    outer loop
      vertex -2.14495 -4.01293 3.87496
      vertex -2.16581 -4.05195 3.42571
      vertex -1.75822 -4.24473 3.42571
    endloop
  endfacet
  facet normal -0.658669 -0.726761 0.194868
    outer loop
      vertex -2.83075 -3.44928 4.31771
      vertex -3.21749 -3.21749 3.87496
      vertex -2.88662 -3.51736 3.87496
    endloop
  endfacet
  facet normal -0.668317 -0.737407 0.0978942
    outer loop
      vertex -2.88662 -3.51736 3.87496
      vertex -3.21749 -3.21749 3.87496
      vertex -2.91469 -3.55156 3.42571
    endloop
  endfacet
  facet normal -0.671556 -0.740954 0
    outer loop
      vertex -3.24877 -3.24877 3.2
      vertex -2.91469 -3.55156 3.42571
      vertex -3.24877 -3.24877 3.42571
    endloop
  endfacet
  facet normal -0.671556 -0.740954 -0
    outer loop
      vertex -2.91469 -3.55156 3.42571
      vertex -3.24877 -3.24877 3.2
      vertex -2.91469 -3.55156 3.2
    endloop
  endfacet
  facet normal -0.737407 -0.668317 0.0978942
    outer loop
      vertex -3.51736 -2.88662 3.87496
      vertex -3.55156 -2.91469 3.42571
      vertex -3.21749 -3.21749 3.87496
    endloop
  endfacet
  facet normal -0.726761 -0.658669 0.194868
    outer loop
      vertex -3.44928 -2.83075 4.31771
      vertex -3.51736 -2.88662 3.87496
      vertex -3.21749 -3.21749 3.87496
    endloop
  endfacet
  facet normal -0.606862 -0.363749 0.706687
    outer loop
      vertex -2.56855 -1.71625 6.60837
      vertex -3.00592 -1.6067 6.28917
      vertex -2.83396 -1.89359 6.28917
    endloop
  endfacet
  facet normal -0.66334 -0.397602 0.63395
    outer loop
      vertex -3.00592 -1.6067 6.28917
      vertex -3.07208 -2.0527 5.94022
      vertex -2.83396 -1.89359 6.28917
    endloop
  endfacet
  facet normal 0.427563 -0.903986 0
    outer loop
      vertex 1.75822 -4.24473 3.2
      vertex 2.16581 -4.05195 3.42571
      vertex 1.75822 -4.24473 3.42571
    endloop
  endfacet
  facet normal 0.427563 -0.903986 0
    outer loop
      vertex 2.16581 -4.05195 3.42571
      vertex 1.75822 -4.24473 3.2
      vertex 2.16581 -4.05195 3.2
    endloop
  endfacet
  facet normal 0.409192 -0.865151 0.289958
    outer loop
      vertex 2.04167 -3.81969 4.74969
      vertex 1.65744 -4.00142 4.74969
      vertex 1.70759 -4.12248 4.31771
    endloop
  endfacet
  facet normal 0.322416 -0.901095 0.289957
    outer loop
      vertex 1.65744 -4.00142 4.74969
      vertex 1.25725 -4.14461 4.74969
      vertex 1.70759 -4.12248 4.31771
    endloop
  endfacet
  facet normal 0.951439 -0.238303 0.194872
    outer loop
      vertex 4.3764 -0.870521 4.31771
      vertex 4.27001 -1.29529 4.31771
      vertex 4.46278 -0.887702 3.87496
    endloop
  endfacet
  facet normal 0.970213 -0.143916 0.194872
    outer loop
      vertex 4.5283 -0.445998 3.87496
      vertex 4.3764 -0.870521 4.31771
      vertex 4.46278 -0.887702 3.87496
    endloop
  endfacet
  facet normal -0.0469456 0.955885 0.289965
    outer loop
      vertex 0 4.46214 4.31771
      vertex -0.437366 4.44066 4.31771
      vertex 0 4.3311 4.74969
    endloop
  endfacet
  facet normal -0.143934 0.970214 0.194855
    outer loop
      vertex -0.445998 4.5283 3.87496
      vertex -0.870521 4.3764 4.31771
      vertex -0.437366 4.44066 4.31771
    endloop
  endfacet
  facet normal -0.113482 0.765011 0.63394
    outer loop
      vertex -0.362149 3.67696 5.94022
      vertex -0.664941 3.34288 6.28917
      vertex -0.334079 3.39196 6.28917
    endloop
  endfacet
  facet normal -0.0379429 0.772451 0.63394
    outer loop
      vertex 0 3.40837 6.28917
      vertex -0.362149 3.67696 5.94022
      vertex -0.334079 3.39196 6.28917
    endloop
  endfacet
  facet normal -0.238349 0.666166 0.706691
    outer loop
      vertex -0.989399 3.26161 6.28917
      vertex -1.30433 3.14893 6.28917
      vertex -1.18217 2.85402 6.60837
    endloop
  endfacet
  facet normal -0.260536 0.728177 0.63394
    outer loop
      vertex -0.989399 3.26161 6.28917
      vertex -1.41392 3.41351 5.94022
      vertex -1.30433 3.14893 6.28917
    endloop
  endfacet
  facet normal -0.395081 0.835317 0.382304
    outer loop
      vertex -1.65744 4.00142 4.74969
      vertex -2.04167 3.81969 4.74969
      vertex -1.59133 3.84181 5.16675
    endloop
  endfacet
  facet normal -0.409192 0.865151 0.289958
    outer loop
      vertex -1.70759 4.12248 4.31771
      vertex -2.04167 3.81969 4.74969
      vertex -1.65744 4.00142 4.74969
    endloop
  endfacet
  facet normal -0.2972 0.830589 0.47095
    outer loop
      vertex -1.14533 3.77566 5.56487
      vertex -1.59133 3.84181 5.16675
      vertex -1.5099 3.64521 5.56487
    endloop
  endfacet
  facet normal -0.297193 0.830596 0.470943
    outer loop
      vertex -1.2071 3.97929 5.16675
      vertex -1.59133 3.84181 5.16675
      vertex -1.14533 3.77566 5.56487
    endloop
  endfacet
  facet normal 0.830778 -0.0408159 0.555106
    outer loop
      vertex 3.94555 0 5.56487
      vertex 3.69475 0 5.94022
      vertex 3.92655 -0.386731 5.56487
    endloop
  endfacet
  facet normal 0.88109 -0.0432877 0.470964
    outer loop
      vertex 3.94555 0 5.56487
      vertex 3.92655 -0.386731 5.56487
      vertex 4.13833 -0.407589 5.16675
    endloop
  endfacet
  facet normal 0.765008 0.113473 0.633945
    outer loop
      vertex 3.62376 0.72081 5.94022
      vertex 3.34288 0.664941 6.28917
      vertex 3.67696 0.362149 5.94022
    endloop
  endfacet
  facet normal 0.806854 0.202103 0.555104
    outer loop
      vertex 3.86974 0.769738 5.56487
      vertex 3.53566 1.07253 5.94022
      vertex 3.62376 0.72081 5.94022
    endloop
  endfacet
  facet normal 0.686326 0.171913 0.706685
    outer loop
      vertex 3.34288 0.664941 6.28917
      vertex 2.95615 0.896739 6.60837
      vertex 3.02981 0.602667 6.60837
    endloop
  endfacet
  facet normal 0.699868 0.103834 0.706685
    outer loop
      vertex 3.34288 0.664941 6.28917
      vertex 3.02981 0.602667 6.60837
      vertex 3.0743 0.302792 6.60837
    endloop
  endfacet
  facet normal 0.140437 -0.946678 0.289961
    outer loop
      vertex 0.844955 -4.24788 4.74969
      vertex 0.424521 -4.31025 4.74969
      vertex 0.870521 -4.3764 4.31771
    endloop
  endfacet
  facet normal 0.135595 -0.91404 0.382289
    outer loop
      vertex 0.844955 -4.24788 4.74969
      vertex 0.407589 -4.13833 5.16675
      vertex 0.424521 -4.31025 4.74969
    endloop
  endfacet
  facet normal 0.237748 -0.502648 0.831156
    outer loop
      vertex 1.11479 -2.08563 7.14555
      vertex 0.904997 -2.18486 7.14555
      vertex 1.04864 -2.53163 6.89475
    endloop
  endfacet
  facet normal 0.187314 -0.523539 0.831156
    outer loop
      vertex 0.904997 -2.18486 7.14555
      vertex 0.795443 -2.62222 6.89475
      vertex 1.04864 -2.53163 6.89475
    endloop
  endfacet
  facet normal 0.16378 -0.346299 0.923717
    outer loop
      vertex 0.73052 -1.36671 7.5311
      vertex 0.593041 -1.43173 7.5311
      vertex 0.752644 -1.81704 7.35835
    endloop
  endfacet
  facet normal 0.129046 -0.360686 0.923717
    outer loop
      vertex 0.593041 -1.43173 7.5311
      vertex 0.449852 -1.48296 7.5311
      vertex 0.752644 -1.81704 7.35835
    endloop
  endfacet
  facet normal 0.0347048 -0.706681 0.706681
    outer loop
      vertex 0 -3.08917 6.60837
      vertex 0 -3.40837 6.28917
      vertex 0.302792 -3.0743 6.60837
    endloop
  endfacet
  facet normal -0.0347048 -0.706681 0.706681
    outer loop
      vertex 0 -3.08917 6.60837
      vertex -0.302792 -3.0743 6.60837
      vertex 0 -3.40837 6.28917
    endloop
  endfacet
  facet normal 0.523539 0.187314 0.831156
    outer loop
      vertex 2.62222 0.795443 6.89475
      vertex 2.18486 0.904997 7.14555
      vertex 2.26304 0.686486 7.14555
    endloop
  endfacet
  facet normal 0.457695 0.114653 0.881686
    outer loop
      vertex 2.26304 0.686486 7.14555
      vertex 1.88206 0.570918 7.35835
      vertex 1.92896 0.383694 7.35835
    endloop
  endfacet
  facet normal 0.476936 0.285852 0.831156
    outer loop
      vertex 2.27841 1.52238 6.89475
      vertex 2.08563 1.11479 7.14555
      vertex 2.41665 1.29173 6.89475
    endloop
  endfacet
  facet normal 0.502648 0.237749 0.831156
    outer loop
      vertex 2.41665 1.29173 6.89475
      vertex 2.08563 1.11479 7.14555
      vertex 2.53163 1.04864 6.89475
    endloop
  endfacet
  facet normal 0.42653 0.201745 0.881686
    outer loop
      vertex 2.08563 1.11479 7.14555
      vertex 1.81704 0.752644 7.35835
      vertex 2.18486 0.904997 7.14555
    endloop
  endfacet
  facet normal 0.444256 0.158951 0.881687
    outer loop
      vertex 2.18486 0.904997 7.14555
      vertex 1.81704 0.752644 7.35835
      vertex 1.88206 0.570918 7.35835
    endloop
  endfacet
  facet normal 0.28384 0.257264 0.923715
    outer loop
      vertex 1.3907 1.3907 7.35835
      vertex 1.0958 1.0958 7.5311
      vertex 1.52032 1.24769 7.35835
    endloop
  endfacet
  facet normal 0.257255 0.283844 0.923717
    outer loop
      vertex 1.24769 1.52032 7.35835
      vertex 0.983114 1.19793 7.5311
      vertex 1.0958 1.0958 7.5311
    endloop
  endfacet
  facet normal 0.0951995 0.0238458 0.995173
    outer loop
      vertex 0.645896 0.19593 7.75021
      vertex 0.215992 0.0655203 7.79446
      vertex 0.66199 0.131678 7.75021
    endloop
  endfacet
  facet normal 0.0951995 0.0238461 0.995173
    outer loop
      vertex 0.66199 0.131678 7.75021
      vertex 0.215992 0.0655203 7.79446
      vertex 0.221374 0.044034 7.79446
    endloop
  endfacet
  facet normal 0.0887177 0.0419608 0.995173
    outer loop
      vertex 0.595262 0.318173 7.75021
      vertex 0.199059 0.1064 7.79446
      vertex 0.623582 0.258296 7.75021
    endloop
  endfacet
  facet normal 0.176567 0.083511 0.980739
    outer loop
      vertex 0.985731 0.526884 7.66214
      vertex 0.595262 0.318173 7.75021
      vertex 0.623582 0.258296 7.75021
    endloop
  endfacet
  facet normal 0.0504543 0.0841777 0.995173
    outer loop
      vertex 0.374988 0.561209 7.75021
      vertex 0.1064 0.199059 7.79446
      vertex 0.125398 0.187672 7.79446
    endloop
  endfacet
  facet normal -0.0727179 0.0659068 0.995173
    outer loop
      vertex -0.477268 0.477268 7.75021
      vertex -0.52175 0.428189 7.75021
      vertex -0.174477 0.143189 7.79446
    endloop
  endfacet
  facet normal 0.0659068 0.0727179 0.995173
    outer loop
      vertex 0.428189 0.52175 7.75021
      vertex 0.143189 0.174477 7.79446
      vertex 0.477268 0.477268 7.75021
    endloop
  endfacet
  facet normal 0.156879 0.116357 0.98074
    outer loop
      vertex 0.864 0.709066 7.66214
      vertex 0.52175 0.428189 7.75021
      vertex 0.561209 0.374988 7.75021
    endloop
  endfacet
  facet normal 0.156884 0.116352 0.980739
    outer loop
      vertex 0.864 0.709066 7.66214
      vertex 0.561209 0.374988 7.75021
      vertex 0.92934 0.620965 7.66214
    endloop
  endfacet
  facet normal 0.195154 0.215325 0.956844
    outer loop
      vertex 0.983114 1.19793 7.5311
      vertex 0.709066 0.864 7.66214
      vertex 1.0958 1.0958 7.5311
    endloop
  endfacet
  facet normal 0.173108 0.233417 0.956844
    outer loop
      vertex 0.860963 1.28852 7.5311
      vertex 0.709066 0.864 7.66214
      vertex 0.983114 1.19793 7.5311
    endloop
  endfacet
  facet normal 0.0657976 0.183904 0.98074
    outer loop
      vertex 0.324453 1.06958 7.66214
      vertex 0.258296 0.623582 7.75021
      vertex 0.427728 1.03263 7.66214
    endloop
  endfacet
  facet normal 0.149407 0.249253 0.956844
    outer loop
      vertex 0.73052 1.36671 7.5311
      vertex 0.526884 0.985731 7.66214
      vertex 0.860963 1.28852 7.5311
    endloop
  endfacet
  facet normal -0.0142552 0.290256 0.956843
    outer loop
      vertex 0 1.54969 7.5311
      vertex -0.151896 1.54223 7.5311
      vertex -0.109554 1.11233 7.66214
    endloop
  endfacet
  facet normal 0.114653 0.457695 0.881686
    outer loop
      vertex 0.686486 2.26304 7.14555
      vertex 0.383694 1.92896 7.35835
      vertex 0.570918 1.88206 7.35835
    endloop
  endfacet
  facet normal -0.00958356 0.195084 0.98074
    outer loop
      vertex 0 0.67496 7.75021
      vertex -0.109554 1.11233 7.66214
      vertex -0.0661573 0.67171 7.75021
    endloop
  endfacet
  facet normal 0.00958026 0.195085 0.98074
    outer loop
      vertex 0 1.11771 7.66214
      vertex 0 0.67496 7.75021
      vertex 0.109554 1.11233 7.66214
    endloop
  endfacet
  facet normal -0.0835126 0.176566 0.98074
    outer loop
      vertex -0.427728 1.03263 7.66214
      vertex -0.526884 0.985731 7.66214
      vertex -0.258296 0.623582 7.75021
    endloop
  endfacet
  facet normal -0.100416 0.167532 0.980739
    outer loop
      vertex -0.526884 0.985731 7.66214
      vertex -0.620965 0.92934 7.66214
      vertex -0.374988 0.561209 7.75021
    endloop
  endfacet
  facet normal 0.0706249 0.281892 0.956843
    outer loop
      vertex 0.449852 1.48296 7.5311
      vertex 0.30233 1.51992 7.5311
      vertex 0.324453 1.06958 7.66214
    endloop
  endfacet
  facet normal 0.0474564 0.189468 0.980739
    outer loop
      vertex 0.218054 1.09623 7.66214
      vertex 0.19593 0.645896 7.75021
      vertex 0.324453 1.06958 7.66214
    endloop
  endfacet
  facet normal 0.0924017 -0.0330663 0.995173
    outer loop
      vertex 0.215992 -0.0655203 7.79446
      vertex 0.208529 -0.0863752 7.79446
      vertex 0.623582 -0.258296 7.75021
    endloop
  endfacet
  facet normal -0.0584646 -0.0788255 0.995173
    outer loop
      vertex -0.143189 -0.174477 7.79446
      vertex -0.428189 -0.52175 7.75021
      vertex -0.374988 -0.561209 7.75021
    endloop
  endfacet
  facet normal -0.173108 0.233417 0.956844
    outer loop
      vertex -0.860963 1.28852 7.5311
      vertex -0.983114 1.19793 7.5311
      vertex -0.709066 0.864 7.66214
    endloop
  endfacet
  facet normal -0.0951995 -0.0238458 0.995173
    outer loop
      vertex -0.215992 -0.0655203 7.79446
      vertex -0.66199 -0.131678 7.75021
      vertex -0.645896 -0.19593 7.75021
    endloop
  endfacet
  facet normal -0.092404 -0.0330613 0.995173
    outer loop
      vertex -0.215992 -0.0655203 7.79446
      vertex -0.645896 -0.19593 7.75021
      vertex -0.623582 -0.258296 7.75021
    endloop
  endfacet
  facet normal 0.113482 0.765011 0.63394
    outer loop
      vertex 0.362149 3.67696 5.94022
      vertex 0.334079 3.39196 6.28917
      vertex 0.664941 3.34288 6.28917
    endloop
  endfacet
  facet normal 0.260536 0.728177 0.63394
    outer loop
      vertex 1.41392 3.41351 5.94022
      vertex 0.989399 3.26161 6.28917
      vertex 1.30433 3.14893 6.28917
    endloop
  endfacet
  facet normal 0.201745 0.42653 0.881686
    outer loop
      vertex 0.904997 2.18486 7.14555
      vertex 0.752644 1.81704 7.35835
      vertex 1.11479 2.08563 7.14555
    endloop
  endfacet
  facet normal 0.237749 0.502648 0.831156
    outer loop
      vertex 1.29173 2.41665 6.89475
      vertex 1.04864 2.53163 6.89475
      vertex 1.11479 2.08563 7.14555
    endloop
  endfacet
  facet normal 0.0931677 0.627976 0.772636
    outer loop
      vertex 0.602667 3.02981 6.60837
      vertex 0.302792 3.0743 6.60837
      vertex 0.53459 2.68756 6.89475
    endloop
  endfacet
  facet normal 0.0931564 0.627973 0.77264
    outer loop
      vertex 0.302792 3.0743 6.60837
      vertex 0.268588 2.72702 6.89475
      vertex 0.53459 2.68756 6.89475
    endloop
  endfacet
  facet normal -0.031163 0.634091 0.772631
    outer loop
      vertex 0 3.08917 6.60837
      vertex -0.268588 2.72702 6.89475
      vertex 0 2.74022 6.89475
    endloop
  endfacet
  facet normal -0.0311395 0.634081 0.77264
    outer loop
      vertex 0 3.08917 6.60837
      vertex -0.302792 3.0743 6.60837
      vertex -0.268588 2.72702 6.89475
    endloop
  endfacet
  facet normal 0.326387 0.544529 0.772632
    outer loop
      vertex 1.71625 2.56855 6.60837
      vertex 1.45622 2.72441 6.60837
      vertex 1.52238 2.27841 6.89475
    endloop
  endfacet
  facet normal 0.326364 0.544531 0.77264
    outer loop
      vertex 1.45622 2.72441 6.60837
      vertex 1.29173 2.41665 6.89475
      vertex 1.52238 2.27841 6.89475
    endloop
  endfacet
  facet normal -0.750202 0.187913 0.633945
    outer loop
      vertex -3.53566 1.07253 5.94022
      vertex -3.62376 0.72081 5.94022
      vertex -3.34288 0.664941 6.28917
    endloop
  endfacet
  facet normal -0.765008 0.113473 0.633945
    outer loop
      vertex -3.62376 0.72081 5.94022
      vertex -3.67696 0.362149 5.94022
      vertex -3.34288 0.664941 6.28917
    endloop
  endfacet
  facet normal -0.708553 0.525497 0.470961
    outer loop
      vertex -3.21445 2.63803 5.16675
      vertex -3.45754 2.31026 5.16675
      vertex -3.04995 2.50303 5.56487
    endloop
  endfacet
  facet normal -0.830589 0.2972 0.47095
    outer loop
      vertex -3.64521 1.5099 5.56487
      vertex -3.84181 1.59133 5.16675
      vertex -3.77566 1.14533 5.56487
    endloop
  endfacet
  facet normal -0.78316 0.280216 0.555103
    outer loop
      vertex -3.41351 1.41392 5.94022
      vertex -3.77566 1.14533 5.56487
      vertex -3.53566 1.07253 5.94022
    endloop
  endfacet
  facet normal -0.666166 0.238349 0.706691
    outer loop
      vertex -3.14893 1.30433 6.28917
      vertex -3.26161 0.989399 6.28917
      vertex -2.85402 1.18217 6.60837
    endloop
  endfacet
  facet normal -0.756654 0.453523 0.470949
    outer loop
      vertex -3.28061 2.19203 5.56487
      vertex -3.66734 1.96023 5.16675
      vertex -3.47967 1.85992 5.56487
    endloop
  endfacet
  facet normal -0.653635 0.592416 0.470961
    outer loop
      vertex -2.9404 2.9404 5.16675
      vertex -3.21445 2.63803 5.16675
      vertex -3.04995 2.50303 5.56487
    endloop
  endfacet
  facet normal -0.555374 0.0272944 0.831153
    outer loop
      vertex -2.72702 0.268588 6.89475
      vertex -2.74022 0 6.89475
      vertex -2.35349 0.231797 7.14555
    endloop
  endfacet
  facet normal -0.550026 0.0815934 0.831152
    outer loop
      vertex -2.68756 0.53459 6.89475
      vertex -2.72702 0.268588 6.89475
      vertex -2.35349 0.231797 7.14555
    endloop
  endfacet
  facet normal -0.555374 -0.0272944 0.831153
    outer loop
      vertex -2.35349 -0.231797 7.14555
      vertex -2.74022 0 6.89475
      vertex -2.72702 -0.268588 6.89475
    endloop
  endfacet
  facet normal -0.550026 -0.0815934 0.831152
    outer loop
      vertex -2.35349 -0.231797 7.14555
      vertex -2.72702 -0.268588 6.89475
      vertex -2.68756 -0.53459 6.89475
    endloop
  endfacet
  facet normal -0.502648 0.237748 0.831156
    outer loop
      vertex -2.08563 1.11479 7.14555
      vertex -2.53163 1.04864 6.89475
      vertex -2.18486 0.904997 7.14555
    endloop
  endfacet
  facet normal -0.550018 0.0816045 0.831156
    outer loop
      vertex -2.31943 0.461363 7.14555
      vertex -2.68756 0.53459 6.89475
      vertex -2.35349 0.231797 7.14555
    endloop
  endfacet
  facet normal -0.281891 0.070606 0.956845
    outer loop
      vertex -1.06958 0.324453 7.66214
      vertex -1.51992 0.30233 7.5311
      vertex -1.09623 0.218054 7.66214
    endloop
  endfacet
  facet normal -0.281892 0.0706249 0.956843
    outer loop
      vertex -1.48296 0.449852 7.5311
      vertex -1.51992 0.30233 7.5311
      vertex -1.06958 0.324453 7.66214
    endloop
  endfacet
  facet normal -0.0841782 -0.0504536 0.995173
    outer loop
      vertex -0.199059 -0.1064 7.79446
      vertex -0.595262 -0.318173 7.75021
      vertex -0.561209 -0.374988 7.75021
    endloop
  endfacet
  facet normal 0.0788265 -0.058463 0.995173
    outer loop
      vertex 0.187672 -0.125398 7.79446
      vertex 0.174477 -0.143189 7.79446
      vertex 0.561209 -0.374988 7.75021
    endloop
  endfacet
  facet normal -0.233415 0.173112 0.956843
    outer loop
      vertex -0.864 0.709066 7.66214
      vertex -1.28852 0.860963 7.5311
      vertex -0.92934 0.620965 7.66214
    endloop
  endfacet
  facet normal -0.156884 0.116352 0.980739
    outer loop
      vertex -0.864 0.709066 7.66214
      vertex -0.92934 0.620965 7.66214
      vertex -0.561209 0.374988 7.75021
    endloop
  endfacet
  facet normal -0.0504543 -0.0841777 0.995173
    outer loop
      vertex -0.125398 -0.187672 7.79446
      vertex -0.374988 -0.561209 7.75021
      vertex -0.1064 -0.199059 7.79446
    endloop
  endfacet
  facet normal -0.0330613 -0.092404 0.995173
    outer loop
      vertex -0.0655203 -0.215992 7.79446
      vertex -0.258296 -0.623582 7.75021
      vertex -0.19593 -0.645896 7.75021
    endloop
  endfacet
  facet normal -0.346299 0.16378 0.923717
    outer loop
      vertex -1.36671 0.73052 7.5311
      vertex -1.81704 0.752644 7.35835
      vertex -1.43173 0.593041 7.5311
    endloop
  endfacet
  facet normal -0.262703 0.124244 0.956844
    outer loop
      vertex -1.36671 0.73052 7.5311
      vertex -1.43173 0.593041 7.5311
      vertex -0.985731 0.526884 7.66214
    endloop
  endfacet
  facet normal -0.176567 0.083511 0.980739
    outer loop
      vertex -0.595262 0.318173 7.75021
      vertex -0.985731 0.526884 7.66214
      vertex -0.623582 0.258296 7.75021
    endloop
  endfacet
  facet normal -0.0887177 0.0419608 0.995173
    outer loop
      vertex -0.595262 0.318173 7.75021
      vertex -0.623582 0.258296 7.75021
      vertex -0.199059 0.1064 7.79446
    endloop
  endfacet
  facet normal -0.328573 0.196945 0.923716
    outer loop
      vertex -1.63529 1.09267 7.35835
      vertex -1.73452 0.92712 7.35835
      vertex -1.36671 0.73052 7.5311
    endloop
  endfacet
  facet normal -0.444258 0.158949 0.881686
    outer loop
      vertex -2.18486 0.904997 7.14555
      vertex -2.26304 0.686486 7.14555
      vertex -1.88206 0.570918 7.35835
    endloop
  endfacet
  facet normal -0.378984 0.281072 0.881686
    outer loop
      vertex -1.82807 1.50026 7.14555
      vertex -1.96632 1.31385 7.14555
      vertex -1.52032 1.24769 7.35835
    endloop
  endfacet
  facet normal -0.378984 0.281072 0.881686
    outer loop
      vertex -1.52032 1.24769 7.35835
      vertex -1.96632 1.31385 7.14555
      vertex -1.63529 1.09267 7.35835
    endloop
  endfacet
  facet normal -0.215325 0.195154 0.956844
    outer loop
      vertex -1.0958 1.0958 7.5311
      vertex -1.19793 0.983114 7.5311
      vertex -0.864 0.709066 7.66214
    endloop
  endfacet
  facet normal -0.233417 0.173108 0.956844
    outer loop
      vertex -1.19793 0.983114 7.5311
      vertex -1.28852 0.860963 7.5311
      vertex -0.864 0.709066 7.66214
    endloop
  endfacet
  facet normal -0.316866 0.349599 0.881689
    outer loop
      vertex -1.24769 1.52032 7.35835
      vertex -1.67222 1.67222 7.14555
      vertex -1.3907 1.3907 7.35835
    endloop
  endfacet
  facet normal -0.257255 0.283844 0.923717
    outer loop
      vertex -0.983114 1.19793 7.5311
      vertex -1.24769 1.52032 7.35835
      vertex -1.0958 1.0958 7.5311
    endloop
  endfacet
  facet normal -0.0272944 0.555374 0.831153
    outer loop
      vertex 0 2.74022 6.89475
      vertex -0.268588 2.72702 6.89475
      vertex -0.231797 2.35349 7.14555
    endloop
  endfacet
  facet normal -0.0815934 0.550026 0.831152
    outer loop
      vertex -0.268588 2.72702 6.89475
      vertex -0.53459 2.68756 6.89475
      vertex -0.231797 2.35349 7.14555
    endloop
  endfacet
  facet normal -0.187314 0.523539 0.831156
    outer loop
      vertex -0.795443 2.62222 6.89475
      vertex -1.04864 2.53163 6.89475
      vertex -0.904997 2.18486 7.14555
    endloop
  endfacet
  facet normal -0.213865 0.597749 0.77263
    outer loop
      vertex -0.795443 2.62222 6.89475
      vertex -1.18217 2.85402 6.60837
      vertex -1.04864 2.53163 6.89475
    endloop
  endfacet
  facet normal -0.331229 0.446615 0.831157
    outer loop
      vertex -1.31385 1.96632 7.14555
      vertex -1.73837 2.11822 6.89475
      vertex -1.50026 1.82807 7.14555
    endloop
  endfacet
  facet normal -0.331231 0.446611 0.831158
    outer loop
      vertex -1.52238 2.27841 6.89475
      vertex -1.73837 2.11822 6.89475
      vertex -1.31385 1.96632 7.14555
    endloop
  endfacet
  facet normal 0.639603 0.302496 0.706686
    outer loop
      vertex 3.00592 1.6067 6.28917
      vertex 2.72441 1.45622 6.60837
      vertex 2.85402 1.18217 6.60837
    endloop
  endfacet
  facet normal 0.606862 0.363748 0.706687
    outer loop
      vertex 3.00592 1.6067 6.28917
      vertex 2.56855 1.71625 6.60837
      vertex 2.72441 1.45622 6.60837
    endloop
  endfacet
  facet normal 0.70855 0.525512 0.470951
    outer loop
      vertex 3.45754 2.31026 5.16675
      vertex 3.04995 2.50303 5.56487
      vertex 3.28061 2.19203 5.56487
    endloop
  endfacet
  facet normal 0.668088 0.495502 0.5551
    outer loop
      vertex 3.04995 2.50303 5.56487
      vertex 2.85608 2.34393 5.94022
      vertex 3.28061 2.19203 5.56487
    endloop
  endfacet
  facet normal 0.737407 0.668317 0.0978942
    outer loop
      vertex 3.55156 2.91469 3.42571
      vertex 3.21749 3.21749 3.87496
      vertex 3.51736 2.88662 3.87496
    endloop
  endfacet
  facet normal 0.671556 0.740954 -0
    outer loop
      vertex 3.24877 3.24877 3.2
      vertex 2.91469 3.55156 3.42571
      vertex 3.24877 3.24877 3.42571
    endloop
  endfacet
  facet normal 0.671556 0.740954 0
    outer loop
      vertex 2.91469 3.55156 3.42571
      vertex 3.24877 3.24877 3.2
      vertex 2.91469 3.55156 3.2
    endloop
  endfacet
  facet normal 0.737396 0.668332 0.0978768
    outer loop
      vertex 3.24877 3.24877 3.42571
      vertex 3.21749 3.21749 3.87496
      vertex 3.55156 2.91469 3.42571
    endloop
  endfacet
  facet normal 0.427563 0.903986 -0
    outer loop
      vertex 2.16581 4.05195 3.2
      vertex 1.75822 4.24473 3.42571
      vertex 2.16581 4.05195 3.42571
    endloop
  endfacet
  facet normal 0.427563 0.903986 0
    outer loop
      vertex 1.75822 4.24473 3.42571
      vertex 2.16581 4.05195 3.2
      vertex 1.75822 4.24473 3.2
    endloop
  endfacet
  facet normal -0.495502 0.668088 0.5551
    outer loop
      vertex -2.19203 3.28061 5.56487
      vertex -2.50303 3.04995 5.56487
      vertex -2.34393 2.85608 5.94022
    endloop
  endfacet
  facet normal -0.55858 0.616322 0.555099
    outer loop
      vertex -2.50303 3.04995 5.56487
      vertex -2.61259 2.61259 5.94022
      vertex -2.34393 2.85608 5.94022
    endloop
  endfacet
  facet normal -0.311298 0.870021 0.382305
    outer loop
      vertex -1.25725 4.14461 4.74969
      vertex -1.65744 4.00142 4.74969
      vertex -1.59133 3.84181 5.16675
    endloop
  endfacet
  facet normal -0.311299 0.870021 0.382304
    outer loop
      vertex -1.25725 4.14461 4.74969
      vertex -1.59133 3.84181 5.16675
      vertex -1.2071 3.97929 5.16675
    endloop
  endfacet
  facet normal -0.592838 0.79935 0.0978936
    outer loop
      vertex -2.52796 3.78336 3.87496
      vertex -2.91469 3.55156 3.42571
      vertex -2.88662 3.51736 3.87496
    endloop
  endfacet
  facet normal -0.59284 0.799348 0.0978965
    outer loop
      vertex -2.55254 3.82015 3.42571
      vertex -2.91469 3.55156 3.42571
      vertex -2.52796 3.78336 3.87496
    endloop
  endfacet
  facet normal -0.116357 -0.156879 0.98074
    outer loop
      vertex -0.428189 -0.52175 7.75021
      vertex -0.709066 -0.864 7.66214
      vertex -0.374988 -0.561209 7.75021
    endloop
  endfacet
  facet normal -0.131168 -0.144723 0.98074
    outer loop
      vertex -0.428189 -0.52175 7.75021
      vertex -0.790339 -0.790339 7.66214
      vertex -0.709066 -0.864 7.66214
    endloop
  endfacet
  facet normal -0.158951 -0.444256 0.881687
    outer loop
      vertex -0.752644 -1.81704 7.35835
      vertex -0.904997 -2.18486 7.14555
      vertex -0.570918 -1.88206 7.35835
    endloop
  endfacet
  facet normal -0.0835126 -0.176566 0.98074
    outer loop
      vertex -0.258296 -0.623582 7.75021
      vertex -0.526884 -0.985731 7.66214
      vertex -0.427728 -1.03263 7.66214
    endloop
  endfacet
  facet normal 0.0419608 0.0887177 0.995173
    outer loop
      vertex 0.258296 0.623582 7.75021
      vertex 0.1064 0.199059 7.79446
      vertex 0.318173 0.595262 7.75021
    endloop
  endfacet
  facet normal 0.0727149 0.0659095 0.995173
    outer loop
      vertex 0.477268 0.477268 7.75021
      vertex 0.159601 0.159601 7.79446
      vertex 0.174477 0.143189 7.79446
    endloop
  endfacet
  facet normal -0.0841777 -0.0504543 0.995173
    outer loop
      vertex -0.199059 -0.1064 7.79446
      vertex -0.561209 -0.374988 7.75021
      vertex -0.187672 -0.125398 7.79446
    endloop
  endfacet
  facet normal -0.176566 -0.0835126 0.98074
    outer loop
      vertex -0.623582 -0.258296 7.75021
      vertex -1.03263 -0.427728 7.66214
      vertex -0.985731 -0.526884 7.66214
    endloop
  endfacet
  facet normal -0.183904 -0.0657976 0.98074
    outer loop
      vertex -0.623582 -0.258296 7.75021
      vertex -1.06958 -0.324453 7.66214
      vertex -1.03263 -0.427728 7.66214
    endloop
  endfacet
  facet normal -0.346299 -0.16378 0.923717
    outer loop
      vertex -1.43173 -0.593041 7.5311
      vertex -1.81704 -0.752644 7.35835
      vertex -1.36671 -0.73052 7.5311
    endloop
  endfacet
  facet normal -0.346298 -0.163785 0.923716
    outer loop
      vertex -1.36671 -0.73052 7.5311
      vertex -1.81704 -0.752644 7.35835
      vertex -1.73452 -0.92712 7.35835
    endloop
  endfacet
  facet normal -0.233415 -0.173112 0.956843
    outer loop
      vertex -0.92934 -0.620965 7.66214
      vertex -1.28852 -0.860963 7.5311
      vertex -0.864 -0.709066 7.66214
    endloop
  endfacet
  facet normal -0.156884 -0.116352 0.980739
    outer loop
      vertex -0.561209 -0.374988 7.75021
      vertex -0.92934 -0.620965 7.66214
      vertex -0.864 -0.709066 7.66214
    endloop
  endfacet
  facet normal -0.176567 -0.083511 0.980739
    outer loop
      vertex -0.623582 -0.258296 7.75021
      vertex -0.985731 -0.526884 7.66214
      vertex -0.595262 -0.318173 7.75021
    endloop
  endfacet
  facet normal -0.167533 -0.100413 0.980739
    outer loop
      vertex -0.595262 -0.318173 7.75021
      vertex -0.985731 -0.526884 7.66214
      vertex -0.561209 -0.374988 7.75021
    endloop
  endfacet
  facet normal -0.058463 -0.0788265 0.995173
    outer loop
      vertex -0.143189 -0.174477 7.79446
      vertex -0.374988 -0.561209 7.75021
      vertex -0.125398 -0.187672 7.79446
    endloop
  endfacet
  facet normal -0.606862 -0.363748 0.706687
    outer loop
      vertex -2.72441 -1.45622 6.60837
      vertex -3.00592 -1.6067 6.28917
      vertex -2.56855 -1.71625 6.60837
    endloop
  endfacet
  facet normal -0.544529 -0.326387 0.772632
    outer loop
      vertex -2.27841 -1.52238 6.89475
      vertex -2.72441 -1.45622 6.60837
      vertex -2.56855 -1.71625 6.60837
    endloop
  endfacet
  facet normal -0.404708 -0.242581 0.881684
    outer loop
      vertex -1.73452 -0.92712 7.35835
      vertex -2.08563 -1.11479 7.14555
      vertex -1.63529 -1.09267 7.35835
    endloop
  endfacet
  facet normal -0.475155 -0.524236 0.706686
    outer loop
      vertex -1.95975 -2.38796 6.60837
      vertex -2.18437 -2.18437 6.60837
      vertex -2.16225 -2.63471 6.28917
    endloop
  endfacet
  facet normal -0.470379 -0.426351 0.772638
    outer loop
      vertex -2.11822 -1.73837 6.89475
      vertex -2.18437 -2.18437 6.60837
      vertex -1.93762 -1.93762 6.89475
    endloop
  endfacet
  facet normal -0.411995 -0.373432 0.831149
    outer loop
      vertex -1.67222 -1.67222 7.14555
      vertex -2.11822 -1.73837 6.89475
      vertex -1.93762 -1.93762 6.89475
    endloop
  endfacet
  facet normal -0.070606 -0.281891 0.956845
    outer loop
      vertex -0.218054 -1.09623 7.66214
      vertex -0.324453 -1.06958 7.66214
      vertex -0.30233 -1.51992 7.5311
    endloop
  endfacet
  facet normal -0.00958356 -0.195084 0.98074
    outer loop
      vertex -0.0661573 -0.67171 7.75021
      vertex -0.109554 -1.11233 7.66214
      vertex 0 -0.67496 7.75021
    endloop
  endfacet
  facet normal -0.0474583 -0.189468 0.980739
    outer loop
      vertex -0.19593 -0.645896 7.75021
      vertex -0.218054 -1.09623 7.66214
      vertex -0.131678 -0.66199 7.75021
    endloop
  endfacet
  facet normal -0.0657991 -0.183904 0.980739
    outer loop
      vertex -0.258296 -0.623582 7.75021
      vertex -0.324453 -1.06958 7.66214
      vertex -0.19593 -0.645896 7.75021
    endloop
  endfacet
  facet normal -0.0930848 -0.371593 0.923717
    outer loop
      vertex -0.449852 -1.48296 7.5311
      vertex -0.570918 -1.88206 7.35835
      vertex -0.383694 -1.92896 7.35835
    endloop
  endfacet
  facet normal -0.124253 -0.262701 0.956843
    outer loop
      vertex -0.526884 -0.985731 7.66214
      vertex -0.593041 -1.43173 7.5311
      vertex -0.427728 -1.03263 7.66214
    endloop
  endfacet
  facet normal -0.201736 -0.42654 0.881684
    outer loop
      vertex -0.92712 -1.73452 7.35835
      vertex -1.11479 -2.08563 7.14555
      vertex -0.752644 -1.81704 7.35835
    endloop
  endfacet
  facet normal -0.163785 -0.346298 0.923716
    outer loop
      vertex -0.73052 -1.36671 7.5311
      vertex -0.92712 -1.73452 7.35835
      vertex -0.752644 -1.81704 7.35835
    endloop
  endfacet
  facet normal -0.283844 -0.257255 0.923717
    outer loop
      vertex -1.19793 -0.983114 7.5311
      vertex -1.52032 -1.24769 7.35835
      vertex -1.0958 -1.0958 7.5311
    endloop
  endfacet
  facet normal -0.215325 -0.195154 0.956844
    outer loop
      vertex -0.864 -0.709066 7.66214
      vertex -1.19793 -0.983114 7.5311
      vertex -1.0958 -1.0958 7.5311
    endloop
  endfacet
  facet normal -0.47693 -0.285856 0.831158
    outer loop
      vertex -2.08563 -1.11479 7.14555
      vertex -2.27841 -1.52238 6.89475
      vertex -1.96632 -1.31385 7.14555
    endloop
  endfacet
  facet normal -0.446611 -0.331231 0.831158
    outer loop
      vertex -1.96632 -1.31385 7.14555
      vertex -2.27841 -1.52238 6.89475
      vertex -2.11822 -1.73837 6.89475
    endloop
  endfacet
  facet normal -0.331229 -0.446615 0.831157
    outer loop
      vertex -1.50026 -1.82807 7.14555
      vertex -1.73837 -2.11822 6.89475
      vertex -1.31385 -1.96632 7.14555
    endloop
  endfacet
  facet normal -0.373405 -0.412003 0.831157
    outer loop
      vertex -1.67222 -1.67222 7.14555
      vertex -1.73837 -2.11822 6.89475
      vertex -1.50026 -1.82807 7.14555
    endloop
  endfacet
  facet normal -0.237748 -0.502648 0.831156
    outer loop
      vertex -0.904997 -2.18486 7.14555
      vertex -1.11479 -2.08563 7.14555
      vertex -1.04864 -2.53163 6.89475
    endloop
  endfacet
  facet normal -0.187314 -0.523539 0.831156
    outer loop
      vertex -0.904997 -2.18486 7.14555
      vertex -1.04864 -2.53163 6.89475
      vertex -0.795443 -2.62222 6.89475
    endloop
  endfacet
  facet normal 0.0788265 0.058463 0.995173
    outer loop
      vertex 0.561209 0.374988 7.75021
      vertex 0.174477 0.143189 7.79446
      vertex 0.187672 0.125398 7.79446
    endloop
  endfacet
  facet normal 0.0659095 0.0727149 0.995173
    outer loop
      vertex 0.477268 0.477268 7.75021
      vertex 0.143189 0.174477 7.79446
      vertex 0.159601 0.159601 7.79446
    endloop
  endfacet
  facet normal 0.195084 -0.00958356 0.98074
    outer loop
      vertex 0.67496 0 7.75021
      vertex 0.67171 -0.0661573 7.75021
      vertex 1.11233 -0.109554 7.66214
    endloop
  endfacet
  facet normal 0.0980222 -0.00481538 0.995173
    outer loop
      vertex 0.67496 0 7.75021
      vertex 0.225711 0 7.79446
      vertex 0.67171 -0.0661573 7.75021
    endloop
  endfacet
  facet normal 0.189468 -0.0474564 0.980739
    outer loop
      vertex 1.09623 -0.218054 7.66214
      vertex 0.645896 -0.19593 7.75021
      vertex 1.06958 -0.324453 7.66214
    endloop
  endfacet
  facet normal 0.183904 -0.0657991 0.980739
    outer loop
      vertex 0.645896 -0.19593 7.75021
      vertex 0.623582 -0.258296 7.75021
      vertex 1.06958 -0.324453 7.66214
    endloop
  endfacet
  facet normal -0.330428 -0.923498 0.194855
    outer loop
      vertex -1.29529 -4.27001 4.31771
      vertex -1.74129 -4.20385 3.87496
      vertex -1.32086 -4.35428 3.87496
    endloop
  endfacet
  facet normal -0.335267 -0.937023 0.0978929
    outer loop
      vertex -1.32086 -4.35428 3.87496
      vertex -1.74129 -4.20385 3.87496
      vertex -1.3337 -4.39662 3.42571
    endloop
  endfacet
  facet normal -0.224535 -0.896341 0.382304
    outer loop
      vertex -1.2071 -3.97929 5.16675
      vertex -1.25725 -4.14461 4.74969
      vertex -0.811254 -4.07845 5.16675
    endloop
  endfacet
  facet normal -0.311299 -0.870021 0.382304
    outer loop
      vertex -1.2071 -3.97929 5.16675
      vertex -1.59133 -3.84181 5.16675
      vertex -1.25725 -4.14461 4.74969
    endloop
  endfacet
  facet normal -0.135595 -0.91404 0.382289
    outer loop
      vertex -0.407589 -4.13833 5.16675
      vertex -0.844955 -4.24788 4.74969
      vertex -0.424521 -4.31025 4.74969
    endloop
  endfacet
  facet normal -0.140437 -0.946678 0.289961
    outer loop
      vertex -0.844955 -4.24788 4.74969
      vertex -0.870521 -4.3764 4.31771
      vertex -0.424521 -4.31025 4.74969
    endloop
  endfacet
  facet normal -0.146031 -0.984423 0.0979065
    outer loop
      vertex -0.887702 -4.46278 3.87496
      vertex -0.896334 -4.50618 3.42571
      vertex -0.450336 -4.57234 3.42571
    endloop
  endfacet
  facet normal -0.241824 -0.965368 0.0979063
    outer loop
      vertex -0.887702 -4.46278 3.87496
      vertex -1.3337 -4.39662 3.42571
      vertex -0.896334 -4.50618 3.42571
    endloop
  endfacet
  facet normal -0.460716 -0.621178 0.633939
    outer loop
      vertex -2.16225 -2.63471 6.28917
      vertex -2.34393 -2.85608 5.94022
      vertex -2.0527 -3.07208 5.94022
    endloop
  endfacet
  facet normal -0.460695 -0.621182 0.63395
    outer loop
      vertex -1.89359 -2.83396 6.28917
      vertex -2.16225 -2.63471 6.28917
      vertex -2.0527 -3.07208 5.94022
    endloop
  endfacet
  facet normal 0.233417 -0.173108 0.956844
    outer loop
      vertex 1.28852 -0.860963 7.5311
      vertex 0.864 -0.709066 7.66214
      vertex 1.19793 -0.983114 7.5311
    endloop
  endfacet
  facet normal 0.233415 -0.173112 0.956843
    outer loop
      vertex 0.92934 -0.620965 7.66214
      vertex 0.864 -0.709066 7.66214
      vertex 1.28852 -0.860963 7.5311
    endloop
  endfacet
  facet normal 0.0584646 0.0788255 0.995173
    outer loop
      vertex 0.374988 0.561209 7.75021
      vertex 0.143189 0.174477 7.79446
      vertex 0.428189 0.52175 7.75021
    endloop
  endfacet
  facet normal 0.0286622 -0.193207 0.980739
    outer loop
      vertex 0.131678 -0.66199 7.75021
      vertex 0.0661573 -0.67171 7.75021
      vertex 0.218054 -1.09623 7.66214
    endloop
  endfacet
  facet normal 0.028669 -0.193204 0.98074
    outer loop
      vertex 0.218054 -1.09623 7.66214
      vertex 0.0661573 -0.67171 7.75021
      vertex 0.109554 -1.11233 7.66214
    endloop
  endfacet
  facet normal -0.0562085 -0.378929 0.923717
    outer loop
      vertex -0.151896 -1.54223 7.5311
      vertex -0.383694 -1.92896 7.35835
      vertex -0.192775 -1.95728 7.35835
    endloop
  endfacet
  facet normal -0.0187958 -0.382614 0.923717
    outer loop
      vertex -0.151896 -1.54223 7.5311
      vertex -0.192775 -1.95728 7.35835
      vertex 0 -1.96675 7.35835
    endloop
  endfacet
  facet normal -0.114647 -0.457699 0.881684
    outer loop
      vertex -0.383694 -1.92896 7.35835
      vertex -0.686486 -2.26304 7.14555
      vertex -0.461363 -2.31943 7.14555
    endloop
  endfacet
  facet normal -0.135106 -0.539376 0.831156
    outer loop
      vertex -0.686486 -2.26304 7.14555
      vertex -0.795443 -2.62222 6.89475
      vertex -0.461363 -2.31943 7.14555
    endloop
  endfacet
  facet normal -0.302504 -0.639592 0.706692
    outer loop
      vertex -1.18217 -2.85402 6.60837
      vertex -1.6067 -3.00592 6.28917
      vertex -1.30433 -3.14893 6.28917
    endloop
  endfacet
  facet normal -0.238349 -0.666166 0.706691
    outer loop
      vertex -1.18217 -2.85402 6.60837
      vertex -1.30433 -3.14893 6.28917
      vertex -0.989399 -3.26161 6.28917
    endloop
  endfacet
  facet normal -0.524235 -0.47516 0.706683
    outer loop
      vertex -2.18437 -2.18437 6.60837
      vertex -2.63471 -2.16225 6.28917
      vertex -2.41008 -2.41008 6.28917
    endloop
  endfacet
  facet normal -0.573016 -0.519374 0.633959
    outer loop
      vertex -2.41008 -2.41008 6.28917
      vertex -2.63471 -2.16225 6.28917
      vertex -2.61259 -2.61259 5.94022
    endloop
  endfacet
  facet normal -0.42147 -0.568293 0.706686
    outer loop
      vertex -1.71625 -2.56855 6.60837
      vertex -1.95975 -2.38796 6.60837
      vertex -1.89359 -2.83396 6.28917
    endloop
  endfacet
  facet normal -0.271421 -0.573897 0.77264
    outer loop
      vertex -1.29173 -2.41665 6.89475
      vertex -1.45622 -2.72441 6.60837
      vertex -1.18217 -2.85402 6.60837
    endloop
  endfacet
  facet normal -0.395067 -0.835331 0.382288
    outer loop
      vertex -1.96023 -3.66734 5.16675
      vertex -2.04167 -3.81969 4.74969
      vertex -1.59133 -3.84181 5.16675
    endloop
  endfacet
  facet normal -0.475055 -0.792577 0.382289
    outer loop
      vertex -1.96023 -3.66734 5.16675
      vertex -2.40623 -3.60118 4.74969
      vertex -2.04167 -3.81969 4.74969
    endloop
  endfacet
  facet normal -0.336879 -0.941548 0
    outer loop
      vertex -1.75822 -4.24473 3.2
      vertex -1.3337 -4.39662 3.42571
      vertex -1.75822 -4.24473 3.42571
    endloop
  endfacet
  facet normal -0.336879 -0.941548 -0
    outer loop
      vertex -1.3337 -4.39662 3.42571
      vertex -1.75822 -4.24473 3.2
      vertex -1.3337 -4.39662 3.2
    endloop
  endfacet
  facet normal 0.901087 -0.322429 0.28997
    outer loop
      vertex 4.14461 -1.25725 4.74969
      vertex 4.12248 -1.70759 4.31771
      vertex 4.27001 -1.29529 4.31771
    endloop
  endfacet
  facet normal 0.923488 -0.330444 0.194873
    outer loop
      vertex 4.27001 -1.29529 4.31771
      vertex 4.12248 -1.70759 4.31771
      vertex 4.20385 -1.74129 3.87496
    endloop
  endfacet
  facet normal 0.0481261 0.979651 0.194855
    outer loop
      vertex 0.445998 4.5283 3.87496
      vertex 0 4.55021 3.87496
      vertex 0.437366 4.44066 4.31771
    endloop
  endfacet
  facet normal 0.0488308 0.993996 0.097913
    outer loop
      vertex 0.450336 4.57234 3.42571
      vertex 0 4.55021 3.87496
      vertex 0.445998 4.5283 3.87496
    endloop
  endfacet
  facet normal -0.238303 0.951439 0.194872
    outer loop
      vertex -0.887702 4.46278 3.87496
      vertex -1.29529 4.27001 4.31771
      vertex -0.870521 4.3764 4.31771
    endloop
  endfacet
  facet normal -0.232522 0.928359 0.28997
    outer loop
      vertex -0.870521 4.3764 4.31771
      vertex -1.29529 4.27001 4.31771
      vertex -1.25725 4.14461 4.74969
    endloop
  endfacet
  facet normal -0.0469475 0.955884 0.289967
    outer loop
      vertex 0 4.3311 4.74969
      vertex -0.437366 4.44066 4.31771
      vertex -0.424521 4.31025 4.74969
    endloop
  endfacet
  facet normal -0.140443 0.946676 0.289967
    outer loop
      vertex -0.437366 4.44066 4.31771
      vertex -0.870521 4.3764 4.31771
      vertex -0.424521 4.31025 4.74969
    endloop
  endfacet
  facet normal 0.0481127 0.979649 0.194868
    outer loop
      vertex 0 4.55021 3.87496
      vertex 0 4.46214 4.31771
      vertex 0.437366 4.44066 4.31771
    endloop
  endfacet
  facet normal -0.0481127 0.979649 0.194868
    outer loop
      vertex 0 4.55021 3.87496
      vertex -0.437366 4.44066 4.31771
      vertex 0 4.46214 4.31771
    endloop
  endfacet
  facet normal -0.113473 0.765008 0.633945
    outer loop
      vertex -0.362149 3.67696 5.94022
      vertex -0.72081 3.62376 5.94022
      vertex -0.664941 3.34288 6.28917
    endloop
  endfacet
  facet normal -0.122042 0.822779 0.555104
    outer loop
      vertex -0.362149 3.67696 5.94022
      vertex -0.769738 3.86974 5.56487
      vertex -0.72081 3.62376 5.94022
    endloop
  endfacet
  facet normal -0.330663 0.69913 0.633939
    outer loop
      vertex -1.41392 3.41351 5.94022
      vertex -1.6067 3.00592 6.28917
      vertex -1.30433 3.14893 6.28917
    endloop
  endfacet
  facet normal -0.302504 0.639592 0.706692
    outer loop
      vertex -1.30433 3.14893 6.28917
      vertex -1.6067 3.00592 6.28917
      vertex -1.18217 2.85402 6.60837
    endloop
  endfacet
  facet normal 0.346298 0.163785 0.923716
    outer loop
      vertex 1.73452 0.92712 7.35835
      vertex 1.36671 0.73052 7.5311
      vertex 1.81704 0.752644 7.35835
    endloop
  endfacet
  facet normal 0.371593 0.0930848 0.923717
    outer loop
      vertex 1.88206 0.570918 7.35835
      vertex 1.48296 0.449852 7.5311
      vertex 1.92896 0.383694 7.35835
    endloop
  endfacet
  facet normal 0.281072 0.378984 0.881686
    outer loop
      vertex 1.31385 1.96632 7.14555
      vertex 1.09267 1.63529 7.35835
      vertex 1.24769 1.52032 7.35835
    endloop
  endfacet
  facet normal 0.228197 0.307689 0.923717
    outer loop
      vertex 1.09267 1.63529 7.35835
      vertex 0.860963 1.28852 7.5311
      vertex 1.24769 1.52032 7.35835
    endloop
  endfacet
  facet normal 0.47693 0.285856 0.831158
    outer loop
      vertex 2.27841 1.52238 6.89475
      vertex 1.96632 1.31385 7.14555
      vertex 2.08563 1.11479 7.14555
    endloop
  endfacet
  facet normal 0.307689 0.228197 0.923717
    outer loop
      vertex 1.52032 1.24769 7.35835
      vertex 1.28852 0.860963 7.5311
      vertex 1.63529 1.09267 7.35835
    endloop
  endfacet
  facet normal -0.0970782 -0.0143996 0.995173
    outer loop
      vertex -0.224624 -0.0221233 7.79446
      vertex -0.67171 -0.0661573 7.75021
      vertex -0.221374 -0.044034 7.79446
    endloop
  endfacet
  facet normal 0.083511 0.176567 0.980739
    outer loop
      vertex 0.526884 0.985731 7.66214
      vertex 0.258296 0.623582 7.75021
      vertex 0.318173 0.595262 7.75021
    endloop
  endfacet
  facet normal 0 0 1
    outer loop
      vertex 0.224624 0.0221233 7.79446
      vertex 0.224624 -0.0221233 7.79446
      vertex 0.225711 0 7.79446
    endloop
  endfacet
  facet normal 0 0 1
    outer loop
      vertex 0.221374 0.044034 7.79446
      vertex 0.224624 -0.0221233 7.79446
      vertex 0.224624 0.0221233 7.79446
    endloop
  endfacet
  facet normal 0 0 1
    outer loop
      vertex 0.221374 0.044034 7.79446
      vertex 0.221374 -0.044034 7.79446
      vertex 0.224624 -0.0221233 7.79446
    endloop
  endfacet
  facet normal 0 0 1
    outer loop
      vertex 0.215992 0.0655203 7.79446
      vertex 0.221374 -0.044034 7.79446
      vertex 0.221374 0.044034 7.79446
    endloop
  endfacet
  facet normal 0 0 1
    outer loop
      vertex 0.215992 0.0655203 7.79446
      vertex 0.215992 -0.0655203 7.79446
      vertex 0.221374 -0.044034 7.79446
    endloop
  endfacet
  facet normal 0 0 1
    outer loop
      vertex 0.208529 0.0863752 7.79446
      vertex 0.215992 -0.0655203 7.79446
      vertex 0.215992 0.0655203 7.79446
    endloop
  endfacet
  facet normal 0 0 1
    outer loop
      vertex 0.208529 0.0863752 7.79446
      vertex 0.208529 -0.0863752 7.79446
      vertex 0.215992 -0.0655203 7.79446
    endloop
  endfacet
  facet normal 0 0 1
    outer loop
      vertex 0.199059 0.1064 7.79446
      vertex 0.208529 -0.0863752 7.79446
      vertex 0.208529 0.0863752 7.79446
    endloop
  endfacet
  facet normal 0 0 1
    outer loop
      vertex 0.199059 0.1064 7.79446
      vertex 0.199059 -0.1064 7.79446
      vertex 0.208529 -0.0863752 7.79446
    endloop
  endfacet
  facet normal 0 0 1
    outer loop
      vertex 0.187672 0.125398 7.79446
      vertex 0.199059 -0.1064 7.79446
      vertex 0.199059 0.1064 7.79446
    endloop
  endfacet
  facet normal 0 0 1
    outer loop
      vertex 0.187672 0.125398 7.79446
      vertex 0.187672 -0.125398 7.79446
      vertex 0.199059 -0.1064 7.79446
    endloop
  endfacet
  facet normal 0 0 1
    outer loop
      vertex 0.174477 0.143189 7.79446
      vertex 0.187672 -0.125398 7.79446
      vertex 0.187672 0.125398 7.79446
    endloop
  endfacet
  facet normal 0 0 1
    outer loop
      vertex 0.174477 0.143189 7.79446
      vertex 0.174477 -0.143189 7.79446
      vertex 0.187672 -0.125398 7.79446
    endloop
  endfacet
  facet normal 0 0 1
    outer loop
      vertex 0.159601 0.159601 7.79446
      vertex 0.174477 -0.143189 7.79446
      vertex 0.174477 0.143189 7.79446
    endloop
  endfacet
  facet normal 0 0 1
    outer loop
      vertex 0.159601 0.159601 7.79446
      vertex 0.159601 -0.159601 7.79446
      vertex 0.174477 -0.143189 7.79446
    endloop
  endfacet
  facet normal 0 0 1
    outer loop
      vertex 0.143189 0.174477 7.79446
      vertex 0.159601 -0.159601 7.79446
      vertex 0.159601 0.159601 7.79446
    endloop
  endfacet
  facet normal 0 0 1
    outer loop
      vertex 0.143189 0.174477 7.79446
      vertex 0.143189 -0.174477 7.79446
      vertex 0.159601 -0.159601 7.79446
    endloop
  endfacet
  facet normal 0 0 1
    outer loop
      vertex 0.125398 0.187672 7.79446
      vertex 0.143189 -0.174477 7.79446
      vertex 0.143189 0.174477 7.79446
    endloop
  endfacet
  facet normal 0 0 1
    outer loop
      vertex 0.125398 0.187672 7.79446
      vertex 0.125398 -0.187672 7.79446
      vertex 0.143189 -0.174477 7.79446
    endloop
  endfacet
  facet normal 0 0 1
    outer loop
      vertex 0.1064 0.199059 7.79446
      vertex 0.125398 -0.187672 7.79446
      vertex 0.125398 0.187672 7.79446
    endloop
  endfacet
  facet normal 0 0 1
    outer loop
      vertex 0.1064 0.199059 7.79446
      vertex 0.1064 -0.199059 7.79446
      vertex 0.125398 -0.187672 7.79446
    endloop
  endfacet
  facet normal 0 0 1
    outer loop
      vertex 0.0863752 0.208529 7.79446
      vertex 0.1064 -0.199059 7.79446
      vertex 0.1064 0.199059 7.79446
    endloop
  endfacet
  facet normal 0 0 1
    outer loop
      vertex 0.0863752 0.208529 7.79446
      vertex 0.0863752 -0.208529 7.79446
      vertex 0.1064 -0.199059 7.79446
    endloop
  endfacet
  facet normal 0 0 1
    outer loop
      vertex 0.0655203 0.215992 7.79446
      vertex 0.0863752 -0.208529 7.79446
      vertex 0.0863752 0.208529 7.79446
    endloop
  endfacet
  facet normal 0 0 1
    outer loop
      vertex 0.0655203 0.215992 7.79446
      vertex 0.0655203 -0.215992 7.79446
      vertex 0.0863752 -0.208529 7.79446
    endloop
  endfacet
  facet normal 0 0 1
    outer loop
      vertex 0.044034 0.221374 7.79446
      vertex 0.0655203 -0.215992 7.79446
      vertex 0.0655203 0.215992 7.79446
    endloop
  endfacet
  facet normal 0 0 1
    outer loop
      vertex 0.044034 0.221374 7.79446
      vertex 0.044034 -0.221374 7.79446
      vertex 0.0655203 -0.215992 7.79446
    endloop
  endfacet
  facet normal 0 0 1
    outer loop
      vertex 0.0221233 0.224624 7.79446
      vertex 0.044034 -0.221374 7.79446
      vertex 0.044034 0.221374 7.79446
    endloop
  endfacet
  facet normal 0 0 1
    outer loop
      vertex 0.0221233 0.224624 7.79446
      vertex 0.0221233 -0.224624 7.79446
      vertex 0.044034 -0.221374 7.79446
    endloop
  endfacet
  facet normal 0 0 1
    outer loop
      vertex 0 0.225711 7.79446
      vertex 0.0221233 -0.224624 7.79446
      vertex 0.0221233 0.224624 7.79446
    endloop
  endfacet
  facet normal 0 0 1
    outer loop
      vertex 0 0.225711 7.79446
      vertex 0 -0.225711 7.79446
      vertex 0.0221233 -0.224624 7.79446
    endloop
  endfacet
  facet normal -0 0 1
    outer loop
      vertex -0.0221233 0.224624 7.79446
      vertex 0 -0.225711 7.79446
      vertex 0 0.225711 7.79446
    endloop
  endfacet
  facet normal 0 0 1
    outer loop
      vertex -0.0221233 0.224624 7.79446
      vertex -0.0221233 -0.224624 7.79446
      vertex 0 -0.225711 7.79446
    endloop
  endfacet
  facet normal -0 0 1
    outer loop
      vertex -0.044034 0.221374 7.79446
      vertex -0.0221233 -0.224624 7.79446
      vertex -0.0221233 0.224624 7.79446
    endloop
  endfacet
  facet normal 0 0 1
    outer loop
      vertex -0.044034 0.221374 7.79446
      vertex -0.044034 -0.221374 7.79446
      vertex -0.0221233 -0.224624 7.79446
    endloop
  endfacet
  facet normal -0 0 1
    outer loop
      vertex -0.0655203 0.215992 7.79446
      vertex -0.044034 -0.221374 7.79446
      vertex -0.044034 0.221374 7.79446
    endloop
  endfacet
  facet normal 0 0 1
    outer loop
      vertex -0.0655203 0.215992 7.79446
      vertex -0.0655203 -0.215992 7.79446
      vertex -0.044034 -0.221374 7.79446
    endloop
  endfacet
  facet normal -0 0 1
    outer loop
      vertex -0.0863752 0.208529 7.79446
      vertex -0.0655203 -0.215992 7.79446
      vertex -0.0655203 0.215992 7.79446
    endloop
  endfacet
  facet normal 0 0 1
    outer loop
      vertex -0.0863752 0.208529 7.79446
      vertex -0.0863752 -0.208529 7.79446
      vertex -0.0655203 -0.215992 7.79446
    endloop
  endfacet
  facet normal -0 0 1
    outer loop
      vertex -0.1064 0.199059 7.79446
      vertex -0.0863752 -0.208529 7.79446
      vertex -0.0863752 0.208529 7.79446
    endloop
  endfacet
  facet normal 0 0 1
    outer loop
      vertex -0.1064 0.199059 7.79446
      vertex -0.1064 -0.199059 7.79446
      vertex -0.0863752 -0.208529 7.79446
    endloop
  endfacet
  facet normal -0 0 1
    outer loop
      vertex -0.125398 0.187672 7.79446
      vertex -0.1064 -0.199059 7.79446
      vertex -0.1064 0.199059 7.79446
    endloop
  endfacet
  facet normal 0 0 1
    outer loop
      vertex -0.125398 0.187672 7.79446
      vertex -0.125398 -0.187672 7.79446
      vertex -0.1064 -0.199059 7.79446
    endloop
  endfacet
  facet normal -0 0 1
    outer loop
      vertex -0.143189 0.174477 7.79446
      vertex -0.125398 -0.187672 7.79446
      vertex -0.125398 0.187672 7.79446
    endloop
  endfacet
  facet normal 0 0 1
    outer loop
      vertex -0.143189 0.174477 7.79446
      vertex -0.143189 -0.174477 7.79446
      vertex -0.125398 -0.187672 7.79446
    endloop
  endfacet
  facet normal -0 0 1
    outer loop
      vertex -0.159601 0.159601 7.79446
      vertex -0.143189 -0.174477 7.79446
      vertex -0.143189 0.174477 7.79446
    endloop
  endfacet
  facet normal 0 0 1
    outer loop
      vertex -0.159601 0.159601 7.79446
      vertex -0.159601 -0.159601 7.79446
      vertex -0.143189 -0.174477 7.79446
    endloop
  endfacet
  facet normal -0 0 1
    outer loop
      vertex -0.174477 0.143189 7.79446
      vertex -0.159601 -0.159601 7.79446
      vertex -0.159601 0.159601 7.79446
    endloop
  endfacet
  facet normal 0 0 1
    outer loop
      vertex -0.174477 0.143189 7.79446
      vertex -0.174477 -0.143189 7.79446
      vertex -0.159601 -0.159601 7.79446
    endloop
  endfacet
  facet normal -0 0 1
    outer loop
      vertex -0.187672 0.125398 7.79446
      vertex -0.174477 -0.143189 7.79446
      vertex -0.174477 0.143189 7.79446
    endloop
  endfacet
  facet normal 0 0 1
    outer loop
      vertex -0.187672 0.125398 7.79446
      vertex -0.187672 -0.125398 7.79446
      vertex -0.174477 -0.143189 7.79446
    endloop
  endfacet
  facet normal -0 0 1
    outer loop
      vertex -0.199059 0.1064 7.79446
      vertex -0.187672 -0.125398 7.79446
      vertex -0.187672 0.125398 7.79446
    endloop
  endfacet
  facet normal 0 0 1
    outer loop
      vertex -0.199059 0.1064 7.79446
      vertex -0.199059 -0.1064 7.79446
      vertex -0.187672 -0.125398 7.79446
    endloop
  endfacet
  facet normal -0 0 1
    outer loop
      vertex -0.208529 0.0863752 7.79446
      vertex -0.199059 -0.1064 7.79446
      vertex -0.199059 0.1064 7.79446
    endloop
  endfacet
  facet normal 0 0 1
    outer loop
      vertex -0.208529 0.0863752 7.79446
      vertex -0.208529 -0.0863752 7.79446
      vertex -0.199059 -0.1064 7.79446
    endloop
  endfacet
  facet normal -0 0 1
    outer loop
      vertex -0.215992 0.0655203 7.79446
      vertex -0.208529 -0.0863752 7.79446
      vertex -0.208529 0.0863752 7.79446
    endloop
  endfacet
  facet normal 0 0 1
    outer loop
      vertex -0.215992 0.0655203 7.79446
      vertex -0.215992 -0.0655203 7.79446
      vertex -0.208529 -0.0863752 7.79446
    endloop
  endfacet
  facet normal -0 0 1
    outer loop
      vertex -0.221374 0.044034 7.79446
      vertex -0.215992 -0.0655203 7.79446
      vertex -0.215992 0.0655203 7.79446
    endloop
  endfacet
  facet normal 0 0 1
    outer loop
      vertex -0.221374 0.044034 7.79446
      vertex -0.221374 -0.044034 7.79446
      vertex -0.215992 -0.0655203 7.79446
    endloop
  endfacet
  facet normal -0 0 1
    outer loop
      vertex -0.224624 0.0221233 7.79446
      vertex -0.221374 -0.044034 7.79446
      vertex -0.221374 0.044034 7.79446
    endloop
  endfacet
  facet normal 0 0 1
    outer loop
      vertex -0.224624 0.0221233 7.79446
      vertex -0.224624 -0.0221233 7.79446
      vertex -0.221374 -0.044034 7.79446
    endloop
  endfacet
  facet normal 0 -0 1
    outer loop
      vertex -0.224624 -0.0221233 7.79446
      vertex -0.224624 0.0221233 7.79446
      vertex -0.225711 0 7.79446
    endloop
  endfacet
  facet normal 0.124244 0.262703 0.956844
    outer loop
      vertex 0.593041 1.43173 7.5311
      vertex 0.526884 0.985731 7.66214
      vertex 0.73052 1.36671 7.5311
    endloop
  endfacet
  facet normal 0.16378 0.346299 0.923717
    outer loop
      vertex 0.752644 1.81704 7.35835
      vertex 0.593041 1.43173 7.5311
      vertex 0.73052 1.36671 7.5311
    endloop
  endfacet
  facet normal 0.0930848 0.371593 0.923717
    outer loop
      vertex 0.570918 1.88206 7.35835
      vertex 0.383694 1.92896 7.35835
      vertex 0.449852 1.48296 7.5311
    endloop
  endfacet
  facet normal 0.129049 0.360683 0.923717
    outer loop
      vertex 0.570918 1.88206 7.35835
      vertex 0.449852 1.48296 7.5311
      vertex 0.752644 1.81704 7.35835
    endloop
  endfacet
  facet normal 0.070606 0.281891 0.956845
    outer loop
      vertex 0.30233 1.51992 7.5311
      vertex 0.218054 1.09623 7.66214
      vertex 0.324453 1.06958 7.66214
    endloop
  endfacet
  facet normal -0.0930988 0.371594 0.923715
    outer loop
      vertex -0.383694 1.92896 7.35835
      vertex -0.449852 1.48296 7.5311
      vertex -0.30233 1.51992 7.5311
    endloop
  endfacet
  facet normal -0.0788255 0.0584646 0.995173
    outer loop
      vertex -0.52175 0.428189 7.75021
      vertex -0.561209 0.374988 7.75021
      vertex -0.174477 0.143189 7.79446
    endloop
  endfacet
  facet normal 0.00481538 0.0980222 0.995173
    outer loop
      vertex 0 0.67496 7.75021
      vertex 0 0.225711 7.79446
      vertex 0.0661573 0.67171 7.75021
    endloop
  endfacet
  facet normal -0.0144015 0.0970781 0.995173
    outer loop
      vertex -0.0661573 0.67171 7.75021
      vertex -0.131678 0.66199 7.75021
      vertex -0.044034 0.221374 7.79446
    endloop
  endfacet
  facet normal -0.0426541 0.287451 0.956845
    outer loop
      vertex -0.109554 1.11233 7.66214
      vertex -0.30233 1.51992 7.5311
      vertex -0.218054 1.09623 7.66214
    endloop
  endfacet
  facet normal -0.149407 0.249253 0.956844
    outer loop
      vertex -0.73052 1.36671 7.5311
      vertex -0.860963 1.28852 7.5311
      vertex -0.526884 0.985731 7.66214
    endloop
  endfacet
  facet normal -0.19695 0.328568 0.923717
    outer loop
      vertex -0.73052 1.36671 7.5311
      vertex -1.09267 1.63529 7.35835
      vertex -0.860963 1.28852 7.5311
    endloop
  endfacet
  facet normal 0.0426541 0.287451 0.956845
    outer loop
      vertex 0.30233 1.51992 7.5311
      vertex 0.109554 1.11233 7.66214
      vertex 0.218054 1.09623 7.66214
    endloop
  endfacet
  facet normal 0.028669 0.193204 0.98074
    outer loop
      vertex 0.109554 1.11233 7.66214
      vertex 0.0661573 0.67171 7.75021
      vertex 0.218054 1.09623 7.66214
    endloop
  endfacet
  facet normal 0.0835126 0.176566 0.98074
    outer loop
      vertex 0.427728 1.03263 7.66214
      vertex 0.258296 0.623582 7.75021
      vertex 0.526884 0.985731 7.66214
    endloop
  endfacet
  facet normal 0.124253 0.262701 0.956843
    outer loop
      vertex 0.593041 1.43173 7.5311
      vertex 0.427728 1.03263 7.66214
      vertex 0.526884 0.985731 7.66214
    endloop
  endfacet
  facet normal 0.0238458 0.0951995 0.995173
    outer loop
      vertex 0.131678 0.66199 7.75021
      vertex 0.0655203 0.215992 7.79446
      vertex 0.19593 0.645896 7.75021
    endloop
  endfacet
  facet normal 0.0474583 0.189468 0.980739
    outer loop
      vertex 0.218054 1.09623 7.66214
      vertex 0.131678 0.66199 7.75021
      vertex 0.19593 0.645896 7.75021
    endloop
  endfacet
  facet normal 0.0238461 0.0951995 0.995173
    outer loop
      vertex 0.131678 0.66199 7.75021
      vertex 0.044034 0.221374 7.79446
      vertex 0.0655203 0.215992 7.79446
    endloop
  endfacet
  facet normal 0.0144015 0.0970781 0.995173
    outer loop
      vertex 0.0661573 0.67171 7.75021
      vertex 0.044034 0.221374 7.79446
      vertex 0.131678 0.66199 7.75021
    endloop
  endfacet
  facet normal 0.238349 0.666166 0.706691
    outer loop
      vertex 1.30433 3.14893 6.28917
      vertex 0.989399 3.26161 6.28917
      vertex 1.18217 2.85402 6.60837
    endloop
  endfacet
  facet normal 0.187913 0.750202 0.633945
    outer loop
      vertex 0.72081 3.62376 5.94022
      vertex 0.664941 3.34288 6.28917
      vertex 1.07253 3.53566 5.94022
    endloop
  endfacet
  facet normal 0.187314 0.523539 0.831156
    outer loop
      vertex 0.795443 2.62222 6.89475
      vertex 0.686486 2.26304 7.14555
      vertex 0.904997 2.18486 7.14555
    endloop
  endfacet
  facet normal 0.158949 0.444258 0.881686
    outer loop
      vertex 0.686486 2.26304 7.14555
      vertex 0.570918 1.88206 7.35835
      vertex 0.904997 2.18486 7.14555
    endloop
  endfacet
  facet normal -0.728172 0.260541 0.633943
    outer loop
      vertex -3.41351 1.41392 5.94022
      vertex -3.53566 1.07253 5.94022
      vertex -3.26161 0.989399 6.28917
    endloop
  endfacet
  facet normal -0.728177 0.260536 0.63394
    outer loop
      vertex -3.14893 1.30433 6.28917
      vertex -3.41351 1.41392 5.94022
      vertex -3.26161 0.989399 6.28917
    endloop
  endfacet
  facet normal -0.751909 0.355641 0.555114
    outer loop
      vertex -3.25848 1.74169 5.94022
      vertex -3.47967 1.85992 5.56487
      vertex -3.41351 1.41392 5.94022
    endloop
  endfacet
  facet normal -0.558579 0.616323 0.5551
    outer loop
      vertex -2.50303 3.04995 5.56487
      vertex -2.78993 2.78993 5.56487
      vertex -2.61259 2.61259 5.94022
    endloop
  endfacet
  facet normal -0.792578 0.475053 0.382288
    outer loop
      vertex -3.60118 2.40623 4.74969
      vertex -3.66734 1.96023 5.16675
      vertex -3.45754 2.31026 5.16675
    endloop
  endfacet
  facet normal -0.544531 0.326364 0.77264
    outer loop
      vertex -2.27841 1.52238 6.89475
      vertex -2.72441 1.45622 6.60837
      vertex -2.41665 1.29173 6.89475
    endloop
  endfacet
  facet normal -0.378929 0.0562085 0.923717
    outer loop
      vertex -1.92896 0.383694 7.35835
      vertex -1.95728 0.192775 7.35835
      vertex -1.54223 0.151896 7.5311
    endloop
  endfacet
  facet normal -0.471271 -0.0231369 0.881685
    outer loop
      vertex -1.96675 0 7.35835
      vertex -2.36487 0 7.14555
      vertex -2.35349 -0.231797 7.14555
    endloop
  endfacet
  facet normal -0.46673 0.0692473 0.881685
    outer loop
      vertex -2.31943 0.461363 7.14555
      vertex -2.35349 0.231797 7.14555
      vertex -1.92896 0.383694 7.35835
    endloop
  endfacet
  facet normal -0.457699 0.114647 0.881684
    outer loop
      vertex -2.26304 0.686486 7.14555
      vertex -2.31943 0.461363 7.14555
      vertex -1.92896 0.383694 7.35835
    endloop
  endfacet
  facet normal -0.360683 0.129049 0.923717
    outer loop
      vertex -1.81704 0.752644 7.35835
      vertex -1.88206 0.570918 7.35835
      vertex -1.48296 0.449852 7.5311
    endloop
  endfacet
  facet normal -0.444256 0.158951 0.881687
    outer loop
      vertex -1.81704 0.752644 7.35835
      vertex -2.18486 0.904997 7.14555
      vertex -1.88206 0.570918 7.35835
    endloop
  endfacet
  facet normal -0.360686 0.129046 0.923717
    outer loop
      vertex -1.43173 0.593041 7.5311
      vertex -1.81704 0.752644 7.35835
      vertex -1.48296 0.449852 7.5311
    endloop
  endfacet
  facet normal -0.273619 0.0978952 0.956843
    outer loop
      vertex -1.43173 0.593041 7.5311
      vertex -1.48296 0.449852 7.5311
      vertex -1.03263 0.427728 7.66214
    endloop
  endfacet
  facet normal -0.404708 0.242581 0.881684
    outer loop
      vertex -1.63529 1.09267 7.35835
      vertex -2.08563 1.11479 7.14555
      vertex -1.73452 0.92712 7.35835
    endloop
  endfacet
  facet normal -0.42654 0.201736 0.881684
    outer loop
      vertex -1.73452 0.92712 7.35835
      vertex -2.08563 1.11479 7.14555
      vertex -1.81704 0.752644 7.35835
    endloop
  endfacet
  facet normal -0.523539 0.187314 0.831156
    outer loop
      vertex -2.53163 1.04864 6.89475
      vertex -2.62222 0.795443 6.89475
      vertex -2.18486 0.904997 7.14555
    endloop
  endfacet
  facet normal -0.523539 0.187314 0.831156
    outer loop
      vertex -2.18486 0.904997 7.14555
      vertex -2.62222 0.795443 6.89475
      vertex -2.26304 0.686486 7.14555
    endloop
  endfacet
  facet normal -0.156879 0.116357 0.98074
    outer loop
      vertex -0.52175 0.428189 7.75021
      vertex -0.864 0.709066 7.66214
      vertex -0.561209 0.374988 7.75021
    endloop
  endfacet
  facet normal -0.195155 0.215322 0.956844
    outer loop
      vertex -0.709066 0.864 7.66214
      vertex -1.0958 1.0958 7.5311
      vertex -0.790339 0.790339 7.66214
    endloop
  endfacet
  facet normal -0.124253 0.262701 0.956843
    outer loop
      vertex -0.427728 1.03263 7.66214
      vertex -0.593041 1.43173 7.5311
      vertex -0.526884 0.985731 7.66214
    endloop
  endfacet
  facet normal -0.173112 0.233415 0.956843
    outer loop
      vertex -0.620965 0.92934 7.66214
      vertex -0.860963 1.28852 7.5311
      vertex -0.709066 0.864 7.66214
    endloop
  endfacet
  facet normal -0.307689 0.228197 0.923717
    outer loop
      vertex -1.52032 1.24769 7.35835
      vertex -1.63529 1.09267 7.35835
      vertex -1.28852 0.860963 7.5311
    endloop
  endfacet
  facet normal -0.307694 0.228193 0.923716
    outer loop
      vertex -1.19793 0.983114 7.5311
      vertex -1.52032 1.24769 7.35835
      vertex -1.28852 0.860963 7.5311
    endloop
  endfacet
  facet normal -0.158949 0.444258 0.881686
    outer loop
      vertex -0.686486 2.26304 7.14555
      vertex -0.904997 2.18486 7.14555
      vertex -0.570918 1.88206 7.35835
    endloop
  endfacet
  facet normal -0.0231369 0.471271 0.881685
    outer loop
      vertex 0 2.36487 7.14555
      vertex -0.231797 2.35349 7.14555
      vertex 0 1.96675 7.35835
    endloop
  endfacet
  facet normal 0.0692319 0.466726 0.881688
    outer loop
      vertex 0.231797 2.35349 7.14555
      vertex 0.192775 1.95728 7.35835
      vertex 0.383694 1.92896 7.35835
    endloop
  endfacet
  facet normal -0.0231507 0.471265 0.881688
    outer loop
      vertex 0 1.96675 7.35835
      vertex -0.231797 2.35349 7.14555
      vertex -0.192775 1.95728 7.35835
    endloop
  endfacet
  facet normal -0.349613 0.31686 0.881686
    outer loop
      vertex -1.67222 1.67222 7.14555
      vertex -1.82807 1.50026 7.14555
      vertex -1.52032 1.24769 7.35835
    endloop
  endfacet
  facet normal -0.349599 0.316866 0.881689
    outer loop
      vertex -1.3907 1.3907 7.35835
      vertex -1.67222 1.67222 7.14555
      vertex -1.52032 1.24769 7.35835
    endloop
  endfacet
  facet normal 0.668332 0.737396 0.0978768
    outer loop
      vertex 3.24877 3.24877 3.42571
      vertex 2.91469 3.55156 3.42571
      vertex 3.21749 3.21749 3.87496
    endloop
  endfacet
  facet normal 0.668317 0.737407 0.0978942
    outer loop
      vertex 2.91469 3.55156 3.42571
      vertex 2.88662 3.51736 3.87496
      vertex 3.21749 3.21749 3.87496
    endloop
  endfacet
  facet normal -0.0504536 -0.0841782 0.995173
    outer loop
      vertex -0.1064 -0.199059 7.79446
      vertex -0.374988 -0.561209 7.75021
      vertex -0.318173 -0.595262 7.75021
    endloop
  endfacet
  facet normal -0.100413 -0.167533 0.980739
    outer loop
      vertex -0.374988 -0.561209 7.75021
      vertex -0.526884 -0.985731 7.66214
      vertex -0.318173 -0.595262 7.75021
    endloop
  endfacet
  facet normal -0.0841777 0.0504543 0.995173
    outer loop
      vertex -0.187672 0.125398 7.79446
      vertex -0.561209 0.374988 7.75021
      vertex -0.199059 0.1064 7.79446
    endloop
  endfacet
  facet normal -0.0474564 -0.189468 0.980739
    outer loop
      vertex -0.19593 -0.645896 7.75021
      vertex -0.324453 -1.06958 7.66214
      vertex -0.218054 -1.09623 7.66214
    endloop
  endfacet
  facet normal -0.0238458 -0.0951995 0.995173
    outer loop
      vertex -0.0655203 -0.215992 7.79446
      vertex -0.19593 -0.645896 7.75021
      vertex -0.131678 -0.66199 7.75021
    endloop
  endfacet
  facet normal -0.0238461 0.0951995 0.995173
    outer loop
      vertex -0.044034 0.221374 7.79446
      vertex -0.131678 0.66199 7.75021
      vertex -0.0655203 0.215992 7.79446
    endloop
  endfacet
  facet normal -0.0238458 0.0951995 0.995173
    outer loop
      vertex -0.131678 0.66199 7.75021
      vertex -0.19593 0.645896 7.75021
      vertex -0.0655203 0.215992 7.79446
    endloop
  endfacet
  facet normal 0.0419565 0.0887192 0.995173
    outer loop
      vertex 0.258296 0.623582 7.75021
      vertex 0.0863752 0.208529 7.79446
      vertex 0.1064 0.199059 7.79446
    endloop
  endfacet
  facet normal 0.0504536 0.0841782 0.995173
    outer loop
      vertex 0.318173 0.595262 7.75021
      vertex 0.1064 0.199059 7.79446
      vertex 0.374988 0.561209 7.75021
    endloop
  endfacet
  facet normal -0.573898 -0.27145 0.772629
    outer loop
      vertex -2.53163 -1.04864 6.89475
      vertex -2.85402 -1.18217 6.60837
      vertex -2.41665 -1.29173 6.89475
    endloop
  endfacet
  facet normal -0.573897 -0.271421 0.77264
    outer loop
      vertex -2.41665 -1.29173 6.89475
      vertex -2.85402 -1.18217 6.60837
      vertex -2.72441 -1.45622 6.60837
    endloop
  endfacet
  facet normal -0.524236 -0.475155 0.706686
    outer loop
      vertex -2.38796 -1.95975 6.60837
      vertex -2.63471 -2.16225 6.28917
      vertex -2.18437 -2.18437 6.60837
    endloop
  endfacet
  facet normal -0.470387 -0.426347 0.772634
    outer loop
      vertex -2.11822 -1.73837 6.89475
      vertex -2.38796 -1.95975 6.60837
      vertex -2.18437 -2.18437 6.60837
    endloop
  endfacet
  facet normal -0.0426541 -0.287451 0.956845
    outer loop
      vertex -0.218054 -1.09623 7.66214
      vertex -0.30233 -1.51992 7.5311
      vertex -0.109554 -1.11233 7.66214
    endloop
  endfacet
  facet normal -0.028669 -0.193204 0.98074
    outer loop
      vertex -0.0661573 -0.67171 7.75021
      vertex -0.218054 -1.09623 7.66214
      vertex -0.109554 -1.11233 7.66214
    endloop
  endfacet
  facet normal -0.16378 -0.346299 0.923717
    outer loop
      vertex -0.73052 -1.36671 7.5311
      vertex -0.752644 -1.81704 7.35835
      vertex -0.593041 -1.43173 7.5311
    endloop
  endfacet
  facet normal -0.124244 -0.262703 0.956844
    outer loop
      vertex -0.526884 -0.985731 7.66214
      vertex -0.73052 -1.36671 7.5311
      vertex -0.593041 -1.43173 7.5311
    endloop
  endfacet
  facet normal -0.129046 -0.360686 0.923717
    outer loop
      vertex -0.593041 -1.43173 7.5311
      vertex -0.752644 -1.81704 7.35835
      vertex -0.449852 -1.48296 7.5311
    endloop
  endfacet
  facet normal -0.0978952 -0.273619 0.956843
    outer loop
      vertex -0.427728 -1.03263 7.66214
      vertex -0.593041 -1.43173 7.5311
      vertex -0.449852 -1.48296 7.5311
    endloop
  endfacet
  facet normal -0.24257 -0.40471 0.881686
    outer loop
      vertex -1.09267 -1.63529 7.35835
      vertex -1.31385 -1.96632 7.14555
      vertex -1.11479 -2.08563 7.14555
    endloop
  endfacet
  facet normal -0.242581 -0.404708 0.881684
    outer loop
      vertex -1.09267 -1.63529 7.35835
      vertex -1.11479 -2.08563 7.14555
      vertex -0.92712 -1.73452 7.35835
    endloop
  endfacet
  facet normal -0.307689 -0.228197 0.923717
    outer loop
      vertex -1.28852 -0.860963 7.5311
      vertex -1.63529 -1.09267 7.35835
      vertex -1.52032 -1.24769 7.35835
    endloop
  endfacet
  facet normal -0.328568 -0.19695 0.923717
    outer loop
      vertex -1.36671 -0.73052 7.5311
      vertex -1.63529 -1.09267 7.35835
      vertex -1.28852 -0.860963 7.5311
    endloop
  endfacet
  facet normal -0.285856 -0.47693 0.831158
    outer loop
      vertex -1.31385 -1.96632 7.14555
      vertex -1.52238 -2.27841 6.89475
      vertex -1.11479 -2.08563 7.14555
    endloop
  endfacet
  facet normal -0.331231 -0.446611 0.831158
    outer loop
      vertex -1.31385 -1.96632 7.14555
      vertex -1.73837 -2.11822 6.89475
      vertex -1.52238 -2.27841 6.89475
    endloop
  endfacet
  facet normal 0.189468 -0.0474583 0.980739
    outer loop
      vertex 0.66199 -0.131678 7.75021
      vertex 0.645896 -0.19593 7.75021
      vertex 1.09623 -0.218054 7.66214
    endloop
  endfacet
  facet normal 0.193207 -0.0286622 0.980739
    outer loop
      vertex 0.67171 -0.0661573 7.75021
      vertex 0.66199 -0.131678 7.75021
      vertex 1.09623 -0.218054 7.66214
    endloop
  endfacet
  facet normal -0.13559 -0.914042 0.382285
    outer loop
      vertex -0.811254 -4.07845 5.16675
      vertex -0.844955 -4.24788 4.74969
      vertex -0.407589 -4.13833 5.16675
    endloop
  endfacet
  facet normal -0.224515 -0.896354 0.382285
    outer loop
      vertex -0.811254 -4.07845 5.16675
      vertex -1.25725 -4.14461 4.74969
      vertex -0.844955 -4.24788 4.74969
    endloop
  endfacet
  facet normal -0.146736 -0.989176 0
    outer loop
      vertex -0.896334 -4.50618 3.2
      vertex -0.450336 -4.57234 3.42571
      vertex -0.896334 -4.50618 3.42571
    endloop
  endfacet
  facet normal -0.146736 -0.989176 -0
    outer loop
      vertex -0.450336 -4.57234 3.42571
      vertex -0.896334 -4.50618 3.2
      vertex -0.450336 -4.57234 3.2
    endloop
  endfacet
  facet normal -0.453523 -0.756654 0.470949
    outer loop
      vertex -1.85992 -3.47967 5.56487
      vertex -2.19203 -3.28061 5.56487
      vertex -1.96023 -3.66734 5.16675
    endloop
  endfacet
  facet normal -0.397602 -0.66334 0.63395
    outer loop
      vertex -1.89359 -2.83396 6.28917
      vertex -2.0527 -3.07208 5.94022
      vertex -1.6067 -3.00592 6.28917
    endloop
  endfacet
  facet normal -0.154255 -0.615824 0.772636
    outer loop
      vertex -0.795443 -2.62222 6.89475
      vertex -0.896739 -2.95615 6.60837
      vertex -0.53459 -2.68756 6.89475
    endloop
  endfacet
  facet normal -0.213876 -0.597738 0.772636
    outer loop
      vertex -0.795443 -2.62222 6.89475
      vertex -1.18217 -2.85402 6.60837
      vertex -0.896739 -2.95615 6.60837
    endloop
  endfacet
  facet normal -0.048824 0.993997 0.0979062
    outer loop
      vertex 0 4.59446 3.42571
      vertex -0.450336 4.57234 3.42571
      vertex 0 4.55021 3.87496
    endloop
  endfacet
  facet normal -0.0488308 0.993996 0.097913
    outer loop
      vertex 0 4.55021 3.87496
      vertex -0.450336 4.57234 3.42571
      vertex -0.445998 4.5283 3.87496
    endloop
  endfacet
  facet normal 0.360686 0.129046 0.923717
    outer loop
      vertex 1.81704 0.752644 7.35835
      vertex 1.43173 0.593041 7.5311
      vertex 1.48296 0.449852 7.5311
    endloop
  endfacet
  facet normal 0.360683 0.129049 0.923717
    outer loop
      vertex 1.81704 0.752644 7.35835
      vertex 1.48296 0.449852 7.5311
      vertex 1.88206 0.570918 7.35835
    endloop
  endfacet
  facet normal 0.349613 0.31686 0.881686
    outer loop
      vertex 1.67222 1.67222 7.14555
      vertex 1.52032 1.24769 7.35835
      vertex 1.82807 1.50026 7.14555
    endloop
  endfacet
  facet normal 0.412003 0.373405 0.831157
    outer loop
      vertex 2.11822 1.73837 6.89475
      vertex 1.67222 1.67222 7.14555
      vertex 1.82807 1.50026 7.14555
    endloop
  endfacet
  facet normal 0.378984 0.281072 0.881686
    outer loop
      vertex 1.82807 1.50026 7.14555
      vertex 1.52032 1.24769 7.35835
      vertex 1.96632 1.31385 7.14555
    endloop
  endfacet
  facet normal 0.378984 0.281072 0.881686
    outer loop
      vertex 1.96632 1.31385 7.14555
      vertex 1.52032 1.24769 7.35835
      vertex 1.63529 1.09267 7.35835
    endloop
  endfacet
  facet normal -0.0788265 0.058463 0.995173
    outer loop
      vertex -0.174477 0.143189 7.79446
      vertex -0.561209 0.374988 7.75021
      vertex -0.187672 0.125398 7.79446
    endloop
  endfacet
  facet normal -0.0706249 0.281892 0.956843
    outer loop
      vertex -0.30233 1.51992 7.5311
      vertex -0.449852 1.48296 7.5311
      vertex -0.324453 1.06958 7.66214
    endloop
  endfacet
  facet normal -0.0978962 0.273619 0.956843
    outer loop
      vertex -0.324453 1.06958 7.66214
      vertex -0.449852 1.48296 7.5311
      vertex -0.427728 1.03263 7.66214
    endloop
  endfacet
  facet normal 0.0562085 0.378929 0.923717
    outer loop
      vertex 0.192775 1.95728 7.35835
      vertex 0.151896 1.54223 7.5311
      vertex 0.383694 1.92896 7.35835
    endloop
  endfacet
  facet normal 0.0187911 0.382612 0.923718
    outer loop
      vertex 0 1.96675 7.35835
      vertex 0 1.54969 7.5311
      vertex 0.151896 1.54223 7.5311
    endloop
  endfacet
  facet normal -0.0727149 0.0659095 0.995173
    outer loop
      vertex -0.159601 0.159601 7.79446
      vertex -0.477268 0.477268 7.75021
      vertex -0.174477 0.143189 7.79446
    endloop
  endfacet
  facet normal -0.00481538 0.0980222 0.995173
    outer loop
      vertex 0 0.67496 7.75021
      vertex -0.0661573 0.67171 7.75021
      vertex 0 0.225711 7.79446
    endloop
  endfacet
  facet normal -0.242581 0.404708 0.881684
    outer loop
      vertex -0.92712 1.73452 7.35835
      vertex -1.11479 2.08563 7.14555
      vertex -1.09267 1.63529 7.35835
    endloop
  endfacet
  facet normal -0.281072 0.378984 0.881686
    outer loop
      vertex -1.09267 1.63529 7.35835
      vertex -1.31385 1.96632 7.14555
      vertex -1.24769 1.52032 7.35835
    endloop
  endfacet
  facet normal -0.0419565 0.0887192 0.995173
    outer loop
      vertex -0.0863752 0.208529 7.79446
      vertex -0.258296 0.623582 7.75021
      vertex -0.1064 0.199059 7.79446
    endloop
  endfacet
  facet normal -0.0330663 0.0924017 0.995173
    outer loop
      vertex -0.0655203 0.215992 7.79446
      vertex -0.258296 0.623582 7.75021
      vertex -0.0863752 0.208529 7.79446
    endloop
  endfacet
  facet normal -0.0419608 0.0887177 0.995173
    outer loop
      vertex -0.258296 0.623582 7.75021
      vertex -0.318173 0.595262 7.75021
      vertex -0.1064 0.199059 7.79446
    endloop
  endfacet
  facet normal -0.0143996 0.0970782 0.995173
    outer loop
      vertex -0.0221233 0.224624 7.79446
      vertex -0.0661573 0.67171 7.75021
      vertex -0.044034 0.221374 7.79446
    endloop
  endfacet
  facet normal 0.260541 0.728172 0.633943
    outer loop
      vertex 1.07253 3.53566 5.94022
      vertex 0.989399 3.26161 6.28917
      vertex 1.41392 3.41351 5.94022
    endloop
  endfacet
  facet normal 0.18791 0.750204 0.633943
    outer loop
      vertex 1.07253 3.53566 5.94022
      vertex 0.664941 3.34288 6.28917
      vertex 0.989399 3.26161 6.28917
    endloop
  endfacet
  facet normal -0.713448 0.427596 0.555115
    outer loop
      vertex -3.07208 2.0527 5.94022
      vertex -3.47967 1.85992 5.56487
      vertex -3.25848 1.74169 5.94022
    endloop
  endfacet
  facet normal -0.524236 0.475155 0.706686
    outer loop
      vertex -2.18437 2.18437 6.60837
      vertex -2.63471 2.16225 6.28917
      vertex -2.38796 1.95975 6.60837
    endloop
  endfacet
  facet normal -0.835331 0.395067 0.382288
    outer loop
      vertex -3.81969 2.04167 4.74969
      vertex -3.84181 1.59133 5.16675
      vertex -3.66734 1.96023 5.16675
    endloop
  endfacet
  facet normal -0.70855 0.525512 0.470951
    outer loop
      vertex -3.04995 2.50303 5.56487
      vertex -3.45754 2.31026 5.16675
      vertex -3.28061 2.19203 5.56487
    endloop
  endfacet
  facet normal -0.69913 0.330677 0.633932
    outer loop
      vertex -3.25848 1.74169 5.94022
      vertex -3.41351 1.41392 5.94022
      vertex -3.00592 1.6067 6.28917
    endloop
  endfacet
  facet normal -0.69913 0.330663 0.633939
    outer loop
      vertex -3.00592 1.6067 6.28917
      vertex -3.41351 1.41392 5.94022
      vertex -3.14893 1.30433 6.28917
    endloop
  endfacet
  facet normal -0.470387 0.426347 0.772634
    outer loop
      vertex -2.18437 2.18437 6.60837
      vertex -2.38796 1.95975 6.60837
      vertex -2.11822 1.73837 6.89475
    endloop
  endfacet
  facet normal -0.606862 0.363749 0.706687
    outer loop
      vertex -2.83396 1.89359 6.28917
      vertex -3.00592 1.6067 6.28917
      vertex -2.56855 1.71625 6.60837
    endloop
  endfacet
  facet normal -0.47516 0.524235 0.706683
    outer loop
      vertex -2.16225 2.63471 6.28917
      vertex -2.41008 2.41008 6.28917
      vertex -2.18437 2.18437 6.60837
    endloop
  endfacet
  facet normal -0.621182 0.460695 0.63395
    outer loop
      vertex -2.63471 2.16225 6.28917
      vertex -3.07208 2.0527 5.94022
      vertex -2.83396 1.89359 6.28917
    endloop
  endfacet
  facet normal -0.382614 -0.0187958 0.923717
    outer loop
      vertex -1.54223 -0.151896 7.5311
      vertex -1.96675 0 7.35835
      vertex -1.95728 -0.192775 7.35835
    endloop
  endfacet
  facet normal -0.471265 -0.0231507 0.881688
    outer loop
      vertex -1.96675 0 7.35835
      vertex -2.35349 -0.231797 7.14555
      vertex -1.95728 -0.192775 7.35835
    endloop
  endfacet
  facet normal -0.466726 0.0692319 0.881688
    outer loop
      vertex -1.92896 0.383694 7.35835
      vertex -2.35349 0.231797 7.14555
      vertex -1.95728 0.192775 7.35835
    endloop
  endfacet
  facet normal -0.471265 0.0231507 0.881688
    outer loop
      vertex -1.95728 0.192775 7.35835
      vertex -2.35349 0.231797 7.14555
      vertex -1.96675 0 7.35835
    endloop
  endfacet
  facet normal -0.555362 0.0272653 0.831161
    outer loop
      vertex -2.35349 0.231797 7.14555
      vertex -2.74022 0 6.89475
      vertex -2.36487 0 7.14555
    endloop
  endfacet
  facet normal -0.555362 -0.0272653 0.831161
    outer loop
      vertex -2.36487 0 7.14555
      vertex -2.74022 0 6.89475
      vertex -2.35349 -0.231797 7.14555
    endloop
  endfacet
  facet normal -0.144723 0.131168 0.98074
    outer loop
      vertex -0.790339 0.790339 7.66214
      vertex -0.864 0.709066 7.66214
      vertex -0.52175 0.428189 7.75021
    endloop
  endfacet
  facet normal -0.144724 0.131168 0.98074
    outer loop
      vertex -0.477268 0.477268 7.75021
      vertex -0.790339 0.790339 7.66214
      vertex -0.52175 0.428189 7.75021
    endloop
  endfacet
  facet normal -0.0584646 0.0788255 0.995173
    outer loop
      vertex -0.374988 0.561209 7.75021
      vertex -0.428189 0.52175 7.75021
      vertex -0.143189 0.174477 7.79446
    endloop
  endfacet
  facet normal -0.058463 0.0788265 0.995173
    outer loop
      vertex -0.125398 0.187672 7.79446
      vertex -0.374988 0.561209 7.75021
      vertex -0.143189 0.174477 7.79446
    endloop
  endfacet
  facet normal -0.100413 0.167533 0.980739
    outer loop
      vertex -0.318173 0.595262 7.75021
      vertex -0.526884 0.985731 7.66214
      vertex -0.374988 0.561209 7.75021
    endloop
  endfacet
  facet normal -0.083511 0.176567 0.980739
    outer loop
      vertex -0.258296 0.623582 7.75021
      vertex -0.526884 0.985731 7.66214
      vertex -0.318173 0.595262 7.75021
    endloop
  endfacet
  facet normal -0.28384 0.257264 0.923715
    outer loop
      vertex -1.3907 1.3907 7.35835
      vertex -1.52032 1.24769 7.35835
      vertex -1.0958 1.0958 7.5311
    endloop
  endfacet
  facet normal -0.257264 0.28384 0.923715
    outer loop
      vertex -1.24769 1.52032 7.35835
      vertex -1.3907 1.3907 7.35835
      vertex -1.0958 1.0958 7.5311
    endloop
  endfacet
  facet normal -0.114653 0.457695 0.881686
    outer loop
      vertex -0.383694 1.92896 7.35835
      vertex -0.686486 2.26304 7.14555
      vertex -0.570918 1.88206 7.35835
    endloop
  endfacet
  facet normal -0.129049 0.360683 0.923717
    outer loop
      vertex -0.570918 1.88206 7.35835
      vertex -0.752644 1.81704 7.35835
      vertex -0.449852 1.48296 7.5311
    endloop
  endfacet
  facet normal -0.0816045 0.550018 0.831156
    outer loop
      vertex -0.231797 2.35349 7.14555
      vertex -0.53459 2.68756 6.89475
      vertex -0.461363 2.31943 7.14555
    endloop
  endfacet
  facet normal -0.0692473 0.46673 0.881685
    outer loop
      vertex -0.231797 2.35349 7.14555
      vertex -0.461363 2.31943 7.14555
      vertex -0.383694 1.92896 7.35835
    endloop
  endfacet
  facet normal -0.373405 0.412003 0.831157
    outer loop
      vertex -1.50026 1.82807 7.14555
      vertex -1.73837 2.11822 6.89475
      vertex -1.67222 1.67222 7.14555
    endloop
  endfacet
  facet normal -0.31686 0.349613 0.881686
    outer loop
      vertex -1.50026 1.82807 7.14555
      vertex -1.67222 1.67222 7.14555
      vertex -1.24769 1.52032 7.35835
    endloop
  endfacet
  facet normal -0.0930988 -0.371594 0.923715
    outer loop
      vertex -0.30233 -1.51992 7.5311
      vertex -0.449852 -1.48296 7.5311
      vertex -0.383694 -1.92896 7.35835
    endloop
  endfacet
  facet normal -0.0706249 -0.281892 0.956843
    outer loop
      vertex -0.324453 -1.06958 7.66214
      vertex -0.449852 -1.48296 7.5311
      vertex -0.30233 -1.51992 7.5311
    endloop
  endfacet
  facet normal -0.363748 -0.606862 0.706687
    outer loop
      vertex -1.45622 -2.72441 6.60837
      vertex -1.71625 -2.56855 6.60837
      vertex -1.6067 -3.00592 6.28917
    endloop
  endfacet
  facet normal -0.302496 -0.639603 0.706686
    outer loop
      vertex -1.45622 -2.72441 6.60837
      vertex -1.6067 -3.00592 6.28917
      vertex -1.18217 -2.85402 6.60837
    endloop
  endfacet
  facet normal -0.427625 -0.713445 0.555097
    outer loop
      vertex -2.0527 -3.07208 5.94022
      vertex -2.19203 -3.28061 5.56487
      vertex -1.85992 -3.47967 5.56487
    endloop
  endfacet
  facet normal -0.427596 -0.713448 0.555115
    outer loop
      vertex -1.74169 -3.25848 5.94022
      vertex -2.0527 -3.07208 5.94022
      vertex -1.85992 -3.47967 5.56487
    endloop
  endfacet
  facet normal 0.31686 0.349613 0.881686
    outer loop
      vertex 1.50026 1.82807 7.14555
      vertex 1.24769 1.52032 7.35835
      vertex 1.67222 1.67222 7.14555
    endloop
  endfacet
  facet normal 0.316866 0.349599 0.881689
    outer loop
      vertex 1.67222 1.67222 7.14555
      vertex 1.24769 1.52032 7.35835
      vertex 1.3907 1.3907 7.35835
    endloop
  endfacet
  facet normal -0.0978952 0.273619 0.956843
    outer loop
      vertex -0.449852 1.48296 7.5311
      vertex -0.593041 1.43173 7.5311
      vertex -0.427728 1.03263 7.66214
    endloop
  endfacet
  facet normal -0.0657976 0.183904 0.98074
    outer loop
      vertex -0.324453 1.06958 7.66214
      vertex -0.427728 1.03263 7.66214
      vertex -0.258296 0.623582 7.75021
    endloop
  endfacet
  facet normal -0.028669 0.193204 0.98074
    outer loop
      vertex -0.109554 1.11233 7.66214
      vertex -0.218054 1.09623 7.66214
      vertex -0.0661573 0.67171 7.75021
    endloop
  endfacet
  facet normal -0.00958026 0.195085 0.98074
    outer loop
      vertex 0 1.11771 7.66214
      vertex -0.109554 1.11233 7.66214
      vertex 0 0.67496 7.75021
    endloop
  endfacet
  facet normal 0.0930988 0.371594 0.923715
    outer loop
      vertex 0.383694 1.92896 7.35835
      vertex 0.30233 1.51992 7.5311
      vertex 0.449852 1.48296 7.5311
    endloop
  endfacet
  facet normal 0.0561976 0.378935 0.923716
    outer loop
      vertex 0.383694 1.92896 7.35835
      vertex 0.151896 1.54223 7.5311
      vertex 0.30233 1.51992 7.5311
    endloop
  endfacet
  facet normal 0.0231507 0.471265 0.881688
    outer loop
      vertex 0.231797 2.35349 7.14555
      vertex 0 1.96675 7.35835
      vertex 0.192775 1.95728 7.35835
    endloop
  endfacet
  facet normal 0.0187958 0.382614 0.923717
    outer loop
      vertex 0.192775 1.95728 7.35835
      vertex 0 1.96675 7.35835
      vertex 0.151896 1.54223 7.5311
    endloop
  endfacet
  facet normal -0.0659095 0.0727149 0.995173
    outer loop
      vertex -0.143189 0.174477 7.79446
      vertex -0.477268 0.477268 7.75021
      vertex -0.159601 0.159601 7.79446
    endloop
  endfacet
  facet normal -0.201736 0.42654 0.881684
    outer loop
      vertex -0.752644 1.81704 7.35835
      vertex -1.11479 2.08563 7.14555
      vertex -0.92712 1.73452 7.35835
    endloop
  endfacet
  facet normal -0.201745 0.42653 0.881686
    outer loop
      vertex -0.904997 2.18486 7.14555
      vertex -1.11479 2.08563 7.14555
      vertex -0.752644 1.81704 7.35835
    endloop
  endfacet
  facet normal 0.213876 0.597738 0.772636
    outer loop
      vertex 0.896739 2.95615 6.60837
      vertex 0.795443 2.62222 6.89475
      vertex 1.18217 2.85402 6.60837
    endloop
  endfacet
  facet normal 0.238361 0.666168 0.706686
    outer loop
      vertex 0.989399 3.26161 6.28917
      vertex 0.896739 2.95615 6.60837
      vertex 1.18217 2.85402 6.60837
    endloop
  endfacet
  facet normal -0.592409 0.65365 0.47095
    outer loop
      vertex -2.50303 3.04995 5.56487
      vertex -2.9404 2.9404 5.16675
      vertex -2.78993 2.78993 5.56487
    endloop
  endfacet
  facet normal -0.65365 0.592409 0.47095
    outer loop
      vertex -2.9404 2.9404 5.16675
      vertex -3.04995 2.50303 5.56487
      vertex -2.78993 2.78993 5.56487
    endloop
  endfacet
  facet normal -0.668088 0.495502 0.5551
    outer loop
      vertex -3.04995 2.50303 5.56487
      vertex -3.28061 2.19203 5.56487
      vertex -2.85608 2.34393 5.94022
    endloop
  endfacet
  facet normal -0.668087 0.495508 0.555096
    outer loop
      vertex -2.85608 2.34393 5.94022
      vertex -3.28061 2.19203 5.56487
      vertex -3.07208 2.0527 5.94022
    endloop
  endfacet
  facet normal -0.797469 0.37716 0.470949
    outer loop
      vertex -3.66734 1.96023 5.16675
      vertex -3.84181 1.59133 5.16675
      vertex -3.47967 1.85992 5.56487
    endloop
  endfacet
  facet normal -0.756654 0.453521 0.47095
    outer loop
      vertex -3.45754 2.31026 5.16675
      vertex -3.66734 1.96023 5.16675
      vertex -3.28061 2.19203 5.56487
    endloop
  endfacet
  facet normal -0.713445 0.427625 0.555097
    outer loop
      vertex -3.28061 2.19203 5.56487
      vertex -3.47967 1.85992 5.56487
      vertex -3.07208 2.0527 5.94022
    endloop
  endfacet
  facet normal -0.621178 0.460716 0.633939
    outer loop
      vertex -2.85608 2.34393 5.94022
      vertex -3.07208 2.0527 5.94022
      vertex -2.63471 2.16225 6.28917
    endloop
  endfacet
  facet normal -0.544529 0.326387 0.772632
    outer loop
      vertex -2.56855 1.71625 6.60837
      vertex -2.72441 1.45622 6.60837
      vertex -2.27841 1.52238 6.89475
    endloop
  endfacet
  facet normal -0.606862 0.363748 0.706687
    outer loop
      vertex -2.56855 1.71625 6.60837
      vertex -3.00592 1.6067 6.28917
      vertex -2.72441 1.45622 6.60837
    endloop
  endfacet
  facet normal -0.568293 0.421471 0.706686
    outer loop
      vertex -2.63471 2.16225 6.28917
      vertex -2.83396 1.89359 6.28917
      vertex -2.38796 1.95975 6.60837
    endloop
  endfacet
  facet normal -0.568293 0.42147 0.706686
    outer loop
      vertex -2.38796 1.95975 6.60837
      vertex -2.83396 1.89359 6.28917
      vertex -2.56855 1.71625 6.60837
    endloop
  endfacet
  facet normal -0.519374 0.573016 0.633959
    outer loop
      vertex -2.16225 2.63471 6.28917
      vertex -2.61259 2.61259 5.94022
      vertex -2.41008 2.41008 6.28917
    endloop
  endfacet
  facet normal -0.573016 0.519374 0.633959
    outer loop
      vertex -2.61259 2.61259 5.94022
      vertex -2.63471 2.16225 6.28917
      vertex -2.41008 2.41008 6.28917
    endloop
  endfacet
  facet normal -0.0692319 0.466726 0.881688
    outer loop
      vertex -0.231797 2.35349 7.14555
      vertex -0.383694 1.92896 7.35835
      vertex -0.192775 1.95728 7.35835
    endloop
  endfacet
  facet normal -0.0187911 0.382612 0.923718
    outer loop
      vertex 0 1.96675 7.35835
      vertex -0.151896 1.54223 7.5311
      vertex 0 1.54969 7.5311
    endloop
  endfacet
  facet normal 0.0272653 0.555362 0.831161
    outer loop
      vertex 0 2.74022 6.89475
      vertex 0 2.36487 7.14555
      vertex 0.231797 2.35349 7.14555
    endloop
  endfacet
  facet normal -0.0272653 0.555362 0.831161
    outer loop
      vertex 0 2.74022 6.89475
      vertex -0.231797 2.35349 7.14555
      vertex 0 2.36487 7.14555
    endloop
  endfacet
  facet normal -0.285852 -0.476936 0.831156
    outer loop
      vertex -1.11479 -2.08563 7.14555
      vertex -1.52238 -2.27841 6.89475
      vertex -1.29173 -2.41665 6.89475
    endloop
  endfacet
  facet normal -0.326364 -0.544531 0.77264
    outer loop
      vertex -1.29173 -2.41665 6.89475
      vertex -1.52238 -2.27841 6.89475
      vertex -1.45622 -2.72441 6.60837
    endloop
  endfacet
  facet normal -0.0474564 0.189468 0.980739
    outer loop
      vertex -0.218054 1.09623 7.66214
      vertex -0.324453 1.06958 7.66214
      vertex -0.19593 0.645896 7.75021
    endloop
  endfacet
  facet normal -0.070606 0.281891 0.956845
    outer loop
      vertex -0.30233 1.51992 7.5311
      vertex -0.324453 1.06958 7.66214
      vertex -0.218054 1.09623 7.66214
    endloop
  endfacet
  facet normal -0.0142539 0.290256 0.956843
    outer loop
      vertex 0 1.54969 7.5311
      vertex -0.109554 1.11233 7.66214
      vertex 0 1.11771 7.66214
    endloop
  endfacet
  facet normal -0.0187958 0.382614 0.923717
    outer loop
      vertex 0 1.96675 7.35835
      vertex -0.192775 1.95728 7.35835
      vertex -0.151896 1.54223 7.5311
    endloop
  endfacet
  facet normal -0.163785 0.346298 0.923716
    outer loop
      vertex -0.752644 1.81704 7.35835
      vertex -0.92712 1.73452 7.35835
      vertex -0.73052 1.36671 7.5311
    endloop
  endfacet
  facet normal -0.196945 0.328573 0.923716
    outer loop
      vertex -0.92712 1.73452 7.35835
      vertex -1.09267 1.63529 7.35835
      vertex -0.73052 1.36671 7.5311
    endloop
  endfacet
  facet normal -0.285856 0.47693 0.831158
    outer loop
      vertex -1.11479 2.08563 7.14555
      vertex -1.52238 2.27841 6.89475
      vertex -1.31385 1.96632 7.14555
    endloop
  endfacet
  facet normal -0.24257 0.40471 0.881686
    outer loop
      vertex -1.11479 2.08563 7.14555
      vertex -1.31385 1.96632 7.14555
      vertex -1.09267 1.63529 7.35835
    endloop
  endfacet
  facet normal -0.573048 0.519361 0.63394
    outer loop
      vertex -2.61259 2.61259 5.94022
      vertex -2.85608 2.34393 5.94022
      vertex -2.63471 2.16225 6.28917
    endloop
  endfacet
  facet normal -0.616322 0.55858 0.555099
    outer loop
      vertex -2.61259 2.61259 5.94022
      vertex -3.04995 2.50303 5.56487
      vertex -2.85608 2.34393 5.94022
    endloop
  endfacet
  facet normal -0.0562085 0.378929 0.923717
    outer loop
      vertex -0.192775 1.95728 7.35835
      vertex -0.383694 1.92896 7.35835
      vertex -0.151896 1.54223 7.5311
    endloop
  endfacet
  facet normal -0.0561976 0.378935 0.923716
    outer loop
      vertex -0.151896 1.54223 7.5311
      vertex -0.383694 1.92896 7.35835
      vertex -0.30233 1.51992 7.5311
    endloop
  endfacet
  facet normal 0 0 -1
    outer loop
      vertex 2.65 0 3.2
      vertex 4.59446 0 3.2
      vertex 4.57234 -0.450336 3.2
    endloop
  endfacet
  facet normal 0 0 -1
    outer loop
      vertex 2.63724 -0.259745 3.2
      vertex 4.57234 -0.450336 3.2
      vertex 4.50618 -0.896334 3.2
    endloop
  endfacet
  facet normal 0 0 -1
    outer loop
      vertex 4.59446 0 3.2
      vertex 2.65 0 3.2
      vertex 4.57234 0.450336 3.2
    endloop
  endfacet
  facet normal 0 0 -1
    outer loop
      vertex 2.59908 -0.516989 3.2
      vertex 4.50618 -0.896334 3.2
      vertex 4.39662 -1.3337 3.2
    endloop
  endfacet
  facet normal 0 0 -1
    outer loop
      vertex 2.63724 0.259745 3.2
      vertex 4.57234 0.450336 3.2
      vertex 2.65 0 3.2
    endloop
  endfacet
  facet normal 0 0 -1
    outer loop
      vertex 2.53589 -0.769254 3.2
      vertex 4.39662 -1.3337 3.2
      vertex 4.24473 -1.75822 3.2
    endloop
  endfacet
  facet normal -0 0 -1
    outer loop
      vertex 4.57234 0.450336 3.2
      vertex 2.63724 0.259745 3.2
      vertex 4.50618 0.896334 3.2
    endloop
  endfacet
  facet normal 0 0 -1
    outer loop
      vertex 2.44828 -1.01411 3.2
      vertex 4.24473 -1.75822 3.2
      vertex 4.05195 -2.16581 3.2
    endloop
  endfacet
  facet normal 0 0 -1
    outer loop
      vertex 2.59908 0.516989 3.2
      vertex 4.50618 0.896334 3.2
      vertex 2.63724 0.259745 3.2
    endloop
  endfacet
  facet normal 0 0 -1
    outer loop
      vertex 2.33709 -1.2492 3.2
      vertex 4.05195 -2.16581 3.2
      vertex 3.82015 -2.55254 3.2
    endloop
  endfacet
  facet normal -0 0 -1
    outer loop
      vertex 4.50618 0.896334 3.2
      vertex 2.59908 0.516989 3.2
      vertex 4.39662 1.3337 3.2
    endloop
  endfacet
  facet normal 0 0 -1
    outer loop
      vertex 2.20339 -1.47226 3.2
      vertex 3.82015 -2.55254 3.2
      vertex 3.55156 -2.91469 3.2
    endloop
  endfacet
  facet normal 0 0 -1
    outer loop
      vertex 2.53589 0.769254 3.2
      vertex 4.39662 1.3337 3.2
      vertex 2.59908 0.516989 3.2
    endloop
  endfacet
  facet normal 0 0 -1
    outer loop
      vertex 2.04848 -1.68114 3.2
      vertex 3.55156 -2.91469 3.2
      vertex 3.24877 -3.24877 3.2
    endloop
  endfacet
  facet normal -0 0 -1
    outer loop
      vertex 4.39662 1.3337 3.2
      vertex 2.53589 0.769254 3.2
      vertex 4.24473 1.75822 3.2
    endloop
  endfacet
  facet normal 0 0 -1
    outer loop
      vertex 1.87383 -1.87383 3.2
      vertex 3.24877 -3.24877 3.2
      vertex 2.91469 -3.55156 3.2
    endloop
  endfacet
  facet normal 0 0 -1
    outer loop
      vertex 2.44828 1.01411 3.2
      vertex 4.24473 1.75822 3.2
      vertex 2.53589 0.769254 3.2
    endloop
  endfacet
  facet normal -0 0 -1
    outer loop
      vertex 4.24473 1.75822 3.2
      vertex 2.44828 1.01411 3.2
      vertex 4.05195 2.16581 3.2
    endloop
  endfacet
  facet normal 0 0 -1
    outer loop
      vertex 4.57234 -0.450336 3.2
      vertex 2.63724 -0.259745 3.2
      vertex 2.65 0 3.2
    endloop
  endfacet
  facet normal 0 0 -1
    outer loop
      vertex 4.50618 -0.896334 3.2
      vertex 2.59908 -0.516989 3.2
      vertex 2.63724 -0.259745 3.2
    endloop
  endfacet
  facet normal 0 0 -1
    outer loop
      vertex 1.68114 -2.04848 3.2
      vertex 2.91469 -3.55156 3.2
      vertex 2.55254 -3.82015 3.2
    endloop
  endfacet
  facet normal 0 0 -1
    outer loop
      vertex 4.39662 -1.3337 3.2
      vertex 2.53589 -0.769254 3.2
      vertex 2.59908 -0.516989 3.2
    endloop
  endfacet
  facet normal 0 0 -1
    outer loop
      vertex 4.24473 -1.75822 3.2
      vertex 2.44828 -1.01411 3.2
      vertex 2.53589 -0.769254 3.2
    endloop
  endfacet
  facet normal 0 0 -1
    outer loop
      vertex 4.05195 -2.16581 3.2
      vertex 2.33709 -1.2492 3.2
      vertex 2.44828 -1.01411 3.2
    endloop
  endfacet
  facet normal 0 0 -1
    outer loop
      vertex 3.82015 -2.55254 3.2
      vertex 2.20339 -1.47226 3.2
      vertex 2.33709 -1.2492 3.2
    endloop
  endfacet
  facet normal 0 0 -1
    outer loop
      vertex 1.47226 -2.20339 3.2
      vertex 2.55254 -3.82015 3.2
      vertex 2.16581 -4.05195 3.2
    endloop
  endfacet
  facet normal 0 0 -1
    outer loop
      vertex 3.55156 -2.91469 3.2
      vertex 2.04848 -1.68114 3.2
      vertex 2.20339 -1.47226 3.2
    endloop
  endfacet
  facet normal 0 0 -1
    outer loop
      vertex 3.24877 -3.24877 3.2
      vertex 1.87383 -1.87383 3.2
      vertex 2.04848 -1.68114 3.2
    endloop
  endfacet
  facet normal 0 0 -1
    outer loop
      vertex 1.2492 -2.33709 3.2
      vertex 2.16581 -4.05195 3.2
      vertex 1.75822 -4.24473 3.2
    endloop
  endfacet
  facet normal 0 0 -1
    outer loop
      vertex 2.91469 -3.55156 3.2
      vertex 1.68114 -2.04848 3.2
      vertex 1.87383 -1.87383 3.2
    endloop
  endfacet
  facet normal 0 0 -1
    outer loop
      vertex 2.55254 -3.82015 3.2
      vertex 1.47226 -2.20339 3.2
      vertex 1.68114 -2.04848 3.2
    endloop
  endfacet
  facet normal 0 0 -1
    outer loop
      vertex 1.01411 -2.44828 3.2
      vertex 1.75822 -4.24473 3.2
      vertex 1.3337 -4.39662 3.2
    endloop
  endfacet
  facet normal 0 0 -1
    outer loop
      vertex 2.16581 -4.05195 3.2
      vertex 1.2492 -2.33709 3.2
      vertex 1.47226 -2.20339 3.2
    endloop
  endfacet
  facet normal 0 0 -1
    outer loop
      vertex 1.75822 -4.24473 3.2
      vertex 1.01411 -2.44828 3.2
      vertex 1.2492 -2.33709 3.2
    endloop
  endfacet
  facet normal 0 0 -1
    outer loop
      vertex 0.769254 -2.53589 3.2
      vertex 1.3337 -4.39662 3.2
      vertex 0.896334 -4.50618 3.2
    endloop
  endfacet
  facet normal 0 0 -1
    outer loop
      vertex 1.3337 -4.39662 3.2
      vertex 0.769254 -2.53589 3.2
      vertex 1.01411 -2.44828 3.2
    endloop
  endfacet
  facet normal 0 0 -1
    outer loop
      vertex 0.896334 -4.50618 3.2
      vertex 0.516989 -2.59908 3.2
      vertex 0.769254 -2.53589 3.2
    endloop
  endfacet
  facet normal 0 0 -1
    outer loop
      vertex 0.450336 -4.57234 3.2
      vertex 0.516989 -2.59908 3.2
      vertex 0.896334 -4.50618 3.2
    endloop
  endfacet
  facet normal 0 0 -1
    outer loop
      vertex 0.450336 -4.57234 3.2
      vertex 0.259745 -2.63724 3.2
      vertex 0.516989 -2.59908 3.2
    endloop
  endfacet
  facet normal 0 0 -1
    outer loop
      vertex 0 -4.59446 3.2
      vertex 0.259745 -2.63724 3.2
      vertex 0.450336 -4.57234 3.2
    endloop
  endfacet
  facet normal 0 0 -1
    outer loop
      vertex 0 -4.59446 3.2
      vertex 0 -2.65 3.2
      vertex 0.259745 -2.63724 3.2
    endloop
  endfacet
  facet normal 0 0 -1
    outer loop
      vertex 0 -4.59446 3.2
      vertex -0.259745 -2.63724 3.2
      vertex 0 -2.65 3.2
    endloop
  endfacet
  facet normal 0 0 -1
    outer loop
      vertex -0.450336 -4.57234 3.2
      vertex -0.259745 -2.63724 3.2
      vertex 0 -4.59446 3.2
    endloop
  endfacet
  facet normal 0 0 -1
    outer loop
      vertex -0.450336 -4.57234 3.2
      vertex -0.516989 -2.59908 3.2
      vertex -0.259745 -2.63724 3.2
    endloop
  endfacet
  facet normal 0 0 -1
    outer loop
      vertex -0.896334 -4.50618 3.2
      vertex -0.516989 -2.59908 3.2
      vertex -0.450336 -4.57234 3.2
    endloop
  endfacet
  facet normal -0 0 -1
    outer loop
      vertex -0.516989 -2.59908 3.2
      vertex -0.896334 -4.50618 3.2
      vertex -0.769254 -2.53589 3.2
    endloop
  endfacet
  facet normal 0 0 -1
    outer loop
      vertex -1.3337 -4.39662 3.2
      vertex -0.769254 -2.53589 3.2
      vertex -0.896334 -4.50618 3.2
    endloop
  endfacet
  facet normal -0 0 -1
    outer loop
      vertex -0.769254 -2.53589 3.2
      vertex -1.3337 -4.39662 3.2
      vertex -1.01411 -2.44828 3.2
    endloop
  endfacet
  facet normal 0 0 -1
    outer loop
      vertex -1.75822 -4.24473 3.2
      vertex -1.01411 -2.44828 3.2
      vertex -1.3337 -4.39662 3.2
    endloop
  endfacet
  facet normal -0 0 -1
    outer loop
      vertex -1.01411 -2.44828 3.2
      vertex -1.75822 -4.24473 3.2
      vertex -1.2492 -2.33709 3.2
    endloop
  endfacet
  facet normal 0 0 -1
    outer loop
      vertex -2.16581 -4.05195 3.2
      vertex -1.2492 -2.33709 3.2
      vertex -1.75822 -4.24473 3.2
    endloop
  endfacet
  facet normal -0 0 -1
    outer loop
      vertex -1.2492 -2.33709 3.2
      vertex -2.16581 -4.05195 3.2
      vertex -1.47226 -2.20339 3.2
    endloop
  endfacet
  facet normal 0 0 -1
    outer loop
      vertex -2.55254 -3.82015 3.2
      vertex -1.47226 -2.20339 3.2
      vertex -2.16581 -4.05195 3.2
    endloop
  endfacet
  facet normal -0 0 -1
    outer loop
      vertex -1.47226 -2.20339 3.2
      vertex -2.55254 -3.82015 3.2
      vertex -1.68114 -2.04848 3.2
    endloop
  endfacet
  facet normal 0 0 -1
    outer loop
      vertex -2.91469 -3.55156 3.2
      vertex -1.68114 -2.04848 3.2
      vertex -2.55254 -3.82015 3.2
    endloop
  endfacet
  facet normal -0 0 -1
    outer loop
      vertex -1.68114 -2.04848 3.2
      vertex -2.91469 -3.55156 3.2
      vertex -1.87383 -1.87383 3.2
    endloop
  endfacet
  facet normal 0 0 -1
    outer loop
      vertex -3.24877 -3.24877 3.2
      vertex -1.87383 -1.87383 3.2
      vertex -2.91469 -3.55156 3.2
    endloop
  endfacet
  facet normal -0 0 -1
    outer loop
      vertex -1.87383 -1.87383 3.2
      vertex -3.24877 -3.24877 3.2
      vertex -2.04848 -1.68114 3.2
    endloop
  endfacet
  facet normal 0 0 -1
    outer loop
      vertex -3.55156 -2.91469 3.2
      vertex -2.04848 -1.68114 3.2
      vertex -3.24877 -3.24877 3.2
    endloop
  endfacet
  facet normal -0 0 -1
    outer loop
      vertex -2.04848 -1.68114 3.2
      vertex -3.55156 -2.91469 3.2
      vertex -2.20339 -1.47226 3.2
    endloop
  endfacet
  facet normal 0 0 -1
    outer loop
      vertex -3.82015 -2.55254 3.2
      vertex -2.20339 -1.47226 3.2
      vertex -3.55156 -2.91469 3.2
    endloop
  endfacet
  facet normal -0 0 -1
    outer loop
      vertex -2.20339 -1.47226 3.2
      vertex -3.82015 -2.55254 3.2
      vertex -2.33709 -1.2492 3.2
    endloop
  endfacet
  facet normal 0 0 -1
    outer loop
      vertex -4.05195 -2.16581 3.2
      vertex -2.33709 -1.2492 3.2
      vertex -3.82015 -2.55254 3.2
    endloop
  endfacet
  facet normal -0 0 -1
    outer loop
      vertex -2.33709 -1.2492 3.2
      vertex -4.05195 -2.16581 3.2
      vertex -2.44828 -1.01411 3.2
    endloop
  endfacet
  facet normal 0 0 -1
    outer loop
      vertex 2.33709 1.2492 3.2
      vertex 4.05195 2.16581 3.2
      vertex 2.44828 1.01411 3.2
    endloop
  endfacet
  facet normal -0 0 -1
    outer loop
      vertex 4.05195 2.16581 3.2
      vertex 2.33709 1.2492 3.2
      vertex 3.82015 2.55254 3.2
    endloop
  endfacet
  facet normal 0 0 -1
    outer loop
      vertex 2.20339 1.47226 3.2
      vertex 3.82015 2.55254 3.2
      vertex 2.33709 1.2492 3.2
    endloop
  endfacet
  facet normal -0 0 -1
    outer loop
      vertex 3.82015 2.55254 3.2
      vertex 2.20339 1.47226 3.2
      vertex 3.55156 2.91469 3.2
    endloop
  endfacet
  facet normal 0 0 -1
    outer loop
      vertex 2.04848 1.68114 3.2
      vertex 3.55156 2.91469 3.2
      vertex 2.20339 1.47226 3.2
    endloop
  endfacet
  facet normal -0 0 -1
    outer loop
      vertex 3.55156 2.91469 3.2
      vertex 2.04848 1.68114 3.2
      vertex 3.24877 3.24877 3.2
    endloop
  endfacet
  facet normal 0 0 -1
    outer loop
      vertex 1.87383 1.87383 3.2
      vertex 3.24877 3.24877 3.2
      vertex 2.04848 1.68114 3.2
    endloop
  endfacet
  facet normal -0 0 -1
    outer loop
      vertex 3.24877 3.24877 3.2
      vertex 1.87383 1.87383 3.2
      vertex 2.91469 3.55156 3.2
    endloop
  endfacet
  facet normal 0 0 -1
    outer loop
      vertex 1.68114 2.04848 3.2
      vertex 2.91469 3.55156 3.2
      vertex 1.87383 1.87383 3.2
    endloop
  endfacet
  facet normal -0 0 -1
    outer loop
      vertex 2.91469 3.55156 3.2
      vertex 1.68114 2.04848 3.2
      vertex 2.55254 3.82015 3.2
    endloop
  endfacet
  facet normal 0 0 -1
    outer loop
      vertex 1.47226 2.20339 3.2
      vertex 2.55254 3.82015 3.2
      vertex 1.68114 2.04848 3.2
    endloop
  endfacet
  facet normal -0 0 -1
    outer loop
      vertex 2.55254 3.82015 3.2
      vertex 1.47226 2.20339 3.2
      vertex 2.16581 4.05195 3.2
    endloop
  endfacet
  facet normal 0 0 -1
    outer loop
      vertex 1.2492 2.33709 3.2
      vertex 2.16581 4.05195 3.2
      vertex 1.47226 2.20339 3.2
    endloop
  endfacet
  facet normal -0 0 -1
    outer loop
      vertex 2.16581 4.05195 3.2
      vertex 1.2492 2.33709 3.2
      vertex 1.75822 4.24473 3.2
    endloop
  endfacet
  facet normal 0 0 -1
    outer loop
      vertex 1.01411 2.44828 3.2
      vertex 1.75822 4.24473 3.2
      vertex 1.2492 2.33709 3.2
    endloop
  endfacet
  facet normal -0 0 -1
    outer loop
      vertex 1.75822 4.24473 3.2
      vertex 1.01411 2.44828 3.2
      vertex 1.3337 4.39662 3.2
    endloop
  endfacet
  facet normal 0 0 -1
    outer loop
      vertex 0.769254 2.53589 3.2
      vertex 1.3337 4.39662 3.2
      vertex 1.01411 2.44828 3.2
    endloop
  endfacet
  facet normal -0 0 -1
    outer loop
      vertex 1.3337 4.39662 3.2
      vertex 0.769254 2.53589 3.2
      vertex 0.896334 4.50618 3.2
    endloop
  endfacet
  facet normal 0 0 -1
    outer loop
      vertex 0.516989 2.59908 3.2
      vertex 0.896334 4.50618 3.2
      vertex 0.769254 2.53589 3.2
    endloop
  endfacet
  facet normal 0 0 -1
    outer loop
      vertex 0.516989 2.59908 3.2
      vertex 0.450336 4.57234 3.2
      vertex 0.896334 4.50618 3.2
    endloop
  endfacet
  facet normal 0 0 -1
    outer loop
      vertex 0.259745 2.63724 3.2
      vertex 0.450336 4.57234 3.2
      vertex 0.516989 2.59908 3.2
    endloop
  endfacet
  facet normal 0 0 -1
    outer loop
      vertex 0 2.65 3.2
      vertex 0.450336 4.57234 3.2
      vertex 0.259745 2.63724 3.2
    endloop
  endfacet
  facet normal 0 0 -1
    outer loop
      vertex 0 2.65 3.2
      vertex 0 4.59446 3.2
      vertex 0.450336 4.57234 3.2
    endloop
  endfacet
  facet normal 0 0 -1
    outer loop
      vertex -0.259745 2.63724 3.2
      vertex 0 4.59446 3.2
      vertex 0 2.65 3.2
    endloop
  endfacet
  facet normal 0 0 -1
    outer loop
      vertex -0.259745 2.63724 3.2
      vertex -0.450336 4.57234 3.2
      vertex 0 4.59446 3.2
    endloop
  endfacet
  facet normal 0 0 -1
    outer loop
      vertex -0.516989 2.59908 3.2
      vertex -0.450336 4.57234 3.2
      vertex -0.259745 2.63724 3.2
    endloop
  endfacet
  facet normal 0 0 -1
    outer loop
      vertex -0.896334 4.50618 3.2
      vertex -0.516989 2.59908 3.2
      vertex -0.769254 2.53589 3.2
    endloop
  endfacet
  facet normal 0 0 -1
    outer loop
      vertex -0.516989 2.59908 3.2
      vertex -0.896334 4.50618 3.2
      vertex -0.450336 4.57234 3.2
    endloop
  endfacet
  facet normal 0 0 -1
    outer loop
      vertex -1.3337 4.39662 3.2
      vertex -0.769254 2.53589 3.2
      vertex -1.01411 2.44828 3.2
    endloop
  endfacet
  facet normal 0 0 -1
    outer loop
      vertex -1.75822 4.24473 3.2
      vertex -1.01411 2.44828 3.2
      vertex -1.2492 2.33709 3.2
    endloop
  endfacet
  facet normal 0 0 -1
    outer loop
      vertex -0.769254 2.53589 3.2
      vertex -1.3337 4.39662 3.2
      vertex -0.896334 4.50618 3.2
    endloop
  endfacet
  facet normal 0 0 -1
    outer loop
      vertex -2.16581 4.05195 3.2
      vertex -1.2492 2.33709 3.2
      vertex -1.47226 2.20339 3.2
    endloop
  endfacet
  facet normal 0 0 -1
    outer loop
      vertex -2.55254 3.82015 3.2
      vertex -1.47226 2.20339 3.2
      vertex -1.68114 2.04848 3.2
    endloop
  endfacet
  facet normal 0 0 -1
    outer loop
      vertex -1.01411 2.44828 3.2
      vertex -1.75822 4.24473 3.2
      vertex -1.3337 4.39662 3.2
    endloop
  endfacet
  facet normal 0 0 -1
    outer loop
      vertex -2.91469 3.55156 3.2
      vertex -1.68114 2.04848 3.2
      vertex -1.87383 1.87383 3.2
    endloop
  endfacet
  facet normal 0 0 -1
    outer loop
      vertex -3.24877 3.24877 3.2
      vertex -1.87383 1.87383 3.2
      vertex -2.04848 1.68114 3.2
    endloop
  endfacet
  facet normal 0 0 -1
    outer loop
      vertex -1.2492 2.33709 3.2
      vertex -2.16581 4.05195 3.2
      vertex -1.75822 4.24473 3.2
    endloop
  endfacet
  facet normal 0 0 -1
    outer loop
      vertex -3.55156 2.91469 3.2
      vertex -2.04848 1.68114 3.2
      vertex -2.20339 1.47226 3.2
    endloop
  endfacet
  facet normal 0 0 -1
    outer loop
      vertex -3.82015 2.55254 3.2
      vertex -2.20339 1.47226 3.2
      vertex -2.33709 1.2492 3.2
    endloop
  endfacet
  facet normal 0 0 -1
    outer loop
      vertex -4.05195 2.16581 3.2
      vertex -2.33709 1.2492 3.2
      vertex -2.44828 1.01411 3.2
    endloop
  endfacet
  facet normal 0 0 -1
    outer loop
      vertex -4.24473 1.75822 3.2
      vertex -2.44828 1.01411 3.2
      vertex -2.53589 0.769254 3.2
    endloop
  endfacet
  facet normal 0 0 -1
    outer loop
      vertex -1.47226 2.20339 3.2
      vertex -2.55254 3.82015 3.2
      vertex -2.16581 4.05195 3.2
    endloop
  endfacet
  facet normal 0 0 -1
    outer loop
      vertex -4.39662 1.3337 3.2
      vertex -2.53589 0.769254 3.2
      vertex -2.59908 0.516989 3.2
    endloop
  endfacet
  facet normal 0 0 -1
    outer loop
      vertex -4.50618 0.896334 3.2
      vertex -2.59908 0.516989 3.2
      vertex -2.63724 0.259745 3.2
    endloop
  endfacet
  facet normal 0 0 -1
    outer loop
      vertex -4.57234 0.450336 3.2
      vertex -2.63724 0.259745 3.2
      vertex -2.65 0 3.2
    endloop
  endfacet
  facet normal 0 0 -1
    outer loop
      vertex -4.24473 -1.75822 3.2
      vertex -2.44828 -1.01411 3.2
      vertex -4.05195 -2.16581 3.2
    endloop
  endfacet
  facet normal 0 0 -1
    outer loop
      vertex -1.68114 2.04848 3.2
      vertex -2.91469 3.55156 3.2
      vertex -2.55254 3.82015 3.2
    endloop
  endfacet
  facet normal -0 0 -1
    outer loop
      vertex -2.44828 -1.01411 3.2
      vertex -4.24473 -1.75822 3.2
      vertex -2.53589 -0.769254 3.2
    endloop
  endfacet
  facet normal 0 0 -1
    outer loop
      vertex -1.87383 1.87383 3.2
      vertex -3.24877 3.24877 3.2
      vertex -2.91469 3.55156 3.2
    endloop
  endfacet
  facet normal 0 0 -1
    outer loop
      vertex -4.39662 -1.3337 3.2
      vertex -2.53589 -0.769254 3.2
      vertex -4.24473 -1.75822 3.2
    endloop
  endfacet
  facet normal 0 0 -1
    outer loop
      vertex -2.04848 1.68114 3.2
      vertex -3.55156 2.91469 3.2
      vertex -3.24877 3.24877 3.2
    endloop
  endfacet
  facet normal -0 0 -1
    outer loop
      vertex -2.53589 -0.769254 3.2
      vertex -4.39662 -1.3337 3.2
      vertex -2.59908 -0.516989 3.2
    endloop
  endfacet
  facet normal 0 0 -1
    outer loop
      vertex -2.20339 1.47226 3.2
      vertex -3.82015 2.55254 3.2
      vertex -3.55156 2.91469 3.2
    endloop
  endfacet
  facet normal 0 0 -1
    outer loop
      vertex -4.50618 -0.896334 3.2
      vertex -2.59908 -0.516989 3.2
      vertex -4.39662 -1.3337 3.2
    endloop
  endfacet
  facet normal 0 0 -1
    outer loop
      vertex -2.33709 1.2492 3.2
      vertex -4.05195 2.16581 3.2
      vertex -3.82015 2.55254 3.2
    endloop
  endfacet
  facet normal -0 0 -1
    outer loop
      vertex -2.59908 -0.516989 3.2
      vertex -4.50618 -0.896334 3.2
      vertex -2.63724 -0.259745 3.2
    endloop
  endfacet
  facet normal 0 0 -1
    outer loop
      vertex -2.44828 1.01411 3.2
      vertex -4.24473 1.75822 3.2
      vertex -4.05195 2.16581 3.2
    endloop
  endfacet
  facet normal 0 0 -1
    outer loop
      vertex -4.57234 -0.450336 3.2
      vertex -2.63724 -0.259745 3.2
      vertex -4.50618 -0.896334 3.2
    endloop
  endfacet
  facet normal 0 0 -1
    outer loop
      vertex -2.53589 0.769254 3.2
      vertex -4.39662 1.3337 3.2
      vertex -4.24473 1.75822 3.2
    endloop
  endfacet
  facet normal -0 0 -1
    outer loop
      vertex -2.63724 -0.259745 3.2
      vertex -4.57234 -0.450336 3.2
      vertex -2.65 0 3.2
    endloop
  endfacet
  facet normal 0 0 -1
    outer loop
      vertex -2.59908 0.516989 3.2
      vertex -4.50618 0.896334 3.2
      vertex -4.39662 1.3337 3.2
    endloop
  endfacet
  facet normal 0 0 -1
    outer loop
      vertex -4.59446 0 3.2
      vertex -2.65 0 3.2
      vertex -4.57234 -0.450336 3.2
    endloop
  endfacet
  facet normal 0 0 -1
    outer loop
      vertex -2.63724 0.259745 3.2
      vertex -4.57234 0.450336 3.2
      vertex -4.50618 0.896334 3.2
    endloop
  endfacet
  facet normal 0 0 -1
    outer loop
      vertex -2.65 0 3.2
      vertex -4.59446 0 3.2
      vertex -4.57234 0.450336 3.2
    endloop
  endfacet
  facet normal 0.989176 0.146736 0
    outer loop
      vertex 5.07544 0.499887 3.2
      vertex 5.002 0.99496 2
      vertex 5.002 0.99496 3.2
    endloop
  endfacet
  facet normal 0.989176 0.146736 0
    outer loop
      vertex 5.002 0.99496 2
      vertex 5.07544 0.499887 3.2
      vertex 5.07544 0.499887 2
    endloop
  endfacet
  facet normal 0.998795 0.0490719 0
    outer loop
      vertex 5.1 0 3.2
      vertex 5.07544 0.499887 2
      vertex 5.07544 0.499887 3.2
    endloop
  endfacet
  facet normal 0.998795 0.0490719 0
    outer loop
      vertex 5.07544 0.499887 2
      vertex 5.1 0 3.2
      vertex 5.1 0 2
    endloop
  endfacet
  facet normal 0.970031 0.242982 0
    outer loop
      vertex 5.002 0.99496 3.2
      vertex 4.88039 1.48045 2
      vertex 4.88039 1.48045 3.2
    endloop
  endfacet
  facet normal 0.970031 0.242982 0
    outer loop
      vertex 4.88039 1.48045 2
      vertex 5.002 0.99496 3.2
      vertex 5.002 0.99496 2
    endloop
  endfacet
  facet normal 0.427558 -0.903988 0
    outer loop
      vertex 1.95168 -4.71179 2
      vertex 2.40412 -4.4978 3.2
      vertex 1.95168 -4.71179 3.2
    endloop
  endfacet
  facet normal 0.427558 -0.903988 0
    outer loop
      vertex 2.40412 -4.4978 3.2
      vertex 1.95168 -4.71179 2
      vertex 2.40412 -4.4978 2
    endloop
  endfacet
  facet normal 0.427558 0.903988 -0
    outer loop
      vertex 2.40412 4.4978 2
      vertex 1.95168 4.71179 3.2
      vertex 2.40412 4.4978 3.2
    endloop
  endfacet
  facet normal 0.427558 0.903988 0
    outer loop
      vertex 1.95168 4.71179 3.2
      vertex 2.40412 4.4978 2
      vertex 1.95168 4.71179 2
    endloop
  endfacet
  facet normal -0.427558 0.903988 0
    outer loop
      vertex -1.95168 4.71179 2
      vertex -2.40412 4.4978 3.2
      vertex -1.95168 4.71179 3.2
    endloop
  endfacet
  facet normal -0.427558 0.903988 0
    outer loop
      vertex -2.40412 4.4978 3.2
      vertex -1.95168 4.71179 2
      vertex -2.40412 4.4978 2
    endloop
  endfacet
  facet normal 0.595704 0.803204 -0
    outer loop
      vertex 3.2354 3.94235 2
      vertex 2.83341 4.24049 3.2
      vertex 3.2354 3.94235 3.2
    endloop
  endfacet
  facet normal 0.595704 0.803204 0
    outer loop
      vertex 2.83341 4.24049 3.2
      vertex 3.2354 3.94235 2
      vertex 2.83341 4.24049 2
    endloop
  endfacet
  facet normal 0.242982 0.970031 -0
    outer loop
      vertex 1.48045 4.88039 2
      vertex 0.99496 5.002 3.2
      vertex 1.48045 4.88039 3.2
    endloop
  endfacet
  facet normal 0.242982 0.970031 0
    outer loop
      vertex 0.99496 5.002 3.2
      vertex 1.48045 4.88039 2
      vertex 0.99496 5.002 2
    endloop
  endfacet
  facet normal -0.970031 0.242982 0
    outer loop
      vertex -5.002 0.99496 2
      vertex -4.88039 1.48045 3.2
      vertex -4.88039 1.48045 2
    endloop
  endfacet
  facet normal -0.970031 0.242982 0
    outer loop
      vertex -4.88039 1.48045 3.2
      vertex -5.002 0.99496 2
      vertex -5.002 0.99496 3.2
    endloop
  endfacet
  facet normal 0.514108 -0.857726 0
    outer loop
      vertex 2.40412 -4.4978 2
      vertex 2.83341 -4.24049 3.2
      vertex 2.40412 -4.4978 3.2
    endloop
  endfacet
  facet normal 0.514108 -0.857726 0
    outer loop
      vertex 2.83341 -4.24049 3.2
      vertex 2.40412 -4.4978 2
      vertex 2.83341 -4.24049 2
    endloop
  endfacet
  facet normal 0.903988 0.427558 0
    outer loop
      vertex 4.71179 1.95168 3.2
      vertex 4.4978 2.40412 2
      vertex 4.4978 2.40412 3.2
    endloop
  endfacet
  facet normal 0.903988 0.427558 0
    outer loop
      vertex 4.4978 2.40412 2
      vertex 4.71179 1.95168 3.2
      vertex 4.71179 1.95168 2
    endloop
  endfacet
  facet normal 0.0490719 0.998795 -0
    outer loop
      vertex 0.499887 5.07544 2
      vertex 0 5.1 3.2
      vertex 0.499887 5.07544 3.2
    endloop
  endfacet
  facet normal 0.0490719 0.998795 0
    outer loop
      vertex 0 5.1 3.2
      vertex 0.499887 5.07544 2
      vertex 0 5.1 2
    endloop
  endfacet
  facet normal -0.242982 0.970031 0
    outer loop
      vertex -0.99496 5.002 2
      vertex -1.48045 4.88039 3.2
      vertex -0.99496 5.002 3.2
    endloop
  endfacet
  facet normal -0.242982 0.970031 0
    outer loop
      vertex -1.48045 4.88039 3.2
      vertex -0.99496 5.002 2
      vertex -1.48045 4.88039 2
    endloop
  endfacet
  facet normal 0.514108 0.857726 -0
    outer loop
      vertex 2.83341 4.24049 2
      vertex 2.40412 4.4978 3.2
      vertex 2.83341 4.24049 3.2
    endloop
  endfacet
  facet normal 0.514108 0.857726 0
    outer loop
      vertex 2.40412 4.4978 3.2
      vertex 2.83341 4.24049 2
      vertex 2.40412 4.4978 2
    endloop
  endfacet
  facet normal -0.989176 0.146736 0
    outer loop
      vertex -5.07544 0.499887 2
      vertex -5.002 0.99496 3.2
      vertex -5.002 0.99496 2
    endloop
  endfacet
  facet normal -0.989176 0.146736 0
    outer loop
      vertex -5.002 0.99496 3.2
      vertex -5.07544 0.499887 2
      vertex -5.07544 0.499887 3.2
    endloop
  endfacet
  facet normal 0.998795 -0.0490719 0
    outer loop
      vertex 5.07544 -0.499887 3.2
      vertex 5.1 0 2
      vertex 5.1 0 3.2
    endloop
  endfacet
  facet normal 0.998795 -0.0490719 0
    outer loop
      vertex 5.1 0 2
      vertex 5.07544 -0.499887 3.2
      vertex 5.07544 -0.499887 2
    endloop
  endfacet
  facet normal -0.595704 -0.803204 0
    outer loop
      vertex -3.2354 -3.94235 2
      vertex -2.83341 -4.24049 3.2
      vertex -3.2354 -3.94235 3.2
    endloop
  endfacet
  facet normal -0.595704 -0.803204 -0
    outer loop
      vertex -2.83341 -4.24049 3.2
      vertex -3.2354 -3.94235 2
      vertex -2.83341 -4.24049 2
    endloop
  endfacet
  facet normal 0.242982 -0.970031 0
    outer loop
      vertex 0.99496 -5.002 2
      vertex 1.48045 -4.88039 3.2
      vertex 0.99496 -5.002 3.2
    endloop
  endfacet
  facet normal 0.242982 -0.970031 0
    outer loop
      vertex 1.48045 -4.88039 3.2
      vertex 0.99496 -5.002 2
      vertex 1.48045 -4.88039 2
    endloop
  endfacet
  facet normal 0.803204 0.595704 0
    outer loop
      vertex 4.24049 2.83341 3.2
      vertex 3.94235 3.2354 2
      vertex 3.94235 3.2354 3.2
    endloop
  endfacet
  facet normal 0.803204 0.595704 0
    outer loop
      vertex 3.94235 3.2354 2
      vertex 4.24049 2.83341 3.2
      vertex 4.24049 2.83341 2
    endloop
  endfacet
  facet normal 0.146736 -0.989176 0
    outer loop
      vertex 0.499887 -5.07544 2
      vertex 0.99496 -5.002 3.2
      vertex 0.499887 -5.07544 3.2
    endloop
  endfacet
  facet normal 0.146736 -0.989176 0
    outer loop
      vertex 0.99496 -5.002 3.2
      vertex 0.499887 -5.07544 2
      vertex 0.99496 -5.002 2
    endloop
  endfacet
  facet normal -0.94155 0.336874 0
    outer loop
      vertex -4.88039 1.48045 2
      vertex -4.71179 1.95168 3.2
      vertex -4.71179 1.95168 2
    endloop
  endfacet
  facet normal -0.94155 0.336874 0
    outer loop
      vertex -4.71179 1.95168 3.2
      vertex -4.88039 1.48045 2
      vertex -4.88039 1.48045 3.2
    endloop
  endfacet
  facet normal 0.336874 -0.94155 0
    outer loop
      vertex 1.48045 -4.88039 2
      vertex 1.95168 -4.71179 3.2
      vertex 1.48045 -4.88039 3.2
    endloop
  endfacet
  facet normal 0.336874 -0.94155 0
    outer loop
      vertex 1.95168 -4.71179 3.2
      vertex 1.48045 -4.88039 2
      vertex 1.95168 -4.71179 2
    endloop
  endfacet
  facet normal 0.989176 -0.146736 0
    outer loop
      vertex 5.002 -0.99496 3.2
      vertex 5.07544 -0.499887 2
      vertex 5.07544 -0.499887 3.2
    endloop
  endfacet
  facet normal 0.989176 -0.146736 0
    outer loop
      vertex 5.07544 -0.499887 2
      vertex 5.002 -0.99496 3.2
      vertex 5.002 -0.99496 2
    endloop
  endfacet
  facet normal -0.94155 -0.336874 0
    outer loop
      vertex -4.71179 -1.95168 2
      vertex -4.88039 -1.48045 3.2
      vertex -4.88039 -1.48045 2
    endloop
  endfacet
  facet normal -0.94155 -0.336874 0
    outer loop
      vertex -4.88039 -1.48045 3.2
      vertex -4.71179 -1.95168 2
      vertex -4.71179 -1.95168 3.2
    endloop
  endfacet
  facet normal 0.903988 -0.427558 0
    outer loop
      vertex 4.4978 -2.40412 3.2
      vertex 4.71179 -1.95168 2
      vertex 4.71179 -1.95168 3.2
    endloop
  endfacet
  facet normal 0.903988 -0.427558 0
    outer loop
      vertex 4.71179 -1.95168 2
      vertex 4.4978 -2.40412 3.2
      vertex 4.4978 -2.40412 2
    endloop
  endfacet
  facet normal -0.595704 0.803204 0
    outer loop
      vertex -2.83341 4.24049 2
      vertex -3.2354 3.94235 3.2
      vertex -2.83341 4.24049 3.2
    endloop
  endfacet
  facet normal -0.595704 0.803204 0
    outer loop
      vertex -3.2354 3.94235 3.2
      vertex -2.83341 4.24049 2
      vertex -3.2354 3.94235 2
    endloop
  endfacet
  facet normal -0.514108 0.857726 0
    outer loop
      vertex -2.40412 4.4978 2
      vertex -2.83341 4.24049 3.2
      vertex -2.40412 4.4978 3.2
    endloop
  endfacet
  facet normal -0.514108 0.857726 0
    outer loop
      vertex -2.83341 4.24049 3.2
      vertex -2.40412 4.4978 2
      vertex -2.83341 4.24049 2
    endloop
  endfacet
  facet normal -0.970031 -0.242982 0
    outer loop
      vertex -4.88039 -1.48045 2
      vertex -5.002 -0.99496 3.2
      vertex -5.002 -0.99496 2
    endloop
  endfacet
  facet normal -0.970031 -0.242982 0
    outer loop
      vertex -5.002 -0.99496 3.2
      vertex -4.88039 -1.48045 2
      vertex -4.88039 -1.48045 3.2
    endloop
  endfacet
  facet normal -0.998795 -0.0490719 0
    outer loop
      vertex -5.07544 -0.499887 2
      vertex -5.1 0 3.2
      vertex -5.1 0 2
    endloop
  endfacet
  facet normal -0.998795 -0.0490719 0
    outer loop
      vertex -5.1 0 3.2
      vertex -5.07544 -0.499887 2
      vertex -5.07544 -0.499887 3.2
    endloop
  endfacet
  facet normal 0.146736 0.989176 -0
    outer loop
      vertex 0.99496 5.002 2
      vertex 0.499887 5.07544 3.2
      vertex 0.99496 5.002 3.2
    endloop
  endfacet
  facet normal 0.146736 0.989176 0
    outer loop
      vertex 0.499887 5.07544 3.2
      vertex 0.99496 5.002 2
      vertex 0.499887 5.07544 2
    endloop
  endfacet
  facet normal 0.94155 -0.336874 0
    outer loop
      vertex 4.71179 -1.95168 3.2
      vertex 4.88039 -1.48045 2
      vertex 4.88039 -1.48045 3.2
    endloop
  endfacet
  facet normal 0.94155 -0.336874 0
    outer loop
      vertex 4.88039 -1.48045 2
      vertex 4.71179 -1.95168 3.2
      vertex 4.71179 -1.95168 2
    endloop
  endfacet
  facet normal 0.857726 0.514108 0
    outer loop
      vertex 4.4978 2.40412 3.2
      vertex 4.24049 2.83341 2
      vertex 4.24049 2.83341 3.2
    endloop
  endfacet
  facet normal 0.857726 0.514108 0
    outer loop
      vertex 4.24049 2.83341 2
      vertex 4.4978 2.40412 3.2
      vertex 4.4978 2.40412 2
    endloop
  endfacet
  facet normal 0.94155 0.336874 0
    outer loop
      vertex 4.88039 1.48045 3.2
      vertex 4.71179 1.95168 2
      vertex 4.71179 1.95168 3.2
    endloop
  endfacet
  facet normal 0.94155 0.336874 0
    outer loop
      vertex 4.71179 1.95168 2
      vertex 4.88039 1.48045 3.2
      vertex 4.88039 1.48045 2
    endloop
  endfacet
  facet normal 0.336874 0.94155 -0
    outer loop
      vertex 1.95168 4.71179 2
      vertex 1.48045 4.88039 3.2
      vertex 1.95168 4.71179 3.2
    endloop
  endfacet
  facet normal 0.336874 0.94155 0
    outer loop
      vertex 1.48045 4.88039 3.2
      vertex 1.95168 4.71179 2
      vertex 1.48045 4.88039 2
    endloop
  endfacet
  facet normal -0.0490719 0.998795 0
    outer loop
      vertex 0 5.1 2
      vertex -0.499887 5.07544 3.2
      vertex 0 5.1 3.2
    endloop
  endfacet
  facet normal -0.0490719 0.998795 0
    outer loop
      vertex -0.499887 5.07544 3.2
      vertex 0 5.1 2
      vertex -0.499887 5.07544 2
    endloop
  endfacet
  facet normal -0.427558 -0.903988 0
    outer loop
      vertex -2.40412 -4.4978 2
      vertex -1.95168 -4.71179 3.2
      vertex -2.40412 -4.4978 3.2
    endloop
  endfacet
  facet normal -0.427558 -0.903988 -0
    outer loop
      vertex -1.95168 -4.71179 3.2
      vertex -2.40412 -4.4978 2
      vertex -1.95168 -4.71179 2
    endloop
  endfacet
  facet normal -0.740951 0.671559 0
    outer loop
      vertex -3.94235 3.2354 2
      vertex -3.60624 3.60624 3.2
      vertex -3.60624 3.60624 2
    endloop
  endfacet
  facet normal -0.740951 0.671559 0
    outer loop
      vertex -3.60624 3.60624 3.2
      vertex -3.94235 3.2354 2
      vertex -3.94235 3.2354 3.2
    endloop
  endfacet
  facet normal 0.970031 -0.242982 0
    outer loop
      vertex 4.88039 -1.48045 3.2
      vertex 5.002 -0.99496 2
      vertex 5.002 -0.99496 3.2
    endloop
  endfacet
  facet normal 0.970031 -0.242982 0
    outer loop
      vertex 5.002 -0.99496 2
      vertex 4.88039 -1.48045 3.2
      vertex 4.88039 -1.48045 2
    endloop
  endfacet
  facet normal -0.146736 0.989176 0
    outer loop
      vertex -0.499887 5.07544 2
      vertex -0.99496 5.002 3.2
      vertex -0.499887 5.07544 3.2
    endloop
  endfacet
  facet normal -0.146736 0.989176 0
    outer loop
      vertex -0.99496 5.002 3.2
      vertex -0.499887 5.07544 2
      vertex -0.99496 5.002 2
    endloop
  endfacet
  facet normal 0.0490719 -0.998795 0
    outer loop
      vertex 0 -5.1 2
      vertex 0.499887 -5.07544 3.2
      vertex 0 -5.1 3.2
    endloop
  endfacet
  facet normal 0.0490719 -0.998795 0
    outer loop
      vertex 0.499887 -5.07544 3.2
      vertex 0 -5.1 2
      vertex 0.499887 -5.07544 2
    endloop
  endfacet
  facet normal 0 0 -1
    outer loop
      vertex 3.8 0 2
      vertex 5.1 0 2
      vertex 5.07544 -0.499887 2
    endloop
  endfacet
  facet normal 0 0 -1
    outer loop
      vertex 3.7817 -0.372464 2
      vertex 5.07544 -0.499887 2
      vertex 5.002 -0.99496 2
    endloop
  endfacet
  facet normal 0 0 -1
    outer loop
      vertex 5.1 0 2
      vertex 3.8 0 2
      vertex 5.07544 0.499887 2
    endloop
  endfacet
  facet normal 0 0 -1
    outer loop
      vertex 3.72698 -0.741343 2
      vertex 5.002 -0.99496 2
      vertex 4.88039 -1.48045 2
    endloop
  endfacet
  facet normal 0 0 -1
    outer loop
      vertex 3.7817 0.372464 2
      vertex 5.07544 0.499887 2
      vertex 3.8 0 2
    endloop
  endfacet
  facet normal 0 0 -1
    outer loop
      vertex 3.63637 -1.10308 2
      vertex 4.88039 -1.48045 2
      vertex 4.71179 -1.95168 2
    endloop
  endfacet
  facet normal -0 0 -1
    outer loop
      vertex 5.07544 0.499887 2
      vertex 3.7817 0.372464 2
      vertex 5.002 0.99496 2
    endloop
  endfacet
  facet normal 0 0 -1
    outer loop
      vertex 3.51074 -1.4542 2
      vertex 4.71179 -1.95168 2
      vertex 4.4978 -2.40412 2
    endloop
  endfacet
  facet normal 0 0 -1
    outer loop
      vertex 3.72698 0.741343 2
      vertex 5.002 0.99496 2
      vertex 3.7817 0.372464 2
    endloop
  endfacet
  facet normal 0 0 -1
    outer loop
      vertex 3.3513 -1.79131 2
      vertex 4.4978 -2.40412 2
      vertex 4.24049 -2.83341 2
    endloop
  endfacet
  facet normal -0 0 -1
    outer loop
      vertex 5.002 0.99496 2
      vertex 3.72698 0.741343 2
      vertex 4.88039 1.48045 2
    endloop
  endfacet
  facet normal 0 0 -1
    outer loop
      vertex 3.15958 -2.11117 2
      vertex 4.24049 -2.83341 2
      vertex 3.94235 -3.2354 2
    endloop
  endfacet
  facet normal 0 0 -1
    outer loop
      vertex 3.63637 1.10308 2
      vertex 4.88039 1.48045 2
      vertex 3.72698 0.741343 2
    endloop
  endfacet
  facet normal -0 0 -1
    outer loop
      vertex 4.88039 1.48045 2
      vertex 3.63637 1.10308 2
      vertex 4.71179 1.95168 2
    endloop
  endfacet
  facet normal 0 0 -1
    outer loop
      vertex 5.07544 -0.499887 2
      vertex 3.7817 -0.372464 2
      vertex 3.8 0 2
    endloop
  endfacet
  facet normal 0 0 -1
    outer loop
      vertex 5.002 -0.99496 2
      vertex 3.72698 -0.741343 2
      vertex 3.7817 -0.372464 2
    endloop
  endfacet
  facet normal 0 0 -1
    outer loop
      vertex 4.88039 -1.48045 2
      vertex 3.63637 -1.10308 2
      vertex 3.72698 -0.741343 2
    endloop
  endfacet
  facet normal 0 0 -1
    outer loop
      vertex 2.93744 -2.41069 2
      vertex 3.94235 -3.2354 2
      vertex 3.60624 -3.60624 2
    endloop
  endfacet
  facet normal 0 0 -1
    outer loop
      vertex 4.71179 -1.95168 2
      vertex 3.51074 -1.4542 2
      vertex 3.63637 -1.10308 2
    endloop
  endfacet
  facet normal 0 0 -1
    outer loop
      vertex 4.4978 -2.40412 2
      vertex 3.3513 -1.79131 2
      vertex 3.51074 -1.4542 2
    endloop
  endfacet
  facet normal 0 0 -1
    outer loop
      vertex 2.68701 -2.68701 2
      vertex 3.60624 -3.60624 2
      vertex 3.2354 -3.94235 2
    endloop
  endfacet
  facet normal 0 0 -1
    outer loop
      vertex 4.24049 -2.83341 2
      vertex 3.15958 -2.11117 2
      vertex 3.3513 -1.79131 2
    endloop
  endfacet
  facet normal 0 0 -1
    outer loop
      vertex 3.94235 -3.2354 2
      vertex 2.93744 -2.41069 2
      vertex 3.15958 -2.11117 2
    endloop
  endfacet
  facet normal 0 0 -1
    outer loop
      vertex 2.41069 -2.93744 2
      vertex 3.2354 -3.94235 2
      vertex 2.83341 -4.24049 2
    endloop
  endfacet
  facet normal 0 0 -1
    outer loop
      vertex 3.60624 -3.60624 2
      vertex 2.68701 -2.68701 2
      vertex 2.93744 -2.41069 2
    endloop
  endfacet
  facet normal 0 0 -1
    outer loop
      vertex 3.2354 -3.94235 2
      vertex 2.41069 -2.93744 2
      vertex 2.68701 -2.68701 2
    endloop
  endfacet
  facet normal 0 0 -1
    outer loop
      vertex 2.11117 -3.15958 2
      vertex 2.83341 -4.24049 2
      vertex 2.40412 -4.4978 2
    endloop
  endfacet
  facet normal 0 0 -1
    outer loop
      vertex 2.83341 -4.24049 2
      vertex 2.11117 -3.15958 2
      vertex 2.41069 -2.93744 2
    endloop
  endfacet
  facet normal 0 0 -1
    outer loop
      vertex 1.79131 -3.3513 2
      vertex 2.40412 -4.4978 2
      vertex 1.95168 -4.71179 2
    endloop
  endfacet
  facet normal 0 0 -1
    outer loop
      vertex 2.40412 -4.4978 2
      vertex 1.79131 -3.3513 2
      vertex 2.11117 -3.15958 2
    endloop
  endfacet
  facet normal 0 0 -1
    outer loop
      vertex 1.4542 -3.51074 2
      vertex 1.95168 -4.71179 2
      vertex 1.48045 -4.88039 2
    endloop
  endfacet
  facet normal 0 0 -1
    outer loop
      vertex 1.95168 -4.71179 2
      vertex 1.4542 -3.51074 2
      vertex 1.79131 -3.3513 2
    endloop
  endfacet
  facet normal 0 0 -1
    outer loop
      vertex 1.48045 -4.88039 2
      vertex 1.10308 -3.63637 2
      vertex 1.4542 -3.51074 2
    endloop
  endfacet
  facet normal 0 0 -1
    outer loop
      vertex 0.99496 -5.002 2
      vertex 1.10308 -3.63637 2
      vertex 1.48045 -4.88039 2
    endloop
  endfacet
  facet normal 0 0 -1
    outer loop
      vertex 0.99496 -5.002 2
      vertex 0.741343 -3.72698 2
      vertex 1.10308 -3.63637 2
    endloop
  endfacet
  facet normal 0 0 -1
    outer loop
      vertex 0.499887 -5.07544 2
      vertex 0.741343 -3.72698 2
      vertex 0.99496 -5.002 2
    endloop
  endfacet
  facet normal 0 0 -1
    outer loop
      vertex 0.499887 -5.07544 2
      vertex 0.372464 -3.7817 2
      vertex 0.741343 -3.72698 2
    endloop
  endfacet
  facet normal 0 0 -1
    outer loop
      vertex 0 -5.1 2
      vertex 0.372464 -3.7817 2
      vertex 0.499887 -5.07544 2
    endloop
  endfacet
  facet normal 0 0 -1
    outer loop
      vertex 0 -5.1 2
      vertex 0 -3.8 2
      vertex 0.372464 -3.7817 2
    endloop
  endfacet
  facet normal 0 0 -1
    outer loop
      vertex 0 -5.1 2
      vertex -0.372464 -3.7817 2
      vertex 0 -3.8 2
    endloop
  endfacet
  facet normal 0 0 -1
    outer loop
      vertex -0.499887 -5.07544 2
      vertex -0.372464 -3.7817 2
      vertex 0 -5.1 2
    endloop
  endfacet
  facet normal 0 0 -1
    outer loop
      vertex -0.499887 -5.07544 2
      vertex -0.741343 -3.72698 2
      vertex -0.372464 -3.7817 2
    endloop
  endfacet
  facet normal 0 0 -1
    outer loop
      vertex -0.99496 -5.002 2
      vertex -0.741343 -3.72698 2
      vertex -0.499887 -5.07544 2
    endloop
  endfacet
  facet normal 0 0 -1
    outer loop
      vertex -0.99496 -5.002 2
      vertex -1.10308 -3.63637 2
      vertex -0.741343 -3.72698 2
    endloop
  endfacet
  facet normal 0 0 -1
    outer loop
      vertex -1.48045 -4.88039 2
      vertex -1.10308 -3.63637 2
      vertex -0.99496 -5.002 2
    endloop
  endfacet
  facet normal -0 0 -1
    outer loop
      vertex -1.10308 -3.63637 2
      vertex -1.48045 -4.88039 2
      vertex -1.4542 -3.51074 2
    endloop
  endfacet
  facet normal 0 0 -1
    outer loop
      vertex -1.95168 -4.71179 2
      vertex -1.4542 -3.51074 2
      vertex -1.48045 -4.88039 2
    endloop
  endfacet
  facet normal -0 0 -1
    outer loop
      vertex -1.4542 -3.51074 2
      vertex -1.95168 -4.71179 2
      vertex -1.79131 -3.3513 2
    endloop
  endfacet
  facet normal 0 0 -1
    outer loop
      vertex -2.40412 -4.4978 2
      vertex -1.79131 -3.3513 2
      vertex -1.95168 -4.71179 2
    endloop
  endfacet
  facet normal -0 0 -1
    outer loop
      vertex -1.79131 -3.3513 2
      vertex -2.40412 -4.4978 2
      vertex -2.11117 -3.15958 2
    endloop
  endfacet
  facet normal 0 0 -1
    outer loop
      vertex -2.83341 -4.24049 2
      vertex -2.11117 -3.15958 2
      vertex -2.40412 -4.4978 2
    endloop
  endfacet
  facet normal -0 0 -1
    outer loop
      vertex -2.11117 -3.15958 2
      vertex -2.83341 -4.24049 2
      vertex -2.41069 -2.93744 2
    endloop
  endfacet
  facet normal 0 0 -1
    outer loop
      vertex -3.2354 -3.94235 2
      vertex -2.41069 -2.93744 2
      vertex -2.83341 -4.24049 2
    endloop
  endfacet
  facet normal -0 0 -1
    outer loop
      vertex -2.41069 -2.93744 2
      vertex -3.2354 -3.94235 2
      vertex -2.68701 -2.68701 2
    endloop
  endfacet
  facet normal 0 0 -1
    outer loop
      vertex -3.60624 -3.60624 2
      vertex -2.68701 -2.68701 2
      vertex -3.2354 -3.94235 2
    endloop
  endfacet
  facet normal -0 0 -1
    outer loop
      vertex -2.68701 -2.68701 2
      vertex -3.60624 -3.60624 2
      vertex -2.93744 -2.41069 2
    endloop
  endfacet
  facet normal 0 0 -1
    outer loop
      vertex -3.94235 -3.2354 2
      vertex -2.93744 -2.41069 2
      vertex -3.60624 -3.60624 2
    endloop
  endfacet
  facet normal -0 0 -1
    outer loop
      vertex -2.93744 -2.41069 2
      vertex -3.94235 -3.2354 2
      vertex -3.15958 -2.11117 2
    endloop
  endfacet
  facet normal 0 0 -1
    outer loop
      vertex -4.24049 -2.83341 2
      vertex -3.15958 -2.11117 2
      vertex -3.94235 -3.2354 2
    endloop
  endfacet
  facet normal -0 0 -1
    outer loop
      vertex -3.15958 -2.11117 2
      vertex -4.24049 -2.83341 2
      vertex -3.3513 -1.79131 2
    endloop
  endfacet
  facet normal 0 0 -1
    outer loop
      vertex -4.4978 -2.40412 2
      vertex -3.3513 -1.79131 2
      vertex -4.24049 -2.83341 2
    endloop
  endfacet
  facet normal -0 0 -1
    outer loop
      vertex -3.3513 -1.79131 2
      vertex -4.4978 -2.40412 2
      vertex -3.51074 -1.4542 2
    endloop
  endfacet
  facet normal -0 0 -1
    outer loop
      vertex -3.51074 -1.4542 2
      vertex -4.71179 -1.95168 2
      vertex -3.63637 -1.10308 2
    endloop
  endfacet
  facet normal 0 0 -1
    outer loop
      vertex -4.71179 -1.95168 2
      vertex -3.51074 -1.4542 2
      vertex -4.4978 -2.40412 2
    endloop
  endfacet
  facet normal 0 0 -1
    outer loop
      vertex 3.51074 1.4542 2
      vertex 4.71179 1.95168 2
      vertex 3.63637 1.10308 2
    endloop
  endfacet
  facet normal -0 0 -1
    outer loop
      vertex 4.71179 1.95168 2
      vertex 3.51074 1.4542 2
      vertex 4.4978 2.40412 2
    endloop
  endfacet
  facet normal 0 0 -1
    outer loop
      vertex 3.3513 1.79131 2
      vertex 4.4978 2.40412 2
      vertex 3.51074 1.4542 2
    endloop
  endfacet
  facet normal -0 0 -1
    outer loop
      vertex 4.4978 2.40412 2
      vertex 3.3513 1.79131 2
      vertex 4.24049 2.83341 2
    endloop
  endfacet
  facet normal 0 0 -1
    outer loop
      vertex 3.15958 2.11117 2
      vertex 4.24049 2.83341 2
      vertex 3.3513 1.79131 2
    endloop
  endfacet
  facet normal -0 0 -1
    outer loop
      vertex 4.24049 2.83341 2
      vertex 3.15958 2.11117 2
      vertex 3.94235 3.2354 2
    endloop
  endfacet
  facet normal 0 0 -1
    outer loop
      vertex 2.93744 2.41069 2
      vertex 3.94235 3.2354 2
      vertex 3.15958 2.11117 2
    endloop
  endfacet
  facet normal -0 0 -1
    outer loop
      vertex 3.94235 3.2354 2
      vertex 2.93744 2.41069 2
      vertex 3.60624 3.60624 2
    endloop
  endfacet
  facet normal 0 0 -1
    outer loop
      vertex 2.68701 2.68701 2
      vertex 3.60624 3.60624 2
      vertex 2.93744 2.41069 2
    endloop
  endfacet
  facet normal -0 0 -1
    outer loop
      vertex 3.60624 3.60624 2
      vertex 2.68701 2.68701 2
      vertex 3.2354 3.94235 2
    endloop
  endfacet
  facet normal 0 0 -1
    outer loop
      vertex 2.41069 2.93744 2
      vertex 3.2354 3.94235 2
      vertex 2.68701 2.68701 2
    endloop
  endfacet
  facet normal -0 0 -1
    outer loop
      vertex 3.2354 3.94235 2
      vertex 2.41069 2.93744 2
      vertex 2.83341 4.24049 2
    endloop
  endfacet
  facet normal 0 0 -1
    outer loop
      vertex 2.11117 3.15958 2
      vertex 2.83341 4.24049 2
      vertex 2.41069 2.93744 2
    endloop
  endfacet
  facet normal -0 0 -1
    outer loop
      vertex 2.83341 4.24049 2
      vertex 2.11117 3.15958 2
      vertex 2.40412 4.4978 2
    endloop
  endfacet
  facet normal 0 0 -1
    outer loop
      vertex 1.79131 3.3513 2
      vertex 2.40412 4.4978 2
      vertex 2.11117 3.15958 2
    endloop
  endfacet
  facet normal -0 0 -1
    outer loop
      vertex 2.40412 4.4978 2
      vertex 1.79131 3.3513 2
      vertex 1.95168 4.71179 2
    endloop
  endfacet
  facet normal 0 0 -1
    outer loop
      vertex 1.4542 3.51074 2
      vertex 1.95168 4.71179 2
      vertex 1.79131 3.3513 2
    endloop
  endfacet
  facet normal -0 0 -1
    outer loop
      vertex 1.95168 4.71179 2
      vertex 1.4542 3.51074 2
      vertex 1.48045 4.88039 2
    endloop
  endfacet
  facet normal 0 0 -1
    outer loop
      vertex 1.10308 3.63637 2
      vertex 1.48045 4.88039 2
      vertex 1.4542 3.51074 2
    endloop
  endfacet
  facet normal 0 0 -1
    outer loop
      vertex 1.10308 3.63637 2
      vertex 0.99496 5.002 2
      vertex 1.48045 4.88039 2
    endloop
  endfacet
  facet normal 0 0 -1
    outer loop
      vertex 0.741343 3.72698 2
      vertex 0.99496 5.002 2
      vertex 1.10308 3.63637 2
    endloop
  endfacet
  facet normal 0 0 -1
    outer loop
      vertex 0.741343 3.72698 2
      vertex 0.499887 5.07544 2
      vertex 0.99496 5.002 2
    endloop
  endfacet
  facet normal 0 0 -1
    outer loop
      vertex 0.372464 3.7817 2
      vertex 0.499887 5.07544 2
      vertex 0.741343 3.72698 2
    endloop
  endfacet
  facet normal 0 0 -1
    outer loop
      vertex 0 3.8 2
      vertex 0.499887 5.07544 2
      vertex 0.372464 3.7817 2
    endloop
  endfacet
  facet normal 0 0 -1
    outer loop
      vertex 0 3.8 2
      vertex 0 5.1 2
      vertex 0.499887 5.07544 2
    endloop
  endfacet
  facet normal 0 0 -1
    outer loop
      vertex -0.372464 3.7817 2
      vertex 0 5.1 2
      vertex 0 3.8 2
    endloop
  endfacet
  facet normal 0 0 -1
    outer loop
      vertex -0.372464 3.7817 2
      vertex -0.499887 5.07544 2
      vertex 0 5.1 2
    endloop
  endfacet
  facet normal 0 0 -1
    outer loop
      vertex -0.741343 3.72698 2
      vertex -0.499887 5.07544 2
      vertex -0.372464 3.7817 2
    endloop
  endfacet
  facet normal 0 0 -1
    outer loop
      vertex -0.741343 3.72698 2
      vertex -0.99496 5.002 2
      vertex -0.499887 5.07544 2
    endloop
  endfacet
  facet normal 0 0 -1
    outer loop
      vertex -1.10308 3.63637 2
      vertex -0.99496 5.002 2
      vertex -0.741343 3.72698 2
    endloop
  endfacet
  facet normal 0 0 -1
    outer loop
      vertex -1.48045 4.88039 2
      vertex -1.10308 3.63637 2
      vertex -1.4542 3.51074 2
    endloop
  endfacet
  facet normal 0 0 -1
    outer loop
      vertex -1.10308 3.63637 2
      vertex -1.48045 4.88039 2
      vertex -0.99496 5.002 2
    endloop
  endfacet
  facet normal 0 0 -1
    outer loop
      vertex -1.95168 4.71179 2
      vertex -1.4542 3.51074 2
      vertex -1.79131 3.3513 2
    endloop
  endfacet
  facet normal 0 0 -1
    outer loop
      vertex -1.4542 3.51074 2
      vertex -1.95168 4.71179 2
      vertex -1.48045 4.88039 2
    endloop
  endfacet
  facet normal 0 0 -1
    outer loop
      vertex -2.40412 4.4978 2
      vertex -1.79131 3.3513 2
      vertex -2.11117 3.15958 2
    endloop
  endfacet
  facet normal 0 0 -1
    outer loop
      vertex -1.79131 3.3513 2
      vertex -2.40412 4.4978 2
      vertex -1.95168 4.71179 2
    endloop
  endfacet
  facet normal 0 0 -1
    outer loop
      vertex -2.83341 4.24049 2
      vertex -2.11117 3.15958 2
      vertex -2.41069 2.93744 2
    endloop
  endfacet
  facet normal 0 0 -1
    outer loop
      vertex -3.2354 3.94235 2
      vertex -2.41069 2.93744 2
      vertex -2.68701 2.68701 2
    endloop
  endfacet
  facet normal 0 0 -1
    outer loop
      vertex -2.11117 3.15958 2
      vertex -2.83341 4.24049 2
      vertex -2.40412 4.4978 2
    endloop
  endfacet
  facet normal 0 0 -1
    outer loop
      vertex -3.60624 3.60624 2
      vertex -2.68701 2.68701 2
      vertex -2.93744 2.41069 2
    endloop
  endfacet
  facet normal 0 0 -1
    outer loop
      vertex -3.94235 3.2354 2
      vertex -2.93744 2.41069 2
      vertex -3.15958 2.11117 2
    endloop
  endfacet
  facet normal 0 0 -1
    outer loop
      vertex -2.41069 2.93744 2
      vertex -3.2354 3.94235 2
      vertex -2.83341 4.24049 2
    endloop
  endfacet
  facet normal 0 0 -1
    outer loop
      vertex -4.24049 2.83341 2
      vertex -3.15958 2.11117 2
      vertex -3.3513 1.79131 2
    endloop
  endfacet
  facet normal 0 0 -1
    outer loop
      vertex -4.4978 2.40412 2
      vertex -3.3513 1.79131 2
      vertex -3.51074 1.4542 2
    endloop
  endfacet
  facet normal 0 0 -1
    outer loop
      vertex -2.68701 2.68701 2
      vertex -3.60624 3.60624 2
      vertex -3.2354 3.94235 2
    endloop
  endfacet
  facet normal 0 0 -1
    outer loop
      vertex -4.71179 1.95168 2
      vertex -3.51074 1.4542 2
      vertex -3.63637 1.10308 2
    endloop
  endfacet
  facet normal 0 0 -1
    outer loop
      vertex -4.88039 1.48045 2
      vertex -3.63637 1.10308 2
      vertex -3.72698 0.741343 2
    endloop
  endfacet
  facet normal 0 0 -1
    outer loop
      vertex -5.002 0.99496 2
      vertex -3.72698 0.741343 2
      vertex -3.7817 0.372464 2
    endloop
  endfacet
  facet normal 0 0 -1
    outer loop
      vertex -2.93744 2.41069 2
      vertex -3.94235 3.2354 2
      vertex -3.60624 3.60624 2
    endloop
  endfacet
  facet normal 0 0 -1
    outer loop
      vertex -5.07544 0.499887 2
      vertex -3.7817 0.372464 2
      vertex -3.8 0 2
    endloop
  endfacet
  facet normal 0 0 -1
    outer loop
      vertex -4.88039 -1.48045 2
      vertex -3.63637 -1.10308 2
      vertex -4.71179 -1.95168 2
    endloop
  endfacet
  facet normal -0 0 -1
    outer loop
      vertex -3.63637 -1.10308 2
      vertex -4.88039 -1.48045 2
      vertex -3.72698 -0.741343 2
    endloop
  endfacet
  facet normal 0 0 -1
    outer loop
      vertex -3.15958 2.11117 2
      vertex -4.24049 2.83341 2
      vertex -3.94235 3.2354 2
    endloop
  endfacet
  facet normal 0 0 -1
    outer loop
      vertex -5.002 -0.99496 2
      vertex -3.72698 -0.741343 2
      vertex -4.88039 -1.48045 2
    endloop
  endfacet
  facet normal 0 0 -1
    outer loop
      vertex -3.3513 1.79131 2
      vertex -4.4978 2.40412 2
      vertex -4.24049 2.83341 2
    endloop
  endfacet
  facet normal -0 0 -1
    outer loop
      vertex -3.72698 -0.741343 2
      vertex -5.002 -0.99496 2
      vertex -3.7817 -0.372464 2
    endloop
  endfacet
  facet normal 0 0 -1
    outer loop
      vertex -3.51074 1.4542 2
      vertex -4.71179 1.95168 2
      vertex -4.4978 2.40412 2
    endloop
  endfacet
  facet normal 0 0 -1
    outer loop
      vertex -5.07544 -0.499887 2
      vertex -3.7817 -0.372464 2
      vertex -5.002 -0.99496 2
    endloop
  endfacet
  facet normal 0 0 -1
    outer loop
      vertex -3.63637 1.10308 2
      vertex -4.88039 1.48045 2
      vertex -4.71179 1.95168 2
    endloop
  endfacet
  facet normal -0 0 -1
    outer loop
      vertex -3.7817 -0.372464 2
      vertex -5.07544 -0.499887 2
      vertex -3.8 0 2
    endloop
  endfacet
  facet normal 0 0 -1
    outer loop
      vertex -3.72698 0.741343 2
      vertex -5.002 0.99496 2
      vertex -4.88039 1.48045 2
    endloop
  endfacet
  facet normal 0 0 -1
    outer loop
      vertex -5.1 0 2
      vertex -3.8 0 2
      vertex -5.07544 -0.499887 2
    endloop
  endfacet
  facet normal 0 0 -1
    outer loop
      vertex -3.7817 0.372464 2
      vertex -5.07544 0.499887 2
      vertex -5.002 0.99496 2
    endloop
  endfacet
  facet normal 0 0 -1
    outer loop
      vertex -3.8 0 2
      vertex -5.1 0 2
      vertex -5.07544 0.499887 2
    endloop
  endfacet
  facet normal 0.803204 -0.595704 0
    outer loop
      vertex 3.94235 -3.2354 3.2
      vertex 4.24049 -2.83341 2
      vertex 4.24049 -2.83341 3.2
    endloop
  endfacet
  facet normal 0.803204 -0.595704 0
    outer loop
      vertex 4.24049 -2.83341 2
      vertex 3.94235 -3.2354 3.2
      vertex 3.94235 -3.2354 2
    endloop
  endfacet
  facet normal 0.857726 -0.514108 0
    outer loop
      vertex 4.24049 -2.83341 3.2
      vertex 4.4978 -2.40412 2
      vertex 4.4978 -2.40412 3.2
    endloop
  endfacet
  facet normal 0.857726 -0.514108 0
    outer loop
      vertex 4.4978 -2.40412 2
      vertex 4.24049 -2.83341 3.2
      vertex 4.24049 -2.83341 2
    endloop
  endfacet
  facet normal -0.146736 -0.989176 0
    outer loop
      vertex -0.99496 -5.002 2
      vertex -0.499887 -5.07544 3.2
      vertex -0.99496 -5.002 3.2
    endloop
  endfacet
  facet normal -0.146736 -0.989176 -0
    outer loop
      vertex -0.499887 -5.07544 3.2
      vertex -0.99496 -5.002 2
      vertex -0.499887 -5.07544 2
    endloop
  endfacet
  facet normal -0.857726 -0.514108 0
    outer loop
      vertex -4.24049 -2.83341 2
      vertex -4.4978 -2.40412 3.2
      vertex -4.4978 -2.40412 2
    endloop
  endfacet
  facet normal -0.857726 -0.514108 0
    outer loop
      vertex -4.4978 -2.40412 3.2
      vertex -4.24049 -2.83341 2
      vertex -4.24049 -2.83341 3.2
    endloop
  endfacet
  facet normal 0.671559 0.740951 -0
    outer loop
      vertex 3.60624 3.60624 2
      vertex 3.2354 3.94235 3.2
      vertex 3.60624 3.60624 3.2
    endloop
  endfacet
  facet normal 0.671559 0.740951 0
    outer loop
      vertex 3.2354 3.94235 3.2
      vertex 3.60624 3.60624 2
      vertex 3.2354 3.94235 2
    endloop
  endfacet
  facet normal -0.336874 0.94155 0
    outer loop
      vertex -1.48045 4.88039 2
      vertex -1.95168 4.71179 3.2
      vertex -1.48045 4.88039 3.2
    endloop
  endfacet
  facet normal -0.336874 0.94155 0
    outer loop
      vertex -1.95168 4.71179 3.2
      vertex -1.48045 4.88039 2
      vertex -1.95168 4.71179 2
    endloop
  endfacet
  facet normal -0.740951 -0.671559 0
    outer loop
      vertex -3.60624 -3.60624 2
      vertex -3.94235 -3.2354 3.2
      vertex -3.94235 -3.2354 2
    endloop
  endfacet
  facet normal -0.740951 -0.671559 0
    outer loop
      vertex -3.94235 -3.2354 3.2
      vertex -3.60624 -3.60624 2
      vertex -3.60624 -3.60624 3.2
    endloop
  endfacet
  facet normal -0.671559 0.740951 0
    outer loop
      vertex -3.2354 3.94235 2
      vertex -3.60624 3.60624 3.2
      vertex -3.2354 3.94235 3.2
    endloop
  endfacet
  facet normal -0.671559 0.740951 0
    outer loop
      vertex -3.60624 3.60624 3.2
      vertex -3.2354 3.94235 2
      vertex -3.60624 3.60624 2
    endloop
  endfacet
  facet normal -0.903988 0.427558 0
    outer loop
      vertex -4.71179 1.95168 2
      vertex -4.4978 2.40412 3.2
      vertex -4.4978 2.40412 2
    endloop
  endfacet
  facet normal -0.903988 0.427558 0
    outer loop
      vertex -4.4978 2.40412 3.2
      vertex -4.71179 1.95168 2
      vertex -4.71179 1.95168 3.2
    endloop
  endfacet
  facet normal -0.514108 -0.857726 0
    outer loop
      vertex -2.83341 -4.24049 2
      vertex -2.40412 -4.4978 3.2
      vertex -2.83341 -4.24049 3.2
    endloop
  endfacet
  facet normal -0.514108 -0.857726 -0
    outer loop
      vertex -2.40412 -4.4978 3.2
      vertex -2.83341 -4.24049 2
      vertex -2.40412 -4.4978 2
    endloop
  endfacet
  facet normal -0.803204 -0.595704 0
    outer loop
      vertex -3.94235 -3.2354 2
      vertex -4.24049 -2.83341 3.2
      vertex -4.24049 -2.83341 2
    endloop
  endfacet
  facet normal -0.803204 -0.595704 0
    outer loop
      vertex -4.24049 -2.83341 3.2
      vertex -3.94235 -3.2354 2
      vertex -3.94235 -3.2354 3.2
    endloop
  endfacet
  facet normal -0.989176 -0.146736 0
    outer loop
      vertex -5.002 -0.99496 2
      vertex -5.07544 -0.499887 3.2
      vertex -5.07544 -0.499887 2
    endloop
  endfacet
  facet normal -0.989176 -0.146736 0
    outer loop
      vertex -5.07544 -0.499887 3.2
      vertex -5.002 -0.99496 2
      vertex -5.002 -0.99496 3.2
    endloop
  endfacet
  facet normal -0.903988 -0.427558 0
    outer loop
      vertex -4.4978 -2.40412 2
      vertex -4.71179 -1.95168 3.2
      vertex -4.71179 -1.95168 2
    endloop
  endfacet
  facet normal -0.903988 -0.427558 0
    outer loop
      vertex -4.71179 -1.95168 3.2
      vertex -4.4978 -2.40412 2
      vertex -4.4978 -2.40412 3.2
    endloop
  endfacet
  facet normal 0.595704 -0.803204 0
    outer loop
      vertex 2.83341 -4.24049 2
      vertex 3.2354 -3.94235 3.2
      vertex 2.83341 -4.24049 3.2
    endloop
  endfacet
  facet normal 0.595704 -0.803204 0
    outer loop
      vertex 3.2354 -3.94235 3.2
      vertex 2.83341 -4.24049 2
      vertex 3.2354 -3.94235 2
    endloop
  endfacet
  facet normal -0.242982 -0.970031 0
    outer loop
      vertex -1.48045 -4.88039 2
      vertex -0.99496 -5.002 3.2
      vertex -1.48045 -4.88039 3.2
    endloop
  endfacet
  facet normal -0.242982 -0.970031 -0
    outer loop
      vertex -0.99496 -5.002 3.2
      vertex -1.48045 -4.88039 2
      vertex -0.99496 -5.002 2
    endloop
  endfacet
  facet normal 0.740951 0.671559 0
    outer loop
      vertex 3.94235 3.2354 3.2
      vertex 3.60624 3.60624 2
      vertex 3.60624 3.60624 3.2
    endloop
  endfacet
  facet normal 0.740951 0.671559 0
    outer loop
      vertex 3.60624 3.60624 2
      vertex 3.94235 3.2354 3.2
      vertex 3.94235 3.2354 2
    endloop
  endfacet
  facet normal -0.671559 -0.740951 0
    outer loop
      vertex -3.60624 -3.60624 2
      vertex -3.2354 -3.94235 3.2
      vertex -3.60624 -3.60624 3.2
    endloop
  endfacet
  facet normal -0.671559 -0.740951 -0
    outer loop
      vertex -3.2354 -3.94235 3.2
      vertex -3.60624 -3.60624 2
      vertex -3.2354 -3.94235 2
    endloop
  endfacet
  facet normal -0.803204 0.595704 0
    outer loop
      vertex -4.24049 2.83341 2
      vertex -3.94235 3.2354 3.2
      vertex -3.94235 3.2354 2
    endloop
  endfacet
  facet normal -0.803204 0.595704 0
    outer loop
      vertex -3.94235 3.2354 3.2
      vertex -4.24049 2.83341 2
      vertex -4.24049 2.83341 3.2
    endloop
  endfacet
  facet normal -0.857726 0.514108 0
    outer loop
      vertex -4.4978 2.40412 2
      vertex -4.24049 2.83341 3.2
      vertex -4.24049 2.83341 2
    endloop
  endfacet
  facet normal -0.857726 0.514108 0
    outer loop
      vertex -4.24049 2.83341 3.2
      vertex -4.4978 2.40412 2
      vertex -4.4978 2.40412 3.2
    endloop
  endfacet
  facet normal 0 0 1
    outer loop
      vertex 2.65 0 3.2
      vertex 5.1 0 3.2
      vertex 5.07544 0.499887 3.2
    endloop
  endfacet
  facet normal 0 0 1
    outer loop
      vertex 2.63724 0.259745 3.2
      vertex 5.07544 0.499887 3.2
      vertex 5.002 0.99496 3.2
    endloop
  endfacet
  facet normal 0 0 1
    outer loop
      vertex 5.1 0 3.2
      vertex 2.65 0 3.2
      vertex 5.07544 -0.499887 3.2
    endloop
  endfacet
  facet normal 0 0 1
    outer loop
      vertex 2.59908 0.516989 3.2
      vertex 5.002 0.99496 3.2
      vertex 4.88039 1.48045 3.2
    endloop
  endfacet
  facet normal -0 0 1
    outer loop
      vertex 2.63724 -0.259745 3.2
      vertex 5.07544 -0.499887 3.2
      vertex 2.65 0 3.2
    endloop
  endfacet
  facet normal 0 0 1
    outer loop
      vertex 2.53589 0.769254 3.2
      vertex 4.88039 1.48045 3.2
      vertex 4.71179 1.95168 3.2
    endloop
  endfacet
  facet normal 0 0 1
    outer loop
      vertex 5.07544 -0.499887 3.2
      vertex 2.63724 -0.259745 3.2
      vertex 5.002 -0.99496 3.2
    endloop
  endfacet
  facet normal 0 0 1
    outer loop
      vertex 2.44828 1.01411 3.2
      vertex 4.71179 1.95168 3.2
      vertex 4.4978 2.40412 3.2
    endloop
  endfacet
  facet normal -0 0 1
    outer loop
      vertex 2.59908 -0.516989 3.2
      vertex 5.002 -0.99496 3.2
      vertex 2.63724 -0.259745 3.2
    endloop
  endfacet
  facet normal 0 0 1
    outer loop
      vertex 2.33709 1.2492 3.2
      vertex 4.4978 2.40412 3.2
      vertex 4.24049 2.83341 3.2
    endloop
  endfacet
  facet normal 0 0 1
    outer loop
      vertex 5.002 -0.99496 3.2
      vertex 2.59908 -0.516989 3.2
      vertex 4.88039 -1.48045 3.2
    endloop
  endfacet
  facet normal 0 0 1
    outer loop
      vertex 2.20339 1.47226 3.2
      vertex 4.24049 2.83341 3.2
      vertex 3.94235 3.2354 3.2
    endloop
  endfacet
  facet normal -0 0 1
    outer loop
      vertex 2.53589 -0.769254 3.2
      vertex 4.88039 -1.48045 3.2
      vertex 2.59908 -0.516989 3.2
    endloop
  endfacet
  facet normal 0 0 1
    outer loop
      vertex 2.04848 1.68114 3.2
      vertex 3.94235 3.2354 3.2
      vertex 3.60624 3.60624 3.2
    endloop
  endfacet
  facet normal 0 0 1
    outer loop
      vertex 4.88039 -1.48045 3.2
      vertex 2.53589 -0.769254 3.2
      vertex 4.71179 -1.95168 3.2
    endloop
  endfacet
  facet normal 0 0 1
    outer loop
      vertex 1.87383 1.87383 3.2
      vertex 3.60624 3.60624 3.2
      vertex 3.2354 3.94235 3.2
    endloop
  endfacet
  facet normal -0 0 1
    outer loop
      vertex 2.44828 -1.01411 3.2
      vertex 4.71179 -1.95168 3.2
      vertex 2.53589 -0.769254 3.2
    endloop
  endfacet
  facet normal 0 0 1
    outer loop
      vertex 1.68114 2.04848 3.2
      vertex 3.2354 3.94235 3.2
      vertex 2.83341 4.24049 3.2
    endloop
  endfacet
  facet normal 0 0 1
    outer loop
      vertex 4.71179 -1.95168 3.2
      vertex 2.44828 -1.01411 3.2
      vertex 4.4978 -2.40412 3.2
    endloop
  endfacet
  facet normal -0 0 1
    outer loop
      vertex 2.33709 -1.2492 3.2
      vertex 4.4978 -2.40412 3.2
      vertex 2.44828 -1.01411 3.2
    endloop
  endfacet
  facet normal 0 0 1
    outer loop
      vertex 5.07544 0.499887 3.2
      vertex 2.63724 0.259745 3.2
      vertex 2.65 0 3.2
    endloop
  endfacet
  facet normal 0 0 1
    outer loop
      vertex 5.002 0.99496 3.2
      vertex 2.59908 0.516989 3.2
      vertex 2.63724 0.259745 3.2
    endloop
  endfacet
  facet normal 0 0 1
    outer loop
      vertex 4.88039 1.48045 3.2
      vertex 2.53589 0.769254 3.2
      vertex 2.59908 0.516989 3.2
    endloop
  endfacet
  facet normal 0 0 1
    outer loop
      vertex 4.71179 1.95168 3.2
      vertex 2.44828 1.01411 3.2
      vertex 2.53589 0.769254 3.2
    endloop
  endfacet
  facet normal 0 0 1
    outer loop
      vertex 1.47226 2.20339 3.2
      vertex 2.83341 4.24049 3.2
      vertex 2.40412 4.4978 3.2
    endloop
  endfacet
  facet normal 0 0 1
    outer loop
      vertex 4.4978 2.40412 3.2
      vertex 2.33709 1.2492 3.2
      vertex 2.44828 1.01411 3.2
    endloop
  endfacet
  facet normal 0 0 1
    outer loop
      vertex 4.24049 2.83341 3.2
      vertex 2.20339 1.47226 3.2
      vertex 2.33709 1.2492 3.2
    endloop
  endfacet
  facet normal 0 0 1
    outer loop
      vertex 3.94235 3.2354 3.2
      vertex 2.04848 1.68114 3.2
      vertex 2.20339 1.47226 3.2
    endloop
  endfacet
  facet normal 0 0 1
    outer loop
      vertex 1.2492 2.33709 3.2
      vertex 2.40412 4.4978 3.2
      vertex 1.95168 4.71179 3.2
    endloop
  endfacet
  facet normal 0 0 1
    outer loop
      vertex 3.60624 3.60624 3.2
      vertex 1.87383 1.87383 3.2
      vertex 2.04848 1.68114 3.2
    endloop
  endfacet
  facet normal 0 0 1
    outer loop
      vertex 3.2354 3.94235 3.2
      vertex 1.68114 2.04848 3.2
      vertex 1.87383 1.87383 3.2
    endloop
  endfacet
  facet normal 0 0 1
    outer loop
      vertex 1.01411 2.44828 3.2
      vertex 1.95168 4.71179 3.2
      vertex 1.48045 4.88039 3.2
    endloop
  endfacet
  facet normal 0 0 1
    outer loop
      vertex 2.83341 4.24049 3.2
      vertex 1.47226 2.20339 3.2
      vertex 1.68114 2.04848 3.2
    endloop
  endfacet
  facet normal 0 0 1
    outer loop
      vertex 2.40412 4.4978 3.2
      vertex 1.2492 2.33709 3.2
      vertex 1.47226 2.20339 3.2
    endloop
  endfacet
  facet normal 0 0 1
    outer loop
      vertex 1.95168 4.71179 3.2
      vertex 1.01411 2.44828 3.2
      vertex 1.2492 2.33709 3.2
    endloop
  endfacet
  facet normal 0 0 1
    outer loop
      vertex 0.769254 2.53589 3.2
      vertex 1.48045 4.88039 3.2
      vertex 0.99496 5.002 3.2
    endloop
  endfacet
  facet normal 0 0 1
    outer loop
      vertex 1.48045 4.88039 3.2
      vertex 0.769254 2.53589 3.2
      vertex 1.01411 2.44828 3.2
    endloop
  endfacet
  facet normal 0 0 1
    outer loop
      vertex 0.99496 5.002 3.2
      vertex 0.516989 2.59908 3.2
      vertex 0.769254 2.53589 3.2
    endloop
  endfacet
  facet normal 0 0 1
    outer loop
      vertex 0.499887 5.07544 3.2
      vertex 0.516989 2.59908 3.2
      vertex 0.99496 5.002 3.2
    endloop
  endfacet
  facet normal 0 0 1
    outer loop
      vertex 0.499887 5.07544 3.2
      vertex 0.259745 2.63724 3.2
      vertex 0.516989 2.59908 3.2
    endloop
  endfacet
  facet normal 0 0 1
    outer loop
      vertex 0 5.1 3.2
      vertex 0.259745 2.63724 3.2
      vertex 0.499887 5.07544 3.2
    endloop
  endfacet
  facet normal 0 0 1
    outer loop
      vertex 0 5.1 3.2
      vertex 0 2.65 3.2
      vertex 0.259745 2.63724 3.2
    endloop
  endfacet
  facet normal 0 0 1
    outer loop
      vertex 0 5.1 3.2
      vertex -0.259745 2.63724 3.2
      vertex 0 2.65 3.2
    endloop
  endfacet
  facet normal -0 0 1
    outer loop
      vertex -0.499887 5.07544 3.2
      vertex -0.259745 2.63724 3.2
      vertex 0 5.1 3.2
    endloop
  endfacet
  facet normal 0 0 1
    outer loop
      vertex -0.499887 5.07544 3.2
      vertex -0.516989 2.59908 3.2
      vertex -0.259745 2.63724 3.2
    endloop
  endfacet
  facet normal -0 0 1
    outer loop
      vertex -0.99496 5.002 3.2
      vertex -0.516989 2.59908 3.2
      vertex -0.499887 5.07544 3.2
    endloop
  endfacet
  facet normal 0 0 1
    outer loop
      vertex -0.516989 2.59908 3.2
      vertex -0.99496 5.002 3.2
      vertex -0.769254 2.53589 3.2
    endloop
  endfacet
  facet normal -0 0 1
    outer loop
      vertex -1.48045 4.88039 3.2
      vertex -0.769254 2.53589 3.2
      vertex -0.99496 5.002 3.2
    endloop
  endfacet
  facet normal 0 0 1
    outer loop
      vertex -0.769254 2.53589 3.2
      vertex -1.48045 4.88039 3.2
      vertex -1.01411 2.44828 3.2
    endloop
  endfacet
  facet normal -0 0 1
    outer loop
      vertex -1.95168 4.71179 3.2
      vertex -1.01411 2.44828 3.2
      vertex -1.48045 4.88039 3.2
    endloop
  endfacet
  facet normal 0 0 1
    outer loop
      vertex -1.01411 2.44828 3.2
      vertex -1.95168 4.71179 3.2
      vertex -1.2492 2.33709 3.2
    endloop
  endfacet
  facet normal -0 0 1
    outer loop
      vertex -2.40412 4.4978 3.2
      vertex -1.2492 2.33709 3.2
      vertex -1.95168 4.71179 3.2
    endloop
  endfacet
  facet normal 0 0 1
    outer loop
      vertex -1.2492 2.33709 3.2
      vertex -2.40412 4.4978 3.2
      vertex -1.47226 2.20339 3.2
    endloop
  endfacet
  facet normal -0 0 1
    outer loop
      vertex -2.83341 4.24049 3.2
      vertex -1.47226 2.20339 3.2
      vertex -2.40412 4.4978 3.2
    endloop
  endfacet
  facet normal 0 0 1
    outer loop
      vertex -1.47226 2.20339 3.2
      vertex -2.83341 4.24049 3.2
      vertex -1.68114 2.04848 3.2
    endloop
  endfacet
  facet normal -0 0 1
    outer loop
      vertex -3.2354 3.94235 3.2
      vertex -1.68114 2.04848 3.2
      vertex -2.83341 4.24049 3.2
    endloop
  endfacet
  facet normal 0 0 1
    outer loop
      vertex -1.68114 2.04848 3.2
      vertex -3.2354 3.94235 3.2
      vertex -1.87383 1.87383 3.2
    endloop
  endfacet
  facet normal -0 0 1
    outer loop
      vertex -3.60624 3.60624 3.2
      vertex -1.87383 1.87383 3.2
      vertex -3.2354 3.94235 3.2
    endloop
  endfacet
  facet normal 0 0 1
    outer loop
      vertex -1.87383 1.87383 3.2
      vertex -3.60624 3.60624 3.2
      vertex -2.04848 1.68114 3.2
    endloop
  endfacet
  facet normal -0 0 1
    outer loop
      vertex -3.94235 3.2354 3.2
      vertex -2.04848 1.68114 3.2
      vertex -3.60624 3.60624 3.2
    endloop
  endfacet
  facet normal 0 0 1
    outer loop
      vertex -2.04848 1.68114 3.2
      vertex -3.94235 3.2354 3.2
      vertex -2.20339 1.47226 3.2
    endloop
  endfacet
  facet normal -0 0 1
    outer loop
      vertex -4.24049 2.83341 3.2
      vertex -2.20339 1.47226 3.2
      vertex -3.94235 3.2354 3.2
    endloop
  endfacet
  facet normal -0 0 1
    outer loop
      vertex -4.4978 2.40412 3.2
      vertex -2.33709 1.2492 3.2
      vertex -4.24049 2.83341 3.2
    endloop
  endfacet
  facet normal 0 0 1
    outer loop
      vertex -2.20339 1.47226 3.2
      vertex -4.24049 2.83341 3.2
      vertex -2.33709 1.2492 3.2
    endloop
  endfacet
  facet normal 0 0 1
    outer loop
      vertex 4.4978 -2.40412 3.2
      vertex 2.33709 -1.2492 3.2
      vertex 4.24049 -2.83341 3.2
    endloop
  endfacet
  facet normal -0 0 1
    outer loop
      vertex 2.20339 -1.47226 3.2
      vertex 4.24049 -2.83341 3.2
      vertex 2.33709 -1.2492 3.2
    endloop
  endfacet
  facet normal 0 0 1
    outer loop
      vertex 4.24049 -2.83341 3.2
      vertex 2.20339 -1.47226 3.2
      vertex 3.94235 -3.2354 3.2
    endloop
  endfacet
  facet normal -0 0 1
    outer loop
      vertex 2.04848 -1.68114 3.2
      vertex 3.94235 -3.2354 3.2
      vertex 2.20339 -1.47226 3.2
    endloop
  endfacet
  facet normal 0 0 1
    outer loop
      vertex 3.94235 -3.2354 3.2
      vertex 2.04848 -1.68114 3.2
      vertex 3.60624 -3.60624 3.2
    endloop
  endfacet
  facet normal -0 0 1
    outer loop
      vertex 1.87383 -1.87383 3.2
      vertex 3.60624 -3.60624 3.2
      vertex 2.04848 -1.68114 3.2
    endloop
  endfacet
  facet normal 0 0 1
    outer loop
      vertex 3.60624 -3.60624 3.2
      vertex 1.87383 -1.87383 3.2
      vertex 3.2354 -3.94235 3.2
    endloop
  endfacet
  facet normal -0 0 1
    outer loop
      vertex 1.68114 -2.04848 3.2
      vertex 3.2354 -3.94235 3.2
      vertex 1.87383 -1.87383 3.2
    endloop
  endfacet
  facet normal 0 0 1
    outer loop
      vertex 3.2354 -3.94235 3.2
      vertex 1.68114 -2.04848 3.2
      vertex 2.83341 -4.24049 3.2
    endloop
  endfacet
  facet normal -0 0 1
    outer loop
      vertex 1.47226 -2.20339 3.2
      vertex 2.83341 -4.24049 3.2
      vertex 1.68114 -2.04848 3.2
    endloop
  endfacet
  facet normal 0 0 1
    outer loop
      vertex 2.83341 -4.24049 3.2
      vertex 1.47226 -2.20339 3.2
      vertex 2.40412 -4.4978 3.2
    endloop
  endfacet
  facet normal -0 0 1
    outer loop
      vertex 1.2492 -2.33709 3.2
      vertex 2.40412 -4.4978 3.2
      vertex 1.47226 -2.20339 3.2
    endloop
  endfacet
  facet normal 0 0 1
    outer loop
      vertex 2.40412 -4.4978 3.2
      vertex 1.2492 -2.33709 3.2
      vertex 1.95168 -4.71179 3.2
    endloop
  endfacet
  facet normal -0 0 1
    outer loop
      vertex 1.01411 -2.44828 3.2
      vertex 1.95168 -4.71179 3.2
      vertex 1.2492 -2.33709 3.2
    endloop
  endfacet
  facet normal 0 0 1
    outer loop
      vertex 1.95168 -4.71179 3.2
      vertex 1.01411 -2.44828 3.2
      vertex 1.48045 -4.88039 3.2
    endloop
  endfacet
  facet normal -0 0 1
    outer loop
      vertex 0.769254 -2.53589 3.2
      vertex 1.48045 -4.88039 3.2
      vertex 1.01411 -2.44828 3.2
    endloop
  endfacet
  facet normal 0 0 1
    outer loop
      vertex 1.48045 -4.88039 3.2
      vertex 0.769254 -2.53589 3.2
      vertex 0.99496 -5.002 3.2
    endloop
  endfacet
  facet normal -0 0 1
    outer loop
      vertex 0.516989 -2.59908 3.2
      vertex 0.99496 -5.002 3.2
      vertex 0.769254 -2.53589 3.2
    endloop
  endfacet
  facet normal 0 0 1
    outer loop
      vertex 0.516989 -2.59908 3.2
      vertex 0.499887 -5.07544 3.2
      vertex 0.99496 -5.002 3.2
    endloop
  endfacet
  facet normal -0 0 1
    outer loop
      vertex 0.259745 -2.63724 3.2
      vertex 0.499887 -5.07544 3.2
      vertex 0.516989 -2.59908 3.2
    endloop
  endfacet
  facet normal -0 0 1
    outer loop
      vertex 0 -2.65 3.2
      vertex 0.499887 -5.07544 3.2
      vertex 0.259745 -2.63724 3.2
    endloop
  endfacet
  facet normal 0 0 1
    outer loop
      vertex 0 -2.65 3.2
      vertex 0 -5.1 3.2
      vertex 0.499887 -5.07544 3.2
    endloop
  endfacet
  facet normal 0 0 1
    outer loop
      vertex -0.259745 -2.63724 3.2
      vertex 0 -5.1 3.2
      vertex 0 -2.65 3.2
    endloop
  endfacet
  facet normal 0 0 1
    outer loop
      vertex -0.259745 -2.63724 3.2
      vertex -0.499887 -5.07544 3.2
      vertex 0 -5.1 3.2
    endloop
  endfacet
  facet normal 0 0 1
    outer loop
      vertex -0.516989 -2.59908 3.2
      vertex -0.499887 -5.07544 3.2
      vertex -0.259745 -2.63724 3.2
    endloop
  endfacet
  facet normal 0 0 1
    outer loop
      vertex -0.99496 -5.002 3.2
      vertex -0.516989 -2.59908 3.2
      vertex -0.769254 -2.53589 3.2
    endloop
  endfacet
  facet normal 0 0 1
    outer loop
      vertex -0.516989 -2.59908 3.2
      vertex -0.99496 -5.002 3.2
      vertex -0.499887 -5.07544 3.2
    endloop
  endfacet
  facet normal 0 0 1
    outer loop
      vertex -1.48045 -4.88039 3.2
      vertex -0.769254 -2.53589 3.2
      vertex -1.01411 -2.44828 3.2
    endloop
  endfacet
  facet normal 0 0 1
    outer loop
      vertex -1.95168 -4.71179 3.2
      vertex -1.01411 -2.44828 3.2
      vertex -1.2492 -2.33709 3.2
    endloop
  endfacet
  facet normal 0 0 1
    outer loop
      vertex -2.40412 -4.4978 3.2
      vertex -1.2492 -2.33709 3.2
      vertex -1.47226 -2.20339 3.2
    endloop
  endfacet
  facet normal 0 0 1
    outer loop
      vertex -0.769254 -2.53589 3.2
      vertex -1.48045 -4.88039 3.2
      vertex -0.99496 -5.002 3.2
    endloop
  endfacet
  facet normal 0 0 1
    outer loop
      vertex -2.83341 -4.24049 3.2
      vertex -1.47226 -2.20339 3.2
      vertex -1.68114 -2.04848 3.2
    endloop
  endfacet
  facet normal 0 0 1
    outer loop
      vertex -3.2354 -3.94235 3.2
      vertex -1.68114 -2.04848 3.2
      vertex -1.87383 -1.87383 3.2
    endloop
  endfacet
  facet normal 0 0 1
    outer loop
      vertex -1.01411 -2.44828 3.2
      vertex -1.95168 -4.71179 3.2
      vertex -1.48045 -4.88039 3.2
    endloop
  endfacet
  facet normal 0 0 1
    outer loop
      vertex -3.60624 -3.60624 3.2
      vertex -1.87383 -1.87383 3.2
      vertex -2.04848 -1.68114 3.2
    endloop
  endfacet
  facet normal 0 0 1
    outer loop
      vertex -3.94235 -3.2354 3.2
      vertex -2.04848 -1.68114 3.2
      vertex -2.20339 -1.47226 3.2
    endloop
  endfacet
  facet normal 0 0 1
    outer loop
      vertex -4.24049 -2.83341 3.2
      vertex -2.20339 -1.47226 3.2
      vertex -2.33709 -1.2492 3.2
    endloop
  endfacet
  facet normal 0 0 1
    outer loop
      vertex -1.2492 -2.33709 3.2
      vertex -2.40412 -4.4978 3.2
      vertex -1.95168 -4.71179 3.2
    endloop
  endfacet
  facet normal 0 0 1
    outer loop
      vertex -4.4978 -2.40412 3.2
      vertex -2.33709 -1.2492 3.2
      vertex -2.44828 -1.01411 3.2
    endloop
  endfacet
  facet normal 0 0 1
    outer loop
      vertex -4.71179 -1.95168 3.2
      vertex -2.44828 -1.01411 3.2
      vertex -2.53589 -0.769254 3.2
    endloop
  endfacet
  facet normal 0 0 1
    outer loop
      vertex -4.88039 -1.48045 3.2
      vertex -2.53589 -0.769254 3.2
      vertex -2.59908 -0.516989 3.2
    endloop
  endfacet
  facet normal 0 0 1
    outer loop
      vertex -5.002 -0.99496 3.2
      vertex -2.59908 -0.516989 3.2
      vertex -2.63724 -0.259745 3.2
    endloop
  endfacet
  facet normal 0 0 1
    outer loop
      vertex -1.47226 -2.20339 3.2
      vertex -2.83341 -4.24049 3.2
      vertex -2.40412 -4.4978 3.2
    endloop
  endfacet
  facet normal 0 0 1
    outer loop
      vertex -5.07544 -0.499887 3.2
      vertex -2.63724 -0.259745 3.2
      vertex -2.65 0 3.2
    endloop
  endfacet
  facet normal 0 0 1
    outer loop
      vertex -2.33709 1.2492 3.2
      vertex -4.4978 2.40412 3.2
      vertex -2.44828 1.01411 3.2
    endloop
  endfacet
  facet normal -0 0 1
    outer loop
      vertex -4.71179 1.95168 3.2
      vertex -2.44828 1.01411 3.2
      vertex -4.4978 2.40412 3.2
    endloop
  endfacet
  facet normal 0 0 1
    outer loop
      vertex -1.68114 -2.04848 3.2
      vertex -3.2354 -3.94235 3.2
      vertex -2.83341 -4.24049 3.2
    endloop
  endfacet
  facet normal 0 0 1
    outer loop
      vertex -2.44828 1.01411 3.2
      vertex -4.71179 1.95168 3.2
      vertex -2.53589 0.769254 3.2
    endloop
  endfacet
  facet normal 0 0 1
    outer loop
      vertex -1.87383 -1.87383 3.2
      vertex -3.60624 -3.60624 3.2
      vertex -3.2354 -3.94235 3.2
    endloop
  endfacet
  facet normal -0 0 1
    outer loop
      vertex -4.88039 1.48045 3.2
      vertex -2.53589 0.769254 3.2
      vertex -4.71179 1.95168 3.2
    endloop
  endfacet
  facet normal 0 0 1
    outer loop
      vertex -2.04848 -1.68114 3.2
      vertex -3.94235 -3.2354 3.2
      vertex -3.60624 -3.60624 3.2
    endloop
  endfacet
  facet normal 0 0 1
    outer loop
      vertex -2.53589 0.769254 3.2
      vertex -4.88039 1.48045 3.2
      vertex -2.59908 0.516989 3.2
    endloop
  endfacet
  facet normal 0 0 1
    outer loop
      vertex -2.20339 -1.47226 3.2
      vertex -4.24049 -2.83341 3.2
      vertex -3.94235 -3.2354 3.2
    endloop
  endfacet
  facet normal -0 0 1
    outer loop
      vertex -5.002 0.99496 3.2
      vertex -2.59908 0.516989 3.2
      vertex -4.88039 1.48045 3.2
    endloop
  endfacet
  facet normal 0 0 1
    outer loop
      vertex -2.33709 -1.2492 3.2
      vertex -4.4978 -2.40412 3.2
      vertex -4.24049 -2.83341 3.2
    endloop
  endfacet
  facet normal 0 0 1
    outer loop
      vertex -2.59908 0.516989 3.2
      vertex -5.002 0.99496 3.2
      vertex -2.63724 0.259745 3.2
    endloop
  endfacet
  facet normal 0 0 1
    outer loop
      vertex -2.44828 -1.01411 3.2
      vertex -4.71179 -1.95168 3.2
      vertex -4.4978 -2.40412 3.2
    endloop
  endfacet
  facet normal -0 0 1
    outer loop
      vertex -5.07544 0.499887 3.2
      vertex -2.63724 0.259745 3.2
      vertex -5.002 0.99496 3.2
    endloop
  endfacet
  facet normal 0 0 1
    outer loop
      vertex -2.53589 -0.769254 3.2
      vertex -4.88039 -1.48045 3.2
      vertex -4.71179 -1.95168 3.2
    endloop
  endfacet
  facet normal 0 0 1
    outer loop
      vertex -2.63724 0.259745 3.2
      vertex -5.07544 0.499887 3.2
      vertex -2.65 0 3.2
    endloop
  endfacet
  facet normal 0 0 1
    outer loop
      vertex -2.59908 -0.516989 3.2
      vertex -5.002 -0.99496 3.2
      vertex -4.88039 -1.48045 3.2
    endloop
  endfacet
  facet normal 0 0 1
    outer loop
      vertex -5.1 0 3.2
      vertex -2.65 0 3.2
      vertex -5.07544 0.499887 3.2
    endloop
  endfacet
  facet normal 0 0 1
    outer loop
      vertex -2.63724 -0.259745 3.2
      vertex -5.07544 -0.499887 3.2
      vertex -5.002 -0.99496 3.2
    endloop
  endfacet
  facet normal 0 0 1
    outer loop
      vertex -2.65 0 3.2
      vertex -5.1 0 3.2
      vertex -5.07544 -0.499887 3.2
    endloop
  endfacet
  facet normal -0.0490719 -0.998795 0
    outer loop
      vertex -0.499887 -5.07544 2
      vertex 0 -5.1 3.2
      vertex -0.499887 -5.07544 3.2
    endloop
  endfacet
  facet normal -0.0490719 -0.998795 -0
    outer loop
      vertex 0 -5.1 3.2
      vertex -0.499887 -5.07544 2
      vertex 0 -5.1 2
    endloop
  endfacet
  facet normal -0.998795 0.0490719 0
    outer loop
      vertex -5.1 0 2
      vertex -5.07544 0.499887 3.2
      vertex -5.07544 0.499887 2
    endloop
  endfacet
  facet normal -0.998795 0.0490719 0
    outer loop
      vertex -5.07544 0.499887 3.2
      vertex -5.1 0 2
      vertex -5.1 0 3.2
    endloop
  endfacet
  facet normal -0.336874 -0.94155 0
    outer loop
      vertex -1.95168 -4.71179 2
      vertex -1.48045 -4.88039 3.2
      vertex -1.95168 -4.71179 3.2
    endloop
  endfacet
  facet normal -0.336874 -0.94155 -0
    outer loop
      vertex -1.48045 -4.88039 3.2
      vertex -1.95168 -4.71179 2
      vertex -1.48045 -4.88039 2
    endloop
  endfacet
  facet normal 0.740951 -0.671559 0
    outer loop
      vertex 3.60624 -3.60624 3.2
      vertex 3.94235 -3.2354 2
      vertex 3.94235 -3.2354 3.2
    endloop
  endfacet
  facet normal 0.740951 -0.671559 0
    outer loop
      vertex 3.94235 -3.2354 2
      vertex 3.60624 -3.60624 3.2
      vertex 3.60624 -3.60624 2
    endloop
  endfacet
  facet normal 0.671559 -0.740951 0
    outer loop
      vertex 3.2354 -3.94235 2
      vertex 3.60624 -3.60624 3.2
      vertex 3.2354 -3.94235 3.2
    endloop
  endfacet
  facet normal 0.671559 -0.740951 0
    outer loop
      vertex 3.60624 -3.60624 3.2
      vertex 3.2354 -3.94235 2
      vertex 3.60624 -3.60624 2
    endloop
  endfacet
  facet normal 0.989176 0.146736 0
    outer loop
      vertex 3.7817 0.372464 2
      vertex 3.72698 0.741343 0.1
      vertex 3.72698 0.741343 2
    endloop
  endfacet
  facet normal 0.989176 0.146736 0
    outer loop
      vertex 3.72698 0.741343 0.1
      vertex 3.7817 0.372464 2
      vertex 3.7817 0.372464 0.1
    endloop
  endfacet
  facet normal 0.998795 0.0490731 0
    outer loop
      vertex 3.8 0 2
      vertex 3.7817 0.372464 0.1
      vertex 3.7817 0.372464 2
    endloop
  endfacet
  facet normal 0.998795 0.0490731 0
    outer loop
      vertex 3.7817 0.372464 0.1
      vertex 3.8 0 2
      vertex 3.8 0 0.1
    endloop
  endfacet
  facet normal 0.970032 0.242979 0
    outer loop
      vertex 3.72698 0.741343 2
      vertex 3.63637 1.10308 0.1
      vertex 3.63637 1.10308 2
    endloop
  endfacet
  facet normal 0.970032 0.242979 0
    outer loop
      vertex 3.63637 1.10308 0.1
      vertex 3.72698 0.741343 2
      vertex 3.72698 0.741343 0.1
    endloop
  endfacet
  facet normal 0.336883 -0.941546 0
    outer loop
      vertex 1.10308 -3.63637 0.1
      vertex 1.4542 -3.51074 2
      vertex 1.10308 -3.63637 2
    endloop
  endfacet
  facet normal 0.336883 -0.941546 0
    outer loop
      vertex 1.4542 -3.51074 2
      vertex 1.10308 -3.63637 0.1
      vertex 1.4542 -3.51074 0.1
    endloop
  endfacet
  facet normal 0.427553 0.90399 -0
    outer loop
      vertex 1.79131 3.3513 0.1
      vertex 1.4542 3.51074 2
      vertex 1.79131 3.3513 2
    endloop
  endfacet
  facet normal 0.427553 0.90399 0
    outer loop
      vertex 1.4542 3.51074 2
      vertex 1.79131 3.3513 0.1
      vertex 1.4542 3.51074 0.1
    endloop
  endfacet
  facet normal 0.998795 -0.0490731 0
    outer loop
      vertex 3.7817 -0.372464 2
      vertex 3.8 0 0.1
      vertex 3.8 0 2
    endloop
  endfacet
  facet normal 0.998795 -0.0490731 0
    outer loop
      vertex 3.8 0 0.1
      vertex 3.7817 -0.372464 2
      vertex 3.7817 -0.372464 0.1
    endloop
  endfacet
  facet normal 0.989176 -0.146736 0
    outer loop
      vertex 3.72698 -0.741343 2
      vertex 3.7817 -0.372464 0.1
      vertex 3.7817 -0.372464 2
    endloop
  endfacet
  facet normal 0.989176 -0.146736 0
    outer loop
      vertex 3.7817 -0.372464 0.1
      vertex 3.72698 -0.741343 2
      vertex 3.72698 -0.741343 0.1
    endloop
  endfacet
  facet normal 0.595701 0.803206 -0
    outer loop
      vertex 2.41069 2.93744 0.1
      vertex 2.11117 3.15958 2
      vertex 2.41069 2.93744 2
    endloop
  endfacet
  facet normal 0.595701 0.803206 0
    outer loop
      vertex 2.11117 3.15958 2
      vertex 2.41069 2.93744 0.1
      vertex 2.11117 3.15958 0.1
    endloop
  endfacet
  facet normal 0.427553 -0.90399 0
    outer loop
      vertex 1.4542 -3.51074 0.1
      vertex 1.79131 -3.3513 2
      vertex 1.4542 -3.51074 2
    endloop
  endfacet
  facet normal 0.427553 -0.90399 0
    outer loop
      vertex 1.79131 -3.3513 2
      vertex 1.4542 -3.51074 0.1
      vertex 1.79131 -3.3513 0.1
    endloop
  endfacet
  facet normal 0.90399 -0.427553 0
    outer loop
      vertex 3.3513 -1.79131 2
      vertex 3.51074 -1.4542 0.1
      vertex 3.51074 -1.4542 2
    endloop
  endfacet
  facet normal 0.90399 -0.427553 0
    outer loop
      vertex 3.51074 -1.4542 0.1
      vertex 3.3513 -1.79131 2
      vertex 3.3513 -1.79131 0.1
    endloop
  endfacet
  facet normal -0.514109 0.857725 0
    outer loop
      vertex -1.79131 3.3513 0.1
      vertex -2.11117 3.15958 2
      vertex -1.79131 3.3513 2
    endloop
  endfacet
  facet normal -0.514109 0.857725 0
    outer loop
      vertex -2.11117 3.15958 2
      vertex -1.79131 3.3513 0.1
      vertex -2.11117 3.15958 0.1
    endloop
  endfacet
  facet normal 0.90399 0.427553 0
    outer loop
      vertex 3.51074 1.4542 2
      vertex 3.3513 1.79131 0.1
      vertex 3.3513 1.79131 2
    endloop
  endfacet
  facet normal 0.90399 0.427553 0
    outer loop
      vertex 3.3513 1.79131 0.1
      vertex 3.51074 1.4542 2
      vertex 3.51074 1.4542 0.1
    endloop
  endfacet
  facet normal -0.90399 -0.427553 0
    outer loop
      vertex -3.3513 -1.79131 0.1
      vertex -3.51074 -1.4542 2
      vertex -3.51074 -1.4542 0.1
    endloop
  endfacet
  facet normal -0.90399 -0.427553 0
    outer loop
      vertex -3.51074 -1.4542 2
      vertex -3.3513 -1.79131 0.1
      vertex -3.3513 -1.79131 2
    endloop
  endfacet
  facet normal -0.242979 0.970032 0
    outer loop
      vertex -0.741343 3.72698 0.1
      vertex -1.10308 3.63637 2
      vertex -0.741343 3.72698 2
    endloop
  endfacet
  facet normal -0.242979 0.970032 0
    outer loop
      vertex -1.10308 3.63637 2
      vertex -0.741343 3.72698 0.1
      vertex -1.10308 3.63637 0.1
    endloop
  endfacet
  facet normal 0.514109 0.857725 -0
    outer loop
      vertex 2.11117 3.15958 0.1
      vertex 1.79131 3.3513 2
      vertex 2.11117 3.15958 2
    endloop
  endfacet
  facet normal 0.514109 0.857725 0
    outer loop
      vertex 1.79131 3.3513 2
      vertex 2.11117 3.15958 0.1
      vertex 1.79131 3.3513 0.1
    endloop
  endfacet
  facet normal -0.595701 -0.803206 0
    outer loop
      vertex -2.41069 -2.93744 0.1
      vertex -2.11117 -3.15958 2
      vertex -2.41069 -2.93744 2
    endloop
  endfacet
  facet normal -0.595701 -0.803206 -0
    outer loop
      vertex -2.11117 -3.15958 2
      vertex -2.41069 -2.93744 0.1
      vertex -2.11117 -3.15958 0.1
    endloop
  endfacet
  facet normal -0.427553 0.90399 0
    outer loop
      vertex -1.4542 3.51074 0.1
      vertex -1.79131 3.3513 2
      vertex -1.4542 3.51074 2
    endloop
  endfacet
  facet normal -0.427553 0.90399 0
    outer loop
      vertex -1.79131 3.3513 2
      vertex -1.4542 3.51074 0.1
      vertex -1.79131 3.3513 0.1
    endloop
  endfacet
  facet normal 0.595701 -0.803206 0
    outer loop
      vertex 2.11117 -3.15958 0.1
      vertex 2.41069 -2.93744 2
      vertex 2.11117 -3.15958 2
    endloop
  endfacet
  facet normal 0.595701 -0.803206 0
    outer loop
      vertex 2.41069 -2.93744 2
      vertex 2.11117 -3.15958 0.1
      vertex 2.41069 -2.93744 0.1
    endloop
  endfacet
  facet normal 0.803206 0.595701 0
    outer loop
      vertex 3.15958 2.11117 2
      vertex 2.93744 2.41069 0.1
      vertex 2.93744 2.41069 2
    endloop
  endfacet
  facet normal 0.803206 0.595701 0
    outer loop
      vertex 2.93744 2.41069 0.1
      vertex 3.15958 2.11117 2
      vertex 3.15958 2.11117 0.1
    endloop
  endfacet
  facet normal 0.146736 -0.989176 0
    outer loop
      vertex 0.372464 -3.7817 0.1
      vertex 0.741343 -3.72698 2
      vertex 0.372464 -3.7817 2
    endloop
  endfacet
  facet normal 0.146736 -0.989176 0
    outer loop
      vertex 0.741343 -3.72698 2
      vertex 0.372464 -3.7817 0.1
      vertex 0.741343 -3.72698 0.1
    endloop
  endfacet
  facet normal -0.941546 -0.336883 0
    outer loop
      vertex -3.51074 -1.4542 0.1
      vertex -3.63637 -1.10308 2
      vertex -3.63637 -1.10308 0.1
    endloop
  endfacet
  facet normal -0.941546 -0.336883 0
    outer loop
      vertex -3.63637 -1.10308 2
      vertex -3.51074 -1.4542 0.1
      vertex -3.51074 -1.4542 2
    endloop
  endfacet
  facet normal -0.989176 0.146736 0
    outer loop
      vertex -3.7817 0.372464 0.1
      vertex -3.72698 0.741343 2
      vertex -3.72698 0.741343 0.1
    endloop
  endfacet
  facet normal -0.989176 0.146736 0
    outer loop
      vertex -3.72698 0.741343 2
      vertex -3.7817 0.372464 0.1
      vertex -3.7817 0.372464 2
    endloop
  endfacet
  facet normal -0.595701 0.803206 0
    outer loop
      vertex -2.11117 3.15958 0.1
      vertex -2.41069 2.93744 2
      vertex -2.11117 3.15958 2
    endloop
  endfacet
  facet normal -0.595701 0.803206 0
    outer loop
      vertex -2.41069 2.93744 2
      vertex -2.11117 3.15958 0.1
      vertex -2.41069 2.93744 0.1
    endloop
  endfacet
  facet normal -0.427553 -0.90399 0
    outer loop
      vertex -1.79131 -3.3513 0.1
      vertex -1.4542 -3.51074 2
      vertex -1.79131 -3.3513 2
    endloop
  endfacet
  facet normal -0.427553 -0.90399 -0
    outer loop
      vertex -1.4542 -3.51074 2
      vertex -1.79131 -3.3513 0.1
      vertex -1.4542 -3.51074 0.1
    endloop
  endfacet
  facet normal -0.970032 -0.242979 0
    outer loop
      vertex -3.63637 -1.10308 0.1
      vertex -3.72698 -0.741343 2
      vertex -3.72698 -0.741343 0.1
    endloop
  endfacet
  facet normal -0.970032 -0.242979 0
    outer loop
      vertex -3.72698 -0.741343 2
      vertex -3.63637 -1.10308 0.1
      vertex -3.63637 -1.10308 2
    endloop
  endfacet
  facet normal -0.998795 -0.0490731 0
    outer loop
      vertex -3.7817 -0.372464 0.1
      vertex -3.8 0 2
      vertex -3.8 0 0.1
    endloop
  endfacet
  facet normal -0.998795 -0.0490731 0
    outer loop
      vertex -3.8 0 2
      vertex -3.7817 -0.372464 0.1
      vertex -3.7817 -0.372464 2
    endloop
  endfacet
  facet normal 0.970032 -0.242979 0
    outer loop
      vertex 3.63637 -1.10308 2
      vertex 3.72698 -0.741343 0.1
      vertex 3.72698 -0.741343 2
    endloop
  endfacet
  facet normal 0.970032 -0.242979 0
    outer loop
      vertex 3.72698 -0.741343 0.1
      vertex 3.63637 -1.10308 2
      vertex 3.63637 -1.10308 0.1
    endloop
  endfacet
  facet normal 0.941546 -0.336883 0
    outer loop
      vertex 3.51074 -1.4542 2
      vertex 3.63637 -1.10308 0.1
      vertex 3.63637 -1.10308 2
    endloop
  endfacet
  facet normal 0.941546 -0.336883 0
    outer loop
      vertex 3.63637 -1.10308 0.1
      vertex 3.51074 -1.4542 2
      vertex 3.51074 -1.4542 0.1
    endloop
  endfacet
  facet normal 0.941546 0.336883 0
    outer loop
      vertex 3.63637 1.10308 2
      vertex 3.51074 1.4542 0.1
      vertex 3.51074 1.4542 2
    endloop
  endfacet
  facet normal 0.941546 0.336883 0
    outer loop
      vertex 3.51074 1.4542 0.1
      vertex 3.63637 1.10308 2
      vertex 3.63637 1.10308 0.1
    endloop
  endfacet
  facet normal 0.242979 0.970032 -0
    outer loop
      vertex 1.10308 3.63637 0.1
      vertex 0.741343 3.72698 2
      vertex 1.10308 3.63637 2
    endloop
  endfacet
  facet normal 0.242979 0.970032 0
    outer loop
      vertex 0.741343 3.72698 2
      vertex 1.10308 3.63637 0.1
      vertex 0.741343 3.72698 0.1
    endloop
  endfacet
  facet normal -0.0490731 0.998795 0
    outer loop
      vertex 0 3.8 0.1
      vertex -0.372464 3.7817 2
      vertex 0 3.8 2
    endloop
  endfacet
  facet normal -0.0490731 0.998795 0
    outer loop
      vertex -0.372464 3.7817 2
      vertex 0 3.8 0.1
      vertex -0.372464 3.7817 0.1
    endloop
  endfacet
  facet normal 0.0490731 0.998795 -0
    outer loop
      vertex 0.372464 3.7817 0.1
      vertex 0 3.8 2
      vertex 0.372464 3.7817 2
    endloop
  endfacet
  facet normal 0.0490731 0.998795 0
    outer loop
      vertex 0 3.8 2
      vertex 0.372464 3.7817 0.1
      vertex 0 3.8 0.1
    endloop
  endfacet
  facet normal -0.941546 0.336883 0
    outer loop
      vertex -3.63637 1.10308 0.1
      vertex -3.51074 1.4542 2
      vertex -3.51074 1.4542 0.1
    endloop
  endfacet
  facet normal -0.941546 0.336883 0
    outer loop
      vertex -3.51074 1.4542 2
      vertex -3.63637 1.10308 0.1
      vertex -3.63637 1.10308 2
    endloop
  endfacet
  facet normal -0.740967 0.671542 0
    outer loop
      vertex -2.93744 2.41069 0.1
      vertex -2.68701 2.68701 2
      vertex -2.68701 2.68701 0.1
    endloop
  endfacet
  facet normal -0.740967 0.671542 0
    outer loop
      vertex -2.68701 2.68701 2
      vertex -2.93744 2.41069 0.1
      vertex -2.93744 2.41069 2
    endloop
  endfacet
  facet normal -0.90399 0.427553 0
    outer loop
      vertex -3.51074 1.4542 0.1
      vertex -3.3513 1.79131 2
      vertex -3.3513 1.79131 0.1
    endloop
  endfacet
  facet normal -0.90399 0.427553 0
    outer loop
      vertex -3.3513 1.79131 2
      vertex -3.51074 1.4542 0.1
      vertex -3.51074 1.4542 2
    endloop
  endfacet
  facet normal -0.146736 0.989176 0
    outer loop
      vertex -0.372464 3.7817 0.1
      vertex -0.741343 3.72698 2
      vertex -0.372464 3.7817 2
    endloop
  endfacet
  facet normal -0.146736 0.989176 0
    outer loop
      vertex -0.741343 3.72698 2
      vertex -0.372464 3.7817 0.1
      vertex -0.741343 3.72698 0.1
    endloop
  endfacet
  facet normal 0.0490731 -0.998795 0
    outer loop
      vertex 0 -3.8 0.1
      vertex 0.372464 -3.7817 2
      vertex 0 -3.8 2
    endloop
  endfacet
  facet normal 0.0490731 -0.998795 0
    outer loop
      vertex 0.372464 -3.7817 2
      vertex 0 -3.8 0.1
      vertex 0.372464 -3.7817 0.1
    endloop
  endfacet
  facet normal 0.242979 -0.970032 0
    outer loop
      vertex 0.741343 -3.72698 0.1
      vertex 1.10308 -3.63637 2
      vertex 0.741343 -3.72698 2
    endloop
  endfacet
  facet normal 0.242979 -0.970032 0
    outer loop
      vertex 1.10308 -3.63637 2
      vertex 0.741343 -3.72698 0.1
      vertex 1.10308 -3.63637 0.1
    endloop
  endfacet
  facet normal 0.803206 -0.595701 0
    outer loop
      vertex 2.93744 -2.41069 2
      vertex 3.15958 -2.11117 0.1
      vertex 3.15958 -2.11117 2
    endloop
  endfacet
  facet normal 0.803206 -0.595701 0
    outer loop
      vertex 3.15958 -2.11117 0.1
      vertex 2.93744 -2.41069 2
      vertex 2.93744 -2.41069 0.1
    endloop
  endfacet
  facet normal 0.514109 -0.857725 0
    outer loop
      vertex 1.79131 -3.3513 0.1
      vertex 2.11117 -3.15958 2
      vertex 1.79131 -3.3513 2
    endloop
  endfacet
  facet normal 0.514109 -0.857725 0
    outer loop
      vertex 2.11117 -3.15958 2
      vertex 1.79131 -3.3513 0.1
      vertex 2.11117 -3.15958 0.1
    endloop
  endfacet
  facet normal 0.857725 -0.514109 0
    outer loop
      vertex 3.15958 -2.11117 2
      vertex 3.3513 -1.79131 0.1
      vertex 3.3513 -1.79131 2
    endloop
  endfacet
  facet normal 0.857725 -0.514109 0
    outer loop
      vertex 3.3513 -1.79131 0.1
      vertex 3.15958 -2.11117 2
      vertex 3.15958 -2.11117 0.1
    endloop
  endfacet
  facet normal -0.146736 -0.989176 0
    outer loop
      vertex -0.741343 -3.72698 0.1
      vertex -0.372464 -3.7817 2
      vertex -0.741343 -3.72698 2
    endloop
  endfacet
  facet normal -0.146736 -0.989176 -0
    outer loop
      vertex -0.372464 -3.7817 2
      vertex -0.741343 -3.72698 0.1
      vertex -0.372464 -3.7817 0.1
    endloop
  endfacet
  facet normal -0.857725 -0.514109 0
    outer loop
      vertex -3.15958 -2.11117 0.1
      vertex -3.3513 -1.79131 2
      vertex -3.3513 -1.79131 0.1
    endloop
  endfacet
  facet normal -0.857725 -0.514109 0
    outer loop
      vertex -3.3513 -1.79131 2
      vertex -3.15958 -2.11117 0.1
      vertex -3.15958 -2.11117 2
    endloop
  endfacet
  facet normal 0.857725 0.514109 0
    outer loop
      vertex 3.3513 1.79131 2
      vertex 3.15958 2.11117 0.1
      vertex 3.15958 2.11117 2
    endloop
  endfacet
  facet normal 0.857725 0.514109 0
    outer loop
      vertex 3.15958 2.11117 0.1
      vertex 3.3513 1.79131 2
      vertex 3.3513 1.79131 0.1
    endloop
  endfacet
  facet normal 0.671542 0.740967 -0
    outer loop
      vertex 2.68701 2.68701 0.1
      vertex 2.41069 2.93744 2
      vertex 2.68701 2.68701 2
    endloop
  endfacet
  facet normal 0.671542 0.740967 0
    outer loop
      vertex 2.41069 2.93744 2
      vertex 2.68701 2.68701 0.1
      vertex 2.41069 2.93744 0.1
    endloop
  endfacet
  facet normal -0.336883 0.941546 0
    outer loop
      vertex -1.10308 3.63637 0.1
      vertex -1.4542 3.51074 2
      vertex -1.10308 3.63637 2
    endloop
  endfacet
  facet normal -0.336883 0.941546 0
    outer loop
      vertex -1.4542 3.51074 2
      vertex -1.10308 3.63637 0.1
      vertex -1.4542 3.51074 0.1
    endloop
  endfacet
  facet normal -0.740967 -0.671542 0
    outer loop
      vertex -2.68701 -2.68701 0.1
      vertex -2.93744 -2.41069 2
      vertex -2.93744 -2.41069 0.1
    endloop
  endfacet
  facet normal -0.740967 -0.671542 0
    outer loop
      vertex -2.93744 -2.41069 2
      vertex -2.68701 -2.68701 0.1
      vertex -2.68701 -2.68701 2
    endloop
  endfacet
  facet normal -0.671542 0.740967 0
    outer loop
      vertex -2.41069 2.93744 0.1
      vertex -2.68701 2.68701 2
      vertex -2.41069 2.93744 2
    endloop
  endfacet
  facet normal -0.671542 0.740967 0
    outer loop
      vertex -2.68701 2.68701 2
      vertex -2.41069 2.93744 0.1
      vertex -2.68701 2.68701 0.1
    endloop
  endfacet
  facet normal -0.514109 -0.857725 0
    outer loop
      vertex -2.11117 -3.15958 0.1
      vertex -1.79131 -3.3513 2
      vertex -2.11117 -3.15958 2
    endloop
  endfacet
  facet normal -0.514109 -0.857725 -0
    outer loop
      vertex -1.79131 -3.3513 2
      vertex -2.11117 -3.15958 0.1
      vertex -1.79131 -3.3513 0.1
    endloop
  endfacet
  facet normal 0.146736 0.989176 -0
    outer loop
      vertex 0.741343 3.72698 0.1
      vertex 0.372464 3.7817 2
      vertex 0.741343 3.72698 2
    endloop
  endfacet
  facet normal 0.146736 0.989176 0
    outer loop
      vertex 0.372464 3.7817 2
      vertex 0.741343 3.72698 0.1
      vertex 0.372464 3.7817 0.1
    endloop
  endfacet
  facet normal -0.803206 -0.595701 0
    outer loop
      vertex -2.93744 -2.41069 0.1
      vertex -3.15958 -2.11117 2
      vertex -3.15958 -2.11117 0.1
    endloop
  endfacet
  facet normal -0.803206 -0.595701 0
    outer loop
      vertex -3.15958 -2.11117 2
      vertex -2.93744 -2.41069 0.1
      vertex -2.93744 -2.41069 2
    endloop
  endfacet
  facet normal -0.989176 -0.146736 0
    outer loop
      vertex -3.72698 -0.741343 0.1
      vertex -3.7817 -0.372464 2
      vertex -3.7817 -0.372464 0.1
    endloop
  endfacet
  facet normal -0.989176 -0.146736 0
    outer loop
      vertex -3.7817 -0.372464 2
      vertex -3.72698 -0.741343 0.1
      vertex -3.72698 -0.741343 2
    endloop
  endfacet
  facet normal -0.970032 0.242979 0
    outer loop
      vertex -3.72698 0.741343 0.1
      vertex -3.63637 1.10308 2
      vertex -3.63637 1.10308 0.1
    endloop
  endfacet
  facet normal -0.970032 0.242979 0
    outer loop
      vertex -3.63637 1.10308 2
      vertex -3.72698 0.741343 0.1
      vertex -3.72698 0.741343 2
    endloop
  endfacet
  facet normal -0.671542 -0.740967 0
    outer loop
      vertex -2.68701 -2.68701 0.1
      vertex -2.41069 -2.93744 2
      vertex -2.68701 -2.68701 2
    endloop
  endfacet
  facet normal -0.671542 -0.740967 -0
    outer loop
      vertex -2.41069 -2.93744 2
      vertex -2.68701 -2.68701 0.1
      vertex -2.41069 -2.93744 0.1
    endloop
  endfacet
  facet normal -0.242979 -0.970032 0
    outer loop
      vertex -1.10308 -3.63637 0.1
      vertex -0.741343 -3.72698 2
      vertex -1.10308 -3.63637 2
    endloop
  endfacet
  facet normal -0.242979 -0.970032 -0
    outer loop
      vertex -0.741343 -3.72698 2
      vertex -1.10308 -3.63637 0.1
      vertex -0.741343 -3.72698 0.1
    endloop
  endfacet
  facet normal 0.740967 0.671542 0
    outer loop
      vertex 2.93744 2.41069 2
      vertex 2.68701 2.68701 0.1
      vertex 2.68701 2.68701 2
    endloop
  endfacet
  facet normal 0.740967 0.671542 0
    outer loop
      vertex 2.68701 2.68701 0.1
      vertex 2.93744 2.41069 2
      vertex 2.93744 2.41069 0.1
    endloop
  endfacet
  facet normal -0.803206 0.595701 0
    outer loop
      vertex -3.15958 2.11117 0.1
      vertex -2.93744 2.41069 2
      vertex -2.93744 2.41069 0.1
    endloop
  endfacet
  facet normal -0.803206 0.595701 0
    outer loop
      vertex -2.93744 2.41069 2
      vertex -3.15958 2.11117 0.1
      vertex -3.15958 2.11117 2
    endloop
  endfacet
  facet normal -0.857725 0.514109 0
    outer loop
      vertex -3.3513 1.79131 0.1
      vertex -3.15958 2.11117 2
      vertex -3.15958 2.11117 0.1
    endloop
  endfacet
  facet normal -0.857725 0.514109 0
    outer loop
      vertex -3.15958 2.11117 2
      vertex -3.3513 1.79131 0.1
      vertex -3.3513 1.79131 2
    endloop
  endfacet
  facet normal -0.0490731 -0.998795 0
    outer loop
      vertex -0.372464 -3.7817 0.1
      vertex 0 -3.8 2
      vertex -0.372464 -3.7817 2
    endloop
  endfacet
  facet normal -0.0490731 -0.998795 -0
    outer loop
      vertex 0 -3.8 2
      vertex -0.372464 -3.7817 0.1
      vertex 0 -3.8 0.1
    endloop
  endfacet
  facet normal -0.998795 0.0490731 0
    outer loop
      vertex -3.8 0 0.1
      vertex -3.7817 0.372464 2
      vertex -3.7817 0.372464 0.1
    endloop
  endfacet
  facet normal -0.998795 0.0490731 0
    outer loop
      vertex -3.7817 0.372464 2
      vertex -3.8 0 0.1
      vertex -3.8 0 2
    endloop
  endfacet
  facet normal -0.336883 -0.941546 0
    outer loop
      vertex -1.4542 -3.51074 0.1
      vertex -1.10308 -3.63637 2
      vertex -1.4542 -3.51074 2
    endloop
  endfacet
  facet normal -0.336883 -0.941546 -0
    outer loop
      vertex -1.10308 -3.63637 2
      vertex -1.4542 -3.51074 0.1
      vertex -1.10308 -3.63637 0.1
    endloop
  endfacet
  facet normal 0.336883 0.941546 -0
    outer loop
      vertex 1.4542 3.51074 0.1
      vertex 1.10308 3.63637 2
      vertex 1.4542 3.51074 2
    endloop
  endfacet
  facet normal 0.336883 0.941546 0
    outer loop
      vertex 1.10308 3.63637 2
      vertex 1.4542 3.51074 0.1
      vertex 1.10308 3.63637 0.1
    endloop
  endfacet
  facet normal 0.740967 -0.671542 0
    outer loop
      vertex 2.68701 -2.68701 2
      vertex 2.93744 -2.41069 0.1
      vertex 2.93744 -2.41069 2
    endloop
  endfacet
  facet normal 0.740967 -0.671542 0
    outer loop
      vertex 2.93744 -2.41069 0.1
      vertex 2.68701 -2.68701 2
      vertex 2.68701 -2.68701 0.1
    endloop
  endfacet
  facet normal 0.671542 -0.740967 0
    outer loop
      vertex 2.41069 -2.93744 0.1
      vertex 2.68701 -2.68701 2
      vertex 2.41069 -2.93744 2
    endloop
  endfacet
  facet normal 0.671542 -0.740967 0
    outer loop
      vertex 2.68701 -2.68701 2
      vertex 2.41069 -2.93744 0.1
      vertex 2.68701 -2.68701 0.1
    endloop
  endfacet
  facet normal -0.242983 -0.97003 0
    outer loop
      vertex 0.516989 2.59908 3.2
      vertex 0.769254 2.53589 6.4
      vertex 0.516989 2.59908 6.4
    endloop
  endfacet
  facet normal -0.242983 -0.97003 -0
    outer loop
      vertex 0.769254 2.53589 6.4
      vertex 0.516989 2.59908 3.2
      vertex 0.769254 2.53589 3.2
    endloop
  endfacet
  facet normal -0.242983 -0.97003 0
    outer loop
      vertex 0.516989 2.59908 0.1
      vertex 0.769254 2.53589 3.2
      vertex 0.516989 2.59908 3.2
    endloop
  endfacet
  facet normal -0.242983 -0.97003 -0
    outer loop
      vertex 0.769254 2.53589 3.2
      vertex 0.516989 2.59908 0.1
      vertex 0.769254 2.53589 0.1
    endloop
  endfacet
  facet normal -0.336887 -0.941545 0
    outer loop
      vertex 0.769254 2.53589 3.2
      vertex 1.01411 2.44828 6.4
      vertex 0.769254 2.53589 6.4
    endloop
  endfacet
  facet normal -0.336887 -0.941545 -0
    outer loop
      vertex 1.01411 2.44828 6.4
      vertex 0.769254 2.53589 3.2
      vertex 1.01411 2.44828 3.2
    endloop
  endfacet
  facet normal -0.336887 -0.941545 0
    outer loop
      vertex 0.769254 2.53589 0.1
      vertex 1.01411 2.44828 3.2
      vertex 0.769254 2.53589 3.2
    endloop
  endfacet
  facet normal -0.336887 -0.941545 -0
    outer loop
      vertex 1.01411 2.44828 3.2
      vertex 0.769254 2.53589 0.1
      vertex 1.01411 2.44828 0.1
    endloop
  endfacet
  facet normal -0.989176 -0.146736 0
    outer loop
      vertex 2.63724 0.259745 3.2
      vertex 2.59908 0.516989 6.4
      vertex 2.59908 0.516989 3.2
    endloop
  endfacet
  facet normal -0.989176 -0.146736 0
    outer loop
      vertex 2.59908 0.516989 6.4
      vertex 2.63724 0.259745 3.2
      vertex 2.63724 0.259745 6.4
    endloop
  endfacet
  facet normal -0.989176 -0.146736 0
    outer loop
      vertex 2.63724 0.259745 0.1
      vertex 2.59908 0.516989 3.2
      vertex 2.59908 0.516989 0.1
    endloop
  endfacet
  facet normal -0.989176 -0.146736 0
    outer loop
      vertex 2.59908 0.516989 3.2
      vertex 2.63724 0.259745 0.1
      vertex 2.63724 0.259745 3.2
    endloop
  endfacet
  facet normal -0.998796 -0.0490659 0
    outer loop
      vertex 2.65 0 3.2
      vertex 2.63724 0.259745 6.4
      vertex 2.63724 0.259745 3.2
    endloop
  endfacet
  facet normal -0.998796 -0.0490659 0
    outer loop
      vertex 2.63724 0.259745 6.4
      vertex 2.65 0 3.2
      vertex 2.65 0 6.4
    endloop
  endfacet
  facet normal -0.998796 -0.0490659 0
    outer loop
      vertex 2.65 0 0.1
      vertex 2.63724 0.259745 3.2
      vertex 2.63724 0.259745 0.1
    endloop
  endfacet
  facet normal -0.998796 -0.0490659 0
    outer loop
      vertex 2.63724 0.259745 3.2
      vertex 2.65 0 0.1
      vertex 2.65 0 3.2
    endloop
  endfacet
  facet normal -0.97003 -0.242983 0
    outer loop
      vertex 2.59908 0.516989 3.2
      vertex 2.53589 0.769254 6.4
      vertex 2.53589 0.769254 3.2
    endloop
  endfacet
  facet normal -0.97003 -0.242983 0
    outer loop
      vertex 2.53589 0.769254 6.4
      vertex 2.59908 0.516989 3.2
      vertex 2.59908 0.516989 6.4
    endloop
  endfacet
  facet normal -0.97003 -0.242983 0
    outer loop
      vertex 2.59908 0.516989 0.1
      vertex 2.53589 0.769254 3.2
      vertex 2.53589 0.769254 0.1
    endloop
  endfacet
  facet normal -0.97003 -0.242983 0
    outer loop
      vertex 2.53589 0.769254 3.2
      vertex 2.59908 0.516989 0.1
      vertex 2.59908 0.516989 3.2
    endloop
  endfacet
  facet normal -0.671572 -0.74094 0
    outer loop
      vertex 1.68114 2.04848 3.2
      vertex 1.87383 1.87383 6.4
      vertex 1.68114 2.04848 6.4
    endloop
  endfacet
  facet normal -0.671572 -0.74094 -0
    outer loop
      vertex 1.87383 1.87383 6.4
      vertex 1.68114 2.04848 3.2
      vertex 1.87383 1.87383 3.2
    endloop
  endfacet
  facet normal -0.671572 -0.74094 0
    outer loop
      vertex 1.68114 2.04848 0.1
      vertex 1.87383 1.87383 3.2
      vertex 1.68114 2.04848 3.2
    endloop
  endfacet
  facet normal -0.671572 -0.74094 -0
    outer loop
      vertex 1.87383 1.87383 3.2
      vertex 1.68114 2.04848 0.1
      vertex 1.87383 1.87383 0.1
    endloop
  endfacet
  facet normal 0.74094 0.671572 0
    outer loop
      vertex -1.87383 -1.87383 6.4
      vertex -2.04848 -1.68114 3.2
      vertex -2.04848 -1.68114 6.4
    endloop
  endfacet
  facet normal 0.74094 0.671572 0
    outer loop
      vertex -2.04848 -1.68114 3.2
      vertex -1.87383 -1.87383 6.4
      vertex -1.87383 -1.87383 3.2
    endloop
  endfacet
  facet normal 0.74094 0.671572 0
    outer loop
      vertex -1.87383 -1.87383 3.2
      vertex -2.04848 -1.68114 0.1
      vertex -2.04848 -1.68114 3.2
    endloop
  endfacet
  facet normal 0.74094 0.671572 0
    outer loop
      vertex -2.04848 -1.68114 0.1
      vertex -1.87383 -1.87383 3.2
      vertex -1.87383 -1.87383 0.1
    endloop
  endfacet
  facet normal 0.0490659 0.998796 -0
    outer loop
      vertex 0 -2.65 3.2
      vertex -0.259745 -2.63724 6.4
      vertex 0 -2.65 6.4
    endloop
  endfacet
  facet normal 0.0490659 0.998796 0
    outer loop
      vertex -0.259745 -2.63724 6.4
      vertex 0 -2.65 3.2
      vertex -0.259745 -2.63724 3.2
    endloop
  endfacet
  facet normal 0.0490659 0.998796 -0
    outer loop
      vertex 0 -2.65 0.1
      vertex -0.259745 -2.63724 3.2
      vertex 0 -2.65 3.2
    endloop
  endfacet
  facet normal 0.0490659 0.998796 0
    outer loop
      vertex -0.259745 -2.63724 3.2
      vertex 0 -2.65 0.1
      vertex -0.259745 -2.63724 0.1
    endloop
  endfacet
  facet normal -0.998796 0.0490659 0
    outer loop
      vertex 2.63724 -0.259745 3.2
      vertex 2.65 0 6.4
      vertex 2.65 0 3.2
    endloop
  endfacet
  facet normal -0.998796 0.0490659 0
    outer loop
      vertex 2.65 0 6.4
      vertex 2.63724 -0.259745 3.2
      vertex 2.63724 -0.259745 6.4
    endloop
  endfacet
  facet normal -0.998796 0.0490659 0
    outer loop
      vertex 2.63724 -0.259745 0.1
      vertex 2.65 0 3.2
      vertex 2.65 0 0.1
    endloop
  endfacet
  facet normal -0.998796 0.0490659 0
    outer loop
      vertex 2.65 0 3.2
      vertex 2.63724 -0.259745 0.1
      vertex 2.63724 -0.259745 3.2
    endloop
  endfacet
  facet normal -0.336887 0.941545 0
    outer loop
      vertex 1.01411 -2.44828 3.2
      vertex 0.769254 -2.53589 6.4
      vertex 1.01411 -2.44828 6.4
    endloop
  endfacet
  facet normal -0.336887 0.941545 0
    outer loop
      vertex 0.769254 -2.53589 6.4
      vertex 1.01411 -2.44828 3.2
      vertex 0.769254 -2.53589 3.2
    endloop
  endfacet
  facet normal -0.336887 0.941545 0
    outer loop
      vertex 1.01411 -2.44828 0.1
      vertex 0.769254 -2.53589 3.2
      vertex 1.01411 -2.44828 3.2
    endloop
  endfacet
  facet normal -0.336887 0.941545 0
    outer loop
      vertex 0.769254 -2.53589 3.2
      vertex 1.01411 -2.44828 0.1
      vertex 0.769254 -2.53589 0.1
    endloop
  endfacet
  facet normal 0.941545 0.336887 0
    outer loop
      vertex -2.44828 -1.01411 6.4
      vertex -2.53589 -0.769254 3.2
      vertex -2.53589 -0.769254 6.4
    endloop
  endfacet
  facet normal 0.941545 0.336887 0
    outer loop
      vertex -2.53589 -0.769254 3.2
      vertex -2.44828 -1.01411 6.4
      vertex -2.44828 -1.01411 3.2
    endloop
  endfacet
  facet normal 0.941545 0.336887 0
    outer loop
      vertex -2.44828 -1.01411 3.2
      vertex -2.53589 -0.769254 0.1
      vertex -2.53589 -0.769254 3.2
    endloop
  endfacet
  facet normal 0.941545 0.336887 0
    outer loop
      vertex -2.53589 -0.769254 0.1
      vertex -2.44828 -1.01411 3.2
      vertex -2.44828 -1.01411 0.1
    endloop
  endfacet
  facet normal -0.941545 -0.336887 0
    outer loop
      vertex 2.53589 0.769254 3.2
      vertex 2.44828 1.01411 6.4
      vertex 2.44828 1.01411 3.2
    endloop
  endfacet
  facet normal -0.941545 -0.336887 0
    outer loop
      vertex 2.44828 1.01411 6.4
      vertex 2.53589 0.769254 3.2
      vertex 2.53589 0.769254 6.4
    endloop
  endfacet
  facet normal -0.941545 -0.336887 0
    outer loop
      vertex 2.53589 0.769254 0.1
      vertex 2.44828 1.01411 3.2
      vertex 2.44828 1.01411 0.1
    endloop
  endfacet
  facet normal -0.941545 -0.336887 0
    outer loop
      vertex 2.44828 1.01411 3.2
      vertex 2.53589 0.769254 0.1
      vertex 2.53589 0.769254 3.2
    endloop
  endfacet
  facet normal -0.903988 -0.427557 0
    outer loop
      vertex 2.44828 1.01411 3.2
      vertex 2.33709 1.2492 6.4
      vertex 2.33709 1.2492 3.2
    endloop
  endfacet
  facet normal -0.903988 -0.427557 0
    outer loop
      vertex 2.33709 1.2492 6.4
      vertex 2.44828 1.01411 3.2
      vertex 2.44828 1.01411 6.4
    endloop
  endfacet
  facet normal -0.903988 -0.427557 0
    outer loop
      vertex 2.44828 1.01411 0.1
      vertex 2.33709 1.2492 3.2
      vertex 2.33709 1.2492 0.1
    endloop
  endfacet
  facet normal -0.903988 -0.427557 0
    outer loop
      vertex 2.33709 1.2492 3.2
      vertex 2.44828 1.01411 0.1
      vertex 2.44828 1.01411 3.2
    endloop
  endfacet
  facet normal -0.941545 0.336887 0
    outer loop
      vertex 2.44828 -1.01411 3.2
      vertex 2.53589 -0.769254 6.4
      vertex 2.53589 -0.769254 3.2
    endloop
  endfacet
  facet normal -0.941545 0.336887 0
    outer loop
      vertex 2.53589 -0.769254 6.4
      vertex 2.44828 -1.01411 3.2
      vertex 2.44828 -1.01411 6.4
    endloop
  endfacet
  facet normal -0.941545 0.336887 0
    outer loop
      vertex 2.44828 -1.01411 0.1
      vertex 2.53589 -0.769254 3.2
      vertex 2.53589 -0.769254 0.1
    endloop
  endfacet
  facet normal -0.941545 0.336887 0
    outer loop
      vertex 2.53589 -0.769254 3.2
      vertex 2.44828 -1.01411 0.1
      vertex 2.44828 -1.01411 3.2
    endloop
  endfacet
  facet normal 0 0 -1
    outer loop
      vertex 2.63724 -0.259745 6.4
      vertex 2.63724 0.259745 6.4
      vertex 2.65 0 6.4
    endloop
  endfacet
  facet normal 0 0 -1
    outer loop
      vertex 2.59908 -0.516989 6.4
      vertex 2.63724 0.259745 6.4
      vertex 2.63724 -0.259745 6.4
    endloop
  endfacet
  facet normal 0 0 -1
    outer loop
      vertex 2.59908 -0.516989 6.4
      vertex 2.59908 0.516989 6.4
      vertex 2.63724 0.259745 6.4
    endloop
  endfacet
  facet normal 0 0 -1
    outer loop
      vertex 2.53589 -0.769254 6.4
      vertex 2.59908 0.516989 6.4
      vertex 2.59908 -0.516989 6.4
    endloop
  endfacet
  facet normal 0 0 -1
    outer loop
      vertex 2.53589 -0.769254 6.4
      vertex 2.53589 0.769254 6.4
      vertex 2.59908 0.516989 6.4
    endloop
  endfacet
  facet normal 0 0 -1
    outer loop
      vertex 2.44828 -1.01411 6.4
      vertex 2.53589 0.769254 6.4
      vertex 2.53589 -0.769254 6.4
    endloop
  endfacet
  facet normal 0 0 -1
    outer loop
      vertex 2.44828 -1.01411 6.4
      vertex 2.44828 1.01411 6.4
      vertex 2.53589 0.769254 6.4
    endloop
  endfacet
  facet normal 0 0 -1
    outer loop
      vertex 2.33709 -1.2492 6.4
      vertex 2.44828 1.01411 6.4
      vertex 2.44828 -1.01411 6.4
    endloop
  endfacet
  facet normal 0 0 -1
    outer loop
      vertex 2.33709 -1.2492 6.4
      vertex 2.33709 1.2492 6.4
      vertex 2.44828 1.01411 6.4
    endloop
  endfacet
  facet normal 0 0 -1
    outer loop
      vertex 2.20339 -1.47226 6.4
      vertex 2.33709 1.2492 6.4
      vertex 2.33709 -1.2492 6.4
    endloop
  endfacet
  facet normal 0 0 -1
    outer loop
      vertex 2.20339 -1.47226 6.4
      vertex 2.20339 1.47226 6.4
      vertex 2.33709 1.2492 6.4
    endloop
  endfacet
  facet normal 0 0 -1
    outer loop
      vertex 2.04848 -1.68114 6.4
      vertex 2.20339 1.47226 6.4
      vertex 2.20339 -1.47226 6.4
    endloop
  endfacet
  facet normal 0 0 -1
    outer loop
      vertex 2.04848 -1.68114 6.4
      vertex 2.04848 1.68114 6.4
      vertex 2.20339 1.47226 6.4
    endloop
  endfacet
  facet normal 0 0 -1
    outer loop
      vertex 1.87383 -1.87383 6.4
      vertex 2.04848 1.68114 6.4
      vertex 2.04848 -1.68114 6.4
    endloop
  endfacet
  facet normal 0 0 -1
    outer loop
      vertex 1.87383 -1.87383 6.4
      vertex 1.87383 1.87383 6.4
      vertex 2.04848 1.68114 6.4
    endloop
  endfacet
  facet normal 0 0 -1
    outer loop
      vertex 1.68114 -2.04848 6.4
      vertex 1.87383 1.87383 6.4
      vertex 1.87383 -1.87383 6.4
    endloop
  endfacet
  facet normal 0 0 -1
    outer loop
      vertex 1.68114 -2.04848 6.4
      vertex 1.68114 2.04848 6.4
      vertex 1.87383 1.87383 6.4
    endloop
  endfacet
  facet normal 0 0 -1
    outer loop
      vertex 1.47226 -2.20339 6.4
      vertex 1.68114 2.04848 6.4
      vertex 1.68114 -2.04848 6.4
    endloop
  endfacet
  facet normal 0 0 -1
    outer loop
      vertex 1.47226 -2.20339 6.4
      vertex 1.47226 2.20339 6.4
      vertex 1.68114 2.04848 6.4
    endloop
  endfacet
  facet normal 0 0 -1
    outer loop
      vertex 1.2492 -2.33709 6.4
      vertex 1.47226 2.20339 6.4
      vertex 1.47226 -2.20339 6.4
    endloop
  endfacet
  facet normal 0 0 -1
    outer loop
      vertex 1.2492 -2.33709 6.4
      vertex 1.2492 2.33709 6.4
      vertex 1.47226 2.20339 6.4
    endloop
  endfacet
  facet normal 0 0 -1
    outer loop
      vertex 1.01411 -2.44828 6.4
      vertex 1.2492 2.33709 6.4
      vertex 1.2492 -2.33709 6.4
    endloop
  endfacet
  facet normal 0 0 -1
    outer loop
      vertex 1.01411 -2.44828 6.4
      vertex 1.01411 2.44828 6.4
      vertex 1.2492 2.33709 6.4
    endloop
  endfacet
  facet normal 0 0 -1
    outer loop
      vertex 0.769254 -2.53589 6.4
      vertex 1.01411 2.44828 6.4
      vertex 1.01411 -2.44828 6.4
    endloop
  endfacet
  facet normal 0 0 -1
    outer loop
      vertex 0.769254 -2.53589 6.4
      vertex 0.769254 2.53589 6.4
      vertex 1.01411 2.44828 6.4
    endloop
  endfacet
  facet normal 0 0 -1
    outer loop
      vertex 0.516989 -2.59908 6.4
      vertex 0.769254 2.53589 6.4
      vertex 0.769254 -2.53589 6.4
    endloop
  endfacet
  facet normal 0 0 -1
    outer loop
      vertex 0.516989 -2.59908 6.4
      vertex 0.516989 2.59908 6.4
      vertex 0.769254 2.53589 6.4
    endloop
  endfacet
  facet normal 0 0 -1
    outer loop
      vertex 0.259745 -2.63724 6.4
      vertex 0.516989 2.59908 6.4
      vertex 0.516989 -2.59908 6.4
    endloop
  endfacet
  facet normal 0 0 -1
    outer loop
      vertex 0.259745 -2.63724 6.4
      vertex 0.259745 2.63724 6.4
      vertex 0.516989 2.59908 6.4
    endloop
  endfacet
  facet normal 0 0 -1
    outer loop
      vertex 0 -2.65 6.4
      vertex 0.259745 2.63724 6.4
      vertex 0.259745 -2.63724 6.4
    endloop
  endfacet
  facet normal 0 0 -1
    outer loop
      vertex 0 -2.65 6.4
      vertex 0 2.65 6.4
      vertex 0.259745 2.63724 6.4
    endloop
  endfacet
  facet normal 0 0 -1
    outer loop
      vertex -0.259745 -2.63724 6.4
      vertex 0 2.65 6.4
      vertex 0 -2.65 6.4
    endloop
  endfacet
  facet normal 0 0 -1
    outer loop
      vertex -0.259745 -2.63724 6.4
      vertex -0.259745 2.63724 6.4
      vertex 0 2.65 6.4
    endloop
  endfacet
  facet normal 0 0 -1
    outer loop
      vertex -0.516989 -2.59908 6.4
      vertex -0.259745 2.63724 6.4
      vertex -0.259745 -2.63724 6.4
    endloop
  endfacet
  facet normal 0 0 -1
    outer loop
      vertex -0.516989 -2.59908 6.4
      vertex -0.516989 2.59908 6.4
      vertex -0.259745 2.63724 6.4
    endloop
  endfacet
  facet normal 0 0 -1
    outer loop
      vertex -0.769254 -2.53589 6.4
      vertex -0.516989 2.59908 6.4
      vertex -0.516989 -2.59908 6.4
    endloop
  endfacet
  facet normal 0 0 -1
    outer loop
      vertex -0.769254 -2.53589 6.4
      vertex -0.769254 2.53589 6.4
      vertex -0.516989 2.59908 6.4
    endloop
  endfacet
  facet normal 0 0 -1
    outer loop
      vertex -1.01411 -2.44828 6.4
      vertex -0.769254 2.53589 6.4
      vertex -0.769254 -2.53589 6.4
    endloop
  endfacet
  facet normal 0 0 -1
    outer loop
      vertex -1.01411 -2.44828 6.4
      vertex -1.01411 2.44828 6.4
      vertex -0.769254 2.53589 6.4
    endloop
  endfacet
  facet normal 0 0 -1
    outer loop
      vertex -1.2492 -2.33709 6.4
      vertex -1.01411 2.44828 6.4
      vertex -1.01411 -2.44828 6.4
    endloop
  endfacet
  facet normal 0 0 -1
    outer loop
      vertex -1.2492 -2.33709 6.4
      vertex -1.2492 2.33709 6.4
      vertex -1.01411 2.44828 6.4
    endloop
  endfacet
  facet normal 0 0 -1
    outer loop
      vertex -1.47226 -2.20339 6.4
      vertex -1.2492 2.33709 6.4
      vertex -1.2492 -2.33709 6.4
    endloop
  endfacet
  facet normal 0 0 -1
    outer loop
      vertex -1.47226 -2.20339 6.4
      vertex -1.47226 2.20339 6.4
      vertex -1.2492 2.33709 6.4
    endloop
  endfacet
  facet normal 0 0 -1
    outer loop
      vertex -1.68114 -2.04848 6.4
      vertex -1.47226 2.20339 6.4
      vertex -1.47226 -2.20339 6.4
    endloop
  endfacet
  facet normal 0 0 -1
    outer loop
      vertex -1.68114 -2.04848 6.4
      vertex -1.68114 2.04848 6.4
      vertex -1.47226 2.20339 6.4
    endloop
  endfacet
  facet normal 0 0 -1
    outer loop
      vertex -1.87383 -1.87383 6.4
      vertex -1.68114 2.04848 6.4
      vertex -1.68114 -2.04848 6.4
    endloop
  endfacet
  facet normal 0 0 -1
    outer loop
      vertex -1.87383 -1.87383 6.4
      vertex -1.87383 1.87383 6.4
      vertex -1.68114 2.04848 6.4
    endloop
  endfacet
  facet normal 0 0 -1
    outer loop
      vertex -2.04848 -1.68114 6.4
      vertex -1.87383 1.87383 6.4
      vertex -1.87383 -1.87383 6.4
    endloop
  endfacet
  facet normal 0 0 -1
    outer loop
      vertex -2.04848 -1.68114 6.4
      vertex -2.04848 1.68114 6.4
      vertex -1.87383 1.87383 6.4
    endloop
  endfacet
  facet normal 0 0 -1
    outer loop
      vertex -2.20339 -1.47226 6.4
      vertex -2.04848 1.68114 6.4
      vertex -2.04848 -1.68114 6.4
    endloop
  endfacet
  facet normal 0 0 -1
    outer loop
      vertex -2.20339 -1.47226 6.4
      vertex -2.20339 1.47226 6.4
      vertex -2.04848 1.68114 6.4
    endloop
  endfacet
  facet normal 0 0 -1
    outer loop
      vertex -2.33709 -1.2492 6.4
      vertex -2.20339 1.47226 6.4
      vertex -2.20339 -1.47226 6.4
    endloop
  endfacet
  facet normal 0 0 -1
    outer loop
      vertex -2.33709 -1.2492 6.4
      vertex -2.33709 1.2492 6.4
      vertex -2.20339 1.47226 6.4
    endloop
  endfacet
  facet normal 0 0 -1
    outer loop
      vertex -2.44828 -1.01411 6.4
      vertex -2.33709 1.2492 6.4
      vertex -2.33709 -1.2492 6.4
    endloop
  endfacet
  facet normal 0 0 -1
    outer loop
      vertex -2.44828 -1.01411 6.4
      vertex -2.44828 1.01411 6.4
      vertex -2.33709 1.2492 6.4
    endloop
  endfacet
  facet normal 0 0 -1
    outer loop
      vertex -2.53589 -0.769254 6.4
      vertex -2.44828 1.01411 6.4
      vertex -2.44828 -1.01411 6.4
    endloop
  endfacet
  facet normal 0 0 -1
    outer loop
      vertex -2.53589 -0.769254 6.4
      vertex -2.53589 0.769254 6.4
      vertex -2.44828 1.01411 6.4
    endloop
  endfacet
  facet normal 0 0 -1
    outer loop
      vertex -2.59908 -0.516989 6.4
      vertex -2.53589 0.769254 6.4
      vertex -2.53589 -0.769254 6.4
    endloop
  endfacet
  facet normal 0 0 -1
    outer loop
      vertex -2.59908 -0.516989 6.4
      vertex -2.59908 0.516989 6.4
      vertex -2.53589 0.769254 6.4
    endloop
  endfacet
  facet normal 0 0 -1
    outer loop
      vertex -2.63724 -0.259745 6.4
      vertex -2.59908 0.516989 6.4
      vertex -2.59908 -0.516989 6.4
    endloop
  endfacet
  facet normal 0 0 -1
    outer loop
      vertex -2.63724 -0.259745 6.4
      vertex -2.63724 0.259745 6.4
      vertex -2.59908 0.516989 6.4
    endloop
  endfacet
  facet normal 0 -0 -1
    outer loop
      vertex -2.63724 0.259745 6.4
      vertex -2.63724 -0.259745 6.4
      vertex -2.65 0 6.4
    endloop
  endfacet
  facet normal 0.903988 -0.427557 0
    outer loop
      vertex -2.44828 1.01411 6.4
      vertex -2.33709 1.2492 3.2
      vertex -2.33709 1.2492 6.4
    endloop
  endfacet
  facet normal 0.903988 -0.427557 0
    outer loop
      vertex -2.33709 1.2492 3.2
      vertex -2.44828 1.01411 6.4
      vertex -2.44828 1.01411 3.2
    endloop
  endfacet
  facet normal 0.903988 -0.427557 0
    outer loop
      vertex -2.44828 1.01411 3.2
      vertex -2.33709 1.2492 0.1
      vertex -2.33709 1.2492 3.2
    endloop
  endfacet
  facet normal 0.903988 -0.427557 0
    outer loop
      vertex -2.33709 1.2492 0.1
      vertex -2.44828 1.01411 3.2
      vertex -2.44828 1.01411 0.1
    endloop
  endfacet
  facet normal -0.514111 -0.857724 0
    outer loop
      vertex 1.2492 2.33709 3.2
      vertex 1.47226 2.20339 6.4
      vertex 1.2492 2.33709 6.4
    endloop
  endfacet
  facet normal -0.514111 -0.857724 -0
    outer loop
      vertex 1.47226 2.20339 6.4
      vertex 1.2492 2.33709 3.2
      vertex 1.47226 2.20339 3.2
    endloop
  endfacet
  facet normal -0.514111 -0.857724 0
    outer loop
      vertex 1.2492 2.33709 0.1
      vertex 1.47226 2.20339 3.2
      vertex 1.2492 2.33709 3.2
    endloop
  endfacet
  facet normal -0.514111 -0.857724 -0
    outer loop
      vertex 1.47226 2.20339 3.2
      vertex 1.2492 2.33709 0.1
      vertex 1.47226 2.20339 0.1
    endloop
  endfacet
  facet normal 0.97003 0.242983 0
    outer loop
      vertex -2.53589 -0.769254 6.4
      vertex -2.59908 -0.516989 3.2
      vertex -2.59908 -0.516989 6.4
    endloop
  endfacet
  facet normal 0.97003 0.242983 0
    outer loop
      vertex -2.59908 -0.516989 3.2
      vertex -2.53589 -0.769254 6.4
      vertex -2.53589 -0.769254 3.2
    endloop
  endfacet
  facet normal 0.97003 0.242983 0
    outer loop
      vertex -2.53589 -0.769254 3.2
      vertex -2.59908 -0.516989 0.1
      vertex -2.59908 -0.516989 3.2
    endloop
  endfacet
  facet normal 0.97003 0.242983 0
    outer loop
      vertex -2.59908 -0.516989 0.1
      vertex -2.53589 -0.769254 3.2
      vertex -2.53589 -0.769254 0.1
    endloop
  endfacet
  facet normal -0.857724 0.514111 0
    outer loop
      vertex 2.20339 -1.47226 3.2
      vertex 2.33709 -1.2492 6.4
      vertex 2.33709 -1.2492 3.2
    endloop
  endfacet
  facet normal -0.857724 0.514111 0
    outer loop
      vertex 2.33709 -1.2492 6.4
      vertex 2.20339 -1.47226 3.2
      vertex 2.20339 -1.47226 6.4
    endloop
  endfacet
  facet normal -0.857724 0.514111 0
    outer loop
      vertex 2.20339 -1.47226 0.1
      vertex 2.33709 -1.2492 3.2
      vertex 2.33709 -1.2492 0.1
    endloop
  endfacet
  facet normal -0.857724 0.514111 0
    outer loop
      vertex 2.33709 -1.2492 3.2
      vertex 2.20339 -1.47226 0.1
      vertex 2.20339 -1.47226 3.2
    endloop
  endfacet
  facet normal -0.514111 0.857724 0
    outer loop
      vertex 1.47226 -2.20339 3.2
      vertex 1.2492 -2.33709 6.4
      vertex 1.47226 -2.20339 6.4
    endloop
  endfacet
  facet normal -0.514111 0.857724 0
    outer loop
      vertex 1.2492 -2.33709 6.4
      vertex 1.47226 -2.20339 3.2
      vertex 1.2492 -2.33709 3.2
    endloop
  endfacet
  facet normal -0.514111 0.857724 0
    outer loop
      vertex 1.47226 -2.20339 0.1
      vertex 1.2492 -2.33709 3.2
      vertex 1.47226 -2.20339 3.2
    endloop
  endfacet
  facet normal -0.514111 0.857724 0
    outer loop
      vertex 1.2492 -2.33709 3.2
      vertex 1.47226 -2.20339 0.1
      vertex 1.2492 -2.33709 0.1
    endloop
  endfacet
  facet normal 0.146736 -0.989176 0
    outer loop
      vertex -0.516989 2.59908 3.2
      vertex -0.259745 2.63724 6.4
      vertex -0.516989 2.59908 6.4
    endloop
  endfacet
  facet normal 0.146736 -0.989176 0
    outer loop
      vertex -0.259745 2.63724 6.4
      vertex -0.516989 2.59908 3.2
      vertex -0.259745 2.63724 3.2
    endloop
  endfacet
  facet normal 0.146736 -0.989176 0
    outer loop
      vertex -0.516989 2.59908 0.1
      vertex -0.259745 2.63724 3.2
      vertex -0.516989 2.59908 3.2
    endloop
  endfacet
  facet normal 0.146736 -0.989176 0
    outer loop
      vertex -0.259745 2.63724 3.2
      vertex -0.516989 2.59908 0.1
      vertex -0.259745 2.63724 0.1
    endloop
  endfacet
  facet normal 0.903988 0.427557 0
    outer loop
      vertex -2.33709 -1.2492 6.4
      vertex -2.44828 -1.01411 3.2
      vertex -2.44828 -1.01411 6.4
    endloop
  endfacet
  facet normal 0.903988 0.427557 0
    outer loop
      vertex -2.44828 -1.01411 3.2
      vertex -2.33709 -1.2492 6.4
      vertex -2.33709 -1.2492 3.2
    endloop
  endfacet
  facet normal 0.903988 0.427557 0
    outer loop
      vertex -2.33709 -1.2492 3.2
      vertex -2.44828 -1.01411 0.1
      vertex -2.44828 -1.01411 3.2
    endloop
  endfacet
  facet normal 0.903988 0.427557 0
    outer loop
      vertex -2.44828 -1.01411 0.1
      vertex -2.33709 -1.2492 3.2
      vertex -2.33709 -1.2492 0.1
    endloop
  endfacet
  facet normal 0.427557 -0.903988 0
    outer loop
      vertex -1.2492 2.33709 3.2
      vertex -1.01411 2.44828 6.4
      vertex -1.2492 2.33709 6.4
    endloop
  endfacet
  facet normal 0.427557 -0.903988 0
    outer loop
      vertex -1.01411 2.44828 6.4
      vertex -1.2492 2.33709 3.2
      vertex -1.01411 2.44828 3.2
    endloop
  endfacet
  facet normal 0.427557 -0.903988 0
    outer loop
      vertex -1.2492 2.33709 0.1
      vertex -1.01411 2.44828 3.2
      vertex -1.2492 2.33709 3.2
    endloop
  endfacet
  facet normal 0.427557 -0.903988 0
    outer loop
      vertex -1.01411 2.44828 3.2
      vertex -1.2492 2.33709 0.1
      vertex -1.01411 2.44828 0.1
    endloop
  endfacet
  facet normal -0.803219 -0.595685 0
    outer loop
      vertex 2.20339 1.47226 3.2
      vertex 2.04848 1.68114 6.4
      vertex 2.04848 1.68114 3.2
    endloop
  endfacet
  facet normal -0.803219 -0.595685 0
    outer loop
      vertex 2.04848 1.68114 6.4
      vertex 2.20339 1.47226 3.2
      vertex 2.20339 1.47226 6.4
    endloop
  endfacet
  facet normal -0.803219 -0.595685 0
    outer loop
      vertex 2.20339 1.47226 0.1
      vertex 2.04848 1.68114 3.2
      vertex 2.04848 1.68114 0.1
    endloop
  endfacet
  facet normal -0.803219 -0.595685 0
    outer loop
      vertex 2.04848 1.68114 3.2
      vertex 2.20339 1.47226 0.1
      vertex 2.20339 1.47226 3.2
    endloop
  endfacet
  facet normal -0.146736 0.989176 0
    outer loop
      vertex 0.516989 -2.59908 3.2
      vertex 0.259745 -2.63724 6.4
      vertex 0.516989 -2.59908 6.4
    endloop
  endfacet
  facet normal -0.146736 0.989176 0
    outer loop
      vertex 0.259745 -2.63724 6.4
      vertex 0.516989 -2.59908 3.2
      vertex 0.259745 -2.63724 3.2
    endloop
  endfacet
  facet normal -0.146736 0.989176 0
    outer loop
      vertex 0.516989 -2.59908 0.1
      vertex 0.259745 -2.63724 3.2
      vertex 0.516989 -2.59908 3.2
    endloop
  endfacet
  facet normal -0.146736 0.989176 0
    outer loop
      vertex 0.259745 -2.63724 3.2
      vertex 0.516989 -2.59908 0.1
      vertex 0.259745 -2.63724 0.1
    endloop
  endfacet
  facet normal -0.989176 0.146736 0
    outer loop
      vertex 2.59908 -0.516989 3.2
      vertex 2.63724 -0.259745 6.4
      vertex 2.63724 -0.259745 3.2
    endloop
  endfacet
  facet normal -0.989176 0.146736 0
    outer loop
      vertex 2.63724 -0.259745 6.4
      vertex 2.59908 -0.516989 3.2
      vertex 2.59908 -0.516989 6.4
    endloop
  endfacet
  facet normal -0.989176 0.146736 0
    outer loop
      vertex 2.59908 -0.516989 0.1
      vertex 2.63724 -0.259745 3.2
      vertex 2.63724 -0.259745 0.1
    endloop
  endfacet
  facet normal -0.989176 0.146736 0
    outer loop
      vertex 2.63724 -0.259745 3.2
      vertex 2.59908 -0.516989 0.1
      vertex 2.59908 -0.516989 3.2
    endloop
  endfacet
  facet normal 0.595685 0.803219 -0
    outer loop
      vertex -1.47226 -2.20339 3.2
      vertex -1.68114 -2.04848 6.4
      vertex -1.47226 -2.20339 6.4
    endloop
  endfacet
  facet normal 0.595685 0.803219 0
    outer loop
      vertex -1.68114 -2.04848 6.4
      vertex -1.47226 -2.20339 3.2
      vertex -1.68114 -2.04848 3.2
    endloop
  endfacet
  facet normal 0.595685 0.803219 -0
    outer loop
      vertex -1.47226 -2.20339 0.1
      vertex -1.68114 -2.04848 3.2
      vertex -1.47226 -2.20339 3.2
    endloop
  endfacet
  facet normal 0.595685 0.803219 0
    outer loop
      vertex -1.68114 -2.04848 3.2
      vertex -1.47226 -2.20339 0.1
      vertex -1.68114 -2.04848 0.1
    endloop
  endfacet
  facet normal -0.427557 -0.903988 0
    outer loop
      vertex 1.01411 2.44828 3.2
      vertex 1.2492 2.33709 6.4
      vertex 1.01411 2.44828 6.4
    endloop
  endfacet
  facet normal -0.427557 -0.903988 -0
    outer loop
      vertex 1.2492 2.33709 6.4
      vertex 1.01411 2.44828 3.2
      vertex 1.2492 2.33709 3.2
    endloop
  endfacet
  facet normal -0.427557 -0.903988 0
    outer loop
      vertex 1.01411 2.44828 0.1
      vertex 1.2492 2.33709 3.2
      vertex 1.01411 2.44828 3.2
    endloop
  endfacet
  facet normal -0.427557 -0.903988 -0
    outer loop
      vertex 1.2492 2.33709 3.2
      vertex 1.01411 2.44828 0.1
      vertex 1.2492 2.33709 0.1
    endloop
  endfacet
  facet normal 0.989176 -0.146736 0
    outer loop
      vertex -2.63724 0.259745 6.4
      vertex -2.59908 0.516989 3.2
      vertex -2.59908 0.516989 6.4
    endloop
  endfacet
  facet normal 0.989176 -0.146736 0
    outer loop
      vertex -2.59908 0.516989 3.2
      vertex -2.63724 0.259745 6.4
      vertex -2.63724 0.259745 3.2
    endloop
  endfacet
  facet normal 0.989176 -0.146736 0
    outer loop
      vertex -2.63724 0.259745 3.2
      vertex -2.59908 0.516989 0.1
      vertex -2.59908 0.516989 3.2
    endloop
  endfacet
  facet normal 0.989176 -0.146736 0
    outer loop
      vertex -2.59908 0.516989 0.1
      vertex -2.63724 0.259745 3.2
      vertex -2.63724 0.259745 0.1
    endloop
  endfacet
  facet normal 0.242983 -0.97003 0
    outer loop
      vertex -0.769254 2.53589 3.2
      vertex -0.516989 2.59908 6.4
      vertex -0.769254 2.53589 6.4
    endloop
  endfacet
  facet normal 0.242983 -0.97003 0
    outer loop
      vertex -0.516989 2.59908 6.4
      vertex -0.769254 2.53589 3.2
      vertex -0.516989 2.59908 3.2
    endloop
  endfacet
  facet normal 0.242983 -0.97003 0
    outer loop
      vertex -0.769254 2.53589 0.1
      vertex -0.516989 2.59908 3.2
      vertex -0.769254 2.53589 3.2
    endloop
  endfacet
  facet normal 0.242983 -0.97003 0
    outer loop
      vertex -0.516989 2.59908 3.2
      vertex -0.769254 2.53589 0.1
      vertex -0.516989 2.59908 0.1
    endloop
  endfacet
  facet normal 0.146736 0.989176 -0
    outer loop
      vertex -0.259745 -2.63724 3.2
      vertex -0.516989 -2.59908 6.4
      vertex -0.259745 -2.63724 6.4
    endloop
  endfacet
  facet normal 0.146736 0.989176 0
    outer loop
      vertex -0.516989 -2.59908 6.4
      vertex -0.259745 -2.63724 3.2
      vertex -0.516989 -2.59908 3.2
    endloop
  endfacet
  facet normal 0.146736 0.989176 -0
    outer loop
      vertex -0.259745 -2.63724 0.1
      vertex -0.516989 -2.59908 3.2
      vertex -0.259745 -2.63724 3.2
    endloop
  endfacet
  facet normal 0.146736 0.989176 0
    outer loop
      vertex -0.516989 -2.59908 3.2
      vertex -0.259745 -2.63724 0.1
      vertex -0.516989 -2.59908 0.1
    endloop
  endfacet
  facet normal -0.146736 -0.989176 0
    outer loop
      vertex 0.259745 2.63724 3.2
      vertex 0.516989 2.59908 6.4
      vertex 0.259745 2.63724 6.4
    endloop
  endfacet
  facet normal -0.146736 -0.989176 -0
    outer loop
      vertex 0.516989 2.59908 6.4
      vertex 0.259745 2.63724 3.2
      vertex 0.516989 2.59908 3.2
    endloop
  endfacet
  facet normal -0.146736 -0.989176 0
    outer loop
      vertex 0.259745 2.63724 0.1
      vertex 0.516989 2.59908 3.2
      vertex 0.259745 2.63724 3.2
    endloop
  endfacet
  facet normal -0.146736 -0.989176 -0
    outer loop
      vertex 0.516989 2.59908 3.2
      vertex 0.259745 2.63724 0.1
      vertex 0.516989 2.59908 0.1
    endloop
  endfacet
  facet normal 0.97003 -0.242983 0
    outer loop
      vertex -2.59908 0.516989 6.4
      vertex -2.53589 0.769254 3.2
      vertex -2.53589 0.769254 6.4
    endloop
  endfacet
  facet normal 0.97003 -0.242983 0
    outer loop
      vertex -2.53589 0.769254 3.2
      vertex -2.59908 0.516989 6.4
      vertex -2.59908 0.516989 3.2
    endloop
  endfacet
  facet normal 0.97003 -0.242983 0
    outer loop
      vertex -2.59908 0.516989 3.2
      vertex -2.53589 0.769254 0.1
      vertex -2.53589 0.769254 3.2
    endloop
  endfacet
  facet normal 0.97003 -0.242983 0
    outer loop
      vertex -2.53589 0.769254 0.1
      vertex -2.59908 0.516989 3.2
      vertex -2.59908 0.516989 0.1
    endloop
  endfacet
  facet normal 0.336887 -0.941545 0
    outer loop
      vertex -1.01411 2.44828 3.2
      vertex -0.769254 2.53589 6.4
      vertex -1.01411 2.44828 6.4
    endloop
  endfacet
  facet normal 0.336887 -0.941545 0
    outer loop
      vertex -0.769254 2.53589 6.4
      vertex -1.01411 2.44828 3.2
      vertex -0.769254 2.53589 3.2
    endloop
  endfacet
  facet normal 0.336887 -0.941545 0
    outer loop
      vertex -1.01411 2.44828 0.1
      vertex -0.769254 2.53589 3.2
      vertex -1.01411 2.44828 3.2
    endloop
  endfacet
  facet normal 0.336887 -0.941545 0
    outer loop
      vertex -0.769254 2.53589 3.2
      vertex -1.01411 2.44828 0.1
      vertex -0.769254 2.53589 0.1
    endloop
  endfacet
  facet normal 0.998796 -0.0490659 0
    outer loop
      vertex -2.65 0 6.4
      vertex -2.63724 0.259745 3.2
      vertex -2.63724 0.259745 6.4
    endloop
  endfacet
  facet normal 0.998796 -0.0490659 0
    outer loop
      vertex -2.63724 0.259745 3.2
      vertex -2.65 0 6.4
      vertex -2.65 0 3.2
    endloop
  endfacet
  facet normal 0.998796 -0.0490659 0
    outer loop
      vertex -2.65 0 3.2
      vertex -2.63724 0.259745 0.1
      vertex -2.63724 0.259745 3.2
    endloop
  endfacet
  facet normal 0.998796 -0.0490659 0
    outer loop
      vertex -2.63724 0.259745 0.1
      vertex -2.65 0 3.2
      vertex -2.65 0 0.1
    endloop
  endfacet
  facet normal 0.998796 0.0490659 0
    outer loop
      vertex -2.63724 -0.259745 6.4
      vertex -2.65 0 3.2
      vertex -2.65 0 6.4
    endloop
  endfacet
  facet normal 0.998796 0.0490659 0
    outer loop
      vertex -2.65 0 3.2
      vertex -2.63724 -0.259745 6.4
      vertex -2.63724 -0.259745 3.2
    endloop
  endfacet
  facet normal 0.998796 0.0490659 0
    outer loop
      vertex -2.63724 -0.259745 3.2
      vertex -2.65 0 0.1
      vertex -2.65 0 3.2
    endloop
  endfacet
  facet normal 0.998796 0.0490659 0
    outer loop
      vertex -2.65 0 0.1
      vertex -2.63724 -0.259745 3.2
      vertex -2.63724 -0.259745 0.1
    endloop
  endfacet
  facet normal 0.595685 -0.803219 0
    outer loop
      vertex -1.68114 2.04848 3.2
      vertex -1.47226 2.20339 6.4
      vertex -1.68114 2.04848 6.4
    endloop
  endfacet
  facet normal 0.595685 -0.803219 0
    outer loop
      vertex -1.47226 2.20339 6.4
      vertex -1.68114 2.04848 3.2
      vertex -1.47226 2.20339 3.2
    endloop
  endfacet
  facet normal 0.595685 -0.803219 0
    outer loop
      vertex -1.68114 2.04848 0.1
      vertex -1.47226 2.20339 3.2
      vertex -1.68114 2.04848 3.2
    endloop
  endfacet
  facet normal 0.595685 -0.803219 0
    outer loop
      vertex -1.47226 2.20339 3.2
      vertex -1.68114 2.04848 0.1
      vertex -1.47226 2.20339 0.1
    endloop
  endfacet
  facet normal -0.671572 0.74094 0
    outer loop
      vertex 1.87383 -1.87383 3.2
      vertex 1.68114 -2.04848 6.4
      vertex 1.87383 -1.87383 6.4
    endloop
  endfacet
  facet normal -0.671572 0.74094 0
    outer loop
      vertex 1.68114 -2.04848 6.4
      vertex 1.87383 -1.87383 3.2
      vertex 1.68114 -2.04848 3.2
    endloop
  endfacet
  facet normal -0.671572 0.74094 0
    outer loop
      vertex 1.87383 -1.87383 0.1
      vertex 1.68114 -2.04848 3.2
      vertex 1.87383 -1.87383 3.2
    endloop
  endfacet
  facet normal -0.671572 0.74094 0
    outer loop
      vertex 1.68114 -2.04848 3.2
      vertex 1.87383 -1.87383 0.1
      vertex 1.68114 -2.04848 0.1
    endloop
  endfacet
  facet normal -0.595685 0.803219 0
    outer loop
      vertex 1.68114 -2.04848 3.2
      vertex 1.47226 -2.20339 6.4
      vertex 1.68114 -2.04848 6.4
    endloop
  endfacet
  facet normal -0.595685 0.803219 0
    outer loop
      vertex 1.47226 -2.20339 6.4
      vertex 1.68114 -2.04848 3.2
      vertex 1.47226 -2.20339 3.2
    endloop
  endfacet
  facet normal -0.595685 0.803219 0
    outer loop
      vertex 1.68114 -2.04848 0.1
      vertex 1.47226 -2.20339 3.2
      vertex 1.68114 -2.04848 3.2
    endloop
  endfacet
  facet normal -0.595685 0.803219 0
    outer loop
      vertex 1.47226 -2.20339 3.2
      vertex 1.68114 -2.04848 0.1
      vertex 1.47226 -2.20339 0.1
    endloop
  endfacet
  facet normal -0.0490659 -0.998796 0
    outer loop
      vertex 0 2.65 3.2
      vertex 0.259745 2.63724 6.4
      vertex 0 2.65 6.4
    endloop
  endfacet
  facet normal -0.0490659 -0.998796 -0
    outer loop
      vertex 0.259745 2.63724 6.4
      vertex 0 2.65 3.2
      vertex 0.259745 2.63724 3.2
    endloop
  endfacet
  facet normal -0.0490659 -0.998796 0
    outer loop
      vertex 0 2.65 0.1
      vertex 0.259745 2.63724 3.2
      vertex 0 2.65 3.2
    endloop
  endfacet
  facet normal -0.0490659 -0.998796 -0
    outer loop
      vertex 0.259745 2.63724 3.2
      vertex 0 2.65 0.1
      vertex 0.259745 2.63724 0.1
    endloop
  endfacet
  facet normal -0.427557 0.903988 0
    outer loop
      vertex 1.2492 -2.33709 3.2
      vertex 1.01411 -2.44828 6.4
      vertex 1.2492 -2.33709 6.4
    endloop
  endfacet
  facet normal -0.427557 0.903988 0
    outer loop
      vertex 1.01411 -2.44828 6.4
      vertex 1.2492 -2.33709 3.2
      vertex 1.01411 -2.44828 3.2
    endloop
  endfacet
  facet normal -0.427557 0.903988 0
    outer loop
      vertex 1.2492 -2.33709 0.1
      vertex 1.01411 -2.44828 3.2
      vertex 1.2492 -2.33709 3.2
    endloop
  endfacet
  facet normal -0.427557 0.903988 0
    outer loop
      vertex 1.01411 -2.44828 3.2
      vertex 1.2492 -2.33709 0.1
      vertex 1.01411 -2.44828 0.1
    endloop
  endfacet
  facet normal -0.595685 -0.803219 0
    outer loop
      vertex 1.47226 2.20339 3.2
      vertex 1.68114 2.04848 6.4
      vertex 1.47226 2.20339 6.4
    endloop
  endfacet
  facet normal -0.595685 -0.803219 -0
    outer loop
      vertex 1.68114 2.04848 6.4
      vertex 1.47226 2.20339 3.2
      vertex 1.68114 2.04848 3.2
    endloop
  endfacet
  facet normal -0.595685 -0.803219 0
    outer loop
      vertex 1.47226 2.20339 0.1
      vertex 1.68114 2.04848 3.2
      vertex 1.47226 2.20339 3.2
    endloop
  endfacet
  facet normal -0.595685 -0.803219 -0
    outer loop
      vertex 1.68114 2.04848 3.2
      vertex 1.47226 2.20339 0.1
      vertex 1.68114 2.04848 0.1
    endloop
  endfacet
  facet normal 0.857724 0.514111 0
    outer loop
      vertex -2.20339 -1.47226 6.4
      vertex -2.33709 -1.2492 3.2
      vertex -2.33709 -1.2492 6.4
    endloop
  endfacet
  facet normal 0.857724 0.514111 0
    outer loop
      vertex -2.33709 -1.2492 3.2
      vertex -2.20339 -1.47226 6.4
      vertex -2.20339 -1.47226 3.2
    endloop
  endfacet
  facet normal 0.857724 0.514111 0
    outer loop
      vertex -2.20339 -1.47226 3.2
      vertex -2.33709 -1.2492 0.1
      vertex -2.33709 -1.2492 3.2
    endloop
  endfacet
  facet normal 0.857724 0.514111 0
    outer loop
      vertex -2.33709 -1.2492 0.1
      vertex -2.20339 -1.47226 3.2
      vertex -2.20339 -1.47226 0.1
    endloop
  endfacet
  facet normal 0.0490659 -0.998796 0
    outer loop
      vertex -0.259745 2.63724 3.2
      vertex 0 2.65 6.4
      vertex -0.259745 2.63724 6.4
    endloop
  endfacet
  facet normal 0.0490659 -0.998796 0
    outer loop
      vertex 0 2.65 6.4
      vertex -0.259745 2.63724 3.2
      vertex 0 2.65 3.2
    endloop
  endfacet
  facet normal 0.0490659 -0.998796 0
    outer loop
      vertex -0.259745 2.63724 0.1
      vertex 0 2.65 3.2
      vertex -0.259745 2.63724 3.2
    endloop
  endfacet
  facet normal 0.0490659 -0.998796 0
    outer loop
      vertex 0 2.65 3.2
      vertex -0.259745 2.63724 0.1
      vertex 0 2.65 0.1
    endloop
  endfacet
  facet normal 0.514111 -0.857724 0
    outer loop
      vertex -1.47226 2.20339 3.2
      vertex -1.2492 2.33709 6.4
      vertex -1.47226 2.20339 6.4
    endloop
  endfacet
  facet normal 0.514111 -0.857724 0
    outer loop
      vertex -1.2492 2.33709 6.4
      vertex -1.47226 2.20339 3.2
      vertex -1.2492 2.33709 3.2
    endloop
  endfacet
  facet normal 0.514111 -0.857724 0
    outer loop
      vertex -1.47226 2.20339 0.1
      vertex -1.2492 2.33709 3.2
      vertex -1.47226 2.20339 3.2
    endloop
  endfacet
  facet normal 0.514111 -0.857724 0
    outer loop
      vertex -1.2492 2.33709 3.2
      vertex -1.47226 2.20339 0.1
      vertex -1.2492 2.33709 0.1
    endloop
  endfacet
  facet normal -0.242983 0.97003 0
    outer loop
      vertex 0.769254 -2.53589 3.2
      vertex 0.516989 -2.59908 6.4
      vertex 0.769254 -2.53589 6.4
    endloop
  endfacet
  facet normal -0.242983 0.97003 0
    outer loop
      vertex 0.516989 -2.59908 6.4
      vertex 0.769254 -2.53589 3.2
      vertex 0.516989 -2.59908 3.2
    endloop
  endfacet
  facet normal -0.242983 0.97003 0
    outer loop
      vertex 0.769254 -2.53589 0.1
      vertex 0.516989 -2.59908 3.2
      vertex 0.769254 -2.53589 3.2
    endloop
  endfacet
  facet normal -0.242983 0.97003 0
    outer loop
      vertex 0.516989 -2.59908 3.2
      vertex 0.769254 -2.53589 0.1
      vertex 0.516989 -2.59908 0.1
    endloop
  endfacet
  facet normal -0.97003 0.242983 0
    outer loop
      vertex 2.53589 -0.769254 3.2
      vertex 2.59908 -0.516989 6.4
      vertex 2.59908 -0.516989 3.2
    endloop
  endfacet
  facet normal -0.97003 0.242983 0
    outer loop
      vertex 2.59908 -0.516989 6.4
      vertex 2.53589 -0.769254 3.2
      vertex 2.53589 -0.769254 6.4
    endloop
  endfacet
  facet normal -0.97003 0.242983 0
    outer loop
      vertex 2.53589 -0.769254 0.1
      vertex 2.59908 -0.516989 3.2
      vertex 2.59908 -0.516989 0.1
    endloop
  endfacet
  facet normal -0.97003 0.242983 0
    outer loop
      vertex 2.59908 -0.516989 3.2
      vertex 2.53589 -0.769254 0.1
      vertex 2.53589 -0.769254 3.2
    endloop
  endfacet
  facet normal 0.803219 -0.595685 0
    outer loop
      vertex -2.20339 1.47226 6.4
      vertex -2.04848 1.68114 3.2
      vertex -2.04848 1.68114 6.4
    endloop
  endfacet
  facet normal 0.803219 -0.595685 0
    outer loop
      vertex -2.04848 1.68114 3.2
      vertex -2.20339 1.47226 6.4
      vertex -2.20339 1.47226 3.2
    endloop
  endfacet
  facet normal 0.803219 -0.595685 0
    outer loop
      vertex -2.20339 1.47226 3.2
      vertex -2.04848 1.68114 0.1
      vertex -2.04848 1.68114 3.2
    endloop
  endfacet
  facet normal 0.803219 -0.595685 0
    outer loop
      vertex -2.04848 1.68114 0.1
      vertex -2.20339 1.47226 3.2
      vertex -2.20339 1.47226 0.1
    endloop
  endfacet
  facet normal -0.857724 -0.514111 0
    outer loop
      vertex 2.33709 1.2492 3.2
      vertex 2.20339 1.47226 6.4
      vertex 2.20339 1.47226 3.2
    endloop
  endfacet
  facet normal -0.857724 -0.514111 0
    outer loop
      vertex 2.20339 1.47226 6.4
      vertex 2.33709 1.2492 3.2
      vertex 2.33709 1.2492 6.4
    endloop
  endfacet
  facet normal -0.857724 -0.514111 0
    outer loop
      vertex 2.33709 1.2492 0.1
      vertex 2.20339 1.47226 3.2
      vertex 2.20339 1.47226 0.1
    endloop
  endfacet
  facet normal -0.857724 -0.514111 0
    outer loop
      vertex 2.20339 1.47226 3.2
      vertex 2.33709 1.2492 0.1
      vertex 2.33709 1.2492 3.2
    endloop
  endfacet
  facet normal -0.803219 0.595685 0
    outer loop
      vertex 2.04848 -1.68114 3.2
      vertex 2.20339 -1.47226 6.4
      vertex 2.20339 -1.47226 3.2
    endloop
  endfacet
  facet normal -0.803219 0.595685 0
    outer loop
      vertex 2.20339 -1.47226 6.4
      vertex 2.04848 -1.68114 3.2
      vertex 2.04848 -1.68114 6.4
    endloop
  endfacet
  facet normal -0.803219 0.595685 0
    outer loop
      vertex 2.04848 -1.68114 0.1
      vertex 2.20339 -1.47226 3.2
      vertex 2.20339 -1.47226 0.1
    endloop
  endfacet
  facet normal -0.803219 0.595685 0
    outer loop
      vertex 2.20339 -1.47226 3.2
      vertex 2.04848 -1.68114 0.1
      vertex 2.04848 -1.68114 3.2
    endloop
  endfacet
  facet normal 0.671572 -0.74094 0
    outer loop
      vertex -1.87383 1.87383 3.2
      vertex -1.68114 2.04848 6.4
      vertex -1.87383 1.87383 6.4
    endloop
  endfacet
  facet normal 0.671572 -0.74094 0
    outer loop
      vertex -1.68114 2.04848 6.4
      vertex -1.87383 1.87383 3.2
      vertex -1.68114 2.04848 3.2
    endloop
  endfacet
  facet normal 0.671572 -0.74094 0
    outer loop
      vertex -1.87383 1.87383 0.1
      vertex -1.68114 2.04848 3.2
      vertex -1.87383 1.87383 3.2
    endloop
  endfacet
  facet normal 0.671572 -0.74094 0
    outer loop
      vertex -1.68114 2.04848 3.2
      vertex -1.87383 1.87383 0.1
      vertex -1.68114 2.04848 0.1
    endloop
  endfacet
  facet normal 0.857724 -0.514111 0
    outer loop
      vertex -2.33709 1.2492 6.4
      vertex -2.20339 1.47226 3.2
      vertex -2.20339 1.47226 6.4
    endloop
  endfacet
  facet normal 0.857724 -0.514111 0
    outer loop
      vertex -2.20339 1.47226 3.2
      vertex -2.33709 1.2492 6.4
      vertex -2.33709 1.2492 3.2
    endloop
  endfacet
  facet normal 0.857724 -0.514111 0
    outer loop
      vertex -2.33709 1.2492 3.2
      vertex -2.20339 1.47226 0.1
      vertex -2.20339 1.47226 3.2
    endloop
  endfacet
  facet normal 0.857724 -0.514111 0
    outer loop
      vertex -2.20339 1.47226 0.1
      vertex -2.33709 1.2492 3.2
      vertex -2.33709 1.2492 0.1
    endloop
  endfacet
  facet normal -0.74094 0.671572 0
    outer loop
      vertex 1.87383 -1.87383 3.2
      vertex 2.04848 -1.68114 6.4
      vertex 2.04848 -1.68114 3.2
    endloop
  endfacet
  facet normal -0.74094 0.671572 0
    outer loop
      vertex 2.04848 -1.68114 6.4
      vertex 1.87383 -1.87383 3.2
      vertex 1.87383 -1.87383 6.4
    endloop
  endfacet
  facet normal -0.74094 0.671572 0
    outer loop
      vertex 1.87383 -1.87383 0.1
      vertex 2.04848 -1.68114 3.2
      vertex 2.04848 -1.68114 0.1
    endloop
  endfacet
  facet normal -0.74094 0.671572 0
    outer loop
      vertex 2.04848 -1.68114 3.2
      vertex 1.87383 -1.87383 0.1
      vertex 1.87383 -1.87383 3.2
    endloop
  endfacet
  facet normal -0.903988 0.427557 0
    outer loop
      vertex 2.33709 -1.2492 3.2
      vertex 2.44828 -1.01411 6.4
      vertex 2.44828 -1.01411 3.2
    endloop
  endfacet
  facet normal -0.903988 0.427557 0
    outer loop
      vertex 2.44828 -1.01411 6.4
      vertex 2.33709 -1.2492 3.2
      vertex 2.33709 -1.2492 6.4
    endloop
  endfacet
  facet normal -0.903988 0.427557 0
    outer loop
      vertex 2.33709 -1.2492 0.1
      vertex 2.44828 -1.01411 3.2
      vertex 2.44828 -1.01411 0.1
    endloop
  endfacet
  facet normal -0.903988 0.427557 0
    outer loop
      vertex 2.44828 -1.01411 3.2
      vertex 2.33709 -1.2492 0.1
      vertex 2.33709 -1.2492 3.2
    endloop
  endfacet
  facet normal 0.514111 0.857724 -0
    outer loop
      vertex -1.2492 -2.33709 3.2
      vertex -1.47226 -2.20339 6.4
      vertex -1.2492 -2.33709 6.4
    endloop
  endfacet
  facet normal 0.514111 0.857724 0
    outer loop
      vertex -1.47226 -2.20339 6.4
      vertex -1.2492 -2.33709 3.2
      vertex -1.47226 -2.20339 3.2
    endloop
  endfacet
  facet normal 0.514111 0.857724 -0
    outer loop
      vertex -1.2492 -2.33709 0.1
      vertex -1.47226 -2.20339 3.2
      vertex -1.2492 -2.33709 3.2
    endloop
  endfacet
  facet normal 0.514111 0.857724 0
    outer loop
      vertex -1.47226 -2.20339 3.2
      vertex -1.2492 -2.33709 0.1
      vertex -1.47226 -2.20339 0.1
    endloop
  endfacet
  facet normal -0.74094 -0.671572 0
    outer loop
      vertex 2.04848 1.68114 3.2
      vertex 1.87383 1.87383 6.4
      vertex 1.87383 1.87383 3.2
    endloop
  endfacet
  facet normal -0.74094 -0.671572 0
    outer loop
      vertex 1.87383 1.87383 6.4
      vertex 2.04848 1.68114 3.2
      vertex 2.04848 1.68114 6.4
    endloop
  endfacet
  facet normal -0.74094 -0.671572 0
    outer loop
      vertex 2.04848 1.68114 0.1
      vertex 1.87383 1.87383 3.2
      vertex 1.87383 1.87383 0.1
    endloop
  endfacet
  facet normal -0.74094 -0.671572 0
    outer loop
      vertex 1.87383 1.87383 3.2
      vertex 2.04848 1.68114 0.1
      vertex 2.04848 1.68114 3.2
    endloop
  endfacet
  facet normal -0.0490659 0.998796 0
    outer loop
      vertex 0.259745 -2.63724 3.2
      vertex 0 -2.65 6.4
      vertex 0.259745 -2.63724 6.4
    endloop
  endfacet
  facet normal -0.0490659 0.998796 0
    outer loop
      vertex 0 -2.65 6.4
      vertex 0.259745 -2.63724 3.2
      vertex 0 -2.65 3.2
    endloop
  endfacet
  facet normal -0.0490659 0.998796 0
    outer loop
      vertex 0.259745 -2.63724 0.1
      vertex 0 -2.65 3.2
      vertex 0.259745 -2.63724 3.2
    endloop
  endfacet
  facet normal -0.0490659 0.998796 0
    outer loop
      vertex 0 -2.65 3.2
      vertex 0.259745 -2.63724 0.1
      vertex 0 -2.65 0.1
    endloop
  endfacet
  facet normal 0.803219 0.595685 0
    outer loop
      vertex -2.04848 -1.68114 6.4
      vertex -2.20339 -1.47226 3.2
      vertex -2.20339 -1.47226 6.4
    endloop
  endfacet
  facet normal 0.803219 0.595685 0
    outer loop
      vertex -2.20339 -1.47226 3.2
      vertex -2.04848 -1.68114 6.4
      vertex -2.04848 -1.68114 3.2
    endloop
  endfacet
  facet normal 0.803219 0.595685 0
    outer loop
      vertex -2.04848 -1.68114 3.2
      vertex -2.20339 -1.47226 0.1
      vertex -2.20339 -1.47226 3.2
    endloop
  endfacet
  facet normal 0.803219 0.595685 0
    outer loop
      vertex -2.20339 -1.47226 0.1
      vertex -2.04848 -1.68114 3.2
      vertex -2.04848 -1.68114 0.1
    endloop
  endfacet
  facet normal 0.941545 -0.336887 0
    outer loop
      vertex -2.53589 0.769254 6.4
      vertex -2.44828 1.01411 3.2
      vertex -2.44828 1.01411 6.4
    endloop
  endfacet
  facet normal 0.941545 -0.336887 0
    outer loop
      vertex -2.44828 1.01411 3.2
      vertex -2.53589 0.769254 6.4
      vertex -2.53589 0.769254 3.2
    endloop
  endfacet
  facet normal 0.941545 -0.336887 0
    outer loop
      vertex -2.53589 0.769254 3.2
      vertex -2.44828 1.01411 0.1
      vertex -2.44828 1.01411 3.2
    endloop
  endfacet
  facet normal 0.941545 -0.336887 0
    outer loop
      vertex -2.44828 1.01411 0.1
      vertex -2.53589 0.769254 3.2
      vertex -2.53589 0.769254 0.1
    endloop
  endfacet
  facet normal 0.989176 0.146736 0
    outer loop
      vertex -2.59908 -0.516989 6.4
      vertex -2.63724 -0.259745 3.2
      vertex -2.63724 -0.259745 6.4
    endloop
  endfacet
  facet normal 0.989176 0.146736 0
    outer loop
      vertex -2.63724 -0.259745 3.2
      vertex -2.59908 -0.516989 6.4
      vertex -2.59908 -0.516989 3.2
    endloop
  endfacet
  facet normal 0.989176 0.146736 0
    outer loop
      vertex -2.59908 -0.516989 3.2
      vertex -2.63724 -0.259745 0.1
      vertex -2.63724 -0.259745 3.2
    endloop
  endfacet
  facet normal 0.989176 0.146736 0
    outer loop
      vertex -2.63724 -0.259745 0.1
      vertex -2.59908 -0.516989 3.2
      vertex -2.59908 -0.516989 0.1
    endloop
  endfacet
  facet normal 0.74094 -0.671572 0
    outer loop
      vertex -2.04848 1.68114 6.4
      vertex -1.87383 1.87383 3.2
      vertex -1.87383 1.87383 6.4
    endloop
  endfacet
  facet normal 0.74094 -0.671572 0
    outer loop
      vertex -1.87383 1.87383 3.2
      vertex -2.04848 1.68114 6.4
      vertex -2.04848 1.68114 3.2
    endloop
  endfacet
  facet normal 0.74094 -0.671572 0
    outer loop
      vertex -2.04848 1.68114 3.2
      vertex -1.87383 1.87383 0.1
      vertex -1.87383 1.87383 3.2
    endloop
  endfacet
  facet normal 0.74094 -0.671572 0
    outer loop
      vertex -1.87383 1.87383 0.1
      vertex -2.04848 1.68114 3.2
      vertex -2.04848 1.68114 0.1
    endloop
  endfacet
  facet normal 0.671572 0.74094 -0
    outer loop
      vertex -1.68114 -2.04848 3.2
      vertex -1.87383 -1.87383 6.4
      vertex -1.68114 -2.04848 6.4
    endloop
  endfacet
  facet normal 0.671572 0.74094 0
    outer loop
      vertex -1.87383 -1.87383 6.4
      vertex -1.68114 -2.04848 3.2
      vertex -1.87383 -1.87383 3.2
    endloop
  endfacet
  facet normal 0.671572 0.74094 -0
    outer loop
      vertex -1.68114 -2.04848 0.1
      vertex -1.87383 -1.87383 3.2
      vertex -1.68114 -2.04848 3.2
    endloop
  endfacet
  facet normal 0.671572 0.74094 0
    outer loop
      vertex -1.87383 -1.87383 3.2
      vertex -1.68114 -2.04848 0.1
      vertex -1.87383 -1.87383 0.1
    endloop
  endfacet
  facet normal 0.336887 0.941545 -0
    outer loop
      vertex -0.769254 -2.53589 3.2
      vertex -1.01411 -2.44828 6.4
      vertex -0.769254 -2.53589 6.4
    endloop
  endfacet
  facet normal 0.336887 0.941545 0
    outer loop
      vertex -1.01411 -2.44828 6.4
      vertex -0.769254 -2.53589 3.2
      vertex -1.01411 -2.44828 3.2
    endloop
  endfacet
  facet normal 0.336887 0.941545 -0
    outer loop
      vertex -0.769254 -2.53589 0.1
      vertex -1.01411 -2.44828 3.2
      vertex -0.769254 -2.53589 3.2
    endloop
  endfacet
  facet normal 0.336887 0.941545 0
    outer loop
      vertex -1.01411 -2.44828 3.2
      vertex -0.769254 -2.53589 0.1
      vertex -1.01411 -2.44828 0.1
    endloop
  endfacet
  facet normal 0.242983 0.97003 -0
    outer loop
      vertex -0.516989 -2.59908 3.2
      vertex -0.769254 -2.53589 6.4
      vertex -0.516989 -2.59908 6.4
    endloop
  endfacet
  facet normal 0.242983 0.97003 0
    outer loop
      vertex -0.769254 -2.53589 6.4
      vertex -0.516989 -2.59908 3.2
      vertex -0.769254 -2.53589 3.2
    endloop
  endfacet
  facet normal 0.242983 0.97003 -0
    outer loop
      vertex -0.516989 -2.59908 0.1
      vertex -0.769254 -2.53589 3.2
      vertex -0.516989 -2.59908 3.2
    endloop
  endfacet
  facet normal 0.242983 0.97003 0
    outer loop
      vertex -0.769254 -2.53589 3.2
      vertex -0.516989 -2.59908 0.1
      vertex -0.769254 -2.53589 0.1
    endloop
  endfacet
  facet normal 0.427557 0.903988 -0
    outer loop
      vertex -1.01411 -2.44828 3.2
      vertex -1.2492 -2.33709 6.4
      vertex -1.01411 -2.44828 6.4
    endloop
  endfacet
  facet normal 0.427557 0.903988 0
    outer loop
      vertex -1.2492 -2.33709 6.4
      vertex -1.01411 -2.44828 3.2
      vertex -1.2492 -2.33709 3.2
    endloop
  endfacet
  facet normal 0.427557 0.903988 -0
    outer loop
      vertex -1.01411 -2.44828 0.1
      vertex -1.2492 -2.33709 3.2
      vertex -1.01411 -2.44828 3.2
    endloop
  endfacet
  facet normal 0.427557 0.903988 0
    outer loop
      vertex -1.2492 -2.33709 3.2
      vertex -1.01411 -2.44828 0.1
      vertex -1.2492 -2.33709 0.1
    endloop
  endfacet
  facet normal 0 0 -1
    outer loop
      vertex 2.65 0 0.1
      vertex 3.8 0 0.1
      vertex 3.7817 -0.372464 0.1
    endloop
  endfacet
  facet normal 0 0 -1
    outer loop
      vertex 2.63724 -0.259745 0.1
      vertex 3.7817 -0.372464 0.1
      vertex 3.72698 -0.741343 0.1
    endloop
  endfacet
  facet normal 0 0 -1
    outer loop
      vertex 3.8 0 0.1
      vertex 2.65 0 0.1
      vertex 3.7817 0.372464 0.1
    endloop
  endfacet
  facet normal 0 0 -1
    outer loop
      vertex 2.59908 -0.516989 0.1
      vertex 3.72698 -0.741343 0.1
      vertex 3.63637 -1.10308 0.1
    endloop
  endfacet
  facet normal 0 0 -1
    outer loop
      vertex 2.63724 0.259745 0.1
      vertex 3.7817 0.372464 0.1
      vertex 2.65 0 0.1
    endloop
  endfacet
  facet normal 0 0 -1
    outer loop
      vertex 2.53589 -0.769254 0.1
      vertex 3.63637 -1.10308 0.1
      vertex 3.51074 -1.4542 0.1
    endloop
  endfacet
  facet normal -0 0 -1
    outer loop
      vertex 3.7817 0.372464 0.1
      vertex 2.63724 0.259745 0.1
      vertex 3.72698 0.741343 0.1
    endloop
  endfacet
  facet normal 0 0 -1
    outer loop
      vertex 2.44828 -1.01411 0.1
      vertex 3.51074 -1.4542 0.1
      vertex 3.3513 -1.79131 0.1
    endloop
  endfacet
  facet normal 0 0 -1
    outer loop
      vertex 2.59908 0.516989 0.1
      vertex 3.72698 0.741343 0.1
      vertex 2.63724 0.259745 0.1
    endloop
  endfacet
  facet normal 0 0 -1
    outer loop
      vertex 2.33709 -1.2492 0.1
      vertex 3.3513 -1.79131 0.1
      vertex 3.15958 -2.11117 0.1
    endloop
  endfacet
  facet normal -0 0 -1
    outer loop
      vertex 3.72698 0.741343 0.1
      vertex 2.59908 0.516989 0.1
      vertex 3.63637 1.10308 0.1
    endloop
  endfacet
  facet normal 0 0 -1
    outer loop
      vertex 2.20339 -1.47226 0.1
      vertex 3.15958 -2.11117 0.1
      vertex 2.93744 -2.41069 0.1
    endloop
  endfacet
  facet normal 0 0 -1
    outer loop
      vertex 2.53589 0.769254 0.1
      vertex 3.63637 1.10308 0.1
      vertex 2.59908 0.516989 0.1
    endloop
  endfacet
  facet normal 0 0 -1
    outer loop
      vertex 2.04848 -1.68114 0.1
      vertex 2.93744 -2.41069 0.1
      vertex 2.68701 -2.68701 0.1
    endloop
  endfacet
  facet normal -0 0 -1
    outer loop
      vertex 3.63637 1.10308 0.1
      vertex 2.53589 0.769254 0.1
      vertex 3.51074 1.4542 0.1
    endloop
  endfacet
  facet normal 0 0 -1
    outer loop
      vertex 2.44828 1.01411 0.1
      vertex 3.51074 1.4542 0.1
      vertex 2.53589 0.769254 0.1
    endloop
  endfacet
  facet normal 0 0 -1
    outer loop
      vertex 3.7817 -0.372464 0.1
      vertex 2.63724 -0.259745 0.1
      vertex 2.65 0 0.1
    endloop
  endfacet
  facet normal 0 0 -1
    outer loop
      vertex 3.72698 -0.741343 0.1
      vertex 2.59908 -0.516989 0.1
      vertex 2.63724 -0.259745 0.1
    endloop
  endfacet
  facet normal 0 0 -1
    outer loop
      vertex 3.63637 -1.10308 0.1
      vertex 2.53589 -0.769254 0.1
      vertex 2.59908 -0.516989 0.1
    endloop
  endfacet
  facet normal 0 0 -1
    outer loop
      vertex 3.51074 -1.4542 0.1
      vertex 2.44828 -1.01411 0.1
      vertex 2.53589 -0.769254 0.1
    endloop
  endfacet
  facet normal 0 0 -1
    outer loop
      vertex 1.87383 -1.87383 0.1
      vertex 2.68701 -2.68701 0.1
      vertex 2.41069 -2.93744 0.1
    endloop
  endfacet
  facet normal 0 0 -1
    outer loop
      vertex 3.3513 -1.79131 0.1
      vertex 2.33709 -1.2492 0.1
      vertex 2.44828 -1.01411 0.1
    endloop
  endfacet
  facet normal 0 0 -1
    outer loop
      vertex 3.15958 -2.11117 0.1
      vertex 2.20339 -1.47226 0.1
      vertex 2.33709 -1.2492 0.1
    endloop
  endfacet
  facet normal 0 0 -1
    outer loop
      vertex 1.68114 -2.04848 0.1
      vertex 2.41069 -2.93744 0.1
      vertex 2.11117 -3.15958 0.1
    endloop
  endfacet
  facet normal 0 0 -1
    outer loop
      vertex 2.93744 -2.41069 0.1
      vertex 2.04848 -1.68114 0.1
      vertex 2.20339 -1.47226 0.1
    endloop
  endfacet
  facet normal 0 0 -1
    outer loop
      vertex 2.68701 -2.68701 0.1
      vertex 1.87383 -1.87383 0.1
      vertex 2.04848 -1.68114 0.1
    endloop
  endfacet
  facet normal 0 0 -1
    outer loop
      vertex 1.47226 -2.20339 0.1
      vertex 2.11117 -3.15958 0.1
      vertex 1.79131 -3.3513 0.1
    endloop
  endfacet
  facet normal 0 0 -1
    outer loop
      vertex 2.41069 -2.93744 0.1
      vertex 1.68114 -2.04848 0.1
      vertex 1.87383 -1.87383 0.1
    endloop
  endfacet
  facet normal 0 0 -1
    outer loop
      vertex 2.11117 -3.15958 0.1
      vertex 1.47226 -2.20339 0.1
      vertex 1.68114 -2.04848 0.1
    endloop
  endfacet
  facet normal 0 0 -1
    outer loop
      vertex 1.2492 -2.33709 0.1
      vertex 1.79131 -3.3513 0.1
      vertex 1.4542 -3.51074 0.1
    endloop
  endfacet
  facet normal 0 0 -1
    outer loop
      vertex 1.79131 -3.3513 0.1
      vertex 1.2492 -2.33709 0.1
      vertex 1.47226 -2.20339 0.1
    endloop
  endfacet
  facet normal 0 0 -1
    outer loop
      vertex 1.01411 -2.44828 0.1
      vertex 1.4542 -3.51074 0.1
      vertex 1.10308 -3.63637 0.1
    endloop
  endfacet
  facet normal 0 0 -1
    outer loop
      vertex 1.4542 -3.51074 0.1
      vertex 1.01411 -2.44828 0.1
      vertex 1.2492 -2.33709 0.1
    endloop
  endfacet
  facet normal 0 0 -1
    outer loop
      vertex 1.10308 -3.63637 0.1
      vertex 0.769254 -2.53589 0.1
      vertex 1.01411 -2.44828 0.1
    endloop
  endfacet
  facet normal 0 0 -1
    outer loop
      vertex 0.741343 -3.72698 0.1
      vertex 0.769254 -2.53589 0.1
      vertex 1.10308 -3.63637 0.1
    endloop
  endfacet
  facet normal 0 0 -1
    outer loop
      vertex 0.741343 -3.72698 0.1
      vertex 0.516989 -2.59908 0.1
      vertex 0.769254 -2.53589 0.1
    endloop
  endfacet
  facet normal 0 0 -1
    outer loop
      vertex 0.372464 -3.7817 0.1
      vertex 0.516989 -2.59908 0.1
      vertex 0.741343 -3.72698 0.1
    endloop
  endfacet
  facet normal 0 0 -1
    outer loop
      vertex 0.372464 -3.7817 0.1
      vertex 0.259745 -2.63724 0.1
      vertex 0.516989 -2.59908 0.1
    endloop
  endfacet
  facet normal 0 0 -1
    outer loop
      vertex 0 -3.8 0.1
      vertex 0.259745 -2.63724 0.1
      vertex 0.372464 -3.7817 0.1
    endloop
  endfacet
  facet normal 0 0 -1
    outer loop
      vertex 0 -3.8 0.1
      vertex 0 -2.65 0.1
      vertex 0.259745 -2.63724 0.1
    endloop
  endfacet
  facet normal 0 0 -1
    outer loop
      vertex 0 -3.8 0.1
      vertex -0.259745 -2.63724 0.1
      vertex 0 -2.65 0.1
    endloop
  endfacet
  facet normal 0 0 -1
    outer loop
      vertex -0.372464 -3.7817 0.1
      vertex -0.259745 -2.63724 0.1
      vertex 0 -3.8 0.1
    endloop
  endfacet
  facet normal 0 0 -1
    outer loop
      vertex -0.372464 -3.7817 0.1
      vertex -0.516989 -2.59908 0.1
      vertex -0.259745 -2.63724 0.1
    endloop
  endfacet
  facet normal 0 0 -1
    outer loop
      vertex -0.741343 -3.72698 0.1
      vertex -0.516989 -2.59908 0.1
      vertex -0.372464 -3.7817 0.1
    endloop
  endfacet
  facet normal 0 0 -1
    outer loop
      vertex -0.741343 -3.72698 0.1
      vertex -0.769254 -2.53589 0.1
      vertex -0.516989 -2.59908 0.1
    endloop
  endfacet
  facet normal 0 0 -1
    outer loop
      vertex -1.10308 -3.63637 0.1
      vertex -0.769254 -2.53589 0.1
      vertex -0.741343 -3.72698 0.1
    endloop
  endfacet
  facet normal -0 0 -1
    outer loop
      vertex -0.769254 -2.53589 0.1
      vertex -1.10308 -3.63637 0.1
      vertex -1.01411 -2.44828 0.1
    endloop
  endfacet
  facet normal 0 0 -1
    outer loop
      vertex -1.4542 -3.51074 0.1
      vertex -1.01411 -2.44828 0.1
      vertex -1.10308 -3.63637 0.1
    endloop
  endfacet
  facet normal -0 0 -1
    outer loop
      vertex -1.01411 -2.44828 0.1
      vertex -1.4542 -3.51074 0.1
      vertex -1.2492 -2.33709 0.1
    endloop
  endfacet
  facet normal 0 0 -1
    outer loop
      vertex -1.79131 -3.3513 0.1
      vertex -1.2492 -2.33709 0.1
      vertex -1.4542 -3.51074 0.1
    endloop
  endfacet
  facet normal -0 0 -1
    outer loop
      vertex -1.2492 -2.33709 0.1
      vertex -1.79131 -3.3513 0.1
      vertex -1.47226 -2.20339 0.1
    endloop
  endfacet
  facet normal 0 0 -1
    outer loop
      vertex -2.11117 -3.15958 0.1
      vertex -1.47226 -2.20339 0.1
      vertex -1.79131 -3.3513 0.1
    endloop
  endfacet
  facet normal -0 0 -1
    outer loop
      vertex -1.47226 -2.20339 0.1
      vertex -2.11117 -3.15958 0.1
      vertex -1.68114 -2.04848 0.1
    endloop
  endfacet
  facet normal 0 0 -1
    outer loop
      vertex -2.41069 -2.93744 0.1
      vertex -1.68114 -2.04848 0.1
      vertex -2.11117 -3.15958 0.1
    endloop
  endfacet
  facet normal -0 0 -1
    outer loop
      vertex -1.68114 -2.04848 0.1
      vertex -2.41069 -2.93744 0.1
      vertex -1.87383 -1.87383 0.1
    endloop
  endfacet
  facet normal 0 0 -1
    outer loop
      vertex -2.68701 -2.68701 0.1
      vertex -1.87383 -1.87383 0.1
      vertex -2.41069 -2.93744 0.1
    endloop
  endfacet
  facet normal -0 0 -1
    outer loop
      vertex -1.87383 -1.87383 0.1
      vertex -2.68701 -2.68701 0.1
      vertex -2.04848 -1.68114 0.1
    endloop
  endfacet
  facet normal 0 0 -1
    outer loop
      vertex -2.93744 -2.41069 0.1
      vertex -2.04848 -1.68114 0.1
      vertex -2.68701 -2.68701 0.1
    endloop
  endfacet
  facet normal -0 0 -1
    outer loop
      vertex -2.04848 -1.68114 0.1
      vertex -2.93744 -2.41069 0.1
      vertex -2.20339 -1.47226 0.1
    endloop
  endfacet
  facet normal 0 0 -1
    outer loop
      vertex -3.15958 -2.11117 0.1
      vertex -2.20339 -1.47226 0.1
      vertex -2.93744 -2.41069 0.1
    endloop
  endfacet
  facet normal -0 0 -1
    outer loop
      vertex -2.20339 -1.47226 0.1
      vertex -3.15958 -2.11117 0.1
      vertex -2.33709 -1.2492 0.1
    endloop
  endfacet
  facet normal 0 0 -1
    outer loop
      vertex -3.3513 -1.79131 0.1
      vertex -2.33709 -1.2492 0.1
      vertex -3.15958 -2.11117 0.1
    endloop
  endfacet
  facet normal 0 0 -1
    outer loop
      vertex -3.51074 -1.4542 0.1
      vertex -2.44828 -1.01411 0.1
      vertex -3.3513 -1.79131 0.1
    endloop
  endfacet
  facet normal -0 0 -1
    outer loop
      vertex -2.33709 -1.2492 0.1
      vertex -3.3513 -1.79131 0.1
      vertex -2.44828 -1.01411 0.1
    endloop
  endfacet
  facet normal -0 0 -1
    outer loop
      vertex 3.51074 1.4542 0.1
      vertex 2.44828 1.01411 0.1
      vertex 3.3513 1.79131 0.1
    endloop
  endfacet
  facet normal 0 0 -1
    outer loop
      vertex 2.33709 1.2492 0.1
      vertex 3.3513 1.79131 0.1
      vertex 2.44828 1.01411 0.1
    endloop
  endfacet
  facet normal -0 0 -1
    outer loop
      vertex 3.3513 1.79131 0.1
      vertex 2.33709 1.2492 0.1
      vertex 3.15958 2.11117 0.1
    endloop
  endfacet
  facet normal 0 0 -1
    outer loop
      vertex 2.20339 1.47226 0.1
      vertex 3.15958 2.11117 0.1
      vertex 2.33709 1.2492 0.1
    endloop
  endfacet
  facet normal -0 0 -1
    outer loop
      vertex 3.15958 2.11117 0.1
      vertex 2.20339 1.47226 0.1
      vertex 2.93744 2.41069 0.1
    endloop
  endfacet
  facet normal 0 0 -1
    outer loop
      vertex 2.04848 1.68114 0.1
      vertex 2.93744 2.41069 0.1
      vertex 2.20339 1.47226 0.1
    endloop
  endfacet
  facet normal -0 0 -1
    outer loop
      vertex 2.93744 2.41069 0.1
      vertex 2.04848 1.68114 0.1
      vertex 2.68701 2.68701 0.1
    endloop
  endfacet
  facet normal 0 0 -1
    outer loop
      vertex 1.87383 1.87383 0.1
      vertex 2.68701 2.68701 0.1
      vertex 2.04848 1.68114 0.1
    endloop
  endfacet
  facet normal -0 0 -1
    outer loop
      vertex 2.68701 2.68701 0.1
      vertex 1.87383 1.87383 0.1
      vertex 2.41069 2.93744 0.1
    endloop
  endfacet
  facet normal 0 0 -1
    outer loop
      vertex 1.68114 2.04848 0.1
      vertex 2.41069 2.93744 0.1
      vertex 1.87383 1.87383 0.1
    endloop
  endfacet
  facet normal -0 0 -1
    outer loop
      vertex 2.41069 2.93744 0.1
      vertex 1.68114 2.04848 0.1
      vertex 2.11117 3.15958 0.1
    endloop
  endfacet
  facet normal 0 0 -1
    outer loop
      vertex 1.47226 2.20339 0.1
      vertex 2.11117 3.15958 0.1
      vertex 1.68114 2.04848 0.1
    endloop
  endfacet
  facet normal -0 0 -1
    outer loop
      vertex 2.11117 3.15958 0.1
      vertex 1.47226 2.20339 0.1
      vertex 1.79131 3.3513 0.1
    endloop
  endfacet
  facet normal 0 0 -1
    outer loop
      vertex 1.2492 2.33709 0.1
      vertex 1.79131 3.3513 0.1
      vertex 1.47226 2.20339 0.1
    endloop
  endfacet
  facet normal -0 0 -1
    outer loop
      vertex 1.79131 3.3513 0.1
      vertex 1.2492 2.33709 0.1
      vertex 1.4542 3.51074 0.1
    endloop
  endfacet
  facet normal 0 0 -1
    outer loop
      vertex 1.01411 2.44828 0.1
      vertex 1.4542 3.51074 0.1
      vertex 1.2492 2.33709 0.1
    endloop
  endfacet
  facet normal -0 0 -1
    outer loop
      vertex 1.4542 3.51074 0.1
      vertex 1.01411 2.44828 0.1
      vertex 1.10308 3.63637 0.1
    endloop
  endfacet
  facet normal 0 0 -1
    outer loop
      vertex 0.769254 2.53589 0.1
      vertex 1.10308 3.63637 0.1
      vertex 1.01411 2.44828 0.1
    endloop
  endfacet
  facet normal 0 0 -1
    outer loop
      vertex 0.769254 2.53589 0.1
      vertex 0.741343 3.72698 0.1
      vertex 1.10308 3.63637 0.1
    endloop
  endfacet
  facet normal 0 0 -1
    outer loop
      vertex 0.516989 2.59908 0.1
      vertex 0.741343 3.72698 0.1
      vertex 0.769254 2.53589 0.1
    endloop
  endfacet
  facet normal 0 0 -1
    outer loop
      vertex 0.516989 2.59908 0.1
      vertex 0.372464 3.7817 0.1
      vertex 0.741343 3.72698 0.1
    endloop
  endfacet
  facet normal 0 0 -1
    outer loop
      vertex 0.259745 2.63724 0.1
      vertex 0.372464 3.7817 0.1
      vertex 0.516989 2.59908 0.1
    endloop
  endfacet
  facet normal 0 0 -1
    outer loop
      vertex 0 2.65 0.1
      vertex 0.372464 3.7817 0.1
      vertex 0.259745 2.63724 0.1
    endloop
  endfacet
  facet normal 0 0 -1
    outer loop
      vertex 0 2.65 0.1
      vertex 0 3.8 0.1
      vertex 0.372464 3.7817 0.1
    endloop
  endfacet
  facet normal 0 0 -1
    outer loop
      vertex -0.259745 2.63724 0.1
      vertex 0 3.8 0.1
      vertex 0 2.65 0.1
    endloop
  endfacet
  facet normal 0 0 -1
    outer loop
      vertex -0.259745 2.63724 0.1
      vertex -0.372464 3.7817 0.1
      vertex 0 3.8 0.1
    endloop
  endfacet
  facet normal 0 0 -1
    outer loop
      vertex -0.516989 2.59908 0.1
      vertex -0.372464 3.7817 0.1
      vertex -0.259745 2.63724 0.1
    endloop
  endfacet
  facet normal 0 0 -1
    outer loop
      vertex -0.516989 2.59908 0.1
      vertex -0.741343 3.72698 0.1
      vertex -0.372464 3.7817 0.1
    endloop
  endfacet
  facet normal 0 0 -1
    outer loop
      vertex -0.769254 2.53589 0.1
      vertex -0.741343 3.72698 0.1
      vertex -0.516989 2.59908 0.1
    endloop
  endfacet
  facet normal 0 0 -1
    outer loop
      vertex -1.10308 3.63637 0.1
      vertex -0.769254 2.53589 0.1
      vertex -1.01411 2.44828 0.1
    endloop
  endfacet
  facet normal 0 0 -1
    outer loop
      vertex -0.769254 2.53589 0.1
      vertex -1.10308 3.63637 0.1
      vertex -0.741343 3.72698 0.1
    endloop
  endfacet
  facet normal 0 0 -1
    outer loop
      vertex -1.4542 3.51074 0.1
      vertex -1.01411 2.44828 0.1
      vertex -1.2492 2.33709 0.1
    endloop
  endfacet
  facet normal 0 0 -1
    outer loop
      vertex -1.01411 2.44828 0.1
      vertex -1.4542 3.51074 0.1
      vertex -1.10308 3.63637 0.1
    endloop
  endfacet
  facet normal 0 0 -1
    outer loop
      vertex -1.79131 3.3513 0.1
      vertex -1.2492 2.33709 0.1
      vertex -1.47226 2.20339 0.1
    endloop
  endfacet
  facet normal 0 0 -1
    outer loop
      vertex -2.11117 3.15958 0.1
      vertex -1.47226 2.20339 0.1
      vertex -1.68114 2.04848 0.1
    endloop
  endfacet
  facet normal 0 0 -1
    outer loop
      vertex -1.2492 2.33709 0.1
      vertex -1.79131 3.3513 0.1
      vertex -1.4542 3.51074 0.1
    endloop
  endfacet
  facet normal 0 0 -1
    outer loop
      vertex -2.41069 2.93744 0.1
      vertex -1.68114 2.04848 0.1
      vertex -1.87383 1.87383 0.1
    endloop
  endfacet
  facet normal 0 0 -1
    outer loop
      vertex -2.68701 2.68701 0.1
      vertex -1.87383 1.87383 0.1
      vertex -2.04848 1.68114 0.1
    endloop
  endfacet
  facet normal 0 0 -1
    outer loop
      vertex -1.47226 2.20339 0.1
      vertex -2.11117 3.15958 0.1
      vertex -1.79131 3.3513 0.1
    endloop
  endfacet
  facet normal 0 0 -1
    outer loop
      vertex -2.93744 2.41069 0.1
      vertex -2.04848 1.68114 0.1
      vertex -2.20339 1.47226 0.1
    endloop
  endfacet
  facet normal 0 0 -1
    outer loop
      vertex -3.15958 2.11117 0.1
      vertex -2.20339 1.47226 0.1
      vertex -2.33709 1.2492 0.1
    endloop
  endfacet
  facet normal 0 0 -1
    outer loop
      vertex -1.68114 2.04848 0.1
      vertex -2.41069 2.93744 0.1
      vertex -2.11117 3.15958 0.1
    endloop
  endfacet
  facet normal 0 0 -1
    outer loop
      vertex -3.3513 1.79131 0.1
      vertex -2.33709 1.2492 0.1
      vertex -2.44828 1.01411 0.1
    endloop
  endfacet
  facet normal 0 0 -1
    outer loop
      vertex -3.51074 1.4542 0.1
      vertex -2.44828 1.01411 0.1
      vertex -2.53589 0.769254 0.1
    endloop
  endfacet
  facet normal 0 0 -1
    outer loop
      vertex -3.63637 1.10308 0.1
      vertex -2.53589 0.769254 0.1
      vertex -2.59908 0.516989 0.1
    endloop
  endfacet
  facet normal 0 0 -1
    outer loop
      vertex -3.72698 0.741343 0.1
      vertex -2.59908 0.516989 0.1
      vertex -2.63724 0.259745 0.1
    endloop
  endfacet
  facet normal 0 0 -1
    outer loop
      vertex -1.87383 1.87383 0.1
      vertex -2.68701 2.68701 0.1
      vertex -2.41069 2.93744 0.1
    endloop
  endfacet
  facet normal 0 0 -1
    outer loop
      vertex -3.7817 0.372464 0.1
      vertex -2.63724 0.259745 0.1
      vertex -2.65 0 0.1
    endloop
  endfacet
  facet normal -0 0 -1
    outer loop
      vertex -2.44828 -1.01411 0.1
      vertex -3.51074 -1.4542 0.1
      vertex -2.53589 -0.769254 0.1
    endloop
  endfacet
  facet normal 0 0 -1
    outer loop
      vertex -3.63637 -1.10308 0.1
      vertex -2.53589 -0.769254 0.1
      vertex -3.51074 -1.4542 0.1
    endloop
  endfacet
  facet normal 0 0 -1
    outer loop
      vertex -2.04848 1.68114 0.1
      vertex -2.93744 2.41069 0.1
      vertex -2.68701 2.68701 0.1
    endloop
  endfacet
  facet normal -0 0 -1
    outer loop
      vertex -2.53589 -0.769254 0.1
      vertex -3.63637 -1.10308 0.1
      vertex -2.59908 -0.516989 0.1
    endloop
  endfacet
  facet normal 0 0 -1
    outer loop
      vertex -2.20339 1.47226 0.1
      vertex -3.15958 2.11117 0.1
      vertex -2.93744 2.41069 0.1
    endloop
  endfacet
  facet normal 0 0 -1
    outer loop
      vertex -3.72698 -0.741343 0.1
      vertex -2.59908 -0.516989 0.1
      vertex -3.63637 -1.10308 0.1
    endloop
  endfacet
  facet normal 0 0 -1
    outer loop
      vertex -2.33709 1.2492 0.1
      vertex -3.3513 1.79131 0.1
      vertex -3.15958 2.11117 0.1
    endloop
  endfacet
  facet normal -0 0 -1
    outer loop
      vertex -2.59908 -0.516989 0.1
      vertex -3.72698 -0.741343 0.1
      vertex -2.63724 -0.259745 0.1
    endloop
  endfacet
  facet normal 0 0 -1
    outer loop
      vertex -2.44828 1.01411 0.1
      vertex -3.51074 1.4542 0.1
      vertex -3.3513 1.79131 0.1
    endloop
  endfacet
  facet normal 0 0 -1
    outer loop
      vertex -3.7817 -0.372464 0.1
      vertex -2.63724 -0.259745 0.1
      vertex -3.72698 -0.741343 0.1
    endloop
  endfacet
  facet normal 0 0 -1
    outer loop
      vertex -2.53589 0.769254 0.1
      vertex -3.63637 1.10308 0.1
      vertex -3.51074 1.4542 0.1
    endloop
  endfacet
  facet normal -0 0 -1
    outer loop
      vertex -2.63724 -0.259745 0.1
      vertex -3.7817 -0.372464 0.1
      vertex -2.65 0 0.1
    endloop
  endfacet
  facet normal 0 0 -1
    outer loop
      vertex -2.59908 0.516989 0.1
      vertex -3.72698 0.741343 0.1
      vertex -3.63637 1.10308 0.1
    endloop
  endfacet
  facet normal 0 0 -1
    outer loop
      vertex -3.8 0 0.1
      vertex -2.65 0 0.1
      vertex -3.7817 -0.372464 0.1
    endloop
  endfacet
  facet normal 0 0 -1
    outer loop
      vertex -2.63724 0.259745 0.1
      vertex -3.7817 0.372464 0.1
      vertex -3.72698 0.741343 0.1
    endloop
  endfacet
  facet normal 0 0 -1
    outer loop
      vertex -2.65 0 0.1
      vertex -3.8 0 0.1
      vertex -3.7817 0.372464 0.1
    endloop
  endfacet
endsolid OpenSCAD_Model
