solid OpenSCAD_Model
  facet normal 0.0490821 0.998795 -0
    outer loop
      vertex 90.9881 61.3711 0
      vertex 90.4 61.4 8
      vertex 90.9881 61.3711 8
    endloop
  endfacet
  facet normal 0.0490821 0.998795 0
    outer loop
      vertex 90.4 61.4 8
      vertex 90.9881 61.3711 0
      vertex 90.4 61.4 0
    endloop
  endfacet
  facet normal 0.903962 0.427612 0
    outer loop
      vertex 95.9433 57.6961 8
      vertex 95.6915 58.2284 0
      vertex 95.6915 58.2284 8
    endloop
  endfacet
  facet normal 0.903962 0.427612 0
    outer loop
      vertex 95.6915 58.2284 0
      vertex 95.9433 57.6961 8
      vertex 95.9433 57.6961 0
    endloop
  endfacet
  facet normal 0 -1 0
    outer loop
      vertex 6 6.10352e-06 0
      vertex 90.4 6.10352e-06 8
      vertex 6 6.10352e-06 8
    endloop
  endfacet
  facet normal 0 -1 -0
    outer loop
      vertex 90.4 6.10352e-06 8
      vertex 6 6.10352e-06 0
      vertex 90.4 6.10352e-06 0
    endloop
  endfacet
  facet normal -0.803241 0.595655 0
    outer loop
      vertex 1.01118 58.7334 0
      vertex 1.36194 59.2064 8
      vertex 1.36194 59.2064 0
    endloop
  endfacet
  facet normal -0.803241 0.595655 0
    outer loop
      vertex 1.36194 59.2064 8
      vertex 1.01118 58.7334 0
      vertex 1.01118 58.7334 8
    endloop
  endfacet
  facet normal -0.514091 0.857736 0
    outer loop
      vertex 3.17162 60.6915 0
      vertex 2.66658 60.3888 8
      vertex 3.17162 60.6915 8
    endloop
  endfacet
  facet normal -0.514091 0.857736 0
    outer loop
      vertex 2.66658 60.3888 8
      vertex 3.17162 60.6915 0
      vertex 2.66658 60.3888 0
    endloop
  endfacet
  facet normal -0.0490565 -0.998796 0
    outer loop
      vertex 5.4119 0.028891 0
      vertex 6 6.10352e-06 8
      vertex 5.4119 0.028891 8
    endloop
  endfacet
  facet normal -0.0490565 -0.998796 -0
    outer loop
      vertex 6 6.10352e-06 8
      vertex 5.4119 0.028891 0
      vertex 6 6.10352e-06 0
    endloop
  endfacet
  facet normal -0.903999 -0.427535 0
    outer loop
      vertex 0.708466 3.17162 0
      vertex 0.456726 3.70391 8
      vertex 0.456726 3.70391 0
    endloop
  endfacet
  facet normal -0.903999 -0.427535 0
    outer loop
      vertex 0.456726 3.70391 8
      vertex 0.708466 3.17162 0
      vertex 0.708466 3.17162 8
    endloop
  endfacet
  facet normal -0.989172 0.146762 0
    outer loop
      vertex 0.0288849 55.9881 0
      vertex 0.115295 56.5705 8
      vertex 0.115295 56.5705 0
    endloop
  endfacet
  facet normal -0.989172 0.146762 0
    outer loop
      vertex 0.115295 56.5705 8
      vertex 0.0288849 55.9881 0
      vertex 0.0288849 55.9881 8
    endloop
  endfacet
  facet normal 0.97 0.243104 -0
    outer loop
      vertex 96.2523 56.7 4.9
      vertex 96.1416 57.1417 8
      vertex 96.2523 56.7 8
    endloop
  endfacet
  facet normal 0.97 0.243104 0
    outer loop
      vertex 96.1416 57.1417 8
      vertex 96.2523 56.7 4.9
      vertex 96.1416 57.1417 0
    endloop
  endfacet
  facet normal 0.970098 0.242712 -0
    outer loop
      vertex 96.2847 56.5705 0
      vertex 96.2523 56.7 4.9
      vertex 96.2847 56.5705 4.9
    endloop
  endfacet
  facet normal 0.970023 0.243015 -8.51535e-06
    outer loop
      vertex 96.2523 56.7 4.9
      vertex 96.2847 56.5705 0
      vertex 96.1416 57.1417 0
    endloop
  endfacet
  facet normal -0.941546 0.336885 0
    outer loop
      vertex 0.258362 57.1417 0
      vertex 0.456726 57.6961 8
      vertex 0.456726 57.6961 0
    endloop
  endfacet
  facet normal -0.941546 0.336885 0
    outer loop
      vertex 0.456726 57.6961 8
      vertex 0.258362 57.1417 0
      vertex 0.258362 57.1417 8
    endloop
  endfacet
  facet normal 0.336885 -0.941546 0
    outer loop
      vertex 92.1417 0.258368 0
      vertex 92.6961 0.456732 8
      vertex 92.1417 0.258368 8
    endloop
  endfacet
  facet normal 0.336885 -0.941546 0
    outer loop
      vertex 92.6961 0.456732 8
      vertex 92.1417 0.258368 0
      vertex 92.6961 0.456732 0
    endloop
  endfacet
  facet normal -0.427542 -0.903996 0
    outer loop
      vertex 3.17162 0.708472 0
      vertex 3.7039 0.456732 8
      vertex 3.17162 0.708472 8
    endloop
  endfacet
  facet normal -0.427542 -0.903996 -0
    outer loop
      vertex 3.7039 0.456732 8
      vertex 3.17162 0.708472 0
      vertex 3.7039 0.456732 0
    endloop
  endfacet
  facet normal -0.989173 -0.146753 0
    outer loop
      vertex 0.115295 4.82946 0
      vertex 0.0288849 5.4119 8
      vertex 0.0288849 5.4119 0
    endloop
  endfacet
  facet normal -0.989173 -0.146753 0
    outer loop
      vertex 0.0288849 5.4119 8
      vertex 0.115295 4.82946 0
      vertex 0.115295 4.82946 8
    endloop
  endfacet
  facet normal -1 0 0
    outer loop
      vertex 0 6.00001 0
      vertex 0 55.4 8
      vertex 0 55.4 0
    endloop
  endfacet
  facet normal -1 -0 0
    outer loop
      vertex 0 55.4 8
      vertex 0 6.00001 0
      vertex 0 6.00001 8
    endloop
  endfacet
  facet normal -0.671558 -0.740952 0
    outer loop
      vertex 1.75735 1.75736 0
      vertex 2.19363 1.36194 8
      vertex 1.75735 1.75736 8
    endloop
  endfacet
  facet normal -0.671558 -0.740952 -0
    outer loop
      vertex 2.19363 1.36194 8
      vertex 1.75735 1.75736 0
      vertex 2.19363 1.36194 0
    endloop
  endfacet
  facet normal 0 1 -0
    outer loop
      vertex 90.4 61.4 0
      vertex 6 61.4 8
      vertex 90.4 61.4 8
    endloop
  endfacet
  facet normal 0 1 0
    outer loop
      vertex 6 61.4 8
      vertex 90.4 61.4 0
      vertex 6 61.4 0
    endloop
  endfacet
  facet normal 0.595644 -0.803249 0
    outer loop
      vertex 93.7334 1.01119 0
      vertex 94.2064 1.36194 8
      vertex 93.7334 1.01119 8
    endloop
  endfacet
  facet normal 0.595644 -0.803249 0
    outer loop
      vertex 94.2064 1.36194 8
      vertex 93.7334 1.01119 0
      vertex 94.2064 1.36194 0
    endloop
  endfacet
  facet normal -0.146733 0.989176 0
    outer loop
      vertex 5.4119 61.3711 0
      vertex 4.82945 61.2847 8
      vertex 5.4119 61.3711 8
    endloop
  endfacet
  facet normal -0.146733 0.989176 0
    outer loop
      vertex 4.82945 61.2847 8
      vertex 5.4119 61.3711 0
      vertex 4.82945 61.2847 0
    endloop
  endfacet
  facet normal -0.59563 0.803259 0
    outer loop
      vertex 2.66658 60.3888 0
      vertex 2.19363 60.0381 8
      vertex 2.66658 60.3888 8
    endloop
  endfacet
  facet normal -0.59563 0.803259 0
    outer loop
      vertex 2.19363 60.0381 8
      vertex 2.66658 60.3888 0
      vertex 2.19363 60.0381 0
    endloop
  endfacet
  facet normal 0.336788 0.94158 -0
    outer loop
      vertex 92.6961 60.9433 0
      vertex 92.1417 61.1416 8
      vertex 92.6961 60.9433 8
    endloop
  endfacet
  facet normal 0.336788 0.94158 0
    outer loop
      vertex 92.1417 61.1416 8
      vertex 92.6961 60.9433 0
      vertex 92.1417 61.1416 0
    endloop
  endfacet
  facet normal 0.941577 -0.336799 0
    outer loop
      vertex 95.9433 3.70391 8
      vertex 96.1416 4.25829 0
      vertex 96.1416 4.25829 8
    endloop
  endfacet
  facet normal 0.941577 -0.336799 0
    outer loop
      vertex 96.1416 4.25829 0
      vertex 95.9433 3.70391 8
      vertex 95.9433 3.70391 0
    endloop
  endfacet
  facet normal -0.146752 -0.989173 0
    outer loop
      vertex 4.82945 0.115302 0
      vertex 5.4119 0.028891 8
      vertex 4.82945 0.115302 8
    endloop
  endfacet
  facet normal -0.146752 -0.989173 -0
    outer loop
      vertex 5.4119 0.028891 8
      vertex 4.82945 0.115302 0
      vertex 5.4119 0.028891 0
    endloop
  endfacet
  facet normal -0.0490821 0.998795 0
    outer loop
      vertex 6 61.4 0
      vertex 5.4119 61.3711 8
      vertex 6 61.4 8
    endloop
  endfacet
  facet normal -0.0490821 0.998795 0
    outer loop
      vertex 5.4119 61.3711 8
      vertex 6 61.4 0
      vertex 5.4119 61.3711 0
    endloop
  endfacet
  facet normal 0.903959 -0.427618 0
    outer loop
      vertex 95.6915 3.17162 8
      vertex 95.9433 3.70391 0
      vertex 95.9433 3.70391 8
    endloop
  endfacet
  facet normal 0.903959 -0.427618 0
    outer loop
      vertex 95.9433 3.70391 0
      vertex 95.6915 3.17162 8
      vertex 95.6915 3.17162 0
    endloop
  endfacet
  facet normal 0.989176 -0.146736 0
    outer loop
      vertex 96.2847 4.82946 4.9
      vertex 96.3711 5.4119 0
      vertex 96.3711 5.4119 4.9
    endloop
  endfacet
  facet normal 0.989176 -0.146736 0
    outer loop
      vertex 96.3711 5.4119 0
      vertex 96.2847 4.82946 4.9
      vertex 96.2847 4.82946 0
    endloop
  endfacet
  facet normal -0.671632 0.740884 0
    outer loop
      vertex 2.19363 60.0381 0
      vertex 1.75735 59.6426 8
      vertex 2.19363 60.0381 8
    endloop
  endfacet
  facet normal -0.671632 0.740884 0
    outer loop
      vertex 1.75735 59.6426 8
      vertex 2.19363 60.0381 0
      vertex 1.75735 59.6426 0
    endloop
  endfacet
  facet normal -0.242977 -0.970032 0
    outer loop
      vertex 4.25829 0.258368 0
      vertex 4.82945 0.115302 8
      vertex 4.25829 0.258368 8
    endloop
  endfacet
  facet normal -0.242977 -0.970032 -0
    outer loop
      vertex 4.82945 0.115302 8
      vertex 4.25829 0.258368 0
      vertex 4.82945 0.115302 0
    endloop
  endfacet
  facet normal 0.0490565 -0.998796 0
    outer loop
      vertex 90.4 6.10352e-06 0
      vertex 90.9881 0.028891 8
      vertex 90.4 6.10352e-06 8
    endloop
  endfacet
  facet normal 0.0490565 -0.998796 0
    outer loop
      vertex 90.9881 0.028891 8
      vertex 90.4 6.10352e-06 0
      vertex 90.9881 0.028891 0
    endloop
  endfacet
  facet normal -0.904002 0.427529 0
    outer loop
      vertex 0.456726 57.6961 0
      vertex 0.708466 58.2284 8
      vertex 0.708466 58.2284 0
    endloop
  endfacet
  facet normal -0.904002 0.427529 0
    outer loop
      vertex 0.708466 58.2284 8
      vertex 0.456726 57.6961 0
      vertex 0.456726 57.6961 8
    endloop
  endfacet
  facet normal 0.595589 0.803289 -0
    outer loop
      vertex 94.2064 60.0381 0
      vertex 93.7334 60.3888 8
      vertex 94.2064 60.0381 8
    endloop
  endfacet
  facet normal 0.595589 0.803289 0
    outer loop
      vertex 93.7334 60.3888 8
      vertex 94.2064 60.0381 0
      vertex 93.7334 60.3888 0
    endloop
  endfacet
  facet normal 0.671625 -0.740891 0
    outer loop
      vertex 94.2064 1.36194 0
      vertex 94.6426 1.75736 8
      vertex 94.2064 1.36194 8
    endloop
  endfacet
  facet normal 0.671625 -0.740891 0
    outer loop
      vertex 94.6426 1.75736 8
      vertex 94.2064 1.36194 0
      vertex 94.6426 1.75736 0
    endloop
  endfacet
  facet normal 0.740823 0.6717 0
    outer loop
      vertex 95.0381 59.2064 8
      vertex 94.6426 59.6426 0
      vertex 94.6426 59.6426 8
    endloop
  endfacet
  facet normal 0.740823 0.6717 0
    outer loop
      vertex 94.6426 59.6426 0
      vertex 95.0381 59.2064 8
      vertex 95.0381 59.2064 0
    endloop
  endfacet
  facet normal 0.514144 -0.857704 0
    outer loop
      vertex 93.2284 0.708472 0
      vertex 93.7334 1.01119 8
      vertex 93.2284 0.708472 8
    endloop
  endfacet
  facet normal 0.514144 -0.857704 0
    outer loop
      vertex 93.7334 1.01119 8
      vertex 93.2284 0.708472 0
      vertex 93.7334 1.01119 0
    endloop
  endfacet
  facet normal -0.740899 0.671616 0
    outer loop
      vertex 1.36194 59.2064 0
      vertex 1.75735 59.6426 8
      vertex 1.75735 59.6426 0
    endloop
  endfacet
  facet normal -0.740899 0.671616 0
    outer loop
      vertex 1.75735 59.6426 8
      vertex 1.36194 59.2064 0
      vertex 1.36194 59.2064 8
    endloop
  endfacet
  facet normal -0.243031 0.970018 0
    outer loop
      vertex 4.82945 61.2847 0
      vertex 4.25829 61.1416 8
      vertex 4.82945 61.2847 8
    endloop
  endfacet
  facet normal -0.243031 0.970018 0
    outer loop
      vertex 4.25829 61.1416 8
      vertex 4.82945 61.2847 0
      vertex 4.25829 61.1416 0
    endloop
  endfacet
  facet normal 1 -0 0
    outer loop
      vertex 96.4 6.00001 4.9
      vertex 96.4 55.4 0
      vertex 96.4 55.4 4.9
    endloop
  endfacet
  facet normal 1 0 0
    outer loop
      vertex 96.4 55.4 0
      vertex 96.4 6.00001 4.9
      vertex 96.4 6.00001 0
    endloop
  endfacet
  facet normal -0.998796 -0.0490557 0
    outer loop
      vertex 0.0288849 5.4119 0
      vertex 0 6.00001 8
      vertex 0 6.00001 0
    endloop
  endfacet
  facet normal -0.998796 -0.0490557 0
    outer loop
      vertex 0 6.00001 8
      vertex 0.0288849 5.4119 0
      vertex 0.0288849 5.4119 8
    endloop
  endfacet
  facet normal 0.803289 0.595589 0
    outer loop
      vertex 95.3888 58.7334 8
      vertex 95.0381 59.2064 0
      vertex 95.0381 59.2064 8
    endloop
  endfacet
  facet normal 0.803289 0.595589 0
    outer loop
      vertex 95.0381 59.2064 0
      vertex 95.3888 58.7334 8
      vertex 95.3888 58.7334 0
    endloop
  endfacet
  facet normal -0.998796 0.0490565 0
    outer loop
      vertex 0 55.4 0
      vertex 0.0288849 55.9881 8
      vertex 0.0288849 55.9881 0
    endloop
  endfacet
  facet normal -0.998796 0.0490565 0
    outer loop
      vertex 0.0288849 55.9881 8
      vertex 0 55.4 0
      vertex 0 55.4 8
    endloop
  endfacet
  facet normal -0.970036 0.242962 0
    outer loop
      vertex 0.115295 56.5705 0
      vertex 0.258362 57.1417 8
      vertex 0.258362 57.1417 0
    endloop
  endfacet
  facet normal -0.970036 0.242962 0
    outer loop
      vertex 0.258362 57.1417 8
      vertex 0.115295 56.5705 0
      vertex 0.115295 56.5705 8
    endloop
  endfacet
  facet normal -0.514114 -0.857722 0
    outer loop
      vertex 2.66658 1.01119 0
      vertex 3.17162 0.708472 8
      vertex 2.66658 1.01119 8
    endloop
  endfacet
  facet normal -0.514114 -0.857722 -0
    outer loop
      vertex 3.17162 0.708472 8
      vertex 2.66658 1.01119 0
      vertex 3.17162 0.708472 0
    endloop
  endfacet
  facet normal 0.427529 -0.904002 0
    outer loop
      vertex 92.6961 0.456732 0
      vertex 93.2284 0.708472 8
      vertex 92.6961 0.456732 8
    endloop
  endfacet
  facet normal 0.427529 -0.904002 0
    outer loop
      vertex 93.2284 0.708472 8
      vertex 92.6961 0.456732 0
      vertex 93.2284 0.708472 0
    endloop
  endfacet
  facet normal -0.427625 0.903956 0
    outer loop
      vertex 3.7039 60.9433 0
      vertex 3.17162 60.6915 8
      vertex 3.7039 60.9433 8
    endloop
  endfacet
  facet normal -0.427625 0.903956 0
    outer loop
      vertex 3.17162 60.6915 8
      vertex 3.7039 60.9433 0
      vertex 3.17162 60.6915 0
    endloop
  endfacet
  facet normal -0.336794 0.941578 0
    outer loop
      vertex 4.25829 61.1416 0
      vertex 3.7039 60.9433 8
      vertex 4.25829 61.1416 8
    endloop
  endfacet
  facet normal -0.336794 0.941578 0
    outer loop
      vertex 3.7039 60.9433 8
      vertex 4.25829 61.1416 0
      vertex 3.7039 60.9433 0
    endloop
  endfacet
  facet normal -0.941542 -0.336895 0
    outer loop
      vertex 0.456726 3.70391 0
      vertex 0.258362 4.25829 8
      vertex 0.258362 4.25829 0
    endloop
  endfacet
  facet normal -0.941542 -0.336895 0
    outer loop
      vertex 0.258362 4.25829 8
      vertex 0.456726 3.70391 0
      vertex 0.456726 3.70391 8
    endloop
  endfacet
  facet normal 0.243015 0.970023 -0
    outer loop
      vertex 92.1417 61.1416 0
      vertex 91.5705 61.2847 8
      vertex 92.1417 61.1416 8
    endloop
  endfacet
  facet normal 0.243015 0.970023 0
    outer loop
      vertex 91.5705 61.2847 8
      vertex 92.1417 61.1416 0
      vertex 91.5705 61.2847 0
    endloop
  endfacet
  facet normal -0.970033 -0.242974 0
    outer loop
      vertex 0.258362 4.25829 0
      vertex 0.115295 4.82946 8
      vertex 0.115295 4.82946 0
    endloop
  endfacet
  facet normal -0.970033 -0.242974 0
    outer loop
      vertex 0.115295 4.82946 8
      vertex 0.258362 4.25829 0
      vertex 0.258362 4.25829 8
    endloop
  endfacet
  facet normal 0.146764 -0.989172 0
    outer loop
      vertex 90.9881 0.028891 0
      vertex 91.5705 0.115302 8
      vertex 90.9881 0.028891 8
    endloop
  endfacet
  facet normal 0.146764 -0.989172 0
    outer loop
      vertex 91.5705 0.115302 8
      vertex 90.9881 0.028891 0
      vertex 91.5705 0.115302 0
    endloop
  endfacet
  facet normal -0.33689 -0.941544 0
    outer loop
      vertex 3.7039 0.456732 0
      vertex 4.25829 0.258368 8
      vertex 3.7039 0.456732 8
    endloop
  endfacet
  facet normal -0.33689 -0.941544 -0
    outer loop
      vertex 4.25829 0.258368 8
      vertex 3.7039 0.456732 0
      vertex 4.25829 0.258368 0
    endloop
  endfacet
  facet normal 0.857731 -0.514099 0
    outer loop
      vertex 95.3888 2.66659 8
      vertex 95.6915 3.17162 0
      vertex 95.6915 3.17162 8
    endloop
  endfacet
  facet normal 0.857731 -0.514099 0
    outer loop
      vertex 95.6915 3.17162 0
      vertex 95.3888 2.66659 8
      vertex 95.3888 2.66659 0
    endloop
  endfacet
  facet normal 0.857718 0.514121 0
    outer loop
      vertex 95.6915 58.2284 8
      vertex 95.3888 58.7334 0
      vertex 95.3888 58.7334 8
    endloop
  endfacet
  facet normal 0.857718 0.514121 0
    outer loop
      vertex 95.3888 58.7334 0
      vertex 95.6915 58.2284 8
      vertex 95.6915 58.2284 0
    endloop
  endfacet
  facet normal 0.242961 -0.970036 0
    outer loop
      vertex 91.5705 0.115302 0
      vertex 92.1417 0.258368 8
      vertex 91.5705 0.115302 8
    endloop
  endfacet
  facet normal 0.242961 -0.970036 0
    outer loop
      vertex 92.1417 0.258368 8
      vertex 91.5705 0.115302 0
      vertex 92.1417 0.258368 0
    endloop
  endfacet
  facet normal 0.970002 -0.243099 0
    outer loop
      vertex 96.2523 4.7 8
      vertex 96.1416 4.25829 8
      vertex 96.2523 4.7 4.9
    endloop
  endfacet
  facet normal 0.970081 -0.242782 0
    outer loop
      vertex 96.2523 4.7 4.9
      vertex 96.2847 4.82946 0
      vertex 96.2847 4.82946 4.9
    endloop
  endfacet
  facet normal 0.970002 -0.243099 0
    outer loop
      vertex 96.1416 4.25829 0
      vertex 96.2523 4.7 4.9
      vertex 96.1416 4.25829 8
    endloop
  endfacet
  facet normal 0.970019 -0.243027 -6.86877e-06
    outer loop
      vertex 96.2523 4.7 4.9
      vertex 96.1416 4.25829 0
      vertex 96.2847 4.82946 0
    endloop
  endfacet
  facet normal -0.595684 -0.803219 0
    outer loop
      vertex 2.19363 1.36194 0
      vertex 2.66658 1.01119 8
      vertex 2.19363 1.36194 8
    endloop
  endfacet
  facet normal -0.595684 -0.803219 -0
    outer loop
      vertex 2.66658 1.01119 8
      vertex 2.19363 1.36194 0
      vertex 2.66658 1.01119 0
    endloop
  endfacet
  facet normal 0.146746 0.989174 -0
    outer loop
      vertex 91.5705 61.2847 0
      vertex 90.9881 61.3711 8
      vertex 91.5705 61.2847 8
    endloop
  endfacet
  facet normal 0.146746 0.989174 0
    outer loop
      vertex 90.9881 61.3711 8
      vertex 91.5705 61.2847 0
      vertex 90.9881 61.3711 0
    endloop
  endfacet
  facet normal -0.80321 -0.595695 0
    outer loop
      vertex 1.36194 2.19364 0
      vertex 1.01118 2.66659 8
      vertex 1.01118 2.66659 0
    endloop
  endfacet
  facet normal -0.80321 -0.595695 0
    outer loop
      vertex 1.01118 2.66659 8
      vertex 1.36194 2.19364 0
      vertex 1.36194 2.19364 8
    endloop
  endfacet
  facet normal 0.427612 0.903962 -0
    outer loop
      vertex 93.2284 60.6915 0
      vertex 92.6961 60.9433 8
      vertex 93.2284 60.6915 8
    endloop
  endfacet
  facet normal 0.427612 0.903962 0
    outer loop
      vertex 92.6961 60.9433 8
      vertex 93.2284 60.6915 0
      vertex 92.6961 60.9433 0
    endloop
  endfacet
  facet normal 0 0 -1
    outer loop
      vertex 13.866 52.5416 0
      vertex 16.887 49.8948 0
      vertex 15.0358 49.8948 0
    endloop
  endfacet
  facet normal 0 0 -1
    outer loop
      vertex 22.4166 49.8948 0
      vertex 25.4763 51.3351 0
      vertex 25.7245 49.8948 0
    endloop
  endfacet
  facet normal -0 0 -1
    outer loop
      vertex 25.4763 51.3351 0
      vertex 22.4166 49.8948 0
      vertex 22.4166 51.3351 0
    endloop
  endfacet
  facet normal 0 0 -1
    outer loop
      vertex 25.4763 51.3351 0
      vertex 27.4585 48.9671 0
      vertex 25.7245 49.8948 0
    endloop
  endfacet
  facet normal 0 0 -1
    outer loop
      vertex 25.4763 52.2628 0
      vertex 27.4585 48.9671 0
      vertex 25.4763 51.3351 0
    endloop
  endfacet
  facet normal 0 0 -1
    outer loop
      vertex 27.4585 48.9671 0
      vertex 25.4763 52.2628 0
      vertex 25.8913 53.7723 0
    endloop
  endfacet
  facet normal 0 0 -1
    outer loop
      vertex 22.4166 53.7723 0
      vertex 25.4763 52.2628 0
      vertex 22.4166 52.2628 0
    endloop
  endfacet
  facet normal 0 0 -1
    outer loop
      vertex 25.4763 52.2628 0
      vertex 22.4166 53.7723 0
      vertex 25.8913 53.7723 0
    endloop
  endfacet
  facet normal 0 0 -1
    outer loop
      vertex 15.0358 49.8948 0
      vertex 13.7689 52.2972 0
      vertex 13.7969 52.3554 0
    endloop
  endfacet
  facet normal 0 0 -1
    outer loop
      vertex 15.0358 49.8948 0
      vertex 13.7385 52.2409 0
      vertex 13.7689 52.2972 0
    endloop
  endfacet
  facet normal 0 0 -1
    outer loop
      vertex 15.0358 49.8948 0
      vertex 13.7056 52.1866 0
      vertex 13.7385 52.2409 0
    endloop
  endfacet
  facet normal 0 0 -1
    outer loop
      vertex 15.0358 49.8948 0
      vertex 13.6703 52.1341 0
      vertex 13.7056 52.1866 0
    endloop
  endfacet
  facet normal 0 0 -1
    outer loop
      vertex 13.7819 50.318 0
      vertex 13.6327 52.0836 0
      vertex 13.6703 52.1341 0
    endloop
  endfacet
  facet normal 0 0 -1
    outer loop
      vertex 13.7819 50.318 0
      vertex 13.5926 52.035 0
      vertex 13.6327 52.0836 0
    endloop
  endfacet
  facet normal 0 0 -1
    outer loop
      vertex 13.7819 50.318 0
      vertex 13.5501 51.9882 0
      vertex 13.5926 52.035 0
    endloop
  endfacet
  facet normal 0 0 -1
    outer loop
      vertex 13.7819 50.318 0
      vertex 13.5051 51.9434 0
      vertex 13.5501 51.9882 0
    endloop
  endfacet
  facet normal 0 0 -1
    outer loop
      vertex 13.7819 50.318 0
      vertex 13.4572 51.9002 0
      vertex 13.5051 51.9434 0
    endloop
  endfacet
  facet normal 0 0 -1
    outer loop
      vertex 13.7819 50.318 0
      vertex 13.4056 51.8581 0
      vertex 13.4572 51.9002 0
    endloop
  endfacet
  facet normal 0 0 -1
    outer loop
      vertex 13.7819 50.318 0
      vertex 13.3503 51.8173 0
      vertex 13.4056 51.8581 0
    endloop
  endfacet
  facet normal 0 0 -1
    outer loop
      vertex 13.7819 50.318 0
      vertex 13.2914 51.7777 0
      vertex 13.3503 51.8173 0
    endloop
  endfacet
  facet normal 0 0 -1
    outer loop
      vertex 13.7819 50.318 0
      vertex 13.2288 51.7392 0
      vertex 13.2914 51.7777 0
    endloop
  endfacet
  facet normal 0 0 -1
    outer loop
      vertex 13.7819 50.318 0
      vertex 13.1625 51.702 0
      vertex 13.2288 51.7392 0
    endloop
  endfacet
  facet normal 0 0 -1
    outer loop
      vertex 13.7819 50.318 0
      vertex 13.0925 51.666 0
      vertex 13.1625 51.702 0
    endloop
  endfacet
  facet normal 0 0 -1
    outer loop
      vertex 13.7819 50.318 0
      vertex 13.0189 51.6312 0
      vertex 13.0925 51.666 0
    endloop
  endfacet
  facet normal 0 0 -1
    outer loop
      vertex 13.7819 50.318 0
      vertex 12.9416 51.5976 0
      vertex 13.0189 51.6312 0
    endloop
  endfacet
  facet normal 0 0 -1
    outer loop
      vertex 12.6182 50.4767 0
      vertex 12.9416 51.5976 0
      vertex 13.7819 50.318 0
    endloop
  endfacet
  facet normal 0 0 -1
    outer loop
      vertex 12.9416 51.5976 0
      vertex 12.6182 50.4767 0
      vertex 12.8567 51.5643 0
    endloop
  endfacet
  facet normal 0 0 -1
    outer loop
      vertex 12.8567 51.5643 0
      vertex 12.6182 50.4767 0
      vertex 12.7602 51.5303 0
    endloop
  endfacet
  facet normal 0 0 -1
    outer loop
      vertex 12.7602 51.5303 0
      vertex 12.6182 50.4767 0
      vertex 12.6521 51.4957 0
    endloop
  endfacet
  facet normal 0 0 -1
    outer loop
      vertex 11.7597 51.2741 0
      vertex 12.6182 50.4767 0
      vertex 12.596 50.3967 0
    endloop
  endfacet
  facet normal 0 0 -1
    outer loop
      vertex 11.7597 51.2741 0
      vertex 12.596 50.3967 0
      vertex 12.5693 50.3212 0
    endloop
  endfacet
  facet normal 0 0 -1
    outer loop
      vertex 11.7597 51.2741 0
      vertex 12.5693 50.3212 0
      vertex 12.538 50.2502 0
    endloop
  endfacet
  facet normal 0 0 -1
    outer loop
      vertex 12.6182 50.4767 0
      vertex 12.5324 51.4604 0
      vertex 12.6521 51.4957 0
    endloop
  endfacet
  facet normal 0 0 -1
    outer loop
      vertex 11.7597 51.2741 0
      vertex 12.538 50.2502 0
      vertex 12.5021 50.1837 0
    endloop
  endfacet
  facet normal 0 0 -1
    outer loop
      vertex 11.7597 51.2741 0
      vertex 12.5021 50.1837 0
      vertex 12.4616 50.1218 0
    endloop
  endfacet
  facet normal 0 0 -1
    outer loop
      vertex 11.7597 51.2741 0
      vertex 12.4616 50.1218 0
      vertex 12.4166 50.0644 0
    endloop
  endfacet
  facet normal 0 0 -1
    outer loop
      vertex 12.6182 50.4767 0
      vertex 12.401 51.4244 0
      vertex 12.5324 51.4604 0
    endloop
  endfacet
  facet normal 0 0 -1
    outer loop
      vertex 11.7597 51.2741 0
      vertex 12.4166 50.0644 0
      vertex 12.367 50.0115 0
    endloop
  endfacet
  facet normal 0 0 -1
    outer loop
      vertex 11.7597 51.2741 0
      vertex 12.367 50.0115 0
      vertex 12.3128 49.9631 0
    endloop
  endfacet
  facet normal 0 0 -1
    outer loop
      vertex 12.6182 50.4767 0
      vertex 12.2581 51.3878 0
      vertex 12.401 51.4244 0
    endloop
  endfacet
  facet normal 0 0 -1
    outer loop
      vertex 11.7597 51.2741 0
      vertex 12.3128 49.9631 0
      vertex 12.254 49.9193 0
    endloop
  endfacet
  facet normal 0 0 -1
    outer loop
      vertex 11.6109 51.2413 0
      vertex 12.254 49.9193 0
      vertex 12.1901 49.88 0
    endloop
  endfacet
  facet normal 0 0 -1
    outer loop
      vertex 11.6109 51.2413 0
      vertex 12.1901 49.88 0
      vertex 12.1202 49.8453 0
    endloop
  endfacet
  facet normal 0 0 -1
    outer loop
      vertex 12.6182 50.4767 0
      vertex 12.1036 51.3506 0
      vertex 12.2581 51.3878 0
    endloop
  endfacet
  facet normal 0 0 -1
    outer loop
      vertex 11.6109 51.2413 0
      vertex 12.1202 49.8453 0
      vertex 12.0445 49.8153 0
    endloop
  endfacet
  facet normal 0 0 -1
    outer loop
      vertex 11.6109 51.2413 0
      vertex 12.0445 49.8153 0
      vertex 11.9629 49.7898 0
    endloop
  endfacet
  facet normal 0 0 -1
    outer loop
      vertex 12.6182 50.4767 0
      vertex 11.9374 51.3127 0
      vertex 12.1036 51.3506 0
    endloop
  endfacet
  facet normal 0 0 -1
    outer loop
      vertex 11.6109 51.2413 0
      vertex 11.9629 49.7898 0
      vertex 11.8754 49.769 0
    endloop
  endfacet
  facet normal 0 0 -1
    outer loop
      vertex 11.4736 51.2097 0
      vertex 11.8754 49.769 0
      vertex 11.7821 49.7529 0
    endloop
  endfacet
  facet normal 0 0 -1
    outer loop
      vertex 12.6182 50.4767 0
      vertex 11.7597 51.2741 0
      vertex 11.9374 51.3127 0
    endloop
  endfacet
  facet normal 0 0 -1
    outer loop
      vertex 11.4736 51.2097 0
      vertex 11.7821 49.7529 0
      vertex 11.6829 49.7413 0
    endloop
  endfacet
  facet normal 0 0 -1
    outer loop
      vertex 12.254 49.9193 0
      vertex 11.6109 51.2413 0
      vertex 11.7597 51.2741 0
    endloop
  endfacet
  facet normal 0 0 -1
    outer loop
      vertex 11.4736 51.2097 0
      vertex 11.6829 49.7413 0
      vertex 11.5777 49.7344 0
    endloop
  endfacet
  facet normal 0 0 -1
    outer loop
      vertex 11.8754 49.769 0
      vertex 11.4736 51.2097 0
      vertex 11.6109 51.2413 0
    endloop
  endfacet
  facet normal 0 0 -1
    outer loop
      vertex 11.3478 51.1794 0
      vertex 11.5777 49.7344 0
      vertex 11.4668 49.7321 0
    endloop
  endfacet
  facet normal 0 0 -1
    outer loop
      vertex 11.5777 49.7344 0
      vertex 11.3478 51.1794 0
      vertex 11.4736 51.2097 0
    endloop
  endfacet
  facet normal 0 0 -1
    outer loop
      vertex 11.2337 51.1504 0
      vertex 11.4668 49.7321 0
      vertex 11.2379 49.7405 0
    endloop
  endfacet
  facet normal 0 0 -1
    outer loop
      vertex 11.4668 49.7321 0
      vertex 11.2337 51.1504 0
      vertex 11.3478 51.1794 0
    endloop
  endfacet
  facet normal 0 0 -1
    outer loop
      vertex 11.2379 49.7405 0
      vertex 11.131 51.1226 0
      vertex 11.2337 51.1504 0
    endloop
  endfacet
  facet normal 0 0 -1
    outer loop
      vertex 11.2379 49.7405 0
      vertex 11.04 51.096 0
      vertex 11.131 51.1226 0
    endloop
  endfacet
  facet normal 0 0 -1
    outer loop
      vertex 11.036 49.7658 0
      vertex 11.04 51.096 0
      vertex 11.2379 49.7405 0
    endloop
  endfacet
  facet normal 0 0 -1
    outer loop
      vertex 11.036 49.7658 0
      vertex 10.9604 51.0707 0
      vertex 11.04 51.096 0
    endloop
  endfacet
  facet normal 0 0 -1
    outer loop
      vertex 11.036 49.7658 0
      vertex 10.8925 51.0467 0
      vertex 10.9604 51.0707 0
    endloop
  endfacet
  facet normal 0 0 -1
    outer loop
      vertex 10.836 51.0239 0
      vertex 11.036 49.7658 0
      vertex 10.861 49.808 0
    endloop
  endfacet
  facet normal 0 0 -1
    outer loop
      vertex 11.036 49.7658 0
      vertex 10.836 51.0239 0
      vertex 10.8925 51.0467 0
    endloop
  endfacet
  facet normal 0 0 -1
    outer loop
      vertex 10.861 49.808 0
      vertex 10.7868 51.0012 0
      vertex 10.836 51.0239 0
    endloop
  endfacet
  facet normal 0 0 -1
    outer loop
      vertex 10.861 49.808 0
      vertex 10.7403 50.9775 0
      vertex 10.7868 51.0012 0
    endloop
  endfacet
  facet normal 0 0 -1
    outer loop
      vertex 10.6966 50.9527 0
      vertex 10.861 49.808 0
      vertex 10.7129 49.8671 0
    endloop
  endfacet
  facet normal 0 0 -1
    outer loop
      vertex 10.861 49.808 0
      vertex 10.6966 50.9527 0
      vertex 10.7403 50.9775 0
    endloop
  endfacet
  facet normal 0 0 -1
    outer loop
      vertex 10.7129 49.8671 0
      vertex 10.6556 50.9269 0
      vertex 10.6966 50.9527 0
    endloop
  endfacet
  facet normal 0 0 -1
    outer loop
      vertex 10.7129 49.8671 0
      vertex 10.6174 50.9 0
      vertex 10.6556 50.9269 0
    endloop
  endfacet
  facet normal 0 0 -1
    outer loop
      vertex 10.3763 50.4156 0
      vertex 10.7129 49.8671 0
      vertex 10.5917 49.943 0
    endloop
  endfacet
  facet normal 0 0 -1
    outer loop
      vertex 10.7129 49.8671 0
      vertex 10.3763 50.4156 0
      vertex 10.6174 50.9 0
    endloop
  endfacet
  facet normal 0 0 -1
    outer loop
      vertex 10.6174 50.9 0
      vertex 10.3763 50.4156 0
      vertex 10.582 50.872 0
    endloop
  endfacet
  facet normal 0 -0 -1
    outer loop
      vertex 10.3778 50.4643 0
      vertex 10.582 50.872 0
      vertex 10.3763 50.4156 0
    endloop
  endfacet
  facet normal 0 0 -1
    outer loop
      vertex 10.3898 50.2721 0
      vertex 10.5917 49.943 0
      vertex 10.4975 50.0359 0
    endloop
  endfacet
  facet normal 0 0 -1
    outer loop
      vertex 10.582 50.872 0
      vertex 10.3778 50.4643 0
      vertex 10.5493 50.843 0
    endloop
  endfacet
  facet normal 0 0 -1
    outer loop
      vertex 10.5493 50.843 0
      vertex 10.3778 50.4643 0
      vertex 10.5194 50.8129 0
    endloop
  endfacet
  facet normal 0 0 -1
    outer loop
      vertex 10.5194 50.8129 0
      vertex 10.3778 50.4643 0
      vertex 10.4923 50.7818 0
    endloop
  endfacet
  facet normal 0 0 -1
    outer loop
      vertex 10.3898 50.2721 0
      vertex 10.4975 50.0359 0
      vertex 10.4302 50.1456 0
    endloop
  endfacet
  facet normal 0 0 -1
    outer loop
      vertex 10.4923 50.7818 0
      vertex 10.3778 50.4643 0
      vertex 10.4679 50.7492 0
    endloop
  endfacet
  facet normal 0 0 -1
    outer loop
      vertex 10.4465 50.7145 0
      vertex 10.3778 50.4643 0
      vertex 10.4279 50.6778 0
    endloop
  endfacet
  facet normal 0 0 -1
    outer loop
      vertex 10.4279 50.6778 0
      vertex 10.3778 50.4643 0
      vertex 10.4121 50.6391 0
    endloop
  endfacet
  facet normal 0 0 -1
    outer loop
      vertex 10.5917 49.943 0
      vertex 10.3898 50.2721 0
      vertex 10.3763 50.4156 0
    endloop
  endfacet
  facet normal 0 0 -1
    outer loop
      vertex 10.4121 50.6391 0
      vertex 10.3778 50.4643 0
      vertex 10.3992 50.5985 0
    endloop
  endfacet
  facet normal 0 0 -1
    outer loop
      vertex 10.3992 50.5985 0
      vertex 10.3821 50.511 0
      vertex 10.3892 50.5557 0
    endloop
  endfacet
  facet normal 0 0 -1
    outer loop
      vertex 10.3992 50.5985 0
      vertex 10.3778 50.4643 0
      vertex 10.3821 50.511 0
    endloop
  endfacet
  facet normal 0 0 -1
    outer loop
      vertex 10.4679 50.7492 0
      vertex 10.3778 50.4643 0
      vertex 10.4465 50.7145 0
    endloop
  endfacet
  facet normal 0 0 -1
    outer loop
      vertex 12.5867 52.6799 0
      vertex 12.7629 53.0641 0
      vertex 12.7576 53.013 0
    endloop
  endfacet
  facet normal -0 0 -1
    outer loop
      vertex 12.7629 53.0641 0
      vertex 12.5502 52.6466 0
      vertex 12.7647 53.1173 0
    endloop
  endfacet
  facet normal 0 0 -1
    outer loop
      vertex 12.5867 52.6799 0
      vertex 12.7576 53.013 0
      vertex 12.7486 52.964 0
    endloop
  endfacet
  facet normal 0 0 -1
    outer loop
      vertex 12.5867 52.6799 0
      vertex 12.7486 52.964 0
      vertex 12.7361 52.9171 0
    endloop
  endfacet
  facet normal 0 0 -1
    outer loop
      vertex 12.6202 52.7145 0
      vertex 12.7361 52.9171 0
      vertex 12.7201 52.8724 0
    endloop
  endfacet
  facet normal 0 0 -1
    outer loop
      vertex 12.7629 53.0641 0
      vertex 12.5867 52.6799 0
      vertex 12.5502 52.6466 0
    endloop
  endfacet
  facet normal 0 0 -1
    outer loop
      vertex 12.6202 52.7145 0
      vertex 12.7201 52.8724 0
      vertex 12.7005 52.8297 0
    endloop
  endfacet
  facet normal 0 0 -1
    outer loop
      vertex 12.6202 52.7145 0
      vertex 12.7005 52.8297 0
      vertex 12.6773 52.7892 0
    endloop
  endfacet
  facet normal 0 0 -1
    outer loop
      vertex 12.6202 52.7145 0
      vertex 12.6773 52.7892 0
      vertex 12.6505 52.7508 0
    endloop
  endfacet
  facet normal 0 0 -1
    outer loop
      vertex 12.7361 52.9171 0
      vertex 12.6202 52.7145 0
      vertex 12.5867 52.6799 0
    endloop
  endfacet
  facet normal 0 0 -1
    outer loop
      vertex 12.5108 52.6146 0
      vertex 12.7647 53.1173 0
      vertex 12.5502 52.6466 0
    endloop
  endfacet
  facet normal -0 0 -1
    outer loop
      vertex 12.7647 53.1173 0
      vertex 12.5108 52.6146 0
      vertex 12.7492 53.2778 0
    endloop
  endfacet
  facet normal 0 0 -1
    outer loop
      vertex 12.7492 53.2778 0
      vertex 12.5163 53.6461 0
      vertex 12.7026 53.4195 0
    endloop
  endfacet
  facet normal 0 0 -1
    outer loop
      vertex 12.7026 53.4195 0
      vertex 12.5163 53.6461 0
      vertex 12.625 53.5422 0
    endloop
  endfacet
  facet normal -0 0 -1
    outer loop
      vertex 12.7492 53.2778 0
      vertex 12.5108 52.6146 0
      vertex 12.5163 53.6461 0
    endloop
  endfacet
  facet normal 0 0 -1
    outer loop
      vertex 12.4685 52.5839 0
      vertex 12.5163 53.6461 0
      vertex 12.5108 52.6146 0
    endloop
  endfacet
  facet normal 0 0 -1
    outer loop
      vertex 12.3767 53.7311 0
      vertex 12.4685 52.5839 0
      vertex 12.4233 52.5545 0
    endloop
  endfacet
  facet normal 0 0 -1
    outer loop
      vertex 12.4685 52.5839 0
      vertex 12.3767 53.7311 0
      vertex 12.5163 53.6461 0
    endloop
  endfacet
  facet normal 0 0 -1
    outer loop
      vertex 12.3752 52.5264 0
      vertex 12.3767 53.7311 0
      vertex 12.4233 52.5545 0
    endloop
  endfacet
  facet normal 0 0 -1
    outer loop
      vertex 12.2059 53.7972 0
      vertex 12.3752 52.5264 0
      vertex 12.3242 52.4996 0
    endloop
  endfacet
  facet normal 0 0 -1
    outer loop
      vertex 12.2059 53.7972 0
      vertex 12.3242 52.4996 0
      vertex 12.2702 52.4742 0
    endloop
  endfacet
  facet normal 0 0 -1
    outer loop
      vertex 12.2059 53.7972 0
      vertex 12.2702 52.4742 0
      vertex 12.2134 52.45 0
    endloop
  endfacet
  facet normal 0 0 -1
    outer loop
      vertex 12.3752 52.5264 0
      vertex 12.2059 53.7972 0
      vertex 12.3767 53.7311 0
    endloop
  endfacet
  facet normal 0 0 -1
    outer loop
      vertex 12.0041 53.8444 0
      vertex 12.2134 52.45 0
      vertex 12.1491 52.426 0
    endloop
  endfacet
  facet normal 0 0 -1
    outer loop
      vertex 12.0041 53.8444 0
      vertex 12.1491 52.426 0
      vertex 12.0729 52.4008 0
    endloop
  endfacet
  facet normal 0 0 -1
    outer loop
      vertex 12.2134 52.45 0
      vertex 12.0041 53.8444 0
      vertex 12.2059 53.7972 0
    endloop
  endfacet
  facet normal 0 0 -1
    outer loop
      vertex 11.9848 52.3745 0
      vertex 12.0041 53.8444 0
      vertex 12.0729 52.4008 0
    endloop
  endfacet
  facet normal 0 0 -1
    outer loop
      vertex 11.7713 53.8728 0
      vertex 11.9848 52.3745 0
      vertex 11.8848 52.3471 0
    endloop
  endfacet
  facet normal 0 0 -1
    outer loop
      vertex 11.7713 53.8728 0
      vertex 11.8848 52.3471 0
      vertex 11.773 52.3186 0
    endloop
  endfacet
  facet normal 0 0 -1
    outer loop
      vertex 11.9848 52.3745 0
      vertex 11.7713 53.8728 0
      vertex 12.0041 53.8444 0
    endloop
  endfacet
  facet normal 0 0 -1
    outer loop
      vertex 11.5074 53.8822 0
      vertex 11.773 52.3186 0
      vertex 11.6492 52.2891 0
    endloop
  endfacet
  facet normal 0 0 -1
    outer loop
      vertex 11.376 53.8797 0
      vertex 11.6492 52.2891 0
      vertex 11.5135 52.2584 0
    endloop
  endfacet
  facet normal 0 0 -1
    outer loop
      vertex 11.773 52.3186 0
      vertex 11.5074 53.8822 0
      vertex 11.7713 53.8728 0
    endloop
  endfacet
  facet normal 0 0 -1
    outer loop
      vertex 11.6492 52.2891 0
      vertex 11.376 53.8797 0
      vertex 11.5074 53.8822 0
    endloop
  endfacet
  facet normal 0 0 -1
    outer loop
      vertex 11.1327 53.8594 0
      vertex 11.5135 52.2584 0
      vertex 11.3659 52.2265 0
    endloop
  endfacet
  facet normal 0 0 -1
    outer loop
      vertex 11.5135 52.2584 0
      vertex 11.2511 53.8721 0
      vertex 11.376 53.8797 0
    endloop
  endfacet
  facet normal 0 0 -1
    outer loop
      vertex 10.9155 53.8188 0
      vertex 11.3659 52.2265 0
      vertex 11.2064 52.1936 0
    endloop
  endfacet
  facet normal 0 0 -1
    outer loop
      vertex 11.5135 52.2584 0
      vertex 11.1327 53.8594 0
      vertex 11.2511 53.8721 0
    endloop
  endfacet
  facet normal 0 0 -1
    outer loop
      vertex 10.4186 53.5731 0
      vertex 11.2064 52.1936 0
      vertex 11.0683 52.1609 0
    endloop
  endfacet
  facet normal 0 0 -1
    outer loop
      vertex 11.3659 52.2265 0
      vertex 11.0208 53.8416 0
      vertex 11.1327 53.8594 0
    endloop
  endfacet
  facet normal 0 0 -1
    outer loop
      vertex 10.1286 53.1137 0
      vertex 11.0683 52.1609 0
      vertex 10.9399 52.1296 0
    endloop
  endfacet
  facet normal 0 0 -1
    outer loop
      vertex 11.3659 52.2265 0
      vertex 10.9155 53.8188 0
      vertex 11.0208 53.8416 0
    endloop
  endfacet
  facet normal 0 0 -1
    outer loop
      vertex 10.0997 53.0156 0
      vertex 10.9399 52.1296 0
      vertex 10.8212 52.0998 0
    endloop
  endfacet
  facet normal 0 0 -1
    outer loop
      vertex 11.2064 52.1936 0
      vertex 10.8167 53.7909 0
      vertex 10.9155 53.8188 0
    endloop
  endfacet
  facet normal 0 0 -1
    outer loop
      vertex 11.2064 52.1936 0
      vertex 10.7244 53.7579 0
      vertex 10.8167 53.7909 0
    endloop
  endfacet
  facet normal 0 0 -1
    outer loop
      vertex 10.0997 53.0156 0
      vertex 10.8212 52.0998 0
      vertex 10.7121 52.0715 0
    endloop
  endfacet
  facet normal 0 0 -1
    outer loop
      vertex 11.2064 52.1936 0
      vertex 10.6386 53.7199 0
      vertex 10.7244 53.7579 0
    endloop
  endfacet
  facet normal 0 0 -1
    outer loop
      vertex 10.0997 53.0156 0
      vertex 10.7121 52.0715 0
      vertex 10.6126 52.0446 0
    endloop
  endfacet
  facet normal 0 0 -1
    outer loop
      vertex 11.2064 52.1936 0
      vertex 10.5594 53.6768 0
      vertex 10.6386 53.7199 0
    endloop
  endfacet
  facet normal 0 0 -1
    outer loop
      vertex 10.0997 53.0156 0
      vertex 10.6126 52.0446 0
      vertex 10.5228 52.0192 0
    endloop
  endfacet
  facet normal 0 0 -1
    outer loop
      vertex 11.0683 52.1609 0
      vertex 10.1631 53.2058 0
      vertex 10.2032 53.2916 0
    endloop
  endfacet
  facet normal 0 0 -1
    outer loop
      vertex 10.0997 53.0156 0
      vertex 10.5228 52.0192 0
      vertex 10.4426 51.9952 0
    endloop
  endfacet
  facet normal 0 0 -1
    outer loop
      vertex 11.0683 52.1609 0
      vertex 10.1286 53.1137 0
      vertex 10.1631 53.2058 0
    endloop
  endfacet
  facet normal 0 0 -1
    outer loop
      vertex 10.0997 53.0156 0
      vertex 10.4426 51.9952 0
      vertex 10.3721 51.9726 0
    endloop
  endfacet
  facet normal 0 0 -1
    outer loop
      vertex 11.2064 52.1936 0
      vertex 10.4862 53.628 0
      vertex 10.5594 53.6768 0
    endloop
  endfacet
  facet normal 0 0 -1
    outer loop
      vertex 10.0997 53.0156 0
      vertex 10.3721 51.9726 0
      vertex 10.3112 51.9516 0
    endloop
  endfacet
  facet normal 0 0 -1
    outer loop
      vertex 10.9399 52.1296 0
      vertex 10.0997 53.0156 0
      vertex 10.1286 53.1137 0
    endloop
  endfacet
  facet normal 0 0 -1
    outer loop
      vertex 10.0997 53.0156 0
      vertex 10.3112 51.9516 0
      vertex 10.2557 51.9308 0
    endloop
  endfacet
  facet normal 0 0 -1
    outer loop
      vertex 11.2064 52.1936 0
      vertex 10.4186 53.5731 0
      vertex 10.4862 53.628 0
    endloop
  endfacet
  facet normal 0 0 -1
    outer loop
      vertex 11.0683 52.1609 0
      vertex 10.3564 53.512 0
      vertex 10.4186 53.5731 0
    endloop
  endfacet
  facet normal 0 0 -1
    outer loop
      vertex 10.0997 53.0156 0
      vertex 10.2557 51.9308 0
      vertex 10.2015 51.9093 0
    endloop
  endfacet
  facet normal 0 0 -1
    outer loop
      vertex 11.0683 52.1609 0
      vertex 10.2487 53.3712 0
      vertex 10.2998 53.4447 0
    endloop
  endfacet
  facet normal 0 0 -1
    outer loop
      vertex 10.0997 53.0156 0
      vertex 10.2015 51.9093 0
      vertex 10.1484 51.8869 0
    endloop
  endfacet
  facet normal 0 0 -1
    outer loop
      vertex 11.0683 52.1609 0
      vertex 10.2032 53.2916 0
      vertex 10.2487 53.3712 0
    endloop
  endfacet
  facet normal 0 0 -1
    outer loop
      vertex 11.0683 52.1609 0
      vertex 10.2998 53.4447 0
      vertex 10.3564 53.512 0
    endloop
  endfacet
  facet normal 0 0 -1
    outer loop
      vertex 10.0966 51.8638 0
      vertex 10.0997 53.0156 0
      vertex 10.1484 51.8869 0
    endloop
  endfacet
  facet normal 0 0 -1
    outer loop
      vertex 10.046 51.8398 0
      vertex 10.0997 53.0156 0
      vertex 10.0966 51.8638 0
    endloop
  endfacet
  facet normal 0 0 -1
    outer loop
      vertex 9.99654 51.8151 0
      vertex 10.0997 53.0156 0
      vertex 10.046 51.8398 0
    endloop
  endfacet
  facet normal 0 0 -1
    outer loop
      vertex 9.94831 51.7895 0
      vertex 10.0997 53.0156 0
      vertex 9.99654 51.8151 0
    endloop
  endfacet
  facet normal 0 0 -1
    outer loop
      vertex 9.90129 51.7631 0
      vertex 10.0997 53.0156 0
      vertex 9.94831 51.7895 0
    endloop
  endfacet
  facet normal 0 0 -1
    outer loop
      vertex 9.85547 51.736 0
      vertex 10.0997 53.0156 0
      vertex 9.90129 51.7631 0
    endloop
  endfacet
  facet normal 0 0 -1
    outer loop
      vertex 8.94005 53.2068 0
      vertex 9.85547 51.736 0
      vertex 9.81102 51.7077 0
    endloop
  endfacet
  facet normal 0 0 -1
    outer loop
      vertex 8.94005 53.2068 0
      vertex 9.81102 51.7077 0
      vertex 9.76808 51.6783 0
    endloop
  endfacet
  facet normal 0 0 -1
    outer loop
      vertex 8.94005 53.2068 0
      vertex 9.76808 51.6783 0
      vertex 9.72664 51.6475 0
    endloop
  endfacet
  facet normal 0 0 -1
    outer loop
      vertex 8.94005 53.2068 0
      vertex 9.72664 51.6475 0
      vertex 9.68671 51.6156 0
    endloop
  endfacet
  facet normal 0 0 -1
    outer loop
      vertex 8.94005 53.2068 0
      vertex 9.68671 51.6156 0
      vertex 9.64829 51.5823 0
    endloop
  endfacet
  facet normal 0 0 -1
    outer loop
      vertex 8.94005 53.2068 0
      vertex 9.64829 51.5823 0
      vertex 9.61136 51.5478 0
    endloop
  endfacet
  facet normal 0 0 -1
    outer loop
      vertex 8.94005 53.2068 0
      vertex 9.61136 51.5478 0
      vertex 9.57595 51.5121 0
    endloop
  endfacet
  facet normal 0 0 -1
    outer loop
      vertex 8.94005 53.2068 0
      vertex 9.57595 51.5121 0
      vertex 9.54204 51.4751 0
    endloop
  endfacet
  facet normal 0 0 -1
    outer loop
      vertex 8.94005 53.2068 0
      vertex 9.54204 51.4751 0
      vertex 9.50963 51.4368 0
    endloop
  endfacet
  facet normal 0 0 -1
    outer loop
      vertex 8.94005 53.2068 0
      vertex 9.50963 51.4368 0
      vertex 9.47878 51.3972 0
    endloop
  endfacet
  facet normal 0 0 -1
    outer loop
      vertex 8.94005 53.2068 0
      vertex 9.47878 51.3972 0
      vertex 9.44947 51.3561 0
    endloop
  endfacet
  facet normal 0 0 -1
    outer loop
      vertex 8.94005 53.2068 0
      vertex 9.44947 51.3561 0
      vertex 9.42173 51.3134 0
    endloop
  endfacet
  facet normal 0 0 -1
    outer loop
      vertex 8.94005 53.2068 0
      vertex 9.42173 51.3134 0
      vertex 9.39553 51.2693 0
    endloop
  endfacet
  facet normal 0 0 -1
    outer loop
      vertex 8.94005 53.2068 0
      vertex 9.39553 51.2693 0
      vertex 9.3709 51.2236 0
    endloop
  endfacet
  facet normal 0 0 -1
    outer loop
      vertex 8.94005 53.2068 0
      vertex 9.3709 51.2236 0
      vertex 9.34781 51.1764 0
    endloop
  endfacet
  facet normal 0 0 -1
    outer loop
      vertex 8.94005 53.2068 0
      vertex 9.34781 51.1764 0
      vertex 9.3263 51.1278 0
    endloop
  endfacet
  facet normal 0 0 -1
    outer loop
      vertex 9.85547 51.736 0
      vertex 8.94005 53.2068 0
      vertex 10.0997 53.0156 0
    endloop
  endfacet
  facet normal 0 0 -1
    outer loop
      vertex 9.30634 51.0776 0
      vertex 8.94005 53.2068 0
      vertex 9.3263 51.1278 0
    endloop
  endfacet
  facet normal 0 0 -1
    outer loop
      vertex 9.28794 51.0259 0
      vertex 8.94005 53.2068 0
      vertex 9.30634 51.0776 0
    endloop
  endfacet
  facet normal 0 0 -1
    outer loop
      vertex 9.27129 50.9726 0
      vertex 8.94005 53.2068 0
      vertex 9.28794 51.0259 0
    endloop
  endfacet
  facet normal 0 0 -1
    outer loop
      vertex 9.25659 50.9176 0
      vertex 8.94005 53.2068 0
      vertex 9.27129 50.9726 0
    endloop
  endfacet
  facet normal 0 0 -1
    outer loop
      vertex 9.24387 50.8609 0
      vertex 8.94005 53.2068 0
      vertex 9.25659 50.9176 0
    endloop
  endfacet
  facet normal 0 0 -1
    outer loop
      vertex 9.2331 50.8025 0
      vertex 8.94005 53.2068 0
      vertex 9.24387 50.8609 0
    endloop
  endfacet
  facet normal 0 0 -1
    outer loop
      vertex 9.22428 50.7424 0
      vertex 8.94005 53.2068 0
      vertex 9.2331 50.8025 0
    endloop
  endfacet
  facet normal 0 0 -1
    outer loop
      vertex 9.21743 50.6805 0
      vertex 8.94005 53.2068 0
      vertex 9.22428 50.7424 0
    endloop
  endfacet
  facet normal 0 0 -1
    outer loop
      vertex 0 55.4 0
      vertex 9.21743 50.6805 0
      vertex 9.21253 50.617 0
    endloop
  endfacet
  facet normal 0 0 -1
    outer loop
      vertex 0 55.4 0
      vertex 9.21253 50.617 0
      vertex 9.2096 50.5517 0
    endloop
  endfacet
  facet normal 0 0 -1
    outer loop
      vertex 0 55.4 0
      vertex 9.2096 50.5517 0
      vertex 9.20861 50.4848 0
    endloop
  endfacet
  facet normal -0 0 -1
    outer loop
      vertex 31 38.3788 0
      vertex 29.6 35.5945 0
      vertex 29.685 41.4632 0
    endloop
  endfacet
  facet normal 0 0 -1
    outer loop
      vertex 29.6 35.5945 0
      vertex 29.5686 41.5686 0
      vertex 29.685 41.4632 0
    endloop
  endfacet
  facet normal 0 0 -1
    outer loop
      vertex 29.6 35.5945 0
      vertex 29.4632 41.685 0
      vertex 29.5686 41.5686 0
    endloop
  endfacet
  facet normal 0 0 -1
    outer loop
      vertex 29.6 35.5945 0
      vertex 29.3696 41.8111 0
      vertex 29.4632 41.685 0
    endloop
  endfacet
  facet normal 0 0 -1
    outer loop
      vertex 29.2218 42.0877 0
      vertex 29.6 35.5945 0
      vertex 29.3028 34.764 0
    endloop
  endfacet
  facet normal 0 0 -1
    outer loop
      vertex 29.6 35.5945 0
      vertex 29.2889 41.9458 0
      vertex 29.3696 41.8111 0
    endloop
  endfacet
  facet normal 0 0 -1
    outer loop
      vertex 29.6 35.5945 0
      vertex 29.2218 42.0877 0
      vertex 29.2889 41.9458 0
    endloop
  endfacet
  facet normal 0 0 -1
    outer loop
      vertex 19.9427 48.9671 0
      vertex 29.2218 42.0877 0
      vertex 29.3028 34.764 0
    endloop
  endfacet
  facet normal 0 0 -1
    outer loop
      vertex 29.2218 42.0877 0
      vertex 19.9427 48.9671 0
      vertex 29.1689 42.2355 0
    endloop
  endfacet
  facet normal 0 0 -1
    outer loop
      vertex 29.1689 42.2355 0
      vertex 19.9427 48.9671 0
      vertex 29.1307 42.3879 0
    endloop
  endfacet
  facet normal -0 -0 -1
    outer loop
      vertex 21.2163 48.9671 0
      vertex 29.1307 42.3879 0
      vertex 19.9427 48.9671 0
    endloop
  endfacet
  facet normal 0 0 -1
    outer loop
      vertex 15.0358 48.9671 0
      vertex 29.3028 34.764 0
      vertex 28.969 33.4313 0
    endloop
  endfacet
  facet normal 0 0 -1
    outer loop
      vertex 31.5889 44.0304 0
      vertex 33.1752 48.9671 0
      vertex 31.715 43.9368 0
    endloop
  endfacet
  facet normal 0 0 -1
    outer loop
      vertex 31.4542 44.1111 0
      vertex 33.1752 48.9671 0
      vertex 31.5889 44.0304 0
    endloop
  endfacet
  facet normal 0 0 -1
    outer loop
      vertex 31.3123 44.1782 0
      vertex 33.1752 48.9671 0
      vertex 31.4542 44.1111 0
    endloop
  endfacet
  facet normal 0 0 -1
    outer loop
      vertex 31.1645 44.2311 0
      vertex 33.1752 48.9671 0
      vertex 31.3123 44.1782 0
    endloop
  endfacet
  facet normal 0 0 -1
    outer loop
      vertex 31.0121 44.2693 0
      vertex 33.1752 48.9671 0
      vertex 31.1645 44.2311 0
    endloop
  endfacet
  facet normal 0 0 -1
    outer loop
      vertex 30.8568 44.2923 0
      vertex 33.1752 48.9671 0
      vertex 31.0121 44.2693 0
    endloop
  endfacet
  facet normal -0 0 -1
    outer loop
      vertex 33.1752 48.9671 0
      vertex 30.8568 44.2923 0
      vertex 28.6588 48.9671 0
    endloop
  endfacet
  facet normal 0 0 -1
    outer loop
      vertex 28.6588 48.9671 0
      vertex 30.8568 44.2923 0
      vertex 30.7 44.3 0
    endloop
  endfacet
  facet normal 0 0 -1
    outer loop
      vertex 28.6588 48.9671 0
      vertex 30.7 44.3 0
      vertex 30.5432 44.2923 0
    endloop
  endfacet
  facet normal 0 0 -1
    outer loop
      vertex 28.6588 48.9671 0
      vertex 30.5432 44.2923 0
      vertex 30.3879 44.2693 0
    endloop
  endfacet
  facet normal 0 0 -1
    outer loop
      vertex 28.6588 48.9671 0
      vertex 30.3879 44.2693 0
      vertex 30.2355 44.2311 0
    endloop
  endfacet
  facet normal 0 0 -1
    outer loop
      vertex 28.6588 48.9671 0
      vertex 30.2355 44.2311 0
      vertex 30.0877 44.1782 0
    endloop
  endfacet
  facet normal 0 0 -1
    outer loop
      vertex 28.6588 48.9671 0
      vertex 30.0877 44.1782 0
      vertex 29.9458 44.1111 0
    endloop
  endfacet
  facet normal 0 0 -1
    outer loop
      vertex 28.6588 48.9671 0
      vertex 29.9458 44.1111 0
      vertex 29.8111 44.0304 0
    endloop
  endfacet
  facet normal 0 0 -1
    outer loop
      vertex 28.6588 48.9671 0
      vertex 29.8111 44.0304 0
      vertex 29.685 43.9368 0
    endloop
  endfacet
  facet normal 0 0 -1
    outer loop
      vertex 27.4585 48.9671 0
      vertex 29.685 43.9368 0
      vertex 29.5686 43.8314 0
    endloop
  endfacet
  facet normal 0 0 -1
    outer loop
      vertex 27.4585 48.9671 0
      vertex 29.5686 43.8314 0
      vertex 29.4632 43.715 0
    endloop
  endfacet
  facet normal 0 0 -1
    outer loop
      vertex 27.4585 48.9671 0
      vertex 29.4632 43.715 0
      vertex 29.3696 43.5889 0
    endloop
  endfacet
  facet normal 0 0 -1
    outer loop
      vertex 27.4585 48.9671 0
      vertex 29.3696 43.5889 0
      vertex 29.2889 43.4542 0
    endloop
  endfacet
  facet normal 0 0 -1
    outer loop
      vertex 27.4585 48.9671 0
      vertex 29.2889 43.4542 0
      vertex 29.2218 43.3123 0
    endloop
  endfacet
  facet normal 0 0 -1
    outer loop
      vertex 27.4585 48.9671 0
      vertex 29.2218 43.3123 0
      vertex 29.1689 43.1645 0
    endloop
  endfacet
  facet normal 0 0 -1
    outer loop
      vertex 27.4585 48.9671 0
      vertex 29.1689 43.1645 0
      vertex 29.1307 43.0121 0
    endloop
  endfacet
  facet normal 0 0 -1
    outer loop
      vertex 15.0358 48.9671 0
      vertex 28.969 33.4313 0
      vertex 28.7674 32.0722 0
    endloop
  endfacet
  facet normal 0 0 -1
    outer loop
      vertex 11.7215 48.8858 0
      vertex 28.7674 32.0722 0
      vertex 28.7 30.7 0
    endloop
  endfacet
  facet normal 0 0 -1
    outer loop
      vertex 29.1307 42.3879 0
      vertex 21.2163 48.9671 0
      vertex 29.1077 42.5432 0
    endloop
  endfacet
  facet normal 0 0 -1
    outer loop
      vertex 27.4585 48.9671 0
      vertex 29.1077 42.8568 0
      vertex 29.1 42.7 0
    endloop
  endfacet
  facet normal 0 0 -1
    outer loop
      vertex 27.4585 48.9671 0
      vertex 29.1307 43.0121 0
      vertex 29.1077 42.8568 0
    endloop
  endfacet
  facet normal 0 0 -1
    outer loop
      vertex 33.1752 48.9671 0
      vertex 28.6588 48.9671 0
      vertex 31.7348 53.7723 0
    endloop
  endfacet
  facet normal -0 0 -1
    outer loop
      vertex 31.7348 53.7723 0
      vertex 28.6588 48.9671 0
      vertex 28.6588 53.7723 0
    endloop
  endfacet
  facet normal 0 0 -1
    outer loop
      vertex 34.2 41.8051 0
      vertex 32.2923 42.5432 0
      vertex 32.3 42.7 0
    endloop
  endfacet
  facet normal 0 0 -1
    outer loop
      vertex 34.2 41.8051 0
      vertex 32.2693 42.3879 0
      vertex 32.2923 42.5432 0
    endloop
  endfacet
  facet normal 0 0 -1
    outer loop
      vertex 34.2 41.8051 0
      vertex 32.2311 42.2355 0
      vertex 32.2693 42.3879 0
    endloop
  endfacet
  facet normal 0 0 -1
    outer loop
      vertex 34.2 41.8051 0
      vertex 32.1782 42.0877 0
      vertex 32.2311 42.2355 0
    endloop
  endfacet
  facet normal 0 0 -1
    outer loop
      vertex 32.8 40.5989 0
      vertex 32.1111 41.9458 0
      vertex 32.1782 42.0877 0
    endloop
  endfacet
  facet normal 0 0 -1
    outer loop
      vertex 32.8 40.5989 0
      vertex 32.0303 41.8111 0
      vertex 32.1111 41.9458 0
    endloop
  endfacet
  facet normal 0 0 -1
    outer loop
      vertex 32.8 40.5989 0
      vertex 31.9368 41.685 0
      vertex 32.0303 41.8111 0
    endloop
  endfacet
  facet normal 0 0 -1
    outer loop
      vertex 31.4542 41.2889 0
      vertex 32.8 40.5989 0
      vertex 31.8779 39.5815 0
    endloop
  endfacet
  facet normal 0 0 -1
    outer loop
      vertex 32.8 40.5989 0
      vertex 31.8314 41.5686 0
      vertex 31.9368 41.685 0
    endloop
  endfacet
  facet normal 0 0 -1
    outer loop
      vertex 32.8 40.5989 0
      vertex 31.715 41.4632 0
      vertex 31.8314 41.5686 0
    endloop
  endfacet
  facet normal 0 0 -1
    outer loop
      vertex 32.8 40.5989 0
      vertex 31.5889 41.3696 0
      vertex 31.715 41.4632 0
    endloop
  endfacet
  facet normal 0 0 -1
    outer loop
      vertex 32.8 40.5989 0
      vertex 31.4542 41.2889 0
      vertex 31.5889 41.3696 0
    endloop
  endfacet
  facet normal 0 0 -1
    outer loop
      vertex 31.8779 39.5815 0
      vertex 31.3123 41.2218 0
      vertex 31.4542 41.2889 0
    endloop
  endfacet
  facet normal 0 0 -1
    outer loop
      vertex 31.8779 39.5815 0
      vertex 31.1645 41.1689 0
      vertex 31.3123 41.2218 0
    endloop
  endfacet
  facet normal 0 0 -1
    outer loop
      vertex 30.5432 41.1077 0
      vertex 31.8779 39.5815 0
      vertex 31.0594 38.478 0
    endloop
  endfacet
  facet normal 0 0 -1
    outer loop
      vertex 31.8779 39.5815 0
      vertex 31.0121 41.1307 0
      vertex 31.1645 41.1689 0
    endloop
  endfacet
  facet normal 0 0 -1
    outer loop
      vertex 30.0877 41.2218 0
      vertex 31.0594 38.478 0
      vertex 31 38.3788 0
    endloop
  endfacet
  facet normal 0 0 -1
    outer loop
      vertex 31 23.0212 0
      vertex 29.6 25.8055 0
      vertex 31 38.3788 0
    endloop
  endfacet
  facet normal 0 0 -1
    outer loop
      vertex 29.6 35.5945 0
      vertex 31 38.3788 0
      vertex 29.6 25.8055 0
    endloop
  endfacet
  facet normal 0 0 -1
    outer loop
      vertex 29.6 25.8055 0
      vertex 30.8568 20.2923 0
      vertex 30.7 20.3 0
    endloop
  endfacet
  facet normal 0 0 -1
    outer loop
      vertex 31.8779 39.5815 0
      vertex 30.8568 41.1077 0
      vertex 31.0121 41.1307 0
    endloop
  endfacet
  facet normal 0 0 -1
    outer loop
      vertex 29.6 25.8055 0
      vertex 30.7 20.3 0
      vertex 30.5432 20.2923 0
    endloop
  endfacet
  facet normal 0 0 -1
    outer loop
      vertex 31.8779 39.5815 0
      vertex 30.7 41.1 0
      vertex 30.8568 41.1077 0
    endloop
  endfacet
  facet normal 0 0 -1
    outer loop
      vertex 29.6 25.8055 0
      vertex 30.5432 20.2923 0
      vertex 30.3879 20.2693 0
    endloop
  endfacet
  facet normal 0 0 -1
    outer loop
      vertex 31.8779 39.5815 0
      vertex 30.5432 41.1077 0
      vertex 30.7 41.1 0
    endloop
  endfacet
  facet normal 0 0 -1
    outer loop
      vertex 29.6 25.8055 0
      vertex 30.3879 20.2693 0
      vertex 30.2355 20.2311 0
    endloop
  endfacet
  facet normal 0 0 -1
    outer loop
      vertex 31.0594 38.478 0
      vertex 30.3879 41.1307 0
      vertex 30.5432 41.1077 0
    endloop
  endfacet
  facet normal 0 0 -1
    outer loop
      vertex 29.6 25.8055 0
      vertex 30.2355 20.2311 0
      vertex 30.0877 20.1782 0
    endloop
  endfacet
  facet normal 0 0 -1
    outer loop
      vertex 31.0594 38.478 0
      vertex 30.2355 41.1689 0
      vertex 30.3879 41.1307 0
    endloop
  endfacet
  facet normal 0 0 -1
    outer loop
      vertex 29.6 25.8055 0
      vertex 30.0877 20.1782 0
      vertex 29.9458 20.1111 0
    endloop
  endfacet
  facet normal 0 0 -1
    outer loop
      vertex 31.0594 38.478 0
      vertex 30.0877 41.2218 0
      vertex 30.2355 41.1689 0
    endloop
  endfacet
  facet normal 0 0 -1
    outer loop
      vertex 29.6 25.8055 0
      vertex 29.9458 20.1111 0
      vertex 29.8111 20.0304 0
    endloop
  endfacet
  facet normal 0 0 -1
    outer loop
      vertex 31 38.3788 0
      vertex 29.9458 41.2889 0
      vertex 30.0877 41.2218 0
    endloop
  endfacet
  facet normal 0 0 -1
    outer loop
      vertex 29.6 25.8055 0
      vertex 29.8111 20.0304 0
      vertex 29.685 19.9368 0
    endloop
  endfacet
  facet normal 0 0 -1
    outer loop
      vertex 31 38.3788 0
      vertex 29.8111 41.3696 0
      vertex 29.9458 41.2889 0
    endloop
  endfacet
  facet normal 0 0 -1
    outer loop
      vertex 31 38.3788 0
      vertex 29.685 41.4632 0
      vertex 29.8111 41.3696 0
    endloop
  endfacet
  facet normal 0 0 -1
    outer loop
      vertex 29.5686 19.8314 0
      vertex 29.6 25.8055 0
      vertex 29.685 19.9368 0
    endloop
  endfacet
  facet normal 0 0 -1
    outer loop
      vertex 29.4632 19.715 0
      vertex 29.6 25.8055 0
      vertex 29.5686 19.8314 0
    endloop
  endfacet
  facet normal 0 0 -1
    outer loop
      vertex 29.3696 19.5889 0
      vertex 29.6 25.8055 0
      vertex 29.4632 19.715 0
    endloop
  endfacet
  facet normal 0 0 -1
    outer loop
      vertex 29.2889 19.4542 0
      vertex 29.6 25.8055 0
      vertex 29.3696 19.5889 0
    endloop
  endfacet
  facet normal 0 0 -1
    outer loop
      vertex 29.2218 19.3123 0
      vertex 29.6 25.8055 0
      vertex 29.2889 19.4542 0
    endloop
  endfacet
  facet normal -0 0 -1
    outer loop
      vertex 29.6 25.8055 0
      vertex 29.2218 19.3123 0
      vertex 29.3028 26.636 0
    endloop
  endfacet
  facet normal 0 0 -1
    outer loop
      vertex 29.1689 19.1645 0
      vertex 29.3028 26.636 0
      vertex 29.2218 19.3123 0
    endloop
  endfacet
  facet normal 0 0 -1
    outer loop
      vertex 29.1307 19.0121 0
      vertex 29.3028 26.636 0
      vertex 29.1689 19.1645 0
    endloop
  endfacet
  facet normal 0 0 -1
    outer loop
      vertex 0 6.00001 0
      vertex 29.1307 19.0121 0
      vertex 29.1077 18.8568 0
    endloop
  endfacet
  facet normal 0 0 -1
    outer loop
      vertex 0 6.00001 0
      vertex 29.1077 18.8568 0
      vertex 29.1 18.7 0
    endloop
  endfacet
  facet normal 0 0 -1
    outer loop
      vertex 29.1307 19.0121 0
      vertex 28.969 27.9687 0
      vertex 29.3028 26.636 0
    endloop
  endfacet
  facet normal 0 0 -1
    outer loop
      vertex 32.2693 43.0121 0
      vertex 34.922 42.3406 0
      vertex 34.2 41.8051 0
    endloop
  endfacet
  facet normal 0 0 -1
    outer loop
      vertex 32.0303 43.5889 0
      vertex 34.922 42.3406 0
      vertex 32.1111 43.4542 0
    endloop
  endfacet
  facet normal 0 0 -1
    outer loop
      vertex 42.0493 48.9671 0
      vertex 45.4313 44.431 0
      vertex 44.0722 44.6326 0
    endloop
  endfacet
  facet normal 0 0 -1
    outer loop
      vertex 42.0493 48.9671 0
      vertex 44.0722 44.6326 0
      vertex 43.8 44.646 0
    endloop
  endfacet
  facet normal 0 0 -1
    outer loop
      vertex 42.4 44.6853 0
      vertex 43.8 44.646 0
      vertex 42.4 16.7147 0
    endloop
  endfacet
  facet normal 0 0 -1
    outer loop
      vertex 42.0493 48.9671 0
      vertex 43.8 44.646 0
      vertex 42.4 44.6853 0
    endloop
  endfacet
  facet normal 0 0 -1
    outer loop
      vertex 45.4313 44.431 0
      vertex 42.0493 48.9671 0
      vertex 44.1325 54.7 0
    endloop
  endfacet
  facet normal 0 0 -1
    outer loop
      vertex 41.3278 44.6326 0
      vertex 42.0493 48.9671 0
      vertex 42.4 44.6853 0
    endloop
  endfacet
  facet normal 0 0 -1
    outer loop
      vertex 41.3278 44.6326 0
      vertex 40.6333 48.9671 0
      vertex 42.0493 48.9671 0
    endloop
  endfacet
  facet normal 0 0 -1
    outer loop
      vertex 40.6 44.5246 0
      vertex 40.6333 48.9671 0
      vertex 41.3278 44.6326 0
    endloop
  endfacet
  facet normal 0 0 -1
    outer loop
      vertex 39.2 44.2384 0
      vertex 40.6 44.5246 0
      vertex 39.2 17.1616 0
    endloop
  endfacet
  facet normal -0 0 -1
    outer loop
      vertex 40.6 44.5246 0
      vertex 39.2 44.2384 0
      vertex 40.6333 48.9671 0
    endloop
  endfacet
  facet normal 0 0 -1
    outer loop
      vertex 38.636 44.0972 0
      vertex 40.6333 48.9671 0
      vertex 39.2 44.2384 0
    endloop
  endfacet
  facet normal 0 0 -1
    outer loop
      vertex 34.3755 48.9671 0
      vertex 40.6333 48.9671 0
      vertex 38.636 44.0972 0
    endloop
  endfacet
  facet normal 0 0 -1
    outer loop
      vertex 40.6333 48.9671 0
      vertex 37.4515 53.7723 0
      vertex 38.542 54.7 0
    endloop
  endfacet
  facet normal 0 0 -1
    outer loop
      vertex 34.3755 48.9671 0
      vertex 38.636 44.0972 0
      vertex 37.4 43.6549 0
    endloop
  endfacet
  facet normal 0 0 -1
    outer loop
      vertex 36 42.9867 0
      vertex 37.4 43.6549 0
      vertex 36 18.4133 0
    endloop
  endfacet
  facet normal 0 0 -1
    outer loop
      vertex 34.3755 48.9671 0
      vertex 37.4 43.6549 0
      vertex 36 42.9867 0
    endloop
  endfacet
  facet normal 0 0 -1
    outer loop
      vertex 34.3755 48.9671 0
      vertex 36 42.9867 0
      vertex 34.922 42.3406 0
    endloop
  endfacet
  facet normal 0 0 -1
    outer loop
      vertex 40.6333 48.9671 0
      vertex 34.3755 48.9671 0
      vertex 37.4515 53.7723 0
    endloop
  endfacet
  facet normal -0 0 -1
    outer loop
      vertex 37.4515 53.7723 0
      vertex 34.3755 48.9671 0
      vertex 34.3755 53.7723 0
    endloop
  endfacet
  facet normal 0 0 -1
    outer loop
      vertex 32.2693 19.0121 0
      vertex 34.2 19.5949 0
      vertex 32.2923 18.8568 0
    endloop
  endfacet
  facet normal 0 0 -1
    outer loop
      vertex 32.2311 19.1645 0
      vertex 34.2 19.5949 0
      vertex 32.2693 19.0121 0
    endloop
  endfacet
  facet normal 0 0 -1
    outer loop
      vertex 32.1782 19.3123 0
      vertex 34.2 19.5949 0
      vertex 32.2311 19.1645 0
    endloop
  endfacet
  facet normal -0 0 -1
    outer loop
      vertex 34.2 19.5949 0
      vertex 32.1782 19.3123 0
      vertex 32.8 20.8011 0
    endloop
  endfacet
  facet normal 0 0 -1
    outer loop
      vertex 32.1111 19.4542 0
      vertex 32.8 20.8011 0
      vertex 32.1782 19.3123 0
    endloop
  endfacet
  facet normal 0 0 -1
    outer loop
      vertex 32.0303 19.5889 0
      vertex 32.8 20.8011 0
      vertex 32.1111 19.4542 0
    endloop
  endfacet
  facet normal 0 0 -1
    outer loop
      vertex 31.9368 19.715 0
      vertex 32.8 20.8011 0
      vertex 32.0303 19.5889 0
    endloop
  endfacet
  facet normal 0 0 -1
    outer loop
      vertex 31.8314 19.8314 0
      vertex 32.8 20.8011 0
      vertex 31.9368 19.715 0
    endloop
  endfacet
  facet normal 0 0 -1
    outer loop
      vertex 31.715 19.9368 0
      vertex 32.8 20.8011 0
      vertex 31.8314 19.8314 0
    endloop
  endfacet
  facet normal 0 0 -1
    outer loop
      vertex 31.5889 20.0304 0
      vertex 32.8 20.8011 0
      vertex 31.715 19.9368 0
    endloop
  endfacet
  facet normal 0 0 -1
    outer loop
      vertex 31.4542 20.1111 0
      vertex 32.8 20.8011 0
      vertex 31.5889 20.0304 0
    endloop
  endfacet
  facet normal -0 0 -1
    outer loop
      vertex 32.8 20.8011 0
      vertex 31.4542 20.1111 0
      vertex 31.8779 21.8185 0
    endloop
  endfacet
  facet normal 0 0 -1
    outer loop
      vertex 31.3123 20.1782 0
      vertex 31.8779 21.8185 0
      vertex 31.4542 20.1111 0
    endloop
  endfacet
  facet normal 0 0 -1
    outer loop
      vertex 31.1645 20.2311 0
      vertex 31.8779 21.8185 0
      vertex 31.3123 20.1782 0
    endloop
  endfacet
  facet normal 0 0 -1
    outer loop
      vertex 31.0121 20.2693 0
      vertex 31.8779 21.8185 0
      vertex 31.1645 20.2311 0
    endloop
  endfacet
  facet normal 0 0 -1
    outer loop
      vertex 30.8568 20.2923 0
      vertex 31.8779 21.8185 0
      vertex 31.0121 20.2693 0
    endloop
  endfacet
  facet normal -0 0 -1
    outer loop
      vertex 31.8779 21.8185 0
      vertex 30.8568 20.2923 0
      vertex 31.0594 22.922 0
    endloop
  endfacet
  facet normal 0 0 -1
    outer loop
      vertex 29.6 25.8055 0
      vertex 31 23.0212 0
      vertex 30.8568 20.2923 0
    endloop
  endfacet
  facet normal -0 0 -1
    outer loop
      vertex 31.0594 22.922 0
      vertex 30.8568 20.2923 0
      vertex 31 23.0212 0
    endloop
  endfacet
  facet normal 0 0 -1
    outer loop
      vertex 56.2311 19.1645 0
      vertex 96.4 6.00001 0
      vertex 56.2693 19.0121 0
    endloop
  endfacet
  facet normal 0 0 -1
    outer loop
      vertex 96.4 55.4 0
      vertex 56.2923 42.5432 0
      vertex 56.3 42.7 0
    endloop
  endfacet
  facet normal 0 0 -1
    outer loop
      vertex 55.2 24.4242 0
      vertex 96.4 6.00001 0
      vertex 56.2311 19.1645 0
    endloop
  endfacet
  facet normal 0 0 -1
    outer loop
      vertex 96.4 55.4 0
      vertex 56.2693 42.3879 0
      vertex 56.2923 42.5432 0
    endloop
  endfacet
  facet normal 0 0 -1
    outer loop
      vertex 96.4 6.00001 0
      vertex 55.2 24.4242 0
      vertex 96.4 55.4 0
    endloop
  endfacet
  facet normal 0 0 -1
    outer loop
      vertex 96.4 55.4 0
      vertex 56.2311 42.2355 0
      vertex 56.2693 42.3879 0
    endloop
  endfacet
  facet normal 0 0 -1
    outer loop
      vertex 55.2 24.4242 0
      vertex 56.2311 19.1645 0
      vertex 56.1782 19.3123 0
    endloop
  endfacet
  facet normal 0 0 -1
    outer loop
      vertex 55.2 36.9758 0
      vertex 96.4 55.4 0
      vertex 55.2 24.4242 0
    endloop
  endfacet
  facet normal 0 0 -1
    outer loop
      vertex 55.2 24.4242 0
      vertex 56.1782 19.3123 0
      vertex 56.1111 19.4542 0
    endloop
  endfacet
  facet normal 0 0 -1
    outer loop
      vertex 96.4 55.4 0
      vertex 55.2 36.9758 0
      vertex 56.2311 42.2355 0
    endloop
  endfacet
  facet normal 0 0 -1
    outer loop
      vertex 55.2 24.4242 0
      vertex 56.1111 19.4542 0
      vertex 56.0303 19.5889 0
    endloop
  endfacet
  facet normal 0 0 -1
    outer loop
      vertex 56.2311 42.2355 0
      vertex 55.2 36.9758 0
      vertex 56.1782 42.0877 0
    endloop
  endfacet
  facet normal 0 0 -1
    outer loop
      vertex 55.2 24.4242 0
      vertex 56.0303 19.5889 0
      vertex 55.9368 19.715 0
    endloop
  endfacet
  facet normal 0 0 -1
    outer loop
      vertex 56.1782 42.0877 0
      vertex 55.2 36.9758 0
      vertex 56.1111 41.9458 0
    endloop
  endfacet
  facet normal 0 0 -1
    outer loop
      vertex 55.2 24.4242 0
      vertex 55.9368 19.715 0
      vertex 55.8314 19.8314 0
    endloop
  endfacet
  facet normal 0 0 -1
    outer loop
      vertex 56.1111 41.9458 0
      vertex 55.2 36.9758 0
      vertex 56.0303 41.8111 0
    endloop
  endfacet
  facet normal 0 0 -1
    outer loop
      vertex 55.0469 24.1004 0
      vertex 55.8314 19.8314 0
      vertex 55.715 19.9368 0
    endloop
  endfacet
  facet normal 0 0 -1
    outer loop
      vertex 56.0303 41.8111 0
      vertex 55.2 36.9758 0
      vertex 55.9368 41.685 0
    endloop
  endfacet
  facet normal 0 0 -1
    outer loop
      vertex 55.0469 24.1004 0
      vertex 55.715 19.9368 0
      vertex 55.5889 20.0304 0
    endloop
  endfacet
  facet normal 0 0 -1
    outer loop
      vertex 55.9368 41.685 0
      vertex 55.2 36.9758 0
      vertex 55.8314 41.5686 0
    endloop
  endfacet
  facet normal 0 0 -1
    outer loop
      vertex 55.0469 24.1004 0
      vertex 55.5889 20.0304 0
      vertex 55.4542 20.1111 0
    endloop
  endfacet
  facet normal 0 0 -1
    outer loop
      vertex 55.0469 37.2996 0
      vertex 55.8314 41.5686 0
      vertex 55.2 36.9758 0
    endloop
  endfacet
  facet normal 0 0 -1
    outer loop
      vertex 54.3406 22.922 0
      vertex 55.4542 20.1111 0
      vertex 55.3123 20.1782 0
    endloop
  endfacet
  facet normal 0 0 -1
    outer loop
      vertex 55.8314 41.5686 0
      vertex 55.0469 37.2996 0
      vertex 55.715 41.4632 0
    endloop
  endfacet
  facet normal 0 0 -1
    outer loop
      vertex 55.715 41.4632 0
      vertex 55.0469 37.2996 0
      vertex 55.5889 41.3696 0
    endloop
  endfacet
  facet normal 0 0 -1
    outer loop
      vertex 54.3406 22.922 0
      vertex 55.3123 20.1782 0
      vertex 55.1645 20.2311 0
    endloop
  endfacet
  facet normal 0 0 -1
    outer loop
      vertex 55.8314 19.8314 0
      vertex 55.0469 24.1004 0
      vertex 55.2 24.4242 0
    endloop
  endfacet
  facet normal 0 0 -1
    outer loop
      vertex 54.3406 22.922 0
      vertex 55.1645 20.2311 0
      vertex 55.0121 20.2693 0
    endloop
  endfacet
  facet normal 0 0 -1
    outer loop
      vertex 54.3406 22.922 0
      vertex 55.0121 20.2693 0
      vertex 54.8568 20.2923 0
    endloop
  endfacet
  facet normal 0 0 -1
    outer loop
      vertex 53.5221 21.8185 0
      vertex 54.8568 20.2923 0
      vertex 54.7 20.3 0
    endloop
  endfacet
  facet normal 0 0 -1
    outer loop
      vertex 53.5221 21.8185 0
      vertex 54.7 20.3 0
      vertex 54.5432 20.2923 0
    endloop
  endfacet
  facet normal 0 0 -1
    outer loop
      vertex 53.5221 21.8185 0
      vertex 54.5432 20.2923 0
      vertex 54.3879 20.2693 0
    endloop
  endfacet
  facet normal 0 0 -1
    outer loop
      vertex 55.4542 20.1111 0
      vertex 54.3406 22.922 0
      vertex 55.0469 24.1004 0
    endloop
  endfacet
  facet normal 0 0 -1
    outer loop
      vertex 53.4 21.6837 0
      vertex 54.3879 20.2693 0
      vertex 54.2355 20.2311 0
    endloop
  endfacet
  facet normal 0 0 -1
    outer loop
      vertex 53.4 21.6837 0
      vertex 54.2355 20.2311 0
      vertex 54.0877 20.1782 0
    endloop
  endfacet
  facet normal 0 0 -1
    outer loop
      vertex 53.4 21.6837 0
      vertex 54.0877 20.1782 0
      vertex 53.9458 20.1111 0
    endloop
  endfacet
  facet normal 0 0 -1
    outer loop
      vertex 53.4 21.6837 0
      vertex 53.9458 20.1111 0
      vertex 53.8111 20.0304 0
    endloop
  endfacet
  facet normal 0 0 -1
    outer loop
      vertex 53.4 21.6837 0
      vertex 53.8111 20.0304 0
      vertex 53.685 19.9368 0
    endloop
  endfacet
  facet normal 0 0 -1
    outer loop
      vertex 52 20.2572 0
      vertex 53.685 19.9368 0
      vertex 53.5686 19.8314 0
    endloop
  endfacet
  facet normal 0 0 -1
    outer loop
      vertex 54.8568 20.2923 0
      vertex 53.5221 21.8185 0
      vertex 54.3406 22.922 0
    endloop
  endfacet
  facet normal 0 0 -1
    outer loop
      vertex 52 20.2572 0
      vertex 53.5686 19.8314 0
      vertex 53.4632 19.715 0
    endloop
  endfacet
  facet normal 0 0 -1
    outer loop
      vertex 54.3879 20.2693 0
      vertex 53.4 21.6837 0
      vertex 53.5221 21.8185 0
    endloop
  endfacet
  facet normal 0 0 -1
    outer loop
      vertex 53.685 19.9368 0
      vertex 52 20.2572 0
      vertex 53.4 21.6837 0
    endloop
  endfacet
  facet normal 0 0 -1
    outer loop
      vertex 52 20.2572 0
      vertex 53.4632 19.715 0
      vertex 53.3696 19.5889 0
    endloop
  endfacet
  facet normal 0 0 -1
    outer loop
      vertex 90.4 6.10352e-06 0
      vertex 96.4 6.00001 0
      vertex 96.3711 5.4119 0
    endloop
  endfacet
  facet normal 0 0 -1
    outer loop
      vertex 56.2923 18.8568 0
      vertex 96.4 6.00001 0
      vertex 56.3 18.7 0
    endloop
  endfacet
  facet normal 0 0 -1
    outer loop
      vertex 90.4 6.10352e-06 0
      vertex 96.3711 5.4119 0
      vertex 96.2847 4.82946 0
    endloop
  endfacet
  facet normal 0 0 -1
    outer loop
      vertex 56.2693 19.0121 0
      vertex 96.4 6.00001 0
      vertex 56.2923 18.8568 0
    endloop
  endfacet
  facet normal 0 0 -1
    outer loop
      vertex 90.4 6.10352e-06 0
      vertex 96.2847 4.82946 0
      vertex 96.1416 4.25829 0
    endloop
  endfacet
  facet normal 0 -0 -1
    outer loop
      vertex 90.4 61.4 0
      vertex 96.4 55.4 0
      vertex 56.3 42.7 0
    endloop
  endfacet
  facet normal 0 0 -1
    outer loop
      vertex 90.4 6.10352e-06 0
      vertex 96.1416 4.25829 0
      vertex 95.9433 3.70391 0
    endloop
  endfacet
  facet normal 0 0 -1
    outer loop
      vertex 96.4 55.4 0
      vertex 90.4 61.4 0
      vertex 96.3711 55.9881 0
    endloop
  endfacet
  facet normal 0 0 -1
    outer loop
      vertex 90.4 6.10352e-06 0
      vertex 95.9433 3.70391 0
      vertex 95.6915 3.17162 0
    endloop
  endfacet
  facet normal 0 0 -1
    outer loop
      vertex 96.3711 55.9881 0
      vertex 90.4 61.4 0
      vertex 96.2847 56.5705 0
    endloop
  endfacet
  facet normal 0 0 -1
    outer loop
      vertex 90.4 6.10352e-06 0
      vertex 95.6915 3.17162 0
      vertex 95.3888 2.66659 0
    endloop
  endfacet
  facet normal 0 0 -1
    outer loop
      vertex 96.2847 56.5705 0
      vertex 90.4 61.4 0
      vertex 96.1416 57.1417 0
    endloop
  endfacet
  facet normal 0 0 -1
    outer loop
      vertex 90.4 6.10352e-06 0
      vertex 95.3888 2.66659 0
      vertex 95.0381 2.19364 0
    endloop
  endfacet
  facet normal 0 0 -1
    outer loop
      vertex 96.1416 57.1417 0
      vertex 90.4 61.4 0
      vertex 95.9433 57.6961 0
    endloop
  endfacet
  facet normal 0 0 -1
    outer loop
      vertex 90.4 6.10352e-06 0
      vertex 95.0381 2.19364 0
      vertex 94.6426 1.75736 0
    endloop
  endfacet
  facet normal 0 0 -1
    outer loop
      vertex 95.9433 57.6961 0
      vertex 90.4 61.4 0
      vertex 95.6915 58.2284 0
    endloop
  endfacet
  facet normal 0 0 -1
    outer loop
      vertex 90.4 6.10352e-06 0
      vertex 94.6426 1.75736 0
      vertex 94.2064 1.36194 0
    endloop
  endfacet
  facet normal 0 0 -1
    outer loop
      vertex 95.6915 58.2284 0
      vertex 90.4 61.4 0
      vertex 95.3888 58.7334 0
    endloop
  endfacet
  facet normal 0 0 -1
    outer loop
      vertex 90.4 6.10352e-06 0
      vertex 94.2064 1.36194 0
      vertex 93.7334 1.01119 0
    endloop
  endfacet
  facet normal 0 0 -1
    outer loop
      vertex 95.3888 58.7334 0
      vertex 90.4 61.4 0
      vertex 95.0381 59.2064 0
    endloop
  endfacet
  facet normal 0 0 -1
    outer loop
      vertex 90.4 6.10352e-06 0
      vertex 93.7334 1.01119 0
      vertex 93.2284 0.708472 0
    endloop
  endfacet
  facet normal 0 0 -1
    outer loop
      vertex 95.0381 59.2064 0
      vertex 90.4 61.4 0
      vertex 94.6426 59.6426 0
    endloop
  endfacet
  facet normal 0 0 -1
    outer loop
      vertex 90.4 6.10352e-06 0
      vertex 93.2284 0.708472 0
      vertex 92.6961 0.456732 0
    endloop
  endfacet
  facet normal -0 0 -1
    outer loop
      vertex 96.4 6.00001 0
      vertex 90.4 6.10352e-06 0
      vertex 56.3 18.7 0
    endloop
  endfacet
  facet normal 0 0 -1
    outer loop
      vertex 90.4 6.10352e-06 0
      vertex 92.6961 0.456732 0
      vertex 92.1417 0.258368 0
    endloop
  endfacet
  facet normal 0 0 -1
    outer loop
      vertex 94.6426 59.6426 0
      vertex 90.4 61.4 0
      vertex 94.2064 60.0381 0
    endloop
  endfacet
  facet normal 0 0 -1
    outer loop
      vertex 90.4 6.10352e-06 0
      vertex 92.1417 0.258368 0
      vertex 91.5705 0.115302 0
    endloop
  endfacet
  facet normal 0 0 -1
    outer loop
      vertex 93.2284 60.6915 0
      vertex 90.4 61.4 0
      vertex 92.6961 60.9433 0
    endloop
  endfacet
  facet normal 0 0 -1
    outer loop
      vertex 90.4 6.10352e-06 0
      vertex 91.5705 0.115302 0
      vertex 90.9881 0.028891 0
    endloop
  endfacet
  facet normal 0 0 -1
    outer loop
      vertex 92.6961 60.9433 0
      vertex 90.4 61.4 0
      vertex 92.1417 61.1416 0
    endloop
  endfacet
  facet normal 0 0 -1
    outer loop
      vertex 92.1417 61.1416 0
      vertex 90.4 61.4 0
      vertex 91.5705 61.2847 0
    endloop
  endfacet
  facet normal 0 0 -1
    outer loop
      vertex 91.5705 61.2847 0
      vertex 90.4 61.4 0
      vertex 90.9881 61.3711 0
    endloop
  endfacet
  facet normal 0 0 -1
    outer loop
      vertex 94.2064 60.0381 0
      vertex 90.4 61.4 0
      vertex 93.7334 60.3888 0
    endloop
  endfacet
  facet normal 0 0 -1
    outer loop
      vertex 90.4 6.10352e-06 0
      vertex 56.2923 18.5432 0
      vertex 56.3 18.7 0
    endloop
  endfacet
  facet normal 0 0 -1
    outer loop
      vertex 90.4 6.10352e-06 0
      vertex 56.2693 18.3879 0
      vertex 56.2923 18.5432 0
    endloop
  endfacet
  facet normal 0 0 -1
    outer loop
      vertex 90.4 6.10352e-06 0
      vertex 56.2311 18.2355 0
      vertex 56.2693 18.3879 0
    endloop
  endfacet
  facet normal 0 0 -1
    outer loop
      vertex 90.4 6.10352e-06 0
      vertex 56.1782 18.0877 0
      vertex 56.2311 18.2355 0
    endloop
  endfacet
  facet normal 0 0 -1
    outer loop
      vertex 90.4 6.10352e-06 0
      vertex 56.1111 17.9458 0
      vertex 56.1782 18.0877 0
    endloop
  endfacet
  facet normal 0 0 -1
    outer loop
      vertex 90.4 6.10352e-06 0
      vertex 56.0303 17.8111 0
      vertex 56.1111 17.9458 0
    endloop
  endfacet
  facet normal 0 0 -1
    outer loop
      vertex 90.4 6.10352e-06 0
      vertex 55.9368 17.685 0
      vertex 56.0303 17.8111 0
    endloop
  endfacet
  facet normal 0 0 -1
    outer loop
      vertex 90.4 6.10352e-06 0
      vertex 55.8314 17.5686 0
      vertex 55.9368 17.685 0
    endloop
  endfacet
  facet normal 0 0 -1
    outer loop
      vertex 90.4 6.10352e-06 0
      vertex 55.715 17.4632 0
      vertex 55.8314 17.5686 0
    endloop
  endfacet
  facet normal 0 0 -1
    outer loop
      vertex 90.4 6.10352e-06 0
      vertex 55.5889 17.3696 0
      vertex 55.715 17.4632 0
    endloop
  endfacet
  facet normal 0 0 -1
    outer loop
      vertex 90.4 6.10352e-06 0
      vertex 55.4542 17.2889 0
      vertex 55.5889 17.3696 0
    endloop
  endfacet
  facet normal 0 0 -1
    outer loop
      vertex 90.4 6.10352e-06 0
      vertex 55.3123 17.2218 0
      vertex 55.4542 17.2889 0
    endloop
  endfacet
  facet normal 0 0 -1
    outer loop
      vertex 90.4 6.10352e-06 0
      vertex 55.1645 17.1689 0
      vertex 55.3123 17.2218 0
    endloop
  endfacet
  facet normal 0 0 -1
    outer loop
      vertex 90.4 6.10352e-06 0
      vertex 55.0121 17.1307 0
      vertex 55.1645 17.1689 0
    endloop
  endfacet
  facet normal 0 0 -1
    outer loop
      vertex 90.4 6.10352e-06 0
      vertex 54.8568 17.1077 0
      vertex 55.0121 17.1307 0
    endloop
  endfacet
  facet normal 0 0 -1
    outer loop
      vertex 90.4 6.10352e-06 0
      vertex 54.7 17.1 0
      vertex 54.8568 17.1077 0
    endloop
  endfacet
  facet normal 0 0 -1
    outer loop
      vertex 90.4 6.10352e-06 0
      vertex 54.5432 17.1077 0
      vertex 54.7 17.1 0
    endloop
  endfacet
  facet normal 0 0 -1
    outer loop
      vertex 44.0722 16.7674 0
      vertex 54.5432 17.1077 0
      vertex 90.4 6.10352e-06 0
    endloop
  endfacet
  facet normal 0 -0 -1
    outer loop
      vertex 45.4313 16.969 0
      vertex 54.5432 17.1077 0
      vertex 44.0722 16.7674 0
    endloop
  endfacet
  facet normal -0 0 -1
    outer loop
      vertex 54.5432 17.1077 0
      vertex 45.4313 16.969 0
      vertex 54.3879 17.1307 0
    endloop
  endfacet
  facet normal 0 -0 -1
    outer loop
      vertex 45.6 17.0113 0
      vertex 54.3879 17.1307 0
      vertex 45.4313 16.969 0
    endloop
  endfacet
  facet normal -0 0 -1
    outer loop
      vertex 53.1689 42.2355 0
      vertex 51.5815 41.5221 0
      vertex 53.1307 42.3879 0
    endloop
  endfacet
  facet normal 0 0 -1
    outer loop
      vertex 51.5815 19.8779 0
      vertex 53.1 18.7 0
      vertex 53.1077 18.5432 0
    endloop
  endfacet
  facet normal 0 0 -1
    outer loop
      vertex 50.478 19.0594 0
      vertex 53.1077 18.5432 0
      vertex 53.1307 18.3879 0
    endloop
  endfacet
  facet normal 0 0 -1
    outer loop
      vertex 50.478 19.0594 0
      vertex 53.1307 18.3879 0
      vertex 53.1689 18.2355 0
    endloop
  endfacet
  facet normal 0 0 -1
    outer loop
      vertex 50.478 19.0594 0
      vertex 53.1689 18.2355 0
      vertex 53.2218 18.0877 0
    endloop
  endfacet
  facet normal 0 0 -1
    outer loop
      vertex 50.2 18.8928 0
      vertex 53.2218 18.0877 0
      vertex 53.2889 17.9458 0
    endloop
  endfacet
  facet normal 0 0 -1
    outer loop
      vertex 53.1077 18.8568 0
      vertex 51.5815 19.8779 0
      vertex 52 20.2572 0
    endloop
  endfacet
  facet normal 0 0 -1
    outer loop
      vertex 50.2 18.8928 0
      vertex 53.2889 17.9458 0
      vertex 53.3696 17.8111 0
    endloop
  endfacet
  facet normal 0 0 -1
    outer loop
      vertex 50.2 18.8928 0
      vertex 53.3696 17.8111 0
      vertex 53.4632 17.685 0
    endloop
  endfacet
  facet normal 0 0 -1
    outer loop
      vertex 53.1077 18.5432 0
      vertex 50.478 19.0594 0
      vertex 51.5815 19.8779 0
    endloop
  endfacet
  facet normal 0 0 -1
    outer loop
      vertex 48.8 18.1168 0
      vertex 53.4632 17.685 0
      vertex 53.5686 17.5686 0
    endloop
  endfacet
  facet normal 0 0 -1
    outer loop
      vertex 48.8 18.1168 0
      vertex 53.5686 17.5686 0
      vertex 53.685 17.4632 0
    endloop
  endfacet
  facet normal 0 0 -1
    outer loop
      vertex 48.8 18.1168 0
      vertex 53.685 17.4632 0
      vertex 53.8111 17.3696 0
    endloop
  endfacet
  facet normal 0 0 -1
    outer loop
      vertex 48.0576 17.7657 0
      vertex 53.8111 17.3696 0
      vertex 53.9458 17.2889 0
    endloop
  endfacet
  facet normal 0 0 -1
    outer loop
      vertex 53.2218 18.0877 0
      vertex 50.2 18.8928 0
      vertex 50.478 19.0594 0
    endloop
  endfacet
  facet normal -0 0 -1
    outer loop
      vertex 54.3879 17.1307 0
      vertex 45.6 17.0113 0
      vertex 54.2355 17.1689 0
    endloop
  endfacet
  facet normal -0 0 -1
    outer loop
      vertex 50.2 18.8928 0
      vertex 48.8 18.1168 0
      vertex 50.2 42.5072 0
    endloop
  endfacet
  facet normal 0 0 -1
    outer loop
      vertex 53.4632 17.685 0
      vertex 48.8 18.1168 0
      vertex 50.2 18.8928 0
    endloop
  endfacet
  facet normal 0 0 -1
    outer loop
      vertex 53.8111 17.3696 0
      vertex 48.0576 17.7657 0
      vertex 48.8 18.1168 0
    endloop
  endfacet
  facet normal 0 0 -1
    outer loop
      vertex 53.9458 17.2889 0
      vertex 47 17.3873 0
      vertex 48.0576 17.7657 0
    endloop
  endfacet
  facet normal -0 0 -1
    outer loop
      vertex 47 17.3873 0
      vertex 45.6 17.0113 0
      vertex 47 44.0127 0
    endloop
  endfacet
  facet normal 0 0 -1
    outer loop
      vertex 54.0877 17.2218 0
      vertex 47 17.3873 0
      vertex 53.9458 17.2889 0
    endloop
  endfacet
  facet normal 0 0 -1
    outer loop
      vertex 54.2355 17.1689 0
      vertex 47 17.3873 0
      vertex 54.0877 17.2218 0
    endloop
  endfacet
  facet normal 0 -0 -1
    outer loop
      vertex 47 17.3873 0
      vertex 54.2355 17.1689 0
      vertex 45.6 17.0113 0
    endloop
  endfacet
  facet normal 0 0 -1
    outer loop
      vertex 6 6.10352e-06 0
      vertex 44.0722 16.7674 0
      vertex 90.4 6.10352e-06 0
    endloop
  endfacet
  facet normal -0 0 -1
    outer loop
      vertex 43.8 16.754 0
      vertex 42.4 16.7147 0
      vertex 43.8 44.646 0
    endloop
  endfacet
  facet normal 0 0 -1
    outer loop
      vertex 44.0722 16.7674 0
      vertex 6 6.10352e-06 0
      vertex 43.8 16.754 0
    endloop
  endfacet
  facet normal 0 0 -1
    outer loop
      vertex 43.8 16.754 0
      vertex 6 6.10352e-06 0
      vertex 42.4 16.7147 0
    endloop
  endfacet
  facet normal -0 0 -1
    outer loop
      vertex 42.4 16.7147 0
      vertex 6 6.10352e-06 0
      vertex 41.3278 16.7674 0
    endloop
  endfacet
  facet normal 0 0 -1
    outer loop
      vertex 40.6 16.8754 0
      vertex 39.2 17.1616 0
      vertex 40.6 44.5246 0
    endloop
  endfacet
  facet normal -0 0 -1
    outer loop
      vertex 41.3278 16.7674 0
      vertex 6 6.10352e-06 0
      vertex 40.6 16.8754 0
    endloop
  endfacet
  facet normal 0 -0 -1
    outer loop
      vertex 30.8568 17.1077 0
      vertex 40.6 16.8754 0
      vertex 6 6.10352e-06 0
    endloop
  endfacet
  facet normal 0 0 -1
    outer loop
      vertex 37.4 17.7451 0
      vertex 36 18.4133 0
      vertex 37.4 43.6549 0
    endloop
  endfacet
  facet normal 0 0 -1
    outer loop
      vertex 32.8 40.5989 0
      vertex 34.2 41.8051 0
      vertex 34.2 19.5949 0
    endloop
  endfacet
  facet normal 0 0 -1
    outer loop
      vertex 32.1782 42.0877 0
      vertex 34.2 41.8051 0
      vertex 32.8 40.5989 0
    endloop
  endfacet
  facet normal 0 0 -1
    outer loop
      vertex 32.8 40.5989 0
      vertex 34.2 19.5949 0
      vertex 32.8 20.8011 0
    endloop
  endfacet
  facet normal 0 0 -1
    outer loop
      vertex 32.2923 18.8568 0
      vertex 34.2 19.5949 0
      vertex 32.3 18.7 0
    endloop
  endfacet
  facet normal 0 0 -1
    outer loop
      vertex 32.2693 18.3879 0
      vertex 34.2 19.5949 0
      vertex 34.922 19.0594 0
    endloop
  endfacet
  facet normal 0 0 -1
    outer loop
      vertex 32.1111 17.9458 0
      vertex 34.922 19.0594 0
      vertex 36 18.4133 0
    endloop
  endfacet
  facet normal 0 0 -1
    outer loop
      vertex 31.715 17.4632 0
      vertex 36 18.4133 0
      vertex 37.4 17.7451 0
    endloop
  endfacet
  facet normal 0 0 -1
    outer loop
      vertex 31.3123 17.2218 0
      vertex 37.4 17.7451 0
      vertex 38.636 17.3028 0
    endloop
  endfacet
  facet normal 0 -0 -1
    outer loop
      vertex 31.0121 17.1307 0
      vertex 40.6 16.8754 0
      vertex 30.8568 17.1077 0
    endloop
  endfacet
  facet normal 0 0 -1
    outer loop
      vertex 34.2 19.5949 0
      vertex 32.2923 18.5432 0
      vertex 32.3 18.7 0
    endloop
  endfacet
  facet normal 0 0 -1
    outer loop
      vertex 34.2 19.5949 0
      vertex 32.2693 18.3879 0
      vertex 32.2923 18.5432 0
    endloop
  endfacet
  facet normal 0 0 -1
    outer loop
      vertex 34.922 19.0594 0
      vertex 32.2311 18.2355 0
      vertex 32.2693 18.3879 0
    endloop
  endfacet
  facet normal 0 0 -1
    outer loop
      vertex 34.922 19.0594 0
      vertex 32.1782 18.0877 0
      vertex 32.2311 18.2355 0
    endloop
  endfacet
  facet normal 0 0 -1
    outer loop
      vertex 34.922 19.0594 0
      vertex 32.1111 17.9458 0
      vertex 32.1782 18.0877 0
    endloop
  endfacet
  facet normal 0 0 -1
    outer loop
      vertex 36 18.4133 0
      vertex 32.0303 17.8111 0
      vertex 32.1111 17.9458 0
    endloop
  endfacet
  facet normal 0 0 -1
    outer loop
      vertex 36 18.4133 0
      vertex 31.9368 17.685 0
      vertex 32.0303 17.8111 0
    endloop
  endfacet
  facet normal 0 0 -1
    outer loop
      vertex 36 18.4133 0
      vertex 31.8314 17.5686 0
      vertex 31.9368 17.685 0
    endloop
  endfacet
  facet normal 0 0 -1
    outer loop
      vertex 36 18.4133 0
      vertex 31.715 17.4632 0
      vertex 31.8314 17.5686 0
    endloop
  endfacet
  facet normal 0 0 -1
    outer loop
      vertex 37.4 17.7451 0
      vertex 31.5889 17.3696 0
      vertex 31.715 17.4632 0
    endloop
  endfacet
  facet normal 0 0 -1
    outer loop
      vertex 37.4 17.7451 0
      vertex 31.4542 17.2889 0
      vertex 31.5889 17.3696 0
    endloop
  endfacet
  facet normal 0 0 -1
    outer loop
      vertex 37.4 17.7451 0
      vertex 31.3123 17.2218 0
      vertex 31.4542 17.2889 0
    endloop
  endfacet
  facet normal 0 0 -1
    outer loop
      vertex 38.636 17.3028 0
      vertex 31.1645 17.1689 0
      vertex 31.3123 17.2218 0
    endloop
  endfacet
  facet normal 0 -0 -1
    outer loop
      vertex 31.1645 17.1689 0
      vertex 39.2 17.1616 0
      vertex 31.0121 17.1307 0
    endloop
  endfacet
  facet normal 0 0 -1
    outer loop
      vertex 39.2 17.1616 0
      vertex 31.1645 17.1689 0
      vertex 38.636 17.3028 0
    endloop
  endfacet
  facet normal 0 0 -1
    outer loop
      vertex 40.6 16.8754 0
      vertex 31.0121 17.1307 0
      vertex 39.2 17.1616 0
    endloop
  endfacet
  facet normal 0 0 -1
    outer loop
      vertex 30.8568 17.1077 0
      vertex 6 6.10352e-06 0
      vertex 30.7 17.1 0
    endloop
  endfacet
  facet normal -0 0 -1
    outer loop
      vertex 30.7 17.1 0
      vertex 6 6.10352e-06 0
      vertex 30.5432 17.1077 0
    endloop
  endfacet
  facet normal -0 0 -1
    outer loop
      vertex 30.5432 17.1077 0
      vertex 6 6.10352e-06 0
      vertex 30.3879 17.1307 0
    endloop
  endfacet
  facet normal -0 0 -1
    outer loop
      vertex 29.1307 19.0121 0
      vertex 0 6.00001 0
      vertex 28.969 27.9687 0
    endloop
  endfacet
  facet normal -0 0 -1
    outer loop
      vertex 28.969 27.9687 0
      vertex 0 6.00001 0
      vertex 28.7674 29.3278 0
    endloop
  endfacet
  facet normal 0 0 -1
    outer loop
      vertex 29.685 43.9368 0
      vertex 27.4585 48.9671 0
      vertex 28.6588 48.9671 0
    endloop
  endfacet
  facet normal 0 -0 -1
    outer loop
      vertex 10.8069 48.9276 0
      vertex 28.7674 29.3278 0
      vertex 0 6.00001 0
    endloop
  endfacet
  facet normal 0 0 -1
    outer loop
      vertex 0 6.00001 0
      vertex 29.1 18.7 0
      vertex 29.1077 18.5432 0
    endloop
  endfacet
  facet normal 0 0 -1
    outer loop
      vertex 27.4585 48.9671 0
      vertex 25.8913 53.7723 0
      vertex 27.4585 54.7 0
    endloop
  endfacet
  facet normal 0 0 -1
    outer loop
      vertex 29.1 42.7 0
      vertex 25.7245 48.9671 0
      vertex 27.4585 48.9671 0
    endloop
  endfacet
  facet normal 0 0 -1
    outer loop
      vertex 25.7245 49.8948 0
      vertex 27.4585 48.9671 0
      vertex 25.7245 48.9671 0
    endloop
  endfacet
  facet normal 0 0 -1
    outer loop
      vertex 29.1 42.7 0
      vertex 21.2163 48.9671 0
      vertex 25.7245 48.9671 0
    endloop
  endfacet
  facet normal 0 0 -1
    outer loop
      vertex 0 6.00001 0
      vertex 29.1077 18.5432 0
      vertex 29.1307 18.3879 0
    endloop
  endfacet
  facet normal 0 0 -1
    outer loop
      vertex 0 6.00001 0
      vertex 29.1307 18.3879 0
      vertex 29.1689 18.2355 0
    endloop
  endfacet
  facet normal 0 0 -1
    outer loop
      vertex 19.9427 49.8948 0
      vertex 21.2163 48.9671 0
      vertex 19.9427 48.9671 0
    endloop
  endfacet
  facet normal 0 0 -1
    outer loop
      vertex 29.1077 42.5432 0
      vertex 21.2163 48.9671 0
      vertex 29.1 42.7 0
    endloop
  endfacet
  facet normal 0 0 -1
    outer loop
      vertex 29.3028 34.764 0
      vertex 15.0358 48.9671 0
      vertex 19.9427 48.9671 0
    endloop
  endfacet
  facet normal 0 0 -1
    outer loop
      vertex 6 6.10352e-06 0
      vertex 29.1689 18.2355 0
      vertex 29.2218 18.0877 0
    endloop
  endfacet
  facet normal 0 0 -1
    outer loop
      vertex 13.6365 49.8537 0
      vertex 15.0358 49.8948 0
      vertex 15.0358 48.9671 0
    endloop
  endfacet
  facet normal 0 0 -1
    outer loop
      vertex 16.887 49.8948 0
      vertex 13.931 52.9696 0
      vertex 13.9324 53.0481 0
    endloop
  endfacet
  facet normal 0 0 -1
    outer loop
      vertex 16.887 49.8948 0
      vertex 13.927 52.8931 0
      vertex 13.931 52.9696 0
    endloop
  endfacet
  facet normal 0 0 -1
    outer loop
      vertex 16.887 49.8948 0
      vertex 13.9202 52.8187 0
      vertex 13.927 52.8931 0
    endloop
  endfacet
  facet normal 0 0 -1
    outer loop
      vertex 16.887 49.8948 0
      vertex 13.9107 52.7463 0
      vertex 13.9202 52.8187 0
    endloop
  endfacet
  facet normal 0 0 -1
    outer loop
      vertex 16.887 49.8948 0
      vertex 13.8985 52.676 0
      vertex 13.9107 52.7463 0
    endloop
  endfacet
  facet normal 0 0 -1
    outer loop
      vertex 16.887 49.8948 0
      vertex 13.8836 52.6078 0
      vertex 13.8985 52.676 0
    endloop
  endfacet
  facet normal 0 0 -1
    outer loop
      vertex 16.887 49.8948 0
      vertex 13.866 52.5416 0
      vertex 13.8836 52.6078 0
    endloop
  endfacet
  facet normal 0 0 -1
    outer loop
      vertex 15.0358 49.8948 0
      vertex 13.8456 52.4775 0
      vertex 13.866 52.5416 0
    endloop
  endfacet
  facet normal 0 0 -1
    outer loop
      vertex 15.0358 49.8948 0
      vertex 13.8226 52.4155 0
      vertex 13.8456 52.4775 0
    endloop
  endfacet
  facet normal 0 0 -1
    outer loop
      vertex 15.0358 49.8948 0
      vertex 13.7969 52.3554 0
      vertex 13.8226 52.4155 0
    endloop
  endfacet
  facet normal 0 0 -1
    outer loop
      vertex 13.6703 52.1341 0
      vertex 15.0358 49.8948 0
      vertex 13.7819 50.318 0
    endloop
  endfacet
  facet normal 0 0 -1
    outer loop
      vertex 28.7674 32.0722 0
      vertex 12.1428 48.9188 0
      vertex 15.0358 48.9671 0
    endloop
  endfacet
  facet normal 0 0 -1
    outer loop
      vertex 6 6.10352e-06 0
      vertex 29.2218 18.0877 0
      vertex 29.2889 17.9458 0
    endloop
  endfacet
  facet normal 0 0 -1
    outer loop
      vertex 15.0358 49.8948 0
      vertex 13.7428 50.1525 0
      vertex 13.7819 50.318 0
    endloop
  endfacet
  facet normal 0 0 -1
    outer loop
      vertex 15.0358 49.8948 0
      vertex 13.6944 49.9977 0
      vertex 13.7428 50.1525 0
    endloop
  endfacet
  facet normal -0 0 -1
    outer loop
      vertex 15.0358 49.8948 0
      vertex 13.6365 49.8537 0
      vertex 13.6944 49.9977 0
    endloop
  endfacet
  facet normal 0 0 -1
    outer loop
      vertex 15.0358 48.9671 0
      vertex 13.5693 49.7204 0
      vertex 13.6365 49.8537 0
    endloop
  endfacet
  facet normal 0 0 -1
    outer loop
      vertex 15.0358 48.9671 0
      vertex 13.4926 49.5979 0
      vertex 13.5693 49.7204 0
    endloop
  endfacet
  facet normal 0 0 -1
    outer loop
      vertex 15.0358 48.9671 0
      vertex 13.4066 49.4861 0
      vertex 13.4926 49.5979 0
    endloop
  endfacet
  facet normal 0 0 -1
    outer loop
      vertex 15.0358 48.9671 0
      vertex 13.3112 49.3851 0
      vertex 13.4066 49.4861 0
    endloop
  endfacet
  facet normal 0 0 -1
    outer loop
      vertex 15.0358 48.9671 0
      vertex 13.2064 49.2949 0
      vertex 13.3112 49.3851 0
    endloop
  endfacet
  facet normal 0 0 -1
    outer loop
      vertex 15.0358 48.9671 0
      vertex 13.0922 49.2154 0
      vertex 13.2064 49.2949 0
    endloop
  endfacet
  facet normal 0 0 -1
    outer loop
      vertex 15.0358 48.9671 0
      vertex 12.9667 49.1453 0
      vertex 13.0922 49.2154 0
    endloop
  endfacet
  facet normal 0 0 -1
    outer loop
      vertex 15.0358 48.9671 0
      vertex 12.8282 49.0835 0
      vertex 12.9667 49.1453 0
    endloop
  endfacet
  facet normal 0 0 -1
    outer loop
      vertex 15.0358 48.9671 0
      vertex 12.6765 49.03 0
      vertex 12.8282 49.0835 0
    endloop
  endfacet
  facet normal 0 0 -1
    outer loop
      vertex 15.0358 48.9671 0
      vertex 12.5117 48.9847 0
      vertex 12.6765 49.03 0
    endloop
  endfacet
  facet normal -0 0 -1
    outer loop
      vertex 15.0358 48.9671 0
      vertex 12.3338 48.9476 0
      vertex 12.5117 48.9847 0
    endloop
  endfacet
  facet normal 0 0 -1
    outer loop
      vertex 15.0358 48.9671 0
      vertex 12.1428 48.9188 0
      vertex 12.3338 48.9476 0
    endloop
  endfacet
  facet normal 0 0 -1
    outer loop
      vertex 28.7674 32.0722 0
      vertex 11.9387 48.8982 0
      vertex 12.1428 48.9188 0
    endloop
  endfacet
  facet normal 0 0 -1
    outer loop
      vertex 28.7674 32.0722 0
      vertex 11.7215 48.8858 0
      vertex 11.9387 48.8982 0
    endloop
  endfacet
  facet normal 0 0 -1
    outer loop
      vertex 28.7 30.7 0
      vertex 11.4911 48.8817 0
      vertex 11.7215 48.8858 0
    endloop
  endfacet
  facet normal 0 0 -1
    outer loop
      vertex 28.7 30.7 0
      vertex 11.25 48.8868 0
      vertex 11.4911 48.8817 0
    endloop
  endfacet
  facet normal 0 0 -1
    outer loop
      vertex 28.7 30.7 0
      vertex 11.0219 48.9021 0
      vertex 11.25 48.8868 0
    endloop
  endfacet
  facet normal -0 -0 -1
    outer loop
      vertex 11.0219 48.9021 0
      vertex 28.7674 29.3278 0
      vertex 10.8069 48.9276 0
    endloop
  endfacet
  facet normal 0 0 -1
    outer loop
      vertex 28.7674 29.3278 0
      vertex 11.0219 48.9021 0
      vertex 28.7 30.7 0
    endloop
  endfacet
  facet normal 0 0 -1
    outer loop
      vertex 6 6.10352e-06 0
      vertex 29.2889 17.9458 0
      vertex 29.3696 17.8111 0
    endloop
  endfacet
  facet normal -0 0 -1
    outer loop
      vertex 10.8069 48.9276 0
      vertex 0 6.00001 0
      vertex 10.6051 48.9633 0
    endloop
  endfacet
  facet normal -0 0 -1
    outer loop
      vertex 10.6051 48.9633 0
      vertex 0 6.00001 0
      vertex 10.4163 49.0091 0
    endloop
  endfacet
  facet normal -0 0 -1
    outer loop
      vertex 10.4163 49.0091 0
      vertex 0 6.00001 0
      vertex 10.2407 49.0652 0
    endloop
  endfacet
  facet normal -0 0 -1
    outer loop
      vertex 10.2407 49.0652 0
      vertex 0 6.00001 0
      vertex 10.0782 49.1315 0
    endloop
  endfacet
  facet normal -0 0 -1
    outer loop
      vertex 10.0782 49.1315 0
      vertex 0 6.00001 0
      vertex 9.92877 49.208 0
    endloop
  endfacet
  facet normal -0 0 -1
    outer loop
      vertex 9.92877 49.208 0
      vertex 0 6.00001 0
      vertex 9.79247 49.2947 0
    endloop
  endfacet
  facet normal -0 0 -1
    outer loop
      vertex 9.79247 49.2947 0
      vertex 0 6.00001 0
      vertex 9.66994 49.3909 0
    endloop
  endfacet
  facet normal -0 0 -1
    outer loop
      vertex 9.66994 49.3909 0
      vertex 0 6.00001 0
      vertex 9.56182 49.4962 0
    endloop
  endfacet
  facet normal 0 0 -1
    outer loop
      vertex 0 55.4 0
      vertex 9.56182 49.4962 0
      vertex 0 6.00001 0
    endloop
  endfacet
  facet normal 0 0 -1
    outer loop
      vertex 0 55.4 0
      vertex 9.20861 50.4848 0
      vertex 9.21582 50.3166 0
    endloop
  endfacet
  facet normal 0 0 -1
    outer loop
      vertex 9.27349 50.0071 0
      vertex 0 55.4 0
      vertex 9.23744 50.1574 0
    endloop
  endfacet
  facet normal 0 0 -1
    outer loop
      vertex 9.32395 49.8659 0
      vertex 0 55.4 0
      vertex 9.27349 50.0071 0
    endloop
  endfacet
  facet normal 0 0 -1
    outer loop
      vertex 9.38881 49.7337 0
      vertex 0 55.4 0
      vertex 9.32395 49.8659 0
    endloop
  endfacet
  facet normal 0 0 -1
    outer loop
      vertex 9.46811 49.6104 0
      vertex 0 55.4 0
      vertex 9.38881 49.7337 0
    endloop
  endfacet
  facet normal 0 0 -1
    outer loop
      vertex 9.56182 49.4962 0
      vertex 0 55.4 0
      vertex 9.46811 49.6104 0
    endloop
  endfacet
  facet normal 0 0 -1
    outer loop
      vertex 29.1689 18.2355 0
      vertex 6 6.10352e-06 0
      vertex 0 6.00001 0
    endloop
  endfacet
  facet normal -0 0 -1
    outer loop
      vertex 29.4632 17.685 0
      vertex 6 6.10352e-06 0
      vertex 29.3696 17.8111 0
    endloop
  endfacet
  facet normal -0 0 -1
    outer loop
      vertex 29.5686 17.5686 0
      vertex 6 6.10352e-06 0
      vertex 29.4632 17.685 0
    endloop
  endfacet
  facet normal -0 0 -1
    outer loop
      vertex 29.685 17.4632 0
      vertex 6 6.10352e-06 0
      vertex 29.5686 17.5686 0
    endloop
  endfacet
  facet normal -0 0 -1
    outer loop
      vertex 29.8111 17.3696 0
      vertex 6 6.10352e-06 0
      vertex 29.685 17.4632 0
    endloop
  endfacet
  facet normal -0 0 -1
    outer loop
      vertex 29.9458 17.2889 0
      vertex 6 6.10352e-06 0
      vertex 29.8111 17.3696 0
    endloop
  endfacet
  facet normal -0 0 -1
    outer loop
      vertex 30.0877 17.2218 0
      vertex 6 6.10352e-06 0
      vertex 29.9458 17.2889 0
    endloop
  endfacet
  facet normal -0 0 -1
    outer loop
      vertex 30.2355 17.1689 0
      vertex 6 6.10352e-06 0
      vertex 30.0877 17.2218 0
    endloop
  endfacet
  facet normal -0 0 -1
    outer loop
      vertex 30.3879 17.1307 0
      vertex 6 6.10352e-06 0
      vertex 30.2355 17.1689 0
    endloop
  endfacet
  facet normal 0 0 -1
    outer loop
      vertex 93.7334 60.3888 0
      vertex 90.4 61.4 0
      vertex 93.2284 60.6915 0
    endloop
  endfacet
  facet normal 0 0 -1
    outer loop
      vertex 56.2923 42.8568 0
      vertex 90.4 61.4 0
      vertex 56.3 42.7 0
    endloop
  endfacet
  facet normal 0 0 -1
    outer loop
      vertex 56.2693 43.0121 0
      vertex 90.4 61.4 0
      vertex 56.2923 42.8568 0
    endloop
  endfacet
  facet normal 0 0 -1
    outer loop
      vertex 56.2311 43.1645 0
      vertex 90.4 61.4 0
      vertex 56.2693 43.0121 0
    endloop
  endfacet
  facet normal 0 0 -1
    outer loop
      vertex 56.1782 43.3123 0
      vertex 90.4 61.4 0
      vertex 56.2311 43.1645 0
    endloop
  endfacet
  facet normal 0 0 -1
    outer loop
      vertex 56.1111 43.4542 0
      vertex 90.4 61.4 0
      vertex 56.1782 43.3123 0
    endloop
  endfacet
  facet normal 0 0 -1
    outer loop
      vertex 56.0303 43.5889 0
      vertex 90.4 61.4 0
      vertex 56.1111 43.4542 0
    endloop
  endfacet
  facet normal 0 0 -1
    outer loop
      vertex 55.9368 43.715 0
      vertex 90.4 61.4 0
      vertex 56.0303 43.5889 0
    endloop
  endfacet
  facet normal 0 0 -1
    outer loop
      vertex 55.8314 43.8314 0
      vertex 90.4 61.4 0
      vertex 55.9368 43.715 0
    endloop
  endfacet
  facet normal 0 0 -1
    outer loop
      vertex 55.715 43.9368 0
      vertex 90.4 61.4 0
      vertex 55.8314 43.8314 0
    endloop
  endfacet
  facet normal 0 0 -1
    outer loop
      vertex 55.5889 44.0304 0
      vertex 90.4 61.4 0
      vertex 55.715 43.9368 0
    endloop
  endfacet
  facet normal 0 0 -1
    outer loop
      vertex 55.4542 44.1111 0
      vertex 90.4 61.4 0
      vertex 55.5889 44.0304 0
    endloop
  endfacet
  facet normal 0 0 -1
    outer loop
      vertex 55.3123 44.1782 0
      vertex 90.4 61.4 0
      vertex 55.4542 44.1111 0
    endloop
  endfacet
  facet normal 0 0 -1
    outer loop
      vertex 44.1325 54.7 0
      vertex 55.3123 44.1782 0
      vertex 55.1645 44.2311 0
    endloop
  endfacet
  facet normal 0 0 -1
    outer loop
      vertex 44.1325 54.7 0
      vertex 55.1645 44.2311 0
      vertex 55.0121 44.2693 0
    endloop
  endfacet
  facet normal 0 0 -1
    outer loop
      vertex 44.1325 54.7 0
      vertex 55.0121 44.2693 0
      vertex 54.8568 44.2923 0
    endloop
  endfacet
  facet normal 0 0 -1
    outer loop
      vertex 44.1325 54.7 0
      vertex 54.8568 44.2923 0
      vertex 54.7 44.3 0
    endloop
  endfacet
  facet normal 0 0 -1
    outer loop
      vertex 44.1325 54.7 0
      vertex 54.7 44.3 0
      vertex 54.5432 44.2923 0
    endloop
  endfacet
  facet normal 0 0 -1
    outer loop
      vertex 44.1325 54.7 0
      vertex 54.5432 44.2923 0
      vertex 54.3879 44.2693 0
    endloop
  endfacet
  facet normal 0 0 -1
    outer loop
      vertex 44.1325 54.7 0
      vertex 54.3879 44.2693 0
      vertex 54.2355 44.2311 0
    endloop
  endfacet
  facet normal 0 0 -1
    outer loop
      vertex 44.1325 54.7 0
      vertex 54.2355 44.2311 0
      vertex 54.0877 44.1782 0
    endloop
  endfacet
  facet normal 0 0 -1
    outer loop
      vertex 44.1325 54.7 0
      vertex 54.0877 44.1782 0
      vertex 53.9458 44.1111 0
    endloop
  endfacet
  facet normal -0 0 -1
    outer loop
      vertex 53.1307 42.3879 0
      vertex 51.5815 41.5221 0
      vertex 53.1077 42.5432 0
    endloop
  endfacet
  facet normal -0 0 -1
    outer loop
      vertex 53.1077 42.5432 0
      vertex 51.5815 41.5221 0
      vertex 53.1 42.7 0
    endloop
  endfacet
  facet normal -0 0 -1
    outer loop
      vertex 53.1 42.7 0
      vertex 51.5815 41.5221 0
      vertex 53.1077 42.8568 0
    endloop
  endfacet
  facet normal 0 0 -1
    outer loop
      vertex 50.478 42.3406 0
      vertex 53.1077 42.8568 0
      vertex 51.5815 41.5221 0
    endloop
  endfacet
  facet normal -0 0 -1
    outer loop
      vertex 53.1077 42.8568 0
      vertex 50.478 42.3406 0
      vertex 53.1307 43.0121 0
    endloop
  endfacet
  facet normal -0 0 -1
    outer loop
      vertex 53.1307 43.0121 0
      vertex 50.478 42.3406 0
      vertex 53.1689 43.1645 0
    endloop
  endfacet
  facet normal -0 0 -1
    outer loop
      vertex 53.1689 43.1645 0
      vertex 50.478 42.3406 0
      vertex 53.2218 43.3123 0
    endloop
  endfacet
  facet normal 0 0 -1
    outer loop
      vertex 50.2 42.5072 0
      vertex 53.2218 43.3123 0
      vertex 50.478 42.3406 0
    endloop
  endfacet
  facet normal -0 0 -1
    outer loop
      vertex 53.2218 43.3123 0
      vertex 50.2 42.5072 0
      vertex 53.2889 43.4542 0
    endloop
  endfacet
  facet normal -0 0 -1
    outer loop
      vertex 53.2889 43.4542 0
      vertex 50.2 42.5072 0
      vertex 53.3696 43.5889 0
    endloop
  endfacet
  facet normal -0 0 -1
    outer loop
      vertex 53.3696 43.5889 0
      vertex 50.2 42.5072 0
      vertex 53.4632 43.715 0
    endloop
  endfacet
  facet normal 0 0 -1
    outer loop
      vertex 48.8 43.2832 0
      vertex 53.4632 43.715 0
      vertex 50.2 42.5072 0
    endloop
  endfacet
  facet normal -0 0 -1
    outer loop
      vertex 53.4632 43.715 0
      vertex 48.8 43.2832 0
      vertex 53.5686 43.8314 0
    endloop
  endfacet
  facet normal -0 0 -1
    outer loop
      vertex 53.5686 43.8314 0
      vertex 48.8 43.2832 0
      vertex 53.685 43.9368 0
    endloop
  endfacet
  facet normal -0 0 -1
    outer loop
      vertex 53.685 43.9368 0
      vertex 48.8 43.2832 0
      vertex 53.8111 44.0304 0
    endloop
  endfacet
  facet normal 0 0 -1
    outer loop
      vertex 48.0576 43.6343 0
      vertex 53.8111 44.0304 0
      vertex 48.8 43.2832 0
    endloop
  endfacet
  facet normal 0 0 -1
    outer loop
      vertex 48.8 43.2832 0
      vertex 50.2 42.5072 0
      vertex 48.8 18.1168 0
    endloop
  endfacet
  facet normal -0 0 -1
    outer loop
      vertex 53.8111 44.0304 0
      vertex 48.0576 43.6343 0
      vertex 53.9458 44.1111 0
    endloop
  endfacet
  facet normal -0 0 -1
    outer loop
      vertex 53.9458 44.1111 0
      vertex 48.0576 43.6343 0
      vertex 44.1325 54.7 0
    endloop
  endfacet
  facet normal 0 0 -1
    outer loop
      vertex 44.1325 54.7 0
      vertex 48.0576 43.6343 0
      vertex 47 44.0127 0
    endloop
  endfacet
  facet normal 0 0 -1
    outer loop
      vertex 45.6 44.3887 0
      vertex 47 44.0127 0
      vertex 45.6 17.0113 0
    endloop
  endfacet
  facet normal 0 0 -1
    outer loop
      vertex 44.1325 54.7 0
      vertex 47 44.0127 0
      vertex 45.6 44.3887 0
    endloop
  endfacet
  facet normal 0 0 -1
    outer loop
      vertex 44.1325 54.7 0
      vertex 45.6 44.3887 0
      vertex 45.4313 44.431 0
    endloop
  endfacet
  facet normal 0 0 -1
    outer loop
      vertex 55.3123 44.1782 0
      vertex 44.1325 54.7 0
      vertex 90.4 61.4 0
    endloop
  endfacet
  facet normal 0 0 -1
    outer loop
      vertex 6 61.4 0
      vertex 44.1325 54.7 0
      vertex 42.9444 54.7 0
    endloop
  endfacet
  facet normal 0 0 -1
    outer loop
      vertex 40.2509 53.2352 0
      vertex 42.9444 54.7 0
      vertex 42.4358 53.2352 0
    endloop
  endfacet
  facet normal 0 0 -1
    outer loop
      vertex 39.7423 54.7 0
      vertex 42.9444 54.7 0
      vertex 40.2509 53.2352 0
    endloop
  endfacet
  facet normal 0 0 -1
    outer loop
      vertex 6 61.4 0
      vertex 42.9444 54.7 0
      vertex 39.7423 54.7 0
    endloop
  endfacet
  facet normal 0 0 -1
    outer loop
      vertex 6 61.4 0
      vertex 39.7423 54.7 0
      vertex 38.542 54.7 0
    endloop
  endfacet
  facet normal 0 0 -1
    outer loop
      vertex 37.4515 54.7 0
      vertex 38.542 54.7 0
      vertex 37.4515 53.7723 0
    endloop
  endfacet
  facet normal 0 0 -1
    outer loop
      vertex 6 61.4 0
      vertex 38.542 54.7 0
      vertex 37.4515 54.7 0
    endloop
  endfacet
  facet normal 0 0 -1
    outer loop
      vertex 6 61.4 0
      vertex 37.4515 54.7 0
      vertex 33.1752 54.7 0
    endloop
  endfacet
  facet normal 0 0 -1
    outer loop
      vertex 32.2693 43.0121 0
      vertex 34.2 41.8051 0
      vertex 32.2923 42.8568 0
    endloop
  endfacet
  facet normal 0 0 -1
    outer loop
      vertex 34.2 41.8051 0
      vertex 32.3 42.7 0
      vertex 32.2923 42.8568 0
    endloop
  endfacet
  facet normal 0 0 -1
    outer loop
      vertex 34.922 42.3406 0
      vertex 32.2693 43.0121 0
      vertex 32.2311 43.1645 0
    endloop
  endfacet
  facet normal 0 0 -1
    outer loop
      vertex 34.922 42.3406 0
      vertex 32.2311 43.1645 0
      vertex 32.1782 43.3123 0
    endloop
  endfacet
  facet normal 0 0 -1
    outer loop
      vertex 34.922 42.3406 0
      vertex 32.1782 43.3123 0
      vertex 32.1111 43.4542 0
    endloop
  endfacet
  facet normal 0 0 -1
    outer loop
      vertex 34.922 42.3406 0
      vertex 32.0303 43.5889 0
      vertex 34.3755 48.9671 0
    endloop
  endfacet
  facet normal 0 0 -1
    outer loop
      vertex 31.9368 43.715 0
      vertex 34.3755 48.9671 0
      vertex 32.0303 43.5889 0
    endloop
  endfacet
  facet normal 0 0 -1
    outer loop
      vertex 31.8314 43.8314 0
      vertex 34.3755 48.9671 0
      vertex 31.9368 43.715 0
    endloop
  endfacet
  facet normal -0 0 -1
    outer loop
      vertex 34.3755 48.9671 0
      vertex 31.8314 43.8314 0
      vertex 33.1752 48.9671 0
    endloop
  endfacet
  facet normal 0 0 -1
    outer loop
      vertex 31.715 43.9368 0
      vertex 33.1752 48.9671 0
      vertex 31.8314 43.8314 0
    endloop
  endfacet
  facet normal 0 0 -1
    outer loop
      vertex 33.1752 48.9671 0
      vertex 31.7348 53.7723 0
      vertex 33.1752 54.7 0
    endloop
  endfacet
  facet normal 0 0 -1
    outer loop
      vertex 31.7348 54.7 0
      vertex 33.1752 54.7 0
      vertex 31.7348 53.7723 0
    endloop
  endfacet
  facet normal 0 0 -1
    outer loop
      vertex 6 61.4 0
      vertex 33.1752 54.7 0
      vertex 31.7348 54.7 0
    endloop
  endfacet
  facet normal 0 0 -1
    outer loop
      vertex 6 61.4 0
      vertex 31.7348 54.7 0
      vertex 27.4585 54.7 0
    endloop
  endfacet
  facet normal 0 0 -1
    outer loop
      vertex 25.8913 54.7 0
      vertex 27.4585 54.7 0
      vertex 25.8913 53.7723 0
    endloop
  endfacet
  facet normal 0 0 -1
    outer loop
      vertex 6 61.4 0
      vertex 27.4585 54.7 0
      vertex 25.8913 54.7 0
    endloop
  endfacet
  facet normal 0 0 -1
    outer loop
      vertex 6 61.4 0
      vertex 25.8913 54.7 0
      vertex 21.2163 54.7 0
    endloop
  endfacet
  facet normal 0 0 -1
    outer loop
      vertex 21.2163 48.9671 0
      vertex 19.9427 49.8948 0
      vertex 21.2163 54.7 0
    endloop
  endfacet
  facet normal 0 0 -1
    outer loop
      vertex 18.0873 54.7 0
      vertex 19.9427 49.8948 0
      vertex 18.0873 49.8948 0
    endloop
  endfacet
  facet normal 0 0 -1
    outer loop
      vertex 19.9427 49.8948 0
      vertex 18.0873 54.7 0
      vertex 21.2163 54.7 0
    endloop
  endfacet
  facet normal 0 0 -1
    outer loop
      vertex 6 61.4 0
      vertex 21.2163 54.7 0
      vertex 18.0873 54.7 0
    endloop
  endfacet
  facet normal 0 0 -1
    outer loop
      vertex 6 61.4 0
      vertex 18.0873 54.7 0
      vertex 16.887 54.7 0
    endloop
  endfacet
  facet normal 0 0 -1
    outer loop
      vertex 16.887 49.8948 0
      vertex 13.9324 53.0481 0
      vertex 16.887 54.7 0
    endloop
  endfacet
  facet normal 0 0 -1
    outer loop
      vertex 13.9247 53.2304 0
      vertex 16.887 54.7 0
      vertex 13.9324 53.0481 0
    endloop
  endfacet
  facet normal 0 0 -1
    outer loop
      vertex 13.9016 53.4028 0
      vertex 16.887 54.7 0
      vertex 13.9247 53.2304 0
    endloop
  endfacet
  facet normal 0 0 -1
    outer loop
      vertex 13.863 53.5655 0
      vertex 16.887 54.7 0
      vertex 13.9016 53.4028 0
    endloop
  endfacet
  facet normal 0 0 -1
    outer loop
      vertex 13.809 53.7184 0
      vertex 16.887 54.7 0
      vertex 13.863 53.5655 0
    endloop
  endfacet
  facet normal 0 0 -1
    outer loop
      vertex 13.7396 53.8615 0
      vertex 16.887 54.7 0
      vertex 13.809 53.7184 0
    endloop
  endfacet
  facet normal 0 0 -1
    outer loop
      vertex 13.6548 53.9948 0
      vertex 16.887 54.7 0
      vertex 13.7396 53.8615 0
    endloop
  endfacet
  facet normal 0 0 -1
    outer loop
      vertex 13.5546 54.1183 0
      vertex 16.887 54.7 0
      vertex 13.6548 53.9948 0
    endloop
  endfacet
  facet normal 0 0 -1
    outer loop
      vertex 13.4389 54.232 0
      vertex 16.887 54.7 0
      vertex 13.5546 54.1183 0
    endloop
  endfacet
  facet normal 0 0 -1
    outer loop
      vertex 13.3078 54.3359 0
      vertex 16.887 54.7 0
      vertex 13.4389 54.232 0
    endloop
  endfacet
  facet normal 0 0 -1
    outer loop
      vertex 13.1618 54.4294 0
      vertex 16.887 54.7 0
      vertex 13.3078 54.3359 0
    endloop
  endfacet
  facet normal 0 0 -1
    outer loop
      vertex 13.0014 54.5119 0
      vertex 16.887 54.7 0
      vertex 13.1618 54.4294 0
    endloop
  endfacet
  facet normal 0 0 -1
    outer loop
      vertex 12.8266 54.5834 0
      vertex 16.887 54.7 0
      vertex 13.0014 54.5119 0
    endloop
  endfacet
  facet normal 0 0 -1
    outer loop
      vertex 12.6373 54.6439 0
      vertex 16.887 54.7 0
      vertex 12.8266 54.5834 0
    endloop
  endfacet
  facet normal -0 0 -1
    outer loop
      vertex 16.887 54.7 0
      vertex 12.6373 54.6439 0
      vertex 6 61.4 0
    endloop
  endfacet
  facet normal 0 0 -1
    outer loop
      vertex 6 61.4 0
      vertex 12.6373 54.6439 0
      vertex 12.4337 54.6934 0
    endloop
  endfacet
  facet normal 0 0 -1
    outer loop
      vertex 6 61.4 0
      vertex 12.4337 54.6934 0
      vertex 12.2156 54.7318 0
    endloop
  endfacet
  facet normal 0 0 -1
    outer loop
      vertex 6 61.4 0
      vertex 12.2156 54.7318 0
      vertex 11.9831 54.7594 0
    endloop
  endfacet
  facet normal 0 0 -1
    outer loop
      vertex 6 61.4 0
      vertex 11.9831 54.7594 0
      vertex 11.7362 54.7759 0
    endloop
  endfacet
  facet normal 0 0 -1
    outer loop
      vertex 6 61.4 0
      vertex 11.7362 54.7759 0
      vertex 11.4749 54.7814 0
    endloop
  endfacet
  facet normal 0 0 -1
    outer loop
      vertex 6 61.4 0
      vertex 11.4749 54.7814 0
      vertex 11.2357 54.7765 0
    endloop
  endfacet
  facet normal 0 0 -1
    outer loop
      vertex 6 61.4 0
      vertex 11.2357 54.7765 0
      vertex 11.0083 54.7621 0
    endloop
  endfacet
  facet normal 0 0 -1
    outer loop
      vertex 44.1325 54.7 0
      vertex 6 61.4 0
      vertex 90.4 61.4 0
    endloop
  endfacet
  facet normal 0 0 -1
    outer loop
      vertex 10.7927 54.7379 0
      vertex 6 61.4 0
      vertex 11.0083 54.7621 0
    endloop
  endfacet
  facet normal 0 0 -1
    outer loop
      vertex 10.5888 54.7042 0
      vertex 6 61.4 0
      vertex 10.7927 54.7379 0
    endloop
  endfacet
  facet normal 0 0 -1
    outer loop
      vertex 10.3967 54.6608 0
      vertex 6 61.4 0
      vertex 10.5888 54.7042 0
    endloop
  endfacet
  facet normal 0 0 -1
    outer loop
      vertex 10.2163 54.6078 0
      vertex 6 61.4 0
      vertex 10.3967 54.6608 0
    endloop
  endfacet
  facet normal 0 0 -1
    outer loop
      vertex 10.0477 54.5451 0
      vertex 6 61.4 0
      vertex 10.2163 54.6078 0
    endloop
  endfacet
  facet normal 0 0 -1
    outer loop
      vertex 9.8908 54.4728 0
      vertex 6 61.4 0
      vertex 10.0477 54.5451 0
    endloop
  endfacet
  facet normal 0 0 -1
    outer loop
      vertex 9.74567 54.3908 0
      vertex 6 61.4 0
      vertex 9.8908 54.4728 0
    endloop
  endfacet
  facet normal 0 0 -1
    outer loop
      vertex 9.61196 54.299 0
      vertex 6 61.4 0
      vertex 9.74567 54.3908 0
    endloop
  endfacet
  facet normal 0 0 -1
    outer loop
      vertex 9.48929 54.1973 0
      vertex 6 61.4 0
      vertex 9.61196 54.299 0
    endloop
  endfacet
  facet normal 0 0 -1
    outer loop
      vertex 9.37767 54.0856 0
      vertex 6 61.4 0
      vertex 9.48929 54.1973 0
    endloop
  endfacet
  facet normal 0 0 -1
    outer loop
      vertex 5.4119 61.3711 0
      vertex 9.37767 54.0856 0
      vertex 9.27712 53.964 0
    endloop
  endfacet
  facet normal 0 0 -1
    outer loop
      vertex 3.17162 60.6915 0
      vertex 9.27712 53.964 0
      vertex 9.18759 53.8324 0
    endloop
  endfacet
  facet normal 0 0 -1
    outer loop
      vertex 1.01118 58.7334 0
      vertex 9.18759 53.8324 0
      vertex 9.10913 53.691 0
    endloop
  endfacet
  facet normal 0 0 -1
    outer loop
      vertex 0.115295 56.5705 0
      vertex 9.10913 53.691 0
      vertex 9.04172 53.5395 0
    endloop
  endfacet
  facet normal 0 0 -1
    outer loop
      vertex 0 55.4 0
      vertex 9.04172 53.5395 0
      vertex 8.98537 53.3781 0
    endloop
  endfacet
  facet normal 0 0 -1
    outer loop
      vertex 0 55.4 0
      vertex 8.98537 53.3781 0
      vertex 8.94005 53.2068 0
    endloop
  endfacet
  facet normal 0 0 -1
    outer loop
      vertex 9.23744 50.1574 0
      vertex 0 55.4 0
      vertex 9.21582 50.3166 0
    endloop
  endfacet
  facet normal 0 0 -1
    outer loop
      vertex 0 6.00001 0
      vertex 6 6.10352e-06 0
      vertex 5.4119 0.028891 0
    endloop
  endfacet
  facet normal 0 0 -1
    outer loop
      vertex 9.21743 50.6805 0
      vertex 0 55.4 0
      vertex 8.94005 53.2068 0
    endloop
  endfacet
  facet normal 0 0 -1
    outer loop
      vertex 0 6.00001 0
      vertex 5.4119 0.028891 0
      vertex 4.82945 0.115302 0
    endloop
  endfacet
  facet normal 0 0 -1
    outer loop
      vertex 9.04172 53.5395 0
      vertex 0 55.4 0
      vertex 0.0288849 55.9881 0
    endloop
  endfacet
  facet normal 0 0 -1
    outer loop
      vertex 0 6.00001 0
      vertex 4.82945 0.115302 0
      vertex 4.25829 0.258368 0
    endloop
  endfacet
  facet normal 0 0 -1
    outer loop
      vertex 9.37767 54.0856 0
      vertex 5.4119 61.3711 0
      vertex 6 61.4 0
    endloop
  endfacet
  facet normal 0 0 -1
    outer loop
      vertex 0 6.00001 0
      vertex 4.25829 0.258368 0
      vertex 3.7039 0.456732 0
    endloop
  endfacet
  facet normal 0 0 -1
    outer loop
      vertex 9.27712 53.964 0
      vertex 4.82945 61.2847 0
      vertex 5.4119 61.3711 0
    endloop
  endfacet
  facet normal 0 0 -1
    outer loop
      vertex 0 6.00001 0
      vertex 3.7039 0.456732 0
      vertex 3.17162 0.708472 0
    endloop
  endfacet
  facet normal 0 0 -1
    outer loop
      vertex 9.27712 53.964 0
      vertex 4.25829 61.1416 0
      vertex 4.82945 61.2847 0
    endloop
  endfacet
  facet normal 0 0 -1
    outer loop
      vertex 0 6.00001 0
      vertex 3.17162 0.708472 0
      vertex 2.66658 1.01119 0
    endloop
  endfacet
  facet normal 0 0 -1
    outer loop
      vertex 9.27712 53.964 0
      vertex 3.7039 60.9433 0
      vertex 4.25829 61.1416 0
    endloop
  endfacet
  facet normal 0 0 -1
    outer loop
      vertex 0 6.00001 0
      vertex 2.66658 1.01119 0
      vertex 2.19363 1.36194 0
    endloop
  endfacet
  facet normal 0 0 -1
    outer loop
      vertex 9.27712 53.964 0
      vertex 3.17162 60.6915 0
      vertex 3.7039 60.9433 0
    endloop
  endfacet
  facet normal 0 0 -1
    outer loop
      vertex 0 6.00001 0
      vertex 2.19363 1.36194 0
      vertex 1.75735 1.75736 0
    endloop
  endfacet
  facet normal 0 0 -1
    outer loop
      vertex 9.18759 53.8324 0
      vertex 2.66658 60.3888 0
      vertex 3.17162 60.6915 0
    endloop
  endfacet
  facet normal 0 0 -1
    outer loop
      vertex 0 6.00001 0
      vertex 1.75735 1.75736 0
      vertex 1.36194 2.19364 0
    endloop
  endfacet
  facet normal 0 0 -1
    outer loop
      vertex 9.18759 53.8324 0
      vertex 2.19363 60.0381 0
      vertex 2.66658 60.3888 0
    endloop
  endfacet
  facet normal 0 0 -1
    outer loop
      vertex 0 6.00001 0
      vertex 1.36194 2.19364 0
      vertex 1.01118 2.66659 0
    endloop
  endfacet
  facet normal 0 0 -1
    outer loop
      vertex 9.18759 53.8324 0
      vertex 1.75735 59.6426 0
      vertex 2.19363 60.0381 0
    endloop
  endfacet
  facet normal 0 0 -1
    outer loop
      vertex 0 6.00001 0
      vertex 1.01118 2.66659 0
      vertex 0.708466 3.17162 0
    endloop
  endfacet
  facet normal 0 0 -1
    outer loop
      vertex 9.18759 53.8324 0
      vertex 1.36194 59.2064 0
      vertex 1.75735 59.6426 0
    endloop
  endfacet
  facet normal 0 0 -1
    outer loop
      vertex 0 6.00001 0
      vertex 0.708466 3.17162 0
      vertex 0.456726 3.70391 0
    endloop
  endfacet
  facet normal 0 0 -1
    outer loop
      vertex 9.18759 53.8324 0
      vertex 1.01118 58.7334 0
      vertex 1.36194 59.2064 0
    endloop
  endfacet
  facet normal 0 0 -1
    outer loop
      vertex 0 6.00001 0
      vertex 0.456726 3.70391 0
      vertex 0.258362 4.25829 0
    endloop
  endfacet
  facet normal 0 0 -1
    outer loop
      vertex 9.10913 53.691 0
      vertex 0.708466 58.2284 0
      vertex 1.01118 58.7334 0
    endloop
  endfacet
  facet normal 0 0 -1
    outer loop
      vertex 0 6.00001 0
      vertex 0.258362 4.25829 0
      vertex 0.115295 4.82946 0
    endloop
  endfacet
  facet normal 0 0 -1
    outer loop
      vertex 9.10913 53.691 0
      vertex 0.456726 57.6961 0
      vertex 0.708466 58.2284 0
    endloop
  endfacet
  facet normal 0 0 -1
    outer loop
      vertex 0 6.00001 0
      vertex 0.115295 4.82946 0
      vertex 0.0288849 5.4119 0
    endloop
  endfacet
  facet normal 0 0 -1
    outer loop
      vertex 9.10913 53.691 0
      vertex 0.258362 57.1417 0
      vertex 0.456726 57.6961 0
    endloop
  endfacet
  facet normal 0 0 -1
    outer loop
      vertex 9.10913 53.691 0
      vertex 0.115295 56.5705 0
      vertex 0.258362 57.1417 0
    endloop
  endfacet
  facet normal 0 0 -1
    outer loop
      vertex 9.04172 53.5395 0
      vertex 0.0288849 55.9881 0
      vertex 0.115295 56.5705 0
    endloop
  endfacet
  facet normal 0 0 -1
    outer loop
      vertex 55.5889 41.3696 0
      vertex 55.0469 37.2996 0
      vertex 55.4542 41.2889 0
    endloop
  endfacet
  facet normal 0 0 -1
    outer loop
      vertex 54.3406 38.478 0
      vertex 55.4542 41.2889 0
      vertex 55.0469 37.2996 0
    endloop
  endfacet
  facet normal 0 0 -1
    outer loop
      vertex 55.4542 41.2889 0
      vertex 54.3406 38.478 0
      vertex 55.3123 41.2218 0
    endloop
  endfacet
  facet normal 0 0 -1
    outer loop
      vertex 55.3123 41.2218 0
      vertex 54.3406 38.478 0
      vertex 55.1645 41.1689 0
    endloop
  endfacet
  facet normal 0 0 -1
    outer loop
      vertex 55.1645 41.1689 0
      vertex 54.3406 38.478 0
      vertex 55.0121 41.1307 0
    endloop
  endfacet
  facet normal 0 0 -1
    outer loop
      vertex 55.0121 41.1307 0
      vertex 54.3406 38.478 0
      vertex 54.8568 41.1077 0
    endloop
  endfacet
  facet normal 0 0 -1
    outer loop
      vertex 53.5221 39.5815 0
      vertex 54.8568 41.1077 0
      vertex 54.3406 38.478 0
    endloop
  endfacet
  facet normal 0 0 -1
    outer loop
      vertex 54.8568 41.1077 0
      vertex 53.5221 39.5815 0
      vertex 54.7 41.1 0
    endloop
  endfacet
  facet normal -0 0 -1
    outer loop
      vertex 54.7 41.1 0
      vertex 53.5221 39.5815 0
      vertex 54.5432 41.1077 0
    endloop
  endfacet
  facet normal -0 0 -1
    outer loop
      vertex 54.5432 41.1077 0
      vertex 53.5221 39.5815 0
      vertex 54.3879 41.1307 0
    endloop
  endfacet
  facet normal 0 0 -1
    outer loop
      vertex 53.4 39.7163 0
      vertex 54.3879 41.1307 0
      vertex 53.5221 39.5815 0
    endloop
  endfacet
  facet normal -0 0 -1
    outer loop
      vertex 54.3879 41.1307 0
      vertex 53.4 39.7163 0
      vertex 54.2355 41.1689 0
    endloop
  endfacet
  facet normal -0 0 -1
    outer loop
      vertex 54.2355 41.1689 0
      vertex 53.4 39.7163 0
      vertex 54.0877 41.2218 0
    endloop
  endfacet
  facet normal -0 0 -1
    outer loop
      vertex 54.0877 41.2218 0
      vertex 53.4 39.7163 0
      vertex 53.9458 41.2889 0
    endloop
  endfacet
  facet normal -0 0 -1
    outer loop
      vertex 53.9458 41.2889 0
      vertex 53.4 39.7163 0
      vertex 53.8111 41.3696 0
    endloop
  endfacet
  facet normal -0 0 -1
    outer loop
      vertex 53.8111 41.3696 0
      vertex 53.4 39.7163 0
      vertex 53.685 41.4632 0
    endloop
  endfacet
  facet normal 0 0 -1
    outer loop
      vertex 52 41.1428 0
      vertex 53.685 41.4632 0
      vertex 53.4 39.7163 0
    endloop
  endfacet
  facet normal -0 0 -1
    outer loop
      vertex 53.685 41.4632 0
      vertex 52 41.1428 0
      vertex 53.5686 41.5686 0
    endloop
  endfacet
  facet normal -0 0 -1
    outer loop
      vertex 53.5686 41.5686 0
      vertex 52 41.1428 0
      vertex 53.4632 41.685 0
    endloop
  endfacet
  facet normal 0 0 -1
    outer loop
      vertex 52 20.2572 0
      vertex 53.3696 19.5889 0
      vertex 53.2889 19.4542 0
    endloop
  endfacet
  facet normal 0 0 -1
    outer loop
      vertex 52 20.2572 0
      vertex 53.2889 19.4542 0
      vertex 53.2218 19.3123 0
    endloop
  endfacet
  facet normal -0 0 -1
    outer loop
      vertex 53.4632 41.685 0
      vertex 52 41.1428 0
      vertex 53.3696 41.8111 0
    endloop
  endfacet
  facet normal 0 0 -1
    outer loop
      vertex 52 20.2572 0
      vertex 53.2218 19.3123 0
      vertex 53.1689 19.1645 0
    endloop
  endfacet
  facet normal -0 0 -1
    outer loop
      vertex 53.3696 41.8111 0
      vertex 52 41.1428 0
      vertex 53.2889 41.9458 0
    endloop
  endfacet
  facet normal 0 0 -1
    outer loop
      vertex 52 20.2572 0
      vertex 53.1689 19.1645 0
      vertex 53.1307 19.0121 0
    endloop
  endfacet
  facet normal -0 0 -1
    outer loop
      vertex 53.2889 41.9458 0
      vertex 52 41.1428 0
      vertex 53.2218 42.0877 0
    endloop
  endfacet
  facet normal 0 0 -1
    outer loop
      vertex 52 20.2572 0
      vertex 53.1307 19.0121 0
      vertex 53.1077 18.8568 0
    endloop
  endfacet
  facet normal -0 0 -1
    outer loop
      vertex 53.2218 42.0877 0
      vertex 52 41.1428 0
      vertex 53.1689 42.2355 0
    endloop
  endfacet
  facet normal -0 0 -1
    outer loop
      vertex 53.4 21.6837 0
      vertex 52 20.2572 0
      vertex 53.4 39.7163 0
    endloop
  endfacet
  facet normal 0 0 -1
    outer loop
      vertex 51.5815 41.5221 0
      vertex 53.1689 42.2355 0
      vertex 52 41.1428 0
    endloop
  endfacet
  facet normal 0 0 -1
    outer loop
      vertex 51.5815 19.8779 0
      vertex 53.1077 18.8568 0
      vertex 53.1 18.7 0
    endloop
  endfacet
  facet normal 0 0 -1
    outer loop
      vertex 52 41.1428 0
      vertex 53.4 39.7163 0
      vertex 52 20.2572 0
    endloop
  endfacet
  facet normal 0 0 -1
    outer loop
      vertex 41.3169 49.9395 0
      vertex 41.4268 50.1308 0
      vertex 41.3413 49.85 0
    endloop
  endfacet
  facet normal 0 0 -1
    outer loop
      vertex 41.3077 49.9726 0
      vertex 41.4268 50.1308 0
      vertex 41.3169 49.9395 0
    endloop
  endfacet
  facet normal 0 0 -1
    outer loop
      vertex 41.298 50.0067 0
      vertex 41.4268 50.1308 0
      vertex 41.3077 49.9726 0
    endloop
  endfacet
  facet normal 0 0 -1
    outer loop
      vertex 41.2879 50.0417 0
      vertex 41.4268 50.1308 0
      vertex 41.298 50.0067 0
    endloop
  endfacet
  facet normal 0 0 -1
    outer loop
      vertex 41.2775 50.0778 0
      vertex 41.4268 50.1308 0
      vertex 41.2879 50.0417 0
    endloop
  endfacet
  facet normal 0 0 -1
    outer loop
      vertex 41.2666 50.1149 0
      vertex 41.4268 50.1308 0
      vertex 41.2775 50.0778 0
    endloop
  endfacet
  facet normal 0 0 -1
    outer loop
      vertex 41.2554 50.153 0
      vertex 41.4268 50.1308 0
      vertex 41.2666 50.1149 0
    endloop
  endfacet
  facet normal 0 0 -1
    outer loop
      vertex 41.2437 50.192 0
      vertex 41.4268 50.1308 0
      vertex 41.2554 50.153 0
    endloop
  endfacet
  facet normal 0 0 -1
    outer loop
      vertex 41.2317 50.2321 0
      vertex 41.4268 50.1308 0
      vertex 41.2437 50.192 0
    endloop
  endfacet
  facet normal 0 0 -1
    outer loop
      vertex 41.2192 50.2732 0
      vertex 41.4268 50.1308 0
      vertex 41.2317 50.2321 0
    endloop
  endfacet
  facet normal 0 0 -1
    outer loop
      vertex 41.1993 50.3356 0
      vertex 41.4268 50.1308 0
      vertex 41.2192 50.2732 0
    endloop
  endfacet
  facet normal 0 0 -1
    outer loop
      vertex 41.4268 50.1308 0
      vertex 41.1993 50.3356 0
      vertex 41.6017 50.6841 0
    endloop
  endfacet
  facet normal 0 0 -1
    outer loop
      vertex 41.165 50.4396 0
      vertex 41.6017 50.6841 0
      vertex 41.1993 50.3356 0
    endloop
  endfacet
  facet normal 0 0 -1
    outer loop
      vertex 41.1162 50.5851 0
      vertex 41.6017 50.6841 0
      vertex 41.165 50.4396 0
    endloop
  endfacet
  facet normal 0 0 -1
    outer loop
      vertex 41.0529 50.7723 0
      vertex 41.6017 50.6841 0
      vertex 41.1162 50.5851 0
    endloop
  endfacet
  facet normal 0 0 -1
    outer loop
      vertex 40.9751 51.0011 0
      vertex 41.6017 50.6841 0
      vertex 41.0529 50.7723 0
    endloop
  endfacet
  facet normal 0 0 -1
    outer loop
      vertex 40.8829 51.2714 0
      vertex 41.6017 50.6841 0
      vertex 40.9751 51.0011 0
    endloop
  endfacet
  facet normal 0 0 -1
    outer loop
      vertex 41.6017 50.6841 0
      vertex 40.8829 51.2714 0
      vertex 42.1672 52.332 0
    endloop
  endfacet
  facet normal 0 0 -1
    outer loop
      vertex 40.7762 51.5833 0
      vertex 42.1672 52.332 0
      vertex 40.8829 51.2714 0
    endloop
  endfacet
  facet normal 0 0 -1
    outer loop
      vertex 40.655 51.9369 0
      vertex 42.1672 52.332 0
      vertex 40.7762 51.5833 0
    endloop
  endfacet
  facet normal -0 0 -1
    outer loop
      vertex 42.1672 52.332 0
      vertex 40.655 51.9369 0
      vertex 40.5194 52.332 0
    endloop
  endfacet
  facet normal 0.514121 0.857718 -0
    outer loop
      vertex 93.7334 60.3888 0
      vertex 93.2284 60.6915 8
      vertex 93.7334 60.3888 8
    endloop
  endfacet
  facet normal 0.514121 0.857718 0
    outer loop
      vertex 93.2284 60.6915 8
      vertex 93.7334 60.3888 0
      vertex 93.2284 60.6915 0
    endloop
  endfacet
  facet normal 0.6717 0.740823 -0
    outer loop
      vertex 94.6426 59.6426 0
      vertex 94.2064 60.0381 8
      vertex 94.6426 59.6426 8
    endloop
  endfacet
  facet normal 0.6717 0.740823 0
    outer loop
      vertex 94.2064 60.0381 8
      vertex 94.6426 59.6426 0
      vertex 94.2064 60.0381 0
    endloop
  endfacet
  facet normal 0.740884 -0.671632 0
    outer loop
      vertex 94.6426 1.75736 8
      vertex 95.0381 2.19364 0
      vertex 95.0381 2.19364 8
    endloop
  endfacet
  facet normal 0.740884 -0.671632 0
    outer loop
      vertex 95.0381 2.19364 0
      vertex 94.6426 1.75736 8
      vertex 94.6426 1.75736 0
    endloop
  endfacet
  facet normal -0.740961 -0.671549 0
    outer loop
      vertex 1.75735 1.75736 0
      vertex 1.36194 2.19364 8
      vertex 1.36194 2.19364 0
    endloop
  endfacet
  facet normal -0.740961 -0.671549 0
    outer loop
      vertex 1.36194 2.19364 8
      vertex 1.75735 1.75736 0
      vertex 1.75735 1.75736 8
    endloop
  endfacet
  facet normal -0.857721 -0.514116 0
    outer loop
      vertex 1.01118 2.66659 0
      vertex 0.708466 3.17162 8
      vertex 0.708466 3.17162 0
    endloop
  endfacet
  facet normal -0.857721 -0.514116 0
    outer loop
      vertex 0.708466 3.17162 8
      vertex 1.01118 2.66659 0
      vertex 1.01118 2.66659 8
    endloop
  endfacet
  facet normal 0.998795 0.0490821 0
    outer loop
      vertex 96.4 55.4 4.9
      vertex 96.3711 55.9881 0
      vertex 96.3711 55.9881 4.9
    endloop
  endfacet
  facet normal 0.998795 0.0490821 0
    outer loop
      vertex 96.3711 55.9881 0
      vertex 96.4 55.4 4.9
      vertex 96.4 55.4 0
    endloop
  endfacet
  facet normal 0 0 1
    outer loop
      vertex 93.9659 56.7 8
      vertex 96.1416 57.1417 8
      vertex 95.9433 57.6961 8
    endloop
  endfacet
  facet normal 0 0 1
    outer loop
      vertex 93.9107 56.8542 8
      vertex 95.9433 57.6961 8
      vertex 95.6915 58.2284 8
    endloop
  endfacet
  facet normal 0 0 1
    outer loop
      vertex 93.7513 57.1913 8
      vertex 95.6915 58.2284 8
      vertex 95.3888 58.7334 8
    endloop
  endfacet
  facet normal 0 0 1
    outer loop
      vertex 93.5596 57.5112 8
      vertex 95.3888 58.7334 8
      vertex 95.0381 59.2064 8
    endloop
  endfacet
  facet normal 0 0 1
    outer loop
      vertex 93.3374 57.8107 8
      vertex 95.0381 59.2064 8
      vertex 94.6426 59.6426 8
    endloop
  endfacet
  facet normal 0 0 1
    outer loop
      vertex 93.087 58.087 8
      vertex 94.6426 59.6426 8
      vertex 94.2064 60.0381 8
    endloop
  endfacet
  facet normal 0 0 1
    outer loop
      vertex 95.3888 58.7334 8
      vertex 93.5596 57.5112 8
      vertex 93.7513 57.1913 8
    endloop
  endfacet
  facet normal 0 0 1
    outer loop
      vertex 96.1416 57.1417 8
      vertex 93.9659 56.7 8
      vertex 96.2523 56.7 8
    endloop
  endfacet
  facet normal 0 0 1
    outer loop
      vertex 95.9433 57.6961 8
      vertex 93.9107 56.8542 8
      vertex 93.9659 56.7 8
    endloop
  endfacet
  facet normal 0 0 1
    outer loop
      vertex 92.8107 58.3374 8
      vertex 94.2064 60.0381 8
      vertex 93.7334 60.3888 8
    endloop
  endfacet
  facet normal 0 0 1
    outer loop
      vertex 95.6915 58.2284 8
      vertex 93.7513 57.1913 8
      vertex 93.9107 56.8542 8
    endloop
  endfacet
  facet normal 0 0 1
    outer loop
      vertex 95.0381 59.2064 8
      vertex 93.3374 57.8107 8
      vertex 93.5596 57.5112 8
    endloop
  endfacet
  facet normal 0 0 1
    outer loop
      vertex 92.5112 58.5596 8
      vertex 93.7334 60.3888 8
      vertex 93.2284 60.6915 8
    endloop
  endfacet
  facet normal 0 0 1
    outer loop
      vertex 94.6426 59.6426 8
      vertex 93.087 58.087 8
      vertex 93.3374 57.8107 8
    endloop
  endfacet
  facet normal 0 0 1
    outer loop
      vertex 94.2064 60.0381 8
      vertex 92.8107 58.3374 8
      vertex 93.087 58.087 8
    endloop
  endfacet
  facet normal 0 0 1
    outer loop
      vertex 92.1913 58.7513 8
      vertex 93.2284 60.6915 8
      vertex 92.6961 60.9433 8
    endloop
  endfacet
  facet normal 0 0 1
    outer loop
      vertex 93.7334 60.3888 8
      vertex 92.5112 58.5596 8
      vertex 92.8107 58.3374 8
    endloop
  endfacet
  facet normal 0 0 1
    outer loop
      vertex 93.2284 60.6915 8
      vertex 92.1913 58.7513 8
      vertex 92.5112 58.5596 8
    endloop
  endfacet
  facet normal 0 0 1
    outer loop
      vertex 91.8542 58.9107 8
      vertex 92.6961 60.9433 8
      vertex 92.1417 61.1416 8
    endloop
  endfacet
  facet normal 0 0 1
    outer loop
      vertex 92.6961 60.9433 8
      vertex 91.8542 58.9107 8
      vertex 92.1913 58.7513 8
    endloop
  endfacet
  facet normal 0 0 1
    outer loop
      vertex 91.5031 59.0364 8
      vertex 92.1417 61.1416 8
      vertex 91.5705 61.2847 8
    endloop
  endfacet
  facet normal 0 0 1
    outer loop
      vertex 92.1417 61.1416 8
      vertex 91.5031 59.0364 8
      vertex 91.8542 58.9107 8
    endloop
  endfacet
  facet normal 0 0 1
    outer loop
      vertex 91.5705 61.2847 8
      vertex 91.1413 59.127 8
      vertex 91.5031 59.0364 8
    endloop
  endfacet
  facet normal 0 0 1
    outer loop
      vertex 90.9881 61.3711 8
      vertex 91.1413 59.127 8
      vertex 91.5705 61.2847 8
    endloop
  endfacet
  facet normal 0 0 1
    outer loop
      vertex 90.9881 61.3711 8
      vertex 90.7725 59.1817 8
      vertex 91.1413 59.127 8
    endloop
  endfacet
  facet normal 0 0 1
    outer loop
      vertex 90.4 61.4 8
      vertex 90.7725 59.1817 8
      vertex 90.9881 61.3711 8
    endloop
  endfacet
  facet normal 0 0 1
    outer loop
      vertex 90.4 61.4 8
      vertex 90.4 59.2 8
      vertex 90.7725 59.1817 8
    endloop
  endfacet
  facet normal -0 0 1
    outer loop
      vertex 6 61.4 8
      vertex 90.4 59.2 8
      vertex 90.4 61.4 8
    endloop
  endfacet
  facet normal 0 0 1
    outer loop
      vertex 6 61.4 8
      vertex 6 59.2 8
      vertex 90.4 59.2 8
    endloop
  endfacet
  facet normal 0 0 1
    outer loop
      vertex 6 61.4 8
      vertex 5.62753 59.1817 8
      vertex 6 59.2 8
    endloop
  endfacet
  facet normal -0 0 1
    outer loop
      vertex 5.4119 61.3711 8
      vertex 5.62753 59.1817 8
      vertex 6 61.4 8
    endloop
  endfacet
  facet normal 0 0 1
    outer loop
      vertex 5.4119 61.3711 8
      vertex 5.25865 59.127 8
      vertex 5.62753 59.1817 8
    endloop
  endfacet
  facet normal -0 0 1
    outer loop
      vertex 4.82945 61.2847 8
      vertex 5.25865 59.127 8
      vertex 5.4119 61.3711 8
    endloop
  endfacet
  facet normal 0 0 1
    outer loop
      vertex 5.25865 59.127 8
      vertex 4.82945 61.2847 8
      vertex 4.89691 59.0364 8
    endloop
  endfacet
  facet normal -0 0 1
    outer loop
      vertex 4.25829 61.1416 8
      vertex 4.89691 59.0364 8
      vertex 4.82945 61.2847 8
    endloop
  endfacet
  facet normal 0 0 1
    outer loop
      vertex 4.89691 59.0364 8
      vertex 4.25829 61.1416 8
      vertex 4.54581 58.9107 8
    endloop
  endfacet
  facet normal -0 0 1
    outer loop
      vertex 3.7039 60.9433 8
      vertex 4.54581 58.9107 8
      vertex 4.25829 61.1416 8
    endloop
  endfacet
  facet normal 0 0 1
    outer loop
      vertex 4.54581 58.9107 8
      vertex 3.7039 60.9433 8
      vertex 4.20869 58.7513 8
    endloop
  endfacet
  facet normal -0 0 1
    outer loop
      vertex 3.17162 60.6915 8
      vertex 4.20869 58.7513 8
      vertex 3.7039 60.9433 8
    endloop
  endfacet
  facet normal 0 0 1
    outer loop
      vertex 4.20869 58.7513 8
      vertex 3.17162 60.6915 8
      vertex 3.88884 58.5596 8
    endloop
  endfacet
  facet normal -0 0 1
    outer loop
      vertex 2.66658 60.3888 8
      vertex 3.88884 58.5596 8
      vertex 3.17162 60.6915 8
    endloop
  endfacet
  facet normal 0 0 1
    outer loop
      vertex 3.88884 58.5596 8
      vertex 2.66658 60.3888 8
      vertex 3.58931 58.3374 8
    endloop
  endfacet
  facet normal -0 0 1
    outer loop
      vertex 2.19363 60.0381 8
      vertex 3.58931 58.3374 8
      vertex 2.66658 60.3888 8
    endloop
  endfacet
  facet normal 0 0 1
    outer loop
      vertex 3.58931 58.3374 8
      vertex 2.19363 60.0381 8
      vertex 3.31299 58.087 8
    endloop
  endfacet
  facet normal -0 0 1
    outer loop
      vertex 1.75735 59.6426 8
      vertex 3.31299 58.087 8
      vertex 2.19363 60.0381 8
    endloop
  endfacet
  facet normal 0 0 1
    outer loop
      vertex 3.31299 58.087 8
      vertex 1.75735 59.6426 8
      vertex 3.06256 57.8107 8
    endloop
  endfacet
  facet normal -0 0 1
    outer loop
      vertex 1.36194 59.2064 8
      vertex 3.06256 57.8107 8
      vertex 1.75735 59.6426 8
    endloop
  endfacet
  facet normal 0 0 1
    outer loop
      vertex 3.06256 57.8107 8
      vertex 1.36194 59.2064 8
      vertex 2.84041 57.5112 8
    endloop
  endfacet
  facet normal -0 0 1
    outer loop
      vertex 1.01118 58.7334 8
      vertex 2.84041 57.5112 8
      vertex 1.36194 59.2064 8
    endloop
  endfacet
  facet normal 0 0 1
    outer loop
      vertex 2.84041 57.5112 8
      vertex 1.01118 58.7334 8
      vertex 2.6487 57.1913 8
    endloop
  endfacet
  facet normal -0 0 1
    outer loop
      vertex 0.456726 57.6961 8
      vertex 2.48926 56.8542 8
      vertex 0.708466 58.2284 8
    endloop
  endfacet
  facet normal 0 0 1
    outer loop
      vertex 2.6487 57.1913 8
      vertex 0.708466 58.2284 8
      vertex 2.48926 56.8542 8
    endloop
  endfacet
  facet normal -0 0 1
    outer loop
      vertex 0.708466 58.2284 8
      vertex 2.6487 57.1913 8
      vertex 1.01118 58.7334 8
    endloop
  endfacet
  facet normal -0 0 1
    outer loop
      vertex 93.9659 4.7 8
      vertex 96.1416 4.25829 8
      vertex 96.2523 4.7 8
    endloop
  endfacet
  facet normal 0 0 1
    outer loop
      vertex 96.1416 4.25829 8
      vertex 93.9659 4.7 8
      vertex 95.9433 3.70391 8
    endloop
  endfacet
  facet normal -0 0 1
    outer loop
      vertex 93.9107 4.54581 8
      vertex 95.9433 3.70391 8
      vertex 93.9659 4.7 8
    endloop
  endfacet
  facet normal -0 0 1
    outer loop
      vertex 93.7513 4.2087 8
      vertex 95.6915 3.17162 8
      vertex 93.9107 4.54581 8
    endloop
  endfacet
  facet normal -0 0 1
    outer loop
      vertex 93.5596 3.88885 8
      vertex 95.3888 2.66659 8
      vertex 93.7513 4.2087 8
    endloop
  endfacet
  facet normal 0 0 1
    outer loop
      vertex 95.3888 2.66659 8
      vertex 93.5596 3.88885 8
      vertex 95.0381 2.19364 8
    endloop
  endfacet
  facet normal 0 0 1
    outer loop
      vertex 95.9433 3.70391 8
      vertex 93.9107 4.54581 8
      vertex 95.6915 3.17162 8
    endloop
  endfacet
  facet normal 0 0 1
    outer loop
      vertex 95.6915 3.17162 8
      vertex 93.7513 4.2087 8
      vertex 95.3888 2.66659 8
    endloop
  endfacet
  facet normal -0 0 1
    outer loop
      vertex 93.3374 3.58932 8
      vertex 95.0381 2.19364 8
      vertex 93.5596 3.88885 8
    endloop
  endfacet
  facet normal 0 0 1
    outer loop
      vertex 95.0381 2.19364 8
      vertex 93.3374 3.58932 8
      vertex 94.6426 1.75736 8
    endloop
  endfacet
  facet normal -0 0 1
    outer loop
      vertex 93.087 3.31299 8
      vertex 94.6426 1.75736 8
      vertex 93.3374 3.58932 8
    endloop
  endfacet
  facet normal 0 0 1
    outer loop
      vertex 94.6426 1.75736 8
      vertex 93.087 3.31299 8
      vertex 94.2064 1.36194 8
    endloop
  endfacet
  facet normal -0 0 1
    outer loop
      vertex 92.8107 3.06257 8
      vertex 94.2064 1.36194 8
      vertex 93.087 3.31299 8
    endloop
  endfacet
  facet normal 0 0 1
    outer loop
      vertex 94.2064 1.36194 8
      vertex 92.8107 3.06257 8
      vertex 93.7334 1.01119 8
    endloop
  endfacet
  facet normal -0 0 1
    outer loop
      vertex 92.5112 2.84041 8
      vertex 93.7334 1.01119 8
      vertex 92.8107 3.06257 8
    endloop
  endfacet
  facet normal 0 0 1
    outer loop
      vertex 93.7334 1.01119 8
      vertex 92.5112 2.84041 8
      vertex 93.2284 0.708472 8
    endloop
  endfacet
  facet normal -0 0 1
    outer loop
      vertex 92.1913 2.6487 8
      vertex 93.2284 0.708472 8
      vertex 92.5112 2.84041 8
    endloop
  endfacet
  facet normal 0 0 1
    outer loop
      vertex 93.2284 0.708472 8
      vertex 92.1913 2.6487 8
      vertex 92.6961 0.456732 8
    endloop
  endfacet
  facet normal -0 0 1
    outer loop
      vertex 91.8542 2.48926 8
      vertex 92.6961 0.456732 8
      vertex 92.1913 2.6487 8
    endloop
  endfacet
  facet normal 0 0 1
    outer loop
      vertex 92.6961 0.456732 8
      vertex 91.8542 2.48926 8
      vertex 92.1417 0.258368 8
    endloop
  endfacet
  facet normal -0 0 1
    outer loop
      vertex 91.5031 2.36364 8
      vertex 92.1417 0.258368 8
      vertex 91.8542 2.48926 8
    endloop
  endfacet
  facet normal 0 0 1
    outer loop
      vertex 92.1417 0.258368 8
      vertex 91.5031 2.36364 8
      vertex 91.5705 0.115302 8
    endloop
  endfacet
  facet normal -0 0 1
    outer loop
      vertex 91.1413 2.27302 8
      vertex 91.5705 0.115302 8
      vertex 91.5031 2.36364 8
    endloop
  endfacet
  facet normal 0 0 1
    outer loop
      vertex 91.1413 2.27302 8
      vertex 90.9881 0.028891 8
      vertex 91.5705 0.115302 8
    endloop
  endfacet
  facet normal -0 0 1
    outer loop
      vertex 90.7725 2.2183 8
      vertex 90.9881 0.028891 8
      vertex 91.1413 2.27302 8
    endloop
  endfacet
  facet normal -0 0 1
    outer loop
      vertex 90.4 2.2 8
      vertex 90.9881 0.028891 8
      vertex 90.7725 2.2183 8
    endloop
  endfacet
  facet normal 0 0 1
    outer loop
      vertex 90.4 2.2 8
      vertex 90.4 6.10352e-06 8
      vertex 90.9881 0.028891 8
    endloop
  endfacet
  facet normal -0 0 1
    outer loop
      vertex 6 2.2 8
      vertex 90.4 6.10352e-06 8
      vertex 90.4 2.2 8
    endloop
  endfacet
  facet normal 0 0 1
    outer loop
      vertex 6 2.2 8
      vertex 6 6.10352e-06 8
      vertex 90.4 6.10352e-06 8
    endloop
  endfacet
  facet normal 0 0 1
    outer loop
      vertex 5.62753 2.2183 8
      vertex 6 6.10352e-06 8
      vertex 6 2.2 8
    endloop
  endfacet
  facet normal 0 0 1
    outer loop
      vertex 5.62753 2.2183 8
      vertex 5.4119 0.028891 8
      vertex 6 6.10352e-06 8
    endloop
  endfacet
  facet normal 0 0 1
    outer loop
      vertex 5.25865 2.27302 8
      vertex 5.4119 0.028891 8
      vertex 5.62753 2.2183 8
    endloop
  endfacet
  facet normal 0 0 1
    outer loop
      vertex 4.82945 0.115302 8
      vertex 5.25865 2.27302 8
      vertex 4.89691 2.36364 8
    endloop
  endfacet
  facet normal 0 0 1
    outer loop
      vertex 5.25865 2.27302 8
      vertex 4.82945 0.115302 8
      vertex 5.4119 0.028891 8
    endloop
  endfacet
  facet normal 0 0 1
    outer loop
      vertex 4.25829 0.258368 8
      vertex 4.89691 2.36364 8
      vertex 4.54581 2.48926 8
    endloop
  endfacet
  facet normal 0 0 1
    outer loop
      vertex 4.89691 2.36364 8
      vertex 4.25829 0.258368 8
      vertex 4.82945 0.115302 8
    endloop
  endfacet
  facet normal 0 0 1
    outer loop
      vertex 3.7039 0.456732 8
      vertex 4.54581 2.48926 8
      vertex 4.20869 2.6487 8
    endloop
  endfacet
  facet normal 0 0 1
    outer loop
      vertex 3.17162 0.708472 8
      vertex 4.20869 2.6487 8
      vertex 3.88884 2.84041 8
    endloop
  endfacet
  facet normal 0 0 1
    outer loop
      vertex 4.54581 2.48926 8
      vertex 3.7039 0.456732 8
      vertex 4.25829 0.258368 8
    endloop
  endfacet
  facet normal 0 0 1
    outer loop
      vertex 2.66658 1.01119 8
      vertex 3.88884 2.84041 8
      vertex 3.58931 3.06257 8
    endloop
  endfacet
  facet normal 0 0 1
    outer loop
      vertex 2.19363 1.36194 8
      vertex 3.58931 3.06257 8
      vertex 3.31299 3.31299 8
    endloop
  endfacet
  facet normal 0 0 1
    outer loop
      vertex 4.20869 2.6487 8
      vertex 3.17162 0.708472 8
      vertex 3.7039 0.456732 8
    endloop
  endfacet
  facet normal 0 0 1
    outer loop
      vertex 1.75735 1.75736 8
      vertex 3.31299 3.31299 8
      vertex 3.06256 3.58932 8
    endloop
  endfacet
  facet normal 0 0 1
    outer loop
      vertex 1.36194 2.19364 8
      vertex 3.06256 3.58932 8
      vertex 2.84041 3.88885 8
    endloop
  endfacet
  facet normal 0 0 1
    outer loop
      vertex 3.88884 2.84041 8
      vertex 2.66658 1.01119 8
      vertex 3.17162 0.708472 8
    endloop
  endfacet
  facet normal 0 0 1
    outer loop
      vertex 1.01118 2.66659 8
      vertex 2.84041 3.88885 8
      vertex 2.6487 4.2087 8
    endloop
  endfacet
  facet normal 0 0 1
    outer loop
      vertex 0.708466 3.17162 8
      vertex 2.6487 4.2087 8
      vertex 2.48926 4.54581 8
    endloop
  endfacet
  facet normal 0 0 1
    outer loop
      vertex 0.456726 3.70391 8
      vertex 2.48926 4.54581 8
      vertex 2.36363 4.89692 8
    endloop
  endfacet
  facet normal 0 0 1
    outer loop
      vertex 0.258362 4.25829 8
      vertex 2.36363 4.89692 8
      vertex 2.27301 5.25866 8
    endloop
  endfacet
  facet normal 0 0 1
    outer loop
      vertex 0.115295 4.82946 8
      vertex 2.27301 5.25866 8
      vertex 2.21829 5.62754 8
    endloop
  endfacet
  facet normal 0 0 1
    outer loop
      vertex 3.58931 3.06257 8
      vertex 2.19363 1.36194 8
      vertex 2.66658 1.01119 8
    endloop
  endfacet
  facet normal 0 0 1
    outer loop
      vertex 0.0288849 5.4119 8
      vertex 2.21829 5.62754 8
      vertex 2.2 6.00001 8
    endloop
  endfacet
  facet normal 0 0 1
    outer loop
      vertex 2.2 55.4 8
      vertex 0 55.4 8
      vertex 2.2 6.00001 8
    endloop
  endfacet
  facet normal 0 0 1
    outer loop
      vertex 2.48926 56.8542 8
      vertex 0.456726 57.6961 8
      vertex 2.36363 56.5031 8
    endloop
  endfacet
  facet normal 0 0 1
    outer loop
      vertex 0 6.00001 8
      vertex 2.2 6.00001 8
      vertex 0 55.4 8
    endloop
  endfacet
  facet normal -0 0 1
    outer loop
      vertex 0.258362 57.1417 8
      vertex 2.36363 56.5031 8
      vertex 0.456726 57.6961 8
    endloop
  endfacet
  facet normal 0 -0 1
    outer loop
      vertex 0.0288849 5.4119 8
      vertex 2.2 6.00001 8
      vertex 0 6.00001 8
    endloop
  endfacet
  facet normal 0 0 1
    outer loop
      vertex 2.36363 56.5031 8
      vertex 0.258362 57.1417 8
      vertex 2.27301 56.1413 8
    endloop
  endfacet
  facet normal 0 0 1
    outer loop
      vertex 3.31299 3.31299 8
      vertex 1.75735 1.75736 8
      vertex 2.19363 1.36194 8
    endloop
  endfacet
  facet normal -0 0 1
    outer loop
      vertex 0.115295 56.5705 8
      vertex 2.27301 56.1413 8
      vertex 0.258362 57.1417 8
    endloop
  endfacet
  facet normal 0 0 1
    outer loop
      vertex 3.06256 3.58932 8
      vertex 1.36194 2.19364 8
      vertex 1.75735 1.75736 8
    endloop
  endfacet
  facet normal 0 0 1
    outer loop
      vertex 2.27301 56.1413 8
      vertex 0.115295 56.5705 8
      vertex 2.21829 55.7725 8
    endloop
  endfacet
  facet normal 0 0 1
    outer loop
      vertex 2.84041 3.88885 8
      vertex 1.01118 2.66659 8
      vertex 1.36194 2.19364 8
    endloop
  endfacet
  facet normal -0 0 1
    outer loop
      vertex 0.0288849 55.9881 8
      vertex 2.21829 55.7725 8
      vertex 0.115295 56.5705 8
    endloop
  endfacet
  facet normal 0 0 1
    outer loop
      vertex 2.6487 4.2087 8
      vertex 0.708466 3.17162 8
      vertex 1.01118 2.66659 8
    endloop
  endfacet
  facet normal 0 0 1
    outer loop
      vertex 2.21829 55.7725 8
      vertex 0.0288849 55.9881 8
      vertex 2.2 55.4 8
    endloop
  endfacet
  facet normal 0 0 1
    outer loop
      vertex 2.48926 4.54581 8
      vertex 0.456726 3.70391 8
      vertex 0.708466 3.17162 8
    endloop
  endfacet
  facet normal 0 0 1
    outer loop
      vertex 2.2 55.4 8
      vertex 0.0288849 55.9881 8
      vertex 0 55.4 8
    endloop
  endfacet
  facet normal 0 0 1
    outer loop
      vertex 2.36363 4.89692 8
      vertex 0.258362 4.25829 8
      vertex 0.456726 3.70391 8
    endloop
  endfacet
  facet normal 0 0 1
    outer loop
      vertex 2.27301 5.25866 8
      vertex 0.115295 4.82946 8
      vertex 0.258362 4.25829 8
    endloop
  endfacet
  facet normal 0 0 1
    outer loop
      vertex 2.21829 5.62754 8
      vertex 0.0288849 5.4119 8
      vertex 0.115295 4.82946 8
    endloop
  endfacet
  facet normal 0.989174 0.146746 0
    outer loop
      vertex 96.3711 55.9881 4.9
      vertex 96.2847 56.5705 0
      vertex 96.2847 56.5705 4.9
    endloop
  endfacet
  facet normal 0.989174 0.146746 0
    outer loop
      vertex 96.2847 56.5705 0
      vertex 96.3711 55.9881 4.9
      vertex 96.3711 55.9881 0
    endloop
  endfacet
  facet normal -0.857707 0.514139 0
    outer loop
      vertex 0.708466 58.2284 0
      vertex 1.01118 58.7334 8
      vertex 1.01118 58.7334 0
    endloop
  endfacet
  facet normal -0.857707 0.514139 0
    outer loop
      vertex 1.01118 58.7334 8
      vertex 0.708466 58.2284 0
      vertex 0.708466 58.2284 8
    endloop
  endfacet
  facet normal 0.998795 -0.0490812 0
    outer loop
      vertex 96.3711 5.4119 4.9
      vertex 96.4 6.00001 0
      vertex 96.4 6.00001 4.9
    endloop
  endfacet
  facet normal 0.998795 -0.0490812 0
    outer loop
      vertex 96.4 6.00001 0
      vertex 96.3711 5.4119 4.9
      vertex 96.3711 5.4119 0
    endloop
  endfacet
  facet normal 0.94158 0.336788 0
    outer loop
      vertex 96.1416 57.1417 8
      vertex 95.9433 57.6961 0
      vertex 95.9433 57.6961 8
    endloop
  endfacet
  facet normal 0.94158 0.336788 0
    outer loop
      vertex 95.9433 57.6961 0
      vertex 96.1416 57.1417 8
      vertex 96.1416 57.1417 0
    endloop
  endfacet
  facet normal 0.803259 -0.59563 0
    outer loop
      vertex 95.0381 2.19364 8
      vertex 95.3888 2.66659 0
      vertex 95.3888 2.66659 8
    endloop
  endfacet
  facet normal 0.803259 -0.59563 0
    outer loop
      vertex 95.3888 2.66659 0
      vertex 95.0381 2.19364 8
      vertex 95.0381 2.19364 0
    endloop
  endfacet
  facet normal -0.242914 -0.970048 0
    outer loop
      vertex 91.1413 59.127 2
      vertex 91.5031 59.0364 8
      vertex 91.1413 59.127 8
    endloop
  endfacet
  facet normal -0.242914 -0.970048 -0
    outer loop
      vertex 91.5031 59.0364 8
      vertex 91.1413 59.127 2
      vertex 91.5031 59.0364 2
    endloop
  endfacet
  facet normal 0 -1 0
    outer loop
      vertex 6 59.2 2
      vertex 90.4 59.2 8
      vertex 6 59.2 8
    endloop
  endfacet
  facet normal 0 -1 -0
    outer loop
      vertex 90.4 59.2 8
      vertex 6 59.2 2
      vertex 90.4 59.2 2
    endloop
  endfacet
  facet normal -0.146714 -0.989179 0
    outer loop
      vertex 90.7725 59.1817 2
      vertex 91.1413 59.127 8
      vertex 90.7725 59.1817 8
    endloop
  endfacet
  facet normal -0.146714 -0.989179 -0
    outer loop
      vertex 91.1413 59.127 8
      vertex 90.7725 59.1817 2
      vertex 91.1413 59.127 2
    endloop
  endfacet
  facet normal 0.427542 0.903995 -0
    outer loop
      vertex 4.54581 2.48926 2
      vertex 4.20869 2.6487 8
      vertex 4.54581 2.48926 8
    endloop
  endfacet
  facet normal 0.427542 0.903995 0
    outer loop
      vertex 4.20869 2.6487 8
      vertex 4.54581 2.48926 2
      vertex 4.20869 2.6487 2
    endloop
  endfacet
  facet normal -0.0490683 -0.998795 0
    outer loop
      vertex 90.4 59.2 2
      vertex 90.7725 59.1817 8
      vertex 90.4 59.2 8
    endloop
  endfacet
  facet normal -0.0490683 -0.998795 -0
    outer loop
      vertex 90.7725 59.1817 8
      vertex 90.4 59.2 2
      vertex 90.7725 59.1817 2
    endloop
  endfacet
  facet normal 0.242952 -0.970038 0
    outer loop
      vertex 4.89691 59.0364 2
      vertex 5.25865 59.127 8
      vertex 4.89691 59.0364 8
    endloop
  endfacet
  facet normal 0.242952 -0.970038 0
    outer loop
      vertex 5.25865 59.127 8
      vertex 4.89691 59.0364 2
      vertex 5.25865 59.127 2
    endloop
  endfacet
  facet normal 0.970026 0.243003 0
    outer loop
      vertex 2.36363 4.89692 8
      vertex 2.27301 5.25866 2
      vertex 2.27301 5.25866 8
    endloop
  endfacet
  facet normal 0.970026 0.243003 0
    outer loop
      vertex 2.27301 5.25866 2
      vertex 2.36363 4.89692 8
      vertex 2.36363 4.89692 2
    endloop
  endfacet
  facet normal 0.337067 -0.941481 0
    outer loop
      vertex 4.54581 58.9107 2
      vertex 4.89691 59.0364 8
      vertex 4.54581 58.9107 8
    endloop
  endfacet
  facet normal 0.337067 -0.941481 0
    outer loop
      vertex 4.89691 59.0364 8
      vertex 4.54581 58.9107 2
      vertex 4.89691 59.0364 2
    endloop
  endfacet
  facet normal 0.146683 -0.989184 0
    outer loop
      vertex 5.25865 59.127 2
      vertex 5.62753 59.1817 8
      vertex 5.25865 59.127 8
    endloop
  endfacet
  facet normal 0.146683 -0.989184 0
    outer loop
      vertex 5.62753 59.1817 8
      vertex 5.25865 59.127 2
      vertex 5.62753 59.1817 2
    endloop
  endfacet
  facet normal 0.0490723 0.998795 -0
    outer loop
      vertex 6 2.2 2
      vertex 5.62753 2.2183 8
      vertex 6 2.2 8
    endloop
  endfacet
  facet normal 0.0490723 0.998795 0
    outer loop
      vertex 5.62753 2.2183 8
      vertex 6 2.2 2
      vertex 5.62753 2.2183 2
    endloop
  endfacet
  facet normal 0.970035 -0.242965 0
    outer loop
      vertex 2.27301 56.1413 8
      vertex 2.36363 56.5031 2
      vertex 2.36363 56.5031 8
    endloop
  endfacet
  facet normal 0.970035 -0.242965 0
    outer loop
      vertex 2.36363 56.5031 2
      vertex 2.27301 56.1413 8
      vertex 2.27301 56.1413 2
    endloop
  endfacet
  facet normal -0.941493 -0.337033 0
    outer loop
      vertex 93.9107 56.8542 2
      vertex 93.9659 56.7 4.9
      vertex 93.9107 56.8542 8
    endloop
  endfacet
  facet normal -0.941481 -0.337067 -2.05275e-06
    outer loop
      vertex 94.0364 56.5031 2
      vertex 93.9659 56.7 4.9
      vertex 93.9107 56.8542 2
    endloop
  endfacet
  facet normal -0.941471 -0.337094 0
    outer loop
      vertex 93.9659 56.7 4.9
      vertex 94.0364 56.5031 2
      vertex 94.0364 56.5031 4.9
    endloop
  endfacet
  facet normal -0.941493 -0.337033 0
    outer loop
      vertex 93.9107 56.8542 8
      vertex 93.9659 56.7 4.9
      vertex 93.9659 56.7 8
    endloop
  endfacet
  facet normal -1 0 0
    outer loop
      vertex 94.2 6.00001 2
      vertex 94.2 55.4 4.9
      vertex 94.2 55.4 2
    endloop
  endfacet
  facet normal -1 -0 0
    outer loop
      vertex 94.2 55.4 4.9
      vertex 94.2 6.00001 2
      vertex 94.2 6.00001 4.9
    endloop
  endfacet
  facet normal -0.741019 0.671484 0
    outer loop
      vertex 93.087 3.31299 2
      vertex 93.3374 3.58932 8
      vertex 93.3374 3.58932 2
    endloop
  endfacet
  facet normal -0.741019 0.671484 0
    outer loop
      vertex 93.3374 3.58932 8
      vertex 93.087 3.31299 2
      vertex 93.087 3.31299 8
    endloop
  endfacet
  facet normal 1 -0 0
    outer loop
      vertex 2.2 6.00001 8
      vertex 2.2 55.4 2
      vertex 2.2 55.4 8
    endloop
  endfacet
  facet normal 1 0 0
    outer loop
      vertex 2.2 55.4 2
      vertex 2.2 6.00001 8
      vertex 2.2 6.00001 2
    endloop
  endfacet
  facet normal -0.242965 0.970035 0
    outer loop
      vertex 91.5031 2.36364 2
      vertex 91.1413 2.27302 8
      vertex 91.5031 2.36364 8
    endloop
  endfacet
  facet normal -0.242965 0.970035 0
    outer loop
      vertex 91.1413 2.27302 8
      vertex 91.5031 2.36364 2
      vertex 91.1413 2.27302 2
    endloop
  endfacet
  facet normal -0.740983 -0.671524 0
    outer loop
      vertex 93.3374 57.8107 2
      vertex 93.087 58.087 8
      vertex 93.087 58.087 2
    endloop
  endfacet
  facet normal -0.740983 -0.671524 0
    outer loop
      vertex 93.087 58.087 8
      vertex 93.3374 57.8107 2
      vertex 93.3374 57.8107 8
    endloop
  endfacet
  facet normal 0.740943 -0.671568 0
    outer loop
      vertex 3.06256 57.8107 8
      vertex 3.31299 58.087 2
      vertex 3.31299 58.087 8
    endloop
  endfacet
  facet normal 0.740943 -0.671568 0
    outer loop
      vertex 3.31299 58.087 2
      vertex 3.06256 57.8107 8
      vertex 3.06256 57.8107 2
    endloop
  endfacet
  facet normal 0.671527 0.74098 -0
    outer loop
      vertex 3.58931 3.06257 2
      vertex 3.31299 3.31299 8
      vertex 3.58931 3.06257 8
    endloop
  endfacet
  facet normal 0.671527 0.74098 0
    outer loop
      vertex 3.31299 3.31299 8
      vertex 3.58931 3.06257 2
      vertex 3.31299 3.31299 2
    endloop
  endfacet
  facet normal -0.998795 0.0490723 0
    outer loop
      vertex 94.1817 5.62754 2
      vertex 94.2 6.00001 4.9
      vertex 94.2 6.00001 2
    endloop
  endfacet
  facet normal -0.998795 0.0490723 0
    outer loop
      vertex 94.2 6.00001 4.9
      vertex 94.1817 5.62754 2
      vertex 94.1817 5.62754 4.9
    endloop
  endfacet
  facet normal -0.514042 0.857765 0
    outer loop
      vertex 92.5112 2.84041 2
      vertex 92.1913 2.6487 8
      vertex 92.5112 2.84041 8
    endloop
  endfacet
  facet normal -0.514042 0.857765 0
    outer loop
      vertex 92.1913 2.6487 8
      vertex 92.5112 2.84041 2
      vertex 92.1913 2.6487 2
    endloop
  endfacet
  facet normal 0.514082 -0.857741 0
    outer loop
      vertex 3.88884 58.5596 2
      vertex 4.20869 58.7513 8
      vertex 3.88884 58.5596 8
    endloop
  endfacet
  facet normal 0.514082 -0.857741 0
    outer loop
      vertex 4.20869 58.7513 8
      vertex 3.88884 58.5596 2
      vertex 4.20869 58.7513 2
    endloop
  endfacet
  facet normal 0 1 -0
    outer loop
      vertex 90.4 2.2 2
      vertex 6 2.2 8
      vertex 90.4 2.2 8
    endloop
  endfacet
  facet normal 0 1 0
    outer loop
      vertex 6 2.2 8
      vertex 90.4 2.2 2
      vertex 6 2.2 2
    endloop
  endfacet
  facet normal 0.857729 0.514101 0
    outer loop
      vertex 2.84041 3.88885 8
      vertex 2.6487 4.2087 2
      vertex 2.6487 4.2087 8
    endloop
  endfacet
  facet normal 0.857729 0.514101 0
    outer loop
      vertex 2.6487 4.2087 2
      vertex 2.84041 3.88885 8
      vertex 2.84041 3.88885 2
    endloop
  endfacet
  facet normal -0.857741 0.514082 0
    outer loop
      vertex 93.5596 3.88885 2
      vertex 93.7513 4.2087 8
      vertex 93.7513 4.2087 2
    endloop
  endfacet
  facet normal -0.857741 0.514082 0
    outer loop
      vertex 93.7513 4.2087 8
      vertex 93.5596 3.88885 2
      vertex 93.5596 3.88885 8
    endloop
  endfacet
  facet normal 0.595723 0.80319 -0
    outer loop
      vertex 3.88884 2.84041 2
      vertex 3.58931 3.06257 8
      vertex 3.88884 2.84041 8
    endloop
  endfacet
  facet normal 0.595723 0.80319 0
    outer loop
      vertex 3.58931 3.06257 8
      vertex 3.88884 2.84041 2
      vertex 3.58931 3.06257 2
    endloop
  endfacet
  facet normal 0.903986 -0.427563 0
    outer loop
      vertex 2.48926 56.8542 8
      vertex 2.6487 57.1913 2
      vertex 2.6487 57.1913 8
    endloop
  endfacet
  facet normal 0.903986 -0.427563 0
    outer loop
      vertex 2.6487 57.1913 2
      vertex 2.48926 56.8542 8
      vertex 2.48926 56.8542 2
    endloop
  endfacet
  facet normal 0.336877 0.941549 -0
    outer loop
      vertex 4.89691 2.36364 2
      vertex 4.54581 2.48926 8
      vertex 4.89691 2.36364 8
    endloop
  endfacet
  facet normal 0.336877 0.941549 0
    outer loop
      vertex 4.54581 2.48926 8
      vertex 4.89691 2.36364 2
      vertex 4.54581 2.48926 2
    endloop
  endfacet
  facet normal -0.970038 0.242952 0
    outer loop
      vertex 94.0364 4.89692 2
      vertex 94.127 5.25866 4.9
      vertex 94.127 5.25866 2
    endloop
  endfacet
  facet normal -0.970038 0.242952 0
    outer loop
      vertex 94.127 5.25866 4.9
      vertex 94.0364 4.89692 2
      vertex 94.0364 4.89692 4.9
    endloop
  endfacet
  facet normal -0.671553 0.740956 0
    outer loop
      vertex 93.087 3.31299 2
      vertex 92.8107 3.06257 8
      vertex 93.087 3.31299 8
    endloop
  endfacet
  facet normal -0.671553 0.740956 0
    outer loop
      vertex 92.8107 3.06257 8
      vertex 93.087 3.31299 2
      vertex 92.8107 3.06257 2
    endloop
  endfacet
  facet normal 0.740979 0.671528 0
    outer loop
      vertex 3.31299 3.31299 8
      vertex 3.06256 3.58932 2
      vertex 3.06256 3.58932 8
    endloop
  endfacet
  facet normal 0.740979 0.671528 0
    outer loop
      vertex 3.06256 3.58932 2
      vertex 3.31299 3.31299 8
      vertex 3.31299 3.31299 2
    endloop
  endfacet
  facet normal 0.146735 0.989176 -0
    outer loop
      vertex 5.62753 2.2183 2
      vertex 5.25865 2.27302 8
      vertex 5.62753 2.2183 8
    endloop
  endfacet
  facet normal 0.146735 0.989176 0
    outer loop
      vertex 5.25865 2.27302 8
      vertex 5.62753 2.2183 2
      vertex 5.25865 2.27302 2
    endloop
  endfacet
  facet normal 0.243003 0.970026 -0
    outer loop
      vertex 5.25865 2.27302 2
      vertex 4.89691 2.36364 8
      vertex 5.25865 2.27302 8
    endloop
  endfacet
  facet normal 0.243003 0.970026 0
    outer loop
      vertex 4.89691 2.36364 8
      vertex 5.25865 2.27302 2
      vertex 4.89691 2.36364 2
    endloop
  endfacet
  facet normal 0.514101 0.857729 -0
    outer loop
      vertex 4.20869 2.6487 2
      vertex 3.88884 2.84041 8
      vertex 4.20869 2.6487 8
    endloop
  endfacet
  facet normal 0.514101 0.857729 0
    outer loop
      vertex 3.88884 2.84041 8
      vertex 4.20869 2.6487 2
      vertex 3.88884 2.84041 2
    endloop
  endfacet
  facet normal -0.671524 -0.740983 0
    outer loop
      vertex 92.8107 58.3374 2
      vertex 93.087 58.087 8
      vertex 92.8107 58.3374 8
    endloop
  endfacet
  facet normal -0.671524 -0.740983 -0
    outer loop
      vertex 93.087 58.087 8
      vertex 92.8107 58.3374 2
      vertex 93.087 58.087 2
    endloop
  endfacet
  facet normal -0.941482 0.337063 0
    outer loop
      vertex 94.0364 4.89692 2
      vertex 93.9659 4.7 4.9
      vertex 94.0364 4.89692 4.9
    endloop
  endfacet
  facet normal -0.941484 0.337058 -3.80026e-07
    outer loop
      vertex 93.9107 4.54581 2
      vertex 93.9659 4.7 4.9
      vertex 94.0364 4.89692 2
    endloop
  endfacet
  facet normal -0.941486 0.337052 0
    outer loop
      vertex 93.9107 4.54581 8
      vertex 93.9659 4.7 4.9
      vertex 93.9107 4.54581 2
    endloop
  endfacet
  facet normal -0.941486 0.337052 0
    outer loop
      vertex 93.9659 4.7 4.9
      vertex 93.9107 4.54581 8
      vertex 93.9659 4.7 8
    endloop
  endfacet
  facet normal 0.803203 0.595705 0
    outer loop
      vertex 3.06256 3.58932 8
      vertex 2.84041 3.88885 2
      vertex 2.84041 3.88885 8
    endloop
  endfacet
  facet normal 0.803203 0.595705 0
    outer loop
      vertex 2.84041 3.88885 2
      vertex 3.06256 3.58932 8
      vertex 3.06256 3.58932 2
    endloop
  endfacet
  facet normal -0.514022 -0.857777 0
    outer loop
      vertex 92.1913 58.7513 2
      vertex 92.5112 58.5596 8
      vertex 92.1913 58.7513 8
    endloop
  endfacet
  facet normal -0.514022 -0.857777 -0
    outer loop
      vertex 92.5112 58.5596 8
      vertex 92.1913 58.7513 2
      vertex 92.5112 58.5596 2
    endloop
  endfacet
  facet normal 0.427455 -0.904037 0
    outer loop
      vertex 4.20869 58.7513 2
      vertex 4.54581 58.9107 8
      vertex 4.20869 58.7513 8
    endloop
  endfacet
  facet normal 0.427455 -0.904037 0
    outer loop
      vertex 4.54581 58.9107 8
      vertex 4.20869 58.7513 2
      vertex 4.54581 58.9107 2
    endloop
  endfacet
  facet normal -0.595761 0.803162 0
    outer loop
      vertex 92.8107 3.06257 2
      vertex 92.5112 2.84041 8
      vertex 92.8107 3.06257 8
    endloop
  endfacet
  facet normal -0.595761 0.803162 0
    outer loop
      vertex 92.5112 2.84041 8
      vertex 92.8107 3.06257 2
      vertex 92.5112 2.84041 2
    endloop
  endfacet
  facet normal 0.94154 -0.3369 0
    outer loop
      vertex 2.36363 56.5031 8
      vertex 2.48926 56.8542 2
      vertex 2.48926 56.8542 8
    endloop
  endfacet
  facet normal 0.94154 -0.3369 0
    outer loop
      vertex 2.48926 56.8542 2
      vertex 2.36363 56.5031 8
      vertex 2.36363 56.5031 2
    endloop
  endfacet
  facet normal -0.970048 -0.242914 0
    outer loop
      vertex 94.127 56.1413 2
      vertex 94.0364 56.5031 4.9
      vertex 94.0364 56.5031 2
    endloop
  endfacet
  facet normal -0.970048 -0.242914 0
    outer loop
      vertex 94.0364 56.5031 4.9
      vertex 94.127 56.1413 2
      vertex 94.127 56.1413 4.9
    endloop
  endfacet
  facet normal 0.595792 -0.803139 0
    outer loop
      vertex 3.58931 58.3374 2
      vertex 3.88884 58.5596 8
      vertex 3.58931 58.3374 8
    endloop
  endfacet
  facet normal 0.595792 -0.803139 0
    outer loop
      vertex 3.88884 58.5596 8
      vertex 3.58931 58.3374 2
      vertex 3.88884 58.5596 2
    endloop
  endfacet
  facet normal 0.989176 0.146735 0
    outer loop
      vertex 2.27301 5.25866 8
      vertex 2.21829 5.62754 2
      vertex 2.21829 5.62754 8
    endloop
  endfacet
  facet normal 0.989176 0.146735 0
    outer loop
      vertex 2.21829 5.62754 2
      vertex 2.27301 5.25866 8
      vertex 2.27301 5.25866 2
    endloop
  endfacet
  facet normal -0.989179 -0.146714 0
    outer loop
      vertex 94.1817 55.7725 2
      vertex 94.127 56.1413 4.9
      vertex 94.127 56.1413 2
    endloop
  endfacet
  facet normal -0.989179 -0.146714 0
    outer loop
      vertex 94.127 56.1413 4.9
      vertex 94.1817 55.7725 2
      vertex 94.1817 55.7725 4.9
    endloop
  endfacet
  facet normal 0.90399 0.427553 0
    outer loop
      vertex 2.6487 4.2087 8
      vertex 2.48926 4.54581 2
      vertex 2.48926 4.54581 8
    endloop
  endfacet
  facet normal 0.90399 0.427553 0
    outer loop
      vertex 2.48926 4.54581 2
      vertex 2.6487 4.2087 8
      vertex 2.6487 4.2087 2
    endloop
  endfacet
  facet normal 0.998797 0.0490455 0
    outer loop
      vertex 2.21829 5.62754 8
      vertex 2.2 6.00001 2
      vertex 2.2 6.00001 8
    endloop
  endfacet
  facet normal 0.998797 0.0490455 0
    outer loop
      vertex 2.2 6.00001 2
      vertex 2.21829 5.62754 8
      vertex 2.21829 5.62754 2
    endloop
  endfacet
  facet normal 0.998797 -0.0490416 0
    outer loop
      vertex 2.2 55.4 8
      vertex 2.21829 55.7725 2
      vertex 2.21829 55.7725 8
    endloop
  endfacet
  facet normal 0.998797 -0.0490416 0
    outer loop
      vertex 2.21829 55.7725 2
      vertex 2.2 55.4 8
      vertex 2.2 55.4 2
    endloop
  endfacet
  facet normal -0.904032 0.427465 0
    outer loop
      vertex 93.7513 4.2087 2
      vertex 93.9107 4.54581 8
      vertex 93.9107 4.54581 2
    endloop
  endfacet
  facet normal -0.904032 0.427465 0
    outer loop
      vertex 93.9107 4.54581 8
      vertex 93.7513 4.2087 2
      vertex 93.7513 4.2087 8
    endloop
  endfacet
  facet normal 0.989171 -0.146766 0
    outer loop
      vertex 2.21829 55.7725 8
      vertex 2.27301 56.1413 2
      vertex 2.27301 56.1413 8
    endloop
  endfacet
  facet normal 0.989171 -0.146766 0
    outer loop
      vertex 2.27301 56.1413 2
      vertex 2.21829 55.7725 8
      vertex 2.21829 55.7725 2
    endloop
  endfacet
  facet normal -0.336877 0.941549 0
    outer loop
      vertex 91.8542 2.48926 2
      vertex 91.5031 2.36364 8
      vertex 91.8542 2.48926 8
    endloop
  endfacet
  facet normal -0.336877 0.941549 0
    outer loop
      vertex 91.5031 2.36364 8
      vertex 91.8542 2.48926 2
      vertex 91.5031 2.36364 2
    endloop
  endfacet
  facet normal -0.427563 0.903986 0
    outer loop
      vertex 92.1913 2.6487 2
      vertex 91.8542 2.48926 8
      vertex 92.1913 2.6487 8
    endloop
  endfacet
  facet normal -0.427563 0.903986 0
    outer loop
      vertex 91.8542 2.48926 8
      vertex 92.1913 2.6487 2
      vertex 91.8542 2.48926 2
    endloop
  endfacet
  facet normal 0 0 1
    outer loop
      vertex 29.1307 43.0121 2
      vertex 7.26066 54.1393 2
      vertex 29.1077 42.8568 2
    endloop
  endfacet
  facet normal 0 0 1
    outer loop
      vertex 28.7 30.7 2
      vertex 7.69278 6.34703 2
      vertex 7.7 6.2 2
    endloop
  endfacet
  facet normal -0 0 1
    outer loop
      vertex 7.15159 54.0405 2
      vertex 29.1077 42.8568 2
      vertex 7.26066 54.1393 2
    endloop
  endfacet
  facet normal 0 0 1
    outer loop
      vertex 28.7 30.7 2
      vertex 7.67118 6.49264 2
      vertex 7.69278 6.34703 2
    endloop
  endfacet
  facet normal 0 0 1
    outer loop
      vertex 29.1077 42.8568 2
      vertex 7.15159 54.0405 2
      vertex 29.1 42.7 2
    endloop
  endfacet
  facet normal 0 0 1
    outer loop
      vertex 28.7 30.7 2
      vertex 7.63541 6.63543 2
      vertex 7.67118 6.49264 2
    endloop
  endfacet
  facet normal -0 0 1
    outer loop
      vertex 7.03335 53.9528 2
      vertex 29.1 42.7 2
      vertex 7.15159 54.0405 2
    endloop
  endfacet
  facet normal 0 0 1
    outer loop
      vertex 28.7 30.7 2
      vertex 7.58582 6.77403 2
      vertex 7.63541 6.63543 2
    endloop
  endfacet
  facet normal 0 0 1
    outer loop
      vertex 29.1 42.7 2
      vertex 7.03335 53.9528 2
      vertex 29.1077 42.5432 2
    endloop
  endfacet
  facet normal 0 0 1
    outer loop
      vertex 28.7 30.7 2
      vertex 7.52288 6.9071 2
      vertex 7.58582 6.77403 2
    endloop
  endfacet
  facet normal -0 0 1
    outer loop
      vertex 6.90709 53.8771 2
      vertex 29.1077 42.5432 2
      vertex 7.03335 53.9528 2
    endloop
  endfacet
  facet normal 0 0 1
    outer loop
      vertex 28.7 30.7 2
      vertex 7.4472 7.03336 2
      vertex 7.52288 6.9071 2
    endloop
  endfacet
  facet normal 0 0 1
    outer loop
      vertex 29.1077 42.5432 2
      vertex 6.90709 53.8771 2
      vertex 29.1307 42.3879 2
    endloop
  endfacet
  facet normal 0 0 1
    outer loop
      vertex 28.7 30.7 2
      vertex 7.35952 7.15159 2
      vertex 7.4472 7.03336 2
    endloop
  endfacet
  facet normal -0 0 1
    outer loop
      vertex 6.77402 53.8142 2
      vertex 29.1307 42.3879 2
      vertex 6.90709 53.8771 2
    endloop
  endfacet
  facet normal 0 0 1
    outer loop
      vertex 28.7 30.7 2
      vertex 7.26066 7.26066 2
      vertex 7.35952 7.15159 2
    endloop
  endfacet
  facet normal 0 0 1
    outer loop
      vertex 29.1307 42.3879 2
      vertex 6.77402 53.8142 2
      vertex 28.969 33.4313 2
    endloop
  endfacet
  facet normal 0 0 1
    outer loop
      vertex 28.7 30.7 2
      vertex 7.15159 7.35952 2
      vertex 7.26066 7.26066 2
    endloop
  endfacet
  facet normal -0 0 1
    outer loop
      vertex 6.63543 53.7646 2
      vertex 28.969 33.4313 2
      vertex 6.77402 53.8142 2
    endloop
  endfacet
  facet normal 0 0 1
    outer loop
      vertex 28.7 30.7 2
      vertex 7.03335 7.44721 2
      vertex 7.15159 7.35952 2
    endloop
  endfacet
  facet normal -0 0 1
    outer loop
      vertex 6.49263 53.7288 2
      vertex 28.969 33.4313 2
      vertex 6.63543 53.7646 2
    endloop
  endfacet
  facet normal 0 0 1
    outer loop
      vertex 28.7 30.7 2
      vertex 6.90709 7.52288 2
      vertex 7.03335 7.44721 2
    endloop
  endfacet
  facet normal 0 0 1
    outer loop
      vertex 28.969 33.4313 2
      vertex 6.49263 53.7288 2
      vertex 28.7674 32.0722 2
    endloop
  endfacet
  facet normal 0 0 1
    outer loop
      vertex 28.7 30.7 2
      vertex 6.77402 7.58582 2
      vertex 6.90709 7.52288 2
    endloop
  endfacet
  facet normal -0 0 1
    outer loop
      vertex 6.34702 53.7072 2
      vertex 28.7674 32.0722 2
      vertex 6.49263 53.7288 2
    endloop
  endfacet
  facet normal 0 0 1
    outer loop
      vertex 28.7 30.7 2
      vertex 6.63543 7.63541 2
      vertex 6.77402 7.58582 2
    endloop
  endfacet
  facet normal 0 0 1
    outer loop
      vertex 28.7674 32.0722 2
      vertex 6.34702 53.7072 2
      vertex 28.7 30.7 2
    endloop
  endfacet
  facet normal 0 0 1
    outer loop
      vertex 28.7 30.7 2
      vertex 6.49263 7.67118 2
      vertex 6.63543 7.63541 2
    endloop
  endfacet
  facet normal -0 0 1
    outer loop
      vertex 6.2 53.7 2
      vertex 28.7 30.7 2
      vertex 6.34702 53.7072 2
    endloop
  endfacet
  facet normal 0 0 1
    outer loop
      vertex 28.7 30.7 2
      vertex 6.34702 7.69278 2
      vertex 6.49263 7.67118 2
    endloop
  endfacet
  facet normal 0 0 1
    outer loop
      vertex 6.2 7.7 2
      vertex 28.7 30.7 2
      vertex 6.2 53.7 2
    endloop
  endfacet
  facet normal 0 0 1
    outer loop
      vertex 28.7 30.7 2
      vertex 6.2 7.7 2
      vertex 6.34702 7.69278 2
    endloop
  endfacet
  facet normal 0 0 1
    outer loop
      vertex 6.05297 53.7072 2
      vertex 6.2 7.7 2
      vertex 6.2 53.7 2
    endloop
  endfacet
  facet normal 0 0 1
    outer loop
      vertex 6.05297 53.7072 2
      vertex 6.05297 7.69278 2
      vertex 6.2 7.7 2
    endloop
  endfacet
  facet normal 0 0 1
    outer loop
      vertex 5.90736 53.7288 2
      vertex 6.05297 7.69278 2
      vertex 6.05297 53.7072 2
    endloop
  endfacet
  facet normal 0 0 1
    outer loop
      vertex 5.90736 53.7288 2
      vertex 5.90736 7.67118 2
      vertex 6.05297 7.69278 2
    endloop
  endfacet
  facet normal 0 0 1
    outer loop
      vertex 5.76457 53.7646 2
      vertex 5.90736 7.67118 2
      vertex 5.90736 53.7288 2
    endloop
  endfacet
  facet normal 0 0 1
    outer loop
      vertex 5.76457 53.7646 2
      vertex 5.76457 7.63541 2
      vertex 5.90736 7.67118 2
    endloop
  endfacet
  facet normal 0 0 1
    outer loop
      vertex 5.62597 53.8142 2
      vertex 5.76457 7.63541 2
      vertex 5.76457 53.7646 2
    endloop
  endfacet
  facet normal 0 0 1
    outer loop
      vertex 5.62597 53.8142 2
      vertex 5.62597 7.58582 2
      vertex 5.76457 7.63541 2
    endloop
  endfacet
  facet normal 0 0 1
    outer loop
      vertex 5.4929 53.8771 2
      vertex 5.62597 7.58582 2
      vertex 5.62597 53.8142 2
    endloop
  endfacet
  facet normal 0 0 1
    outer loop
      vertex 5.4929 53.8771 2
      vertex 5.4929 7.52288 2
      vertex 5.62597 7.58582 2
    endloop
  endfacet
  facet normal 0 0 1
    outer loop
      vertex 2.2 55.4 2
      vertex 5.4929 53.8771 2
      vertex 5.36664 53.9528 2
    endloop
  endfacet
  facet normal 0 0 1
    outer loop
      vertex 5.4929 53.8771 2
      vertex 2.2 55.4 2
      vertex 5.4929 7.52288 2
    endloop
  endfacet
  facet normal 0 0 1
    outer loop
      vertex 2.2 55.4 2
      vertex 5.36664 53.9528 2
      vertex 5.24841 54.0405 2
    endloop
  endfacet
  facet normal 0 0 1
    outer loop
      vertex 2.2 6.00001 2
      vertex 5.4929 7.52288 2
      vertex 2.2 55.4 2
    endloop
  endfacet
  facet normal 0 0 1
    outer loop
      vertex 2.2 55.4 2
      vertex 5.24841 54.0405 2
      vertex 5.13934 54.1393 2
    endloop
  endfacet
  facet normal 0 0 1
    outer loop
      vertex 5.4929 7.52288 2
      vertex 2.2 6.00001 2
      vertex 5.36664 7.44721 2
    endloop
  endfacet
  facet normal 0 0 1
    outer loop
      vertex 2.2 55.4 2
      vertex 5.13934 54.1393 2
      vertex 5.04048 54.2484 2
    endloop
  endfacet
  facet normal 0 0 1
    outer loop
      vertex 5.36664 7.44721 2
      vertex 2.2 6.00001 2
      vertex 5.24841 7.35952 2
    endloop
  endfacet
  facet normal 0 0 1
    outer loop
      vertex 2.2 55.4 2
      vertex 5.04048 54.2484 2
      vertex 4.9528 54.3666 2
    endloop
  endfacet
  facet normal 0 0 1
    outer loop
      vertex 5.24841 7.35952 2
      vertex 2.2 6.00001 2
      vertex 5.13934 7.26066 2
    endloop
  endfacet
  facet normal 0 0 1
    outer loop
      vertex 2.2 55.4 2
      vertex 4.9528 54.3666 2
      vertex 4.87712 54.4929 2
    endloop
  endfacet
  facet normal 0 0 1
    outer loop
      vertex 5.13934 7.26066 2
      vertex 2.2 6.00001 2
      vertex 5.04048 7.15159 2
    endloop
  endfacet
  facet normal 0 0 1
    outer loop
      vertex 2.2 55.4 2
      vertex 4.87712 54.4929 2
      vertex 4.81418 54.626 2
    endloop
  endfacet
  facet normal 0 0 1
    outer loop
      vertex 5.04048 7.15159 2
      vertex 2.2 6.00001 2
      vertex 4.9528 7.03336 2
    endloop
  endfacet
  facet normal 0 0 1
    outer loop
      vertex 2.2 55.4 2
      vertex 4.81418 54.626 2
      vertex 4.76459 54.7646 2
    endloop
  endfacet
  facet normal 0 0 1
    outer loop
      vertex 4.9528 7.03336 2
      vertex 2.2 6.00001 2
      vertex 4.87712 6.9071 2
    endloop
  endfacet
  facet normal 0 0 1
    outer loop
      vertex 2.2 55.4 2
      vertex 4.76459 54.7646 2
      vertex 4.72882 54.9074 2
    endloop
  endfacet
  facet normal 0 0 1
    outer loop
      vertex 4.87712 6.9071 2
      vertex 2.2 6.00001 2
      vertex 4.81418 6.77403 2
    endloop
  endfacet
  facet normal 0 0 1
    outer loop
      vertex 2.2 55.4 2
      vertex 4.72882 54.9074 2
      vertex 4.70722 55.053 2
    endloop
  endfacet
  facet normal 0 0 1
    outer loop
      vertex 4.81418 6.77403 2
      vertex 2.2 6.00001 2
      vertex 4.76459 6.63543 2
    endloop
  endfacet
  facet normal 0 0 1
    outer loop
      vertex 2.2 55.4 2
      vertex 4.70722 55.053 2
      vertex 4.7 55.2 2
    endloop
  endfacet
  facet normal 0 0 1
    outer loop
      vertex 4.76459 6.63543 2
      vertex 2.2 6.00001 2
      vertex 4.72882 6.49264 2
    endloop
  endfacet
  facet normal 0 0 1
    outer loop
      vertex 31 23.0212 2
      vertex 29.6 25.8055 2
      vertex 29.685 19.9368 2
    endloop
  endfacet
  facet normal 0 0 1
    outer loop
      vertex 29.6 25.8055 2
      vertex 29.5686 19.8314 2
      vertex 29.685 19.9368 2
    endloop
  endfacet
  facet normal 0 0 1
    outer loop
      vertex 29.6 25.8055 2
      vertex 29.4632 19.715 2
      vertex 29.5686 19.8314 2
    endloop
  endfacet
  facet normal 0 0 1
    outer loop
      vertex 29.6 25.8055 2
      vertex 29.3696 19.5889 2
      vertex 29.4632 19.715 2
    endloop
  endfacet
  facet normal 0 0 1
    outer loop
      vertex 29.2218 19.3123 2
      vertex 29.6 25.8055 2
      vertex 29.3028 26.636 2
    endloop
  endfacet
  facet normal 0 0 1
    outer loop
      vertex 29.6 25.8055 2
      vertex 29.2889 19.4542 2
      vertex 29.3696 19.5889 2
    endloop
  endfacet
  facet normal 0 0 1
    outer loop
      vertex 29.6 25.8055 2
      vertex 29.2218 19.3123 2
      vertex 29.2889 19.4542 2
    endloop
  endfacet
  facet normal 0 0 1
    outer loop
      vertex 29.3028 26.636 2
      vertex 29.1689 19.1645 2
      vertex 29.2218 19.3123 2
    endloop
  endfacet
  facet normal 0 0 1
    outer loop
      vertex 29.3028 26.636 2
      vertex 29.1307 19.0121 2
      vertex 29.1689 19.1645 2
    endloop
  endfacet
  facet normal 0 0 1
    outer loop
      vertex 28.969 27.9687 2
      vertex 29.1307 19.0121 2
      vertex 29.3028 26.636 2
    endloop
  endfacet
  facet normal 0 0 1
    outer loop
      vertex 7.7 6.2 2
      vertex 29.1307 19.0121 2
      vertex 28.969 27.9687 2
    endloop
  endfacet
  facet normal 0 0 1
    outer loop
      vertex 29.1307 19.0121 2
      vertex 7.7 6.2 2
      vertex 29.1077 18.8568 2
    endloop
  endfacet
  facet normal 0 0 1
    outer loop
      vertex 34.2 19.5949 2
      vertex 32.2923 18.8568 2
      vertex 32.3 18.7 2
    endloop
  endfacet
  facet normal 0 0 1
    outer loop
      vertex 34.2 19.5949 2
      vertex 32.2693 19.0121 2
      vertex 32.2923 18.8568 2
    endloop
  endfacet
  facet normal 0 0 1
    outer loop
      vertex 34.2 19.5949 2
      vertex 32.2311 19.1645 2
      vertex 32.2693 19.0121 2
    endloop
  endfacet
  facet normal 0 0 1
    outer loop
      vertex 34.2 19.5949 2
      vertex 32.1782 19.3123 2
      vertex 32.2311 19.1645 2
    endloop
  endfacet
  facet normal 0 0 1
    outer loop
      vertex 32.8 20.8011 2
      vertex 32.1111 19.4542 2
      vertex 32.1782 19.3123 2
    endloop
  endfacet
  facet normal 0 0 1
    outer loop
      vertex 32.8 20.8011 2
      vertex 32.0303 19.5889 2
      vertex 32.1111 19.4542 2
    endloop
  endfacet
  facet normal 0 0 1
    outer loop
      vertex 32.8 20.8011 2
      vertex 31.9368 19.715 2
      vertex 32.0303 19.5889 2
    endloop
  endfacet
  facet normal 0 0 1
    outer loop
      vertex 31.4542 20.1111 2
      vertex 32.8 20.8011 2
      vertex 31.8779 21.8185 2
    endloop
  endfacet
  facet normal 0 0 1
    outer loop
      vertex 32.8 20.8011 2
      vertex 31.8314 19.8314 2
      vertex 31.9368 19.715 2
    endloop
  endfacet
  facet normal 0 0 1
    outer loop
      vertex 32.8 20.8011 2
      vertex 31.715 19.9368 2
      vertex 31.8314 19.8314 2
    endloop
  endfacet
  facet normal 0 0 1
    outer loop
      vertex 32.8 20.8011 2
      vertex 31.5889 20.0304 2
      vertex 31.715 19.9368 2
    endloop
  endfacet
  facet normal 0 0 1
    outer loop
      vertex 32.8 20.8011 2
      vertex 31.4542 20.1111 2
      vertex 31.5889 20.0304 2
    endloop
  endfacet
  facet normal 0 0 1
    outer loop
      vertex 31.8779 21.8185 2
      vertex 31.3123 20.1782 2
      vertex 31.4542 20.1111 2
    endloop
  endfacet
  facet normal 0 0 1
    outer loop
      vertex 31.8779 21.8185 2
      vertex 31.1645 20.2311 2
      vertex 31.3123 20.1782 2
    endloop
  endfacet
  facet normal 0 0 1
    outer loop
      vertex 30.5432 20.2923 2
      vertex 31.8779 21.8185 2
      vertex 31.0594 22.922 2
    endloop
  endfacet
  facet normal 0 0 1
    outer loop
      vertex 31.8779 21.8185 2
      vertex 31.0121 20.2693 2
      vertex 31.1645 20.2311 2
    endloop
  endfacet
  facet normal 0 0 1
    outer loop
      vertex 30.0877 20.1782 2
      vertex 31.0594 22.922 2
      vertex 31 23.0212 2
    endloop
  endfacet
  facet normal 0 0 1
    outer loop
      vertex 31 38.3788 2
      vertex 29.6 35.5945 2
      vertex 31 23.0212 2
    endloop
  endfacet
  facet normal -0 0 1
    outer loop
      vertex 29.6 25.8055 2
      vertex 31 23.0212 2
      vertex 29.6 35.5945 2
    endloop
  endfacet
  facet normal 0 0 1
    outer loop
      vertex 29.6 35.5945 2
      vertex 30.8568 41.1077 2
      vertex 30.7 41.1 2
    endloop
  endfacet
  facet normal 0 0 1
    outer loop
      vertex 31.8779 21.8185 2
      vertex 30.8568 20.2923 2
      vertex 31.0121 20.2693 2
    endloop
  endfacet
  facet normal 0 0 1
    outer loop
      vertex 29.6 35.5945 2
      vertex 30.7 41.1 2
      vertex 30.5432 41.1077 2
    endloop
  endfacet
  facet normal 0 0 1
    outer loop
      vertex 31.8779 21.8185 2
      vertex 30.7 20.3 2
      vertex 30.8568 20.2923 2
    endloop
  endfacet
  facet normal 0 0 1
    outer loop
      vertex 29.6 35.5945 2
      vertex 30.5432 41.1077 2
      vertex 30.3879 41.1307 2
    endloop
  endfacet
  facet normal 0 0 1
    outer loop
      vertex 31.8779 21.8185 2
      vertex 30.5432 20.2923 2
      vertex 30.7 20.3 2
    endloop
  endfacet
  facet normal 0 0 1
    outer loop
      vertex 29.6 35.5945 2
      vertex 30.3879 41.1307 2
      vertex 30.2355 41.1689 2
    endloop
  endfacet
  facet normal 0 0 1
    outer loop
      vertex 31.0594 22.922 2
      vertex 30.3879 20.2693 2
      vertex 30.5432 20.2923 2
    endloop
  endfacet
  facet normal 0 0 1
    outer loop
      vertex 29.6 35.5945 2
      vertex 30.2355 41.1689 2
      vertex 30.0877 41.2218 2
    endloop
  endfacet
  facet normal 0 0 1
    outer loop
      vertex 31.0594 22.922 2
      vertex 30.2355 20.2311 2
      vertex 30.3879 20.2693 2
    endloop
  endfacet
  facet normal 0 0 1
    outer loop
      vertex 29.6 35.5945 2
      vertex 30.0877 41.2218 2
      vertex 29.9458 41.2889 2
    endloop
  endfacet
  facet normal 0 0 1
    outer loop
      vertex 31.0594 22.922 2
      vertex 30.0877 20.1782 2
      vertex 30.2355 20.2311 2
    endloop
  endfacet
  facet normal 0 0 1
    outer loop
      vertex 29.6 35.5945 2
      vertex 29.9458 41.2889 2
      vertex 29.8111 41.3696 2
    endloop
  endfacet
  facet normal 0 0 1
    outer loop
      vertex 31 23.0212 2
      vertex 29.9458 20.1111 2
      vertex 30.0877 20.1782 2
    endloop
  endfacet
  facet normal 0 0 1
    outer loop
      vertex 29.6 35.5945 2
      vertex 29.8111 41.3696 2
      vertex 29.685 41.4632 2
    endloop
  endfacet
  facet normal 0 0 1
    outer loop
      vertex 31 23.0212 2
      vertex 29.8111 20.0304 2
      vertex 29.9458 20.1111 2
    endloop
  endfacet
  facet normal 0 0 1
    outer loop
      vertex 31 23.0212 2
      vertex 29.685 19.9368 2
      vertex 29.8111 20.0304 2
    endloop
  endfacet
  facet normal 0 0 1
    outer loop
      vertex 29.5686 41.5686 2
      vertex 29.6 35.5945 2
      vertex 29.685 41.4632 2
    endloop
  endfacet
  facet normal 0 0 1
    outer loop
      vertex 29.4632 41.685 2
      vertex 29.6 35.5945 2
      vertex 29.5686 41.5686 2
    endloop
  endfacet
  facet normal 0 0 1
    outer loop
      vertex 29.3696 41.8111 2
      vertex 29.6 35.5945 2
      vertex 29.4632 41.685 2
    endloop
  endfacet
  facet normal 0 0 1
    outer loop
      vertex 29.2889 41.9458 2
      vertex 29.6 35.5945 2
      vertex 29.3696 41.8111 2
    endloop
  endfacet
  facet normal 0 0 1
    outer loop
      vertex 29.2218 42.0877 2
      vertex 29.6 35.5945 2
      vertex 29.2889 41.9458 2
    endloop
  endfacet
  facet normal 0 0 1
    outer loop
      vertex 29.6 35.5945 2
      vertex 29.2218 42.0877 2
      vertex 29.3028 34.764 2
    endloop
  endfacet
  facet normal 0 0 1
    outer loop
      vertex 29.1689 42.2355 2
      vertex 29.3028 34.764 2
      vertex 29.2218 42.0877 2
    endloop
  endfacet
  facet normal 0 0 1
    outer loop
      vertex 29.1307 42.3879 2
      vertex 29.3028 34.764 2
      vertex 29.1689 42.2355 2
    endloop
  endfacet
  facet normal -0 0 1
    outer loop
      vertex 7.4472 54.3666 2
      vertex 29.2218 43.3123 2
      vertex 7.52288 54.4929 2
    endloop
  endfacet
  facet normal 0 0 1
    outer loop
      vertex 29.2889 43.4542 2
      vertex 7.52288 54.4929 2
      vertex 29.2218 43.3123 2
    endloop
  endfacet
  facet normal 0 0 1
    outer loop
      vertex 29.1307 42.3879 2
      vertex 28.969 33.4313 2
      vertex 29.3028 34.764 2
    endloop
  endfacet
  facet normal -0 0 1
    outer loop
      vertex 32.2693 42.3879 2
      vertex 34.2 41.8051 2
      vertex 32.2923 42.5432 2
    endloop
  endfacet
  facet normal -0 0 1
    outer loop
      vertex 32.2311 42.2355 2
      vertex 34.2 41.8051 2
      vertex 32.2693 42.3879 2
    endloop
  endfacet
  facet normal -0 0 1
    outer loop
      vertex 32.1782 42.0877 2
      vertex 34.2 41.8051 2
      vertex 32.2311 42.2355 2
    endloop
  endfacet
  facet normal 0 0 1
    outer loop
      vertex 34.2 41.8051 2
      vertex 32.1782 42.0877 2
      vertex 32.8 40.5989 2
    endloop
  endfacet
  facet normal -0 0 1
    outer loop
      vertex 32.1111 41.9458 2
      vertex 32.8 40.5989 2
      vertex 32.1782 42.0877 2
    endloop
  endfacet
  facet normal -0 0 1
    outer loop
      vertex 32.0303 41.8111 2
      vertex 32.8 40.5989 2
      vertex 32.1111 41.9458 2
    endloop
  endfacet
  facet normal -0 0 1
    outer loop
      vertex 31.9368 41.685 2
      vertex 32.8 40.5989 2
      vertex 32.0303 41.8111 2
    endloop
  endfacet
  facet normal -0 0 1
    outer loop
      vertex 31.8314 41.5686 2
      vertex 32.8 40.5989 2
      vertex 31.9368 41.685 2
    endloop
  endfacet
  facet normal -0 0 1
    outer loop
      vertex 31.715 41.4632 2
      vertex 32.8 40.5989 2
      vertex 31.8314 41.5686 2
    endloop
  endfacet
  facet normal -0 0 1
    outer loop
      vertex 31.5889 41.3696 2
      vertex 32.8 40.5989 2
      vertex 31.715 41.4632 2
    endloop
  endfacet
  facet normal -0 0 1
    outer loop
      vertex 31.4542 41.2889 2
      vertex 32.8 40.5989 2
      vertex 31.5889 41.3696 2
    endloop
  endfacet
  facet normal 0 0 1
    outer loop
      vertex 32.8 40.5989 2
      vertex 31.4542 41.2889 2
      vertex 31.8779 39.5815 2
    endloop
  endfacet
  facet normal -0 0 1
    outer loop
      vertex 31.3123 41.2218 2
      vertex 31.8779 39.5815 2
      vertex 31.4542 41.2889 2
    endloop
  endfacet
  facet normal -0 0 1
    outer loop
      vertex 31.1645 41.1689 2
      vertex 31.8779 39.5815 2
      vertex 31.3123 41.2218 2
    endloop
  endfacet
  facet normal -0 0 1
    outer loop
      vertex 31.0121 41.1307 2
      vertex 31.8779 39.5815 2
      vertex 31.1645 41.1689 2
    endloop
  endfacet
  facet normal -0 0 1
    outer loop
      vertex 30.8568 41.1077 2
      vertex 31.8779 39.5815 2
      vertex 31.0121 41.1307 2
    endloop
  endfacet
  facet normal 0 0 1
    outer loop
      vertex 31.8779 39.5815 2
      vertex 30.8568 41.1077 2
      vertex 31.0594 38.478 2
    endloop
  endfacet
  facet normal 0 0 1
    outer loop
      vertex 29.6 35.5945 2
      vertex 31 38.3788 2
      vertex 30.8568 41.1077 2
    endloop
  endfacet
  facet normal 0 0 1
    outer loop
      vertex 31.0594 38.478 2
      vertex 30.8568 41.1077 2
      vertex 31 38.3788 2
    endloop
  endfacet
  facet normal 0 0 1
    outer loop
      vertex 89.4929 53.8771 2
      vertex 55.2 36.9758 2
      vertex 89.626 53.8142 2
    endloop
  endfacet
  facet normal 0 0 1
    outer loop
      vertex 89.4929 7.52288 2
      vertex 56.2923 18.8568 2
      vertex 56.3 18.7 2
    endloop
  endfacet
  facet normal 0 0 1
    outer loop
      vertex 89.626 53.8142 2
      vertex 55.2 36.9758 2
      vertex 89.626 7.58582 2
    endloop
  endfacet
  facet normal 0 0 1
    outer loop
      vertex 89.4929 7.52288 2
      vertex 56.2693 19.0121 2
      vertex 56.2923 18.8568 2
    endloop
  endfacet
  facet normal -0 0 1
    outer loop
      vertex 55.2 24.4242 2
      vertex 89.626 7.58582 2
      vertex 55.2 36.9758 2
    endloop
  endfacet
  facet normal 0 0 1
    outer loop
      vertex 89.4929 7.52288 2
      vertex 56.2311 19.1645 2
      vertex 56.2693 19.0121 2
    endloop
  endfacet
  facet normal 0 0 1
    outer loop
      vertex 55.2 36.9758 2
      vertex 56.2311 42.2355 2
      vertex 56.1782 42.0877 2
    endloop
  endfacet
  facet normal 0 0 1
    outer loop
      vertex 89.626 7.58582 2
      vertex 55.2 24.4242 2
      vertex 89.4929 7.52288 2
    endloop
  endfacet
  facet normal 0 0 1
    outer loop
      vertex 55.2 36.9758 2
      vertex 56.1782 42.0877 2
      vertex 56.1111 41.9458 2
    endloop
  endfacet
  facet normal 0 0 1
    outer loop
      vertex 89.4929 7.52288 2
      vertex 55.2 24.4242 2
      vertex 56.2311 19.1645 2
    endloop
  endfacet
  facet normal 0 0 1
    outer loop
      vertex 55.2 36.9758 2
      vertex 56.1111 41.9458 2
      vertex 56.0303 41.8111 2
    endloop
  endfacet
  facet normal 0 0 1
    outer loop
      vertex 56.2311 19.1645 2
      vertex 55.2 24.4242 2
      vertex 56.1782 19.3123 2
    endloop
  endfacet
  facet normal 0 0 1
    outer loop
      vertex 55.2 36.9758 2
      vertex 56.0303 41.8111 2
      vertex 55.9368 41.685 2
    endloop
  endfacet
  facet normal 0 0 1
    outer loop
      vertex 56.1782 19.3123 2
      vertex 55.2 24.4242 2
      vertex 56.1111 19.4542 2
    endloop
  endfacet
  facet normal 0 0 1
    outer loop
      vertex 55.2 36.9758 2
      vertex 55.9368 41.685 2
      vertex 55.8314 41.5686 2
    endloop
  endfacet
  facet normal 0 0 1
    outer loop
      vertex 56.1111 19.4542 2
      vertex 55.2 24.4242 2
      vertex 56.0303 19.5889 2
    endloop
  endfacet
  facet normal 0 0 1
    outer loop
      vertex 55.0469 37.2996 2
      vertex 55.8314 41.5686 2
      vertex 55.715 41.4632 2
    endloop
  endfacet
  facet normal 0 0 1
    outer loop
      vertex 56.0303 19.5889 2
      vertex 55.2 24.4242 2
      vertex 55.9368 19.715 2
    endloop
  endfacet
  facet normal 0 0 1
    outer loop
      vertex 55.0469 37.2996 2
      vertex 55.715 41.4632 2
      vertex 55.5889 41.3696 2
    endloop
  endfacet
  facet normal 0 0 1
    outer loop
      vertex 55.9368 19.715 2
      vertex 55.2 24.4242 2
      vertex 55.8314 19.8314 2
    endloop
  endfacet
  facet normal 0 0 1
    outer loop
      vertex 55.0469 37.2996 2
      vertex 55.5889 41.3696 2
      vertex 55.4542 41.2889 2
    endloop
  endfacet
  facet normal -0 0 1
    outer loop
      vertex 55.0469 24.1004 2
      vertex 55.8314 19.8314 2
      vertex 55.2 24.4242 2
    endloop
  endfacet
  facet normal 0 0 1
    outer loop
      vertex 54.3406 38.478 2
      vertex 55.4542 41.2889 2
      vertex 55.3123 41.2218 2
    endloop
  endfacet
  facet normal 0 0 1
    outer loop
      vertex 55.8314 19.8314 2
      vertex 55.0469 24.1004 2
      vertex 55.715 19.9368 2
    endloop
  endfacet
  facet normal 0 0 1
    outer loop
      vertex 55.715 19.9368 2
      vertex 55.0469 24.1004 2
      vertex 55.5889 20.0304 2
    endloop
  endfacet
  facet normal 0 0 1
    outer loop
      vertex 54.3406 38.478 2
      vertex 55.3123 41.2218 2
      vertex 55.1645 41.1689 2
    endloop
  endfacet
  facet normal 0 0 1
    outer loop
      vertex 55.8314 41.5686 2
      vertex 55.0469 37.2996 2
      vertex 55.2 36.9758 2
    endloop
  endfacet
  facet normal 0 0 1
    outer loop
      vertex 54.3406 38.478 2
      vertex 55.1645 41.1689 2
      vertex 55.0121 41.1307 2
    endloop
  endfacet
  facet normal 0 0 1
    outer loop
      vertex 54.3406 38.478 2
      vertex 55.0121 41.1307 2
      vertex 54.8568 41.1077 2
    endloop
  endfacet
  facet normal 0 0 1
    outer loop
      vertex 53.5221 39.5815 2
      vertex 54.8568 41.1077 2
      vertex 54.7 41.1 2
    endloop
  endfacet
  facet normal 0 0 1
    outer loop
      vertex 53.5221 39.5815 2
      vertex 54.7 41.1 2
      vertex 54.5432 41.1077 2
    endloop
  endfacet
  facet normal 0 0 1
    outer loop
      vertex 53.5221 39.5815 2
      vertex 54.5432 41.1077 2
      vertex 54.3879 41.1307 2
    endloop
  endfacet
  facet normal 0 0 1
    outer loop
      vertex 55.4542 41.2889 2
      vertex 54.3406 38.478 2
      vertex 55.0469 37.2996 2
    endloop
  endfacet
  facet normal 0 0 1
    outer loop
      vertex 53.4 39.7163 2
      vertex 54.3879 41.1307 2
      vertex 54.2355 41.1689 2
    endloop
  endfacet
  facet normal 0 0 1
    outer loop
      vertex 53.4 39.7163 2
      vertex 54.2355 41.1689 2
      vertex 54.0877 41.2218 2
    endloop
  endfacet
  facet normal 0 0 1
    outer loop
      vertex 53.4 39.7163 2
      vertex 54.0877 41.2218 2
      vertex 53.9458 41.2889 2
    endloop
  endfacet
  facet normal 0 0 1
    outer loop
      vertex 53.4 39.7163 2
      vertex 53.9458 41.2889 2
      vertex 53.8111 41.3696 2
    endloop
  endfacet
  facet normal 0 0 1
    outer loop
      vertex 53.4 39.7163 2
      vertex 53.8111 41.3696 2
      vertex 53.685 41.4632 2
    endloop
  endfacet
  facet normal 0 0 1
    outer loop
      vertex 52 41.1428 2
      vertex 53.685 41.4632 2
      vertex 53.5686 41.5686 2
    endloop
  endfacet
  facet normal 0 0 1
    outer loop
      vertex 54.8568 41.1077 2
      vertex 53.5221 39.5815 2
      vertex 54.3406 38.478 2
    endloop
  endfacet
  facet normal 0 0 1
    outer loop
      vertex 52 41.1428 2
      vertex 53.5686 41.5686 2
      vertex 53.4632 41.685 2
    endloop
  endfacet
  facet normal 0 0 1
    outer loop
      vertex 54.3879 41.1307 2
      vertex 53.4 39.7163 2
      vertex 53.5221 39.5815 2
    endloop
  endfacet
  facet normal 0 0 1
    outer loop
      vertex 53.685 41.4632 2
      vertex 52 41.1428 2
      vertex 53.4 39.7163 2
    endloop
  endfacet
  facet normal 0 0 1
    outer loop
      vertex 52 41.1428 2
      vertex 53.4632 41.685 2
      vertex 53.3696 41.8111 2
    endloop
  endfacet
  facet normal 0 0 1
    outer loop
      vertex 91.6354 54.7646 2
      vertex 94.2 55.4 2
      vertex 91.6712 54.9074 2
    endloop
  endfacet
  facet normal 0 0 1
    outer loop
      vertex 94.2 6.00001 2
      vertex 91.6928 6.34703 2
      vertex 91.7 6.2 2
    endloop
  endfacet
  facet normal 0 0 1
    outer loop
      vertex 91.5858 54.626 2
      vertex 94.2 55.4 2
      vertex 91.6354 54.7646 2
    endloop
  endfacet
  facet normal 0 0 1
    outer loop
      vertex 94.2 6.00001 2
      vertex 91.6712 6.49264 2
      vertex 91.6928 6.34703 2
    endloop
  endfacet
  facet normal 0 0 1
    outer loop
      vertex 91.5229 54.4929 2
      vertex 94.2 55.4 2
      vertex 91.5858 54.626 2
    endloop
  endfacet
  facet normal 0 0 1
    outer loop
      vertex 94.2 6.00001 2
      vertex 91.6354 6.63543 2
      vertex 91.6712 6.49264 2
    endloop
  endfacet
  facet normal 0 0 1
    outer loop
      vertex 91.4472 54.3666 2
      vertex 94.2 55.4 2
      vertex 91.5229 54.4929 2
    endloop
  endfacet
  facet normal 0 0 1
    outer loop
      vertex 94.2 6.00001 2
      vertex 91.5858 6.77403 2
      vertex 91.6354 6.63543 2
    endloop
  endfacet
  facet normal 0 0 1
    outer loop
      vertex 91.3595 54.2484 2
      vertex 94.2 55.4 2
      vertex 91.4472 54.3666 2
    endloop
  endfacet
  facet normal 0 0 1
    outer loop
      vertex 94.2 6.00001 2
      vertex 91.5229 6.9071 2
      vertex 91.5858 6.77403 2
    endloop
  endfacet
  facet normal 0 0 1
    outer loop
      vertex 91.2607 54.1393 2
      vertex 94.2 55.4 2
      vertex 91.3595 54.2484 2
    endloop
  endfacet
  facet normal 0 0 1
    outer loop
      vertex 94.2 6.00001 2
      vertex 91.4472 7.03336 2
      vertex 91.5229 6.9071 2
    endloop
  endfacet
  facet normal 0 0 1
    outer loop
      vertex 91.1516 54.0405 2
      vertex 94.2 55.4 2
      vertex 91.2607 54.1393 2
    endloop
  endfacet
  facet normal 0 0 1
    outer loop
      vertex 94.2 6.00001 2
      vertex 91.3595 7.15159 2
      vertex 91.4472 7.03336 2
    endloop
  endfacet
  facet normal 0 0 1
    outer loop
      vertex 91.0334 53.9528 2
      vertex 94.2 55.4 2
      vertex 91.1516 54.0405 2
    endloop
  endfacet
  facet normal 0 0 1
    outer loop
      vertex 94.2 6.00001 2
      vertex 91.2607 7.26066 2
      vertex 91.3595 7.15159 2
    endloop
  endfacet
  facet normal 0 0 1
    outer loop
      vertex 90.9071 53.8771 2
      vertex 94.2 55.4 2
      vertex 91.0334 53.9528 2
    endloop
  endfacet
  facet normal 0 0 1
    outer loop
      vertex 94.2 6.00001 2
      vertex 91.1516 7.35952 2
      vertex 91.2607 7.26066 2
    endloop
  endfacet
  facet normal 0 0 1
    outer loop
      vertex 94.2 55.4 2
      vertex 90.9071 53.8771 2
      vertex 94.2 6.00001 2
    endloop
  endfacet
  facet normal 0 0 1
    outer loop
      vertex 94.2 6.00001 2
      vertex 91.0334 7.44721 2
      vertex 91.1516 7.35952 2
    endloop
  endfacet
  facet normal -0 0 1
    outer loop
      vertex 90.9071 7.52288 2
      vertex 94.2 6.00001 2
      vertex 90.9071 53.8771 2
    endloop
  endfacet
  facet normal 0 0 1
    outer loop
      vertex 94.2 6.00001 2
      vertex 90.9071 7.52288 2
      vertex 91.0334 7.44721 2
    endloop
  endfacet
  facet normal -0 0 1
    outer loop
      vertex 90.774 53.8142 2
      vertex 90.9071 7.52288 2
      vertex 90.9071 53.8771 2
    endloop
  endfacet
  facet normal 0 0 1
    outer loop
      vertex 90.774 53.8142 2
      vertex 90.774 7.58582 2
      vertex 90.9071 7.52288 2
    endloop
  endfacet
  facet normal -0 0 1
    outer loop
      vertex 90.6354 53.7646 2
      vertex 90.774 7.58582 2
      vertex 90.774 53.8142 2
    endloop
  endfacet
  facet normal 0 0 1
    outer loop
      vertex 90.6354 53.7646 2
      vertex 90.6354 7.63541 2
      vertex 90.774 7.58582 2
    endloop
  endfacet
  facet normal -0 0 1
    outer loop
      vertex 90.4926 53.7288 2
      vertex 90.6354 7.63541 2
      vertex 90.6354 53.7646 2
    endloop
  endfacet
  facet normal 0 0 1
    outer loop
      vertex 90.4926 53.7288 2
      vertex 90.4926 7.67118 2
      vertex 90.6354 7.63541 2
    endloop
  endfacet
  facet normal -0 0 1
    outer loop
      vertex 90.347 53.7072 2
      vertex 90.4926 7.67118 2
      vertex 90.4926 53.7288 2
    endloop
  endfacet
  facet normal 0 0 1
    outer loop
      vertex 90.347 53.7072 2
      vertex 90.347 7.69278 2
      vertex 90.4926 7.67118 2
    endloop
  endfacet
  facet normal -0 0 1
    outer loop
      vertex 90.2 53.7 2
      vertex 90.347 7.69278 2
      vertex 90.347 53.7072 2
    endloop
  endfacet
  facet normal 0 0 1
    outer loop
      vertex 90.2 53.7 2
      vertex 90.2 7.7 2
      vertex 90.347 7.69278 2
    endloop
  endfacet
  facet normal 0 0 1
    outer loop
      vertex 90.053 53.7072 2
      vertex 90.2 7.7 2
      vertex 90.2 53.7 2
    endloop
  endfacet
  facet normal 0 0 1
    outer loop
      vertex 90.053 53.7072 2
      vertex 90.053 7.69278 2
      vertex 90.2 7.7 2
    endloop
  endfacet
  facet normal 0 0 1
    outer loop
      vertex 89.9074 53.7288 2
      vertex 90.053 7.69278 2
      vertex 90.053 53.7072 2
    endloop
  endfacet
  facet normal 0 0 1
    outer loop
      vertex 89.9074 53.7288 2
      vertex 89.9074 7.67118 2
      vertex 90.053 7.69278 2
    endloop
  endfacet
  facet normal 0 0 1
    outer loop
      vertex 89.7646 53.7646 2
      vertex 89.9074 7.67118 2
      vertex 89.9074 53.7288 2
    endloop
  endfacet
  facet normal 0 0 1
    outer loop
      vertex 89.7646 53.7646 2
      vertex 89.7646 7.63541 2
      vertex 89.9074 7.67118 2
    endloop
  endfacet
  facet normal 0 0 1
    outer loop
      vertex 89.626 53.8142 2
      vertex 89.7646 7.63541 2
      vertex 89.7646 53.7646 2
    endloop
  endfacet
  facet normal 0 0 1
    outer loop
      vertex 89.626 53.8142 2
      vertex 89.626 7.58582 2
      vertex 89.7646 7.63541 2
    endloop
  endfacet
  facet normal 0 0 1
    outer loop
      vertex 55.2 36.9758 2
      vertex 89.3666 53.9528 2
      vertex 56.2311 42.2355 2
    endloop
  endfacet
  facet normal 0 0 1
    outer loop
      vertex 89.3666 53.9528 2
      vertex 55.2 36.9758 2
      vertex 89.4929 53.8771 2
    endloop
  endfacet
  facet normal 0 0 1
    outer loop
      vertex 56.2693 42.3879 2
      vertex 89.2484 54.0405 2
      vertex 56.2923 42.5432 2
    endloop
  endfacet
  facet normal 0 0 1
    outer loop
      vertex 89.2484 54.0405 2
      vertex 56.2693 42.3879 2
      vertex 89.3666 53.9528 2
    endloop
  endfacet
  facet normal 0 0 1
    outer loop
      vertex 89.1393 54.1393 2
      vertex 56.2923 42.5432 2
      vertex 89.2484 54.0405 2
    endloop
  endfacet
  facet normal 0 0 1
    outer loop
      vertex 56.2311 42.2355 2
      vertex 89.3666 53.9528 2
      vertex 56.2693 42.3879 2
    endloop
  endfacet
  facet normal 0 0 1
    outer loop
      vertex 56.2923 42.5432 2
      vertex 89.1393 54.1393 2
      vertex 56.3 42.7 2
    endloop
  endfacet
  facet normal 0 0 1
    outer loop
      vertex 89.4929 7.52288 2
      vertex 56.3 18.7 2
      vertex 89.3666 7.44721 2
    endloop
  endfacet
  facet normal 0 0 1
    outer loop
      vertex 56.3 42.7 2
      vertex 89.1393 54.1393 2
      vertex 89.0405 54.2484 2
    endloop
  endfacet
  facet normal 0 0 1
    outer loop
      vertex 89.3666 7.44721 2
      vertex 56.3 18.7 2
      vertex 89.2484 7.35952 2
    endloop
  endfacet
  facet normal 0 0 1
    outer loop
      vertex 56.3 42.7 2
      vertex 89.0405 54.2484 2
      vertex 88.9528 54.3666 2
    endloop
  endfacet
  facet normal 0 0 1
    outer loop
      vertex 89.2484 7.35952 2
      vertex 56.3 18.7 2
      vertex 89.1393 7.26066 2
    endloop
  endfacet
  facet normal 0 0 1
    outer loop
      vertex 56.2923 42.8568 2
      vertex 88.9528 54.3666 2
      vertex 88.8771 54.4929 2
    endloop
  endfacet
  facet normal 0 0 1
    outer loop
      vertex 89.1393 7.26066 2
      vertex 56.3 18.7 2
      vertex 89.0405 7.15159 2
    endloop
  endfacet
  facet normal 0 0 1
    outer loop
      vertex 56.2693 43.0121 2
      vertex 88.8771 54.4929 2
      vertex 88.8142 54.626 2
    endloop
  endfacet
  facet normal 0 0 1
    outer loop
      vertex 89.0405 7.15159 2
      vertex 56.3 18.7 2
      vertex 88.9528 7.03336 2
    endloop
  endfacet
  facet normal 0 0 1
    outer loop
      vertex 56.2311 43.1645 2
      vertex 88.8142 54.626 2
      vertex 88.7646 54.7646 2
    endloop
  endfacet
  facet normal -0 0 1
    outer loop
      vertex 56.2923 18.5432 2
      vertex 88.9528 7.03336 2
      vertex 56.3 18.7 2
    endloop
  endfacet
  facet normal 0 0 1
    outer loop
      vertex 56.1782 43.3123 2
      vertex 88.7646 54.7646 2
      vertex 88.7288 54.9074 2
    endloop
  endfacet
  facet normal 0 0 1
    outer loop
      vertex 88.9528 7.03336 2
      vertex 56.2923 18.5432 2
      vertex 88.8771 6.9071 2
    endloop
  endfacet
  facet normal 0 0 1
    outer loop
      vertex 56.1111 43.4542 2
      vertex 88.7288 54.9074 2
      vertex 88.7072 55.053 2
    endloop
  endfacet
  facet normal -0 0 1
    outer loop
      vertex 56.2693 18.3879 2
      vertex 88.8771 6.9071 2
      vertex 56.2923 18.5432 2
    endloop
  endfacet
  facet normal 0 0 1
    outer loop
      vertex 56.0303 43.5889 2
      vertex 88.7072 55.053 2
      vertex 88.7 55.2 2
    endloop
  endfacet
  facet normal 0 0 1
    outer loop
      vertex 88.8771 6.9071 2
      vertex 56.2693 18.3879 2
      vertex 88.8142 6.77403 2
    endloop
  endfacet
  facet normal 0 0 1
    outer loop
      vertex 91.6928 55.347 2
      vertex 94.2 55.4 2
      vertex 94.1817 55.7725 2
    endloop
  endfacet
  facet normal 0 0 1
    outer loop
      vertex 91.6928 55.053 2
      vertex 94.2 55.4 2
      vertex 91.7 55.2 2
    endloop
  endfacet
  facet normal 0 0 1
    outer loop
      vertex 91.6712 55.4926 2
      vertex 94.1817 55.7725 2
      vertex 94.127 56.1413 2
    endloop
  endfacet
  facet normal 0 0 1
    outer loop
      vertex 91.6712 54.9074 2
      vertex 94.2 55.4 2
      vertex 91.6928 55.053 2
    endloop
  endfacet
  facet normal 0 0 1
    outer loop
      vertex 91.6354 55.6354 2
      vertex 94.127 56.1413 2
      vertex 94.0364 56.5031 2
    endloop
  endfacet
  facet normal -0 0 1
    outer loop
      vertex 91.6928 6.05298 2
      vertex 94.2 6.00001 2
      vertex 91.7 6.2 2
    endloop
  endfacet
  facet normal 0 0 1
    outer loop
      vertex 91.5858 55.774 2
      vertex 94.0364 56.5031 2
      vertex 93.9107 56.8542 2
    endloop
  endfacet
  facet normal 0 0 1
    outer loop
      vertex 94.2 6.00001 2
      vertex 91.6928 6.05298 2
      vertex 94.1817 5.62754 2
    endloop
  endfacet
  facet normal 0 0 1
    outer loop
      vertex 91.5229 55.9071 2
      vertex 93.9107 56.8542 2
      vertex 93.7513 57.1913 2
    endloop
  endfacet
  facet normal -0 0 1
    outer loop
      vertex 91.6712 5.90737 2
      vertex 94.1817 5.62754 2
      vertex 91.6928 6.05298 2
    endloop
  endfacet
  facet normal 0 0 1
    outer loop
      vertex 91.4472 56.0334 2
      vertex 93.7513 57.1913 2
      vertex 93.5596 57.5112 2
    endloop
  endfacet
  facet normal 0 0 1
    outer loop
      vertex 94.1817 5.62754 2
      vertex 91.6712 5.90737 2
      vertex 94.127 5.25866 2
    endloop
  endfacet
  facet normal 0 0 1
    outer loop
      vertex 91.3595 56.1516 2
      vertex 93.5596 57.5112 2
      vertex 93.3374 57.8107 2
    endloop
  endfacet
  facet normal -0 0 1
    outer loop
      vertex 91.6354 5.76457 2
      vertex 94.127 5.25866 2
      vertex 91.6712 5.90737 2
    endloop
  endfacet
  facet normal 0 0 1
    outer loop
      vertex 91.2607 56.2607 2
      vertex 93.3374 57.8107 2
      vertex 93.087 58.087 2
    endloop
  endfacet
  facet normal 0 0 1
    outer loop
      vertex 94.127 5.25866 2
      vertex 91.6354 5.76457 2
      vertex 94.0364 4.89692 2
    endloop
  endfacet
  facet normal 0 0 1
    outer loop
      vertex 91.2607 56.2607 2
      vertex 93.087 58.087 2
      vertex 92.8107 58.3374 2
    endloop
  endfacet
  facet normal -0 0 1
    outer loop
      vertex 91.5858 5.62598 2
      vertex 94.0364 4.89692 2
      vertex 91.6354 5.76457 2
    endloop
  endfacet
  facet normal 0 0 1
    outer loop
      vertex 91.1516 56.3595 2
      vertex 92.8107 58.3374 2
      vertex 92.5112 58.5596 2
    endloop
  endfacet
  facet normal 0 0 1
    outer loop
      vertex 94.0364 4.89692 2
      vertex 91.5858 5.62598 2
      vertex 93.9107 4.54581 2
    endloop
  endfacet
  facet normal 0 0 1
    outer loop
      vertex 91.0334 56.4472 2
      vertex 92.5112 58.5596 2
      vertex 92.1913 58.7513 2
    endloop
  endfacet
  facet normal -0 0 1
    outer loop
      vertex 91.5229 5.49291 2
      vertex 93.9107 4.54581 2
      vertex 91.5858 5.62598 2
    endloop
  endfacet
  facet normal 0 0 1
    outer loop
      vertex 90.9071 56.5229 2
      vertex 92.1913 58.7513 2
      vertex 91.8542 58.9107 2
    endloop
  endfacet
  facet normal 0 0 1
    outer loop
      vertex 93.9107 4.54581 2
      vertex 91.5229 5.49291 2
      vertex 93.7513 4.2087 2
    endloop
  endfacet
  facet normal -0 0 1
    outer loop
      vertex 91.4472 5.36665 2
      vertex 93.7513 4.2087 2
      vertex 91.5229 5.49291 2
    endloop
  endfacet
  facet normal 0 0 1
    outer loop
      vertex 94.2 55.4 2
      vertex 91.6928 55.347 2
      vertex 91.7 55.2 2
    endloop
  endfacet
  facet normal 0 0 1
    outer loop
      vertex 94.1817 55.7725 2
      vertex 91.6712 55.4926 2
      vertex 91.6928 55.347 2
    endloop
  endfacet
  facet normal 0 0 1
    outer loop
      vertex 94.127 56.1413 2
      vertex 91.6354 55.6354 2
      vertex 91.6712 55.4926 2
    endloop
  endfacet
  facet normal 0 0 1
    outer loop
      vertex 94.0364 56.5031 2
      vertex 91.5858 55.774 2
      vertex 91.6354 55.6354 2
    endloop
  endfacet
  facet normal 0 0 1
    outer loop
      vertex 93.9107 56.8542 2
      vertex 91.5229 55.9071 2
      vertex 91.5858 55.774 2
    endloop
  endfacet
  facet normal 0 0 1
    outer loop
      vertex 90.774 56.5858 2
      vertex 91.8542 58.9107 2
      vertex 91.5031 59.0364 2
    endloop
  endfacet
  facet normal 0 0 1
    outer loop
      vertex 93.7513 57.1913 2
      vertex 91.4472 56.0334 2
      vertex 91.5229 55.9071 2
    endloop
  endfacet
  facet normal 0 0 1
    outer loop
      vertex 93.5596 57.5112 2
      vertex 91.3595 56.1516 2
      vertex 91.4472 56.0334 2
    endloop
  endfacet
  facet normal 0 0 1
    outer loop
      vertex 93.3374 57.8107 2
      vertex 91.2607 56.2607 2
      vertex 91.3595 56.1516 2
    endloop
  endfacet
  facet normal 0 0 1
    outer loop
      vertex 92.8107 58.3374 2
      vertex 91.1516 56.3595 2
      vertex 91.2607 56.2607 2
    endloop
  endfacet
  facet normal 0 0 1
    outer loop
      vertex 90.6354 56.6354 2
      vertex 91.5031 59.0364 2
      vertex 91.1413 59.127 2
    endloop
  endfacet
  facet normal 0 0 1
    outer loop
      vertex 92.5112 58.5596 2
      vertex 91.0334 56.4472 2
      vertex 91.1516 56.3595 2
    endloop
  endfacet
  facet normal 0 0 1
    outer loop
      vertex 92.1913 58.7513 2
      vertex 90.9071 56.5229 2
      vertex 91.0334 56.4472 2
    endloop
  endfacet
  facet normal 0 0 1
    outer loop
      vertex 91.8542 58.9107 2
      vertex 90.774 56.5858 2
      vertex 90.9071 56.5229 2
    endloop
  endfacet
  facet normal 0 0 1
    outer loop
      vertex 90.4926 56.6712 2
      vertex 91.1413 59.127 2
      vertex 90.7725 59.1817 2
    endloop
  endfacet
  facet normal 0 0 1
    outer loop
      vertex 91.5031 59.0364 2
      vertex 90.6354 56.6354 2
      vertex 90.774 56.5858 2
    endloop
  endfacet
  facet normal 0 0 1
    outer loop
      vertex 91.1413 59.127 2
      vertex 90.4926 56.6712 2
      vertex 90.6354 56.6354 2
    endloop
  endfacet
  facet normal 0 0 1
    outer loop
      vertex 90.347 56.6928 2
      vertex 90.7725 59.1817 2
      vertex 90.4 59.2 2
    endloop
  endfacet
  facet normal 0 0 1
    outer loop
      vertex 90.7725 59.1817 2
      vertex 90.347 56.6928 2
      vertex 90.4926 56.6712 2
    endloop
  endfacet
  facet normal 0 0 1
    outer loop
      vertex 90.4 59.2 2
      vertex 90.2 56.7 2
      vertex 90.347 56.6928 2
    endloop
  endfacet
  facet normal 0 0 1
    outer loop
      vertex 90.4 59.2 2
      vertex 90.053 56.6928 2
      vertex 90.2 56.7 2
    endloop
  endfacet
  facet normal 0 0 1
    outer loop
      vertex 90.4 59.2 2
      vertex 89.9074 56.6712 2
      vertex 90.053 56.6928 2
    endloop
  endfacet
  facet normal 0 0 1
    outer loop
      vertex 90.4 59.2 2
      vertex 89.7646 56.6354 2
      vertex 89.9074 56.6712 2
    endloop
  endfacet
  facet normal 0 0 1
    outer loop
      vertex 90.4 59.2 2
      vertex 89.626 56.5858 2
      vertex 89.7646 56.6354 2
    endloop
  endfacet
  facet normal 0 0 1
    outer loop
      vertex 90.4 59.2 2
      vertex 89.4929 56.5229 2
      vertex 89.626 56.5858 2
    endloop
  endfacet
  facet normal 0 0 1
    outer loop
      vertex 90.4 59.2 2
      vertex 89.3666 56.4472 2
      vertex 89.4929 56.5229 2
    endloop
  endfacet
  facet normal 0 0 1
    outer loop
      vertex 90.4 59.2 2
      vertex 89.2484 56.3595 2
      vertex 89.3666 56.4472 2
    endloop
  endfacet
  facet normal 0 0 1
    outer loop
      vertex 90.4 59.2 2
      vertex 89.1393 56.2607 2
      vertex 89.2484 56.3595 2
    endloop
  endfacet
  facet normal 0 0 1
    outer loop
      vertex 90.4 59.2 2
      vertex 89.0405 56.1516 2
      vertex 89.1393 56.2607 2
    endloop
  endfacet
  facet normal 0 0 1
    outer loop
      vertex 90.4 59.2 2
      vertex 88.9528 56.0334 2
      vertex 89.0405 56.1516 2
    endloop
  endfacet
  facet normal 0 0 1
    outer loop
      vertex 90.4 59.2 2
      vertex 88.8771 55.9071 2
      vertex 88.9528 56.0334 2
    endloop
  endfacet
  facet normal 0 0 1
    outer loop
      vertex 55.3123 44.1782 2
      vertex 88.8771 55.9071 2
      vertex 90.4 59.2 2
    endloop
  endfacet
  facet normal -0 0 1
    outer loop
      vertex 56.2311 18.2355 2
      vertex 88.8142 6.77403 2
      vertex 56.2693 18.3879 2
    endloop
  endfacet
  facet normal 0 0 1
    outer loop
      vertex 55.9368 43.715 2
      vertex 88.7 55.2 2
      vertex 88.7072 55.347 2
    endloop
  endfacet
  facet normal 0 0 1
    outer loop
      vertex 55.8314 43.8314 2
      vertex 88.7072 55.347 2
      vertex 88.7288 55.4926 2
    endloop
  endfacet
  facet normal 0 0 1
    outer loop
      vertex 55.715 43.9368 2
      vertex 88.7288 55.4926 2
      vertex 88.7646 55.6354 2
    endloop
  endfacet
  facet normal 0 0 1
    outer loop
      vertex 55.5889 44.0304 2
      vertex 88.7646 55.6354 2
      vertex 88.8142 55.774 2
    endloop
  endfacet
  facet normal 0 -0 1
    outer loop
      vertex 55.4542 44.1111 2
      vertex 88.8771 55.9071 2
      vertex 55.3123 44.1782 2
    endloop
  endfacet
  facet normal 0 0 1
    outer loop
      vertex 88.9528 54.3666 2
      vertex 56.2923 42.8568 2
      vertex 56.3 42.7 2
    endloop
  endfacet
  facet normal 0 0 1
    outer loop
      vertex 88.8771 54.4929 2
      vertex 56.2693 43.0121 2
      vertex 56.2923 42.8568 2
    endloop
  endfacet
  facet normal 0 0 1
    outer loop
      vertex 88.8142 54.626 2
      vertex 56.2311 43.1645 2
      vertex 56.2693 43.0121 2
    endloop
  endfacet
  facet normal 0 0 1
    outer loop
      vertex 88.7646 54.7646 2
      vertex 56.1782 43.3123 2
      vertex 56.2311 43.1645 2
    endloop
  endfacet
  facet normal 0 0 1
    outer loop
      vertex 88.7288 54.9074 2
      vertex 56.1111 43.4542 2
      vertex 56.1782 43.3123 2
    endloop
  endfacet
  facet normal 0 0 1
    outer loop
      vertex 88.7072 55.053 2
      vertex 56.0303 43.5889 2
      vertex 56.1111 43.4542 2
    endloop
  endfacet
  facet normal 0 0 1
    outer loop
      vertex 88.7 55.2 2
      vertex 55.9368 43.715 2
      vertex 56.0303 43.5889 2
    endloop
  endfacet
  facet normal 0 0 1
    outer loop
      vertex 88.7072 55.347 2
      vertex 55.8314 43.8314 2
      vertex 55.9368 43.715 2
    endloop
  endfacet
  facet normal 0 0 1
    outer loop
      vertex 88.7288 55.4926 2
      vertex 55.715 43.9368 2
      vertex 55.8314 43.8314 2
    endloop
  endfacet
  facet normal 0 0 1
    outer loop
      vertex 88.7646 55.6354 2
      vertex 55.5889 44.0304 2
      vertex 55.715 43.9368 2
    endloop
  endfacet
  facet normal 0 0 1
    outer loop
      vertex 88.8142 55.774 2
      vertex 55.4542 44.1111 2
      vertex 55.5889 44.0304 2
    endloop
  endfacet
  facet normal 0 0 1
    outer loop
      vertex 88.8771 55.9071 2
      vertex 55.4542 44.1111 2
      vertex 88.8142 55.774 2
    endloop
  endfacet
  facet normal 0 0 1
    outer loop
      vertex 90.4 59.2 2
      vertex 55.1645 44.2311 2
      vertex 55.3123 44.1782 2
    endloop
  endfacet
  facet normal 0 0 1
    outer loop
      vertex 90.4 59.2 2
      vertex 55.0121 44.2693 2
      vertex 55.1645 44.2311 2
    endloop
  endfacet
  facet normal 0 0 1
    outer loop
      vertex 90.4 59.2 2
      vertex 54.8568 44.2923 2
      vertex 55.0121 44.2693 2
    endloop
  endfacet
  facet normal 0 0 1
    outer loop
      vertex 90.4 59.2 2
      vertex 54.7 44.3 2
      vertex 54.8568 44.2923 2
    endloop
  endfacet
  facet normal 0 0 1
    outer loop
      vertex 90.4 59.2 2
      vertex 54.5432 44.2923 2
      vertex 54.7 44.3 2
    endloop
  endfacet
  facet normal -0 0 1
    outer loop
      vertex 44.0722 44.6326 2
      vertex 54.5432 44.2923 2
      vertex 90.4 59.2 2
    endloop
  endfacet
  facet normal -0 -0 1
    outer loop
      vertex 45.4313 44.431 2
      vertex 54.5432 44.2923 2
      vertex 44.0722 44.6326 2
    endloop
  endfacet
  facet normal 0 0 1
    outer loop
      vertex 54.5432 44.2923 2
      vertex 45.4313 44.431 2
      vertex 54.3879 44.2693 2
    endloop
  endfacet
  facet normal 0 0 1
    outer loop
      vertex 53.1689 19.1645 2
      vertex 51.5815 19.8779 2
      vertex 53.1307 19.0121 2
    endloop
  endfacet
  facet normal 0 0 1
    outer loop
      vertex 51.5815 41.5221 2
      vertex 53.1 42.7 2
      vertex 53.1077 42.8568 2
    endloop
  endfacet
  facet normal 0 0 1
    outer loop
      vertex 50.478 42.3406 2
      vertex 53.1077 42.8568 2
      vertex 53.1307 43.0121 2
    endloop
  endfacet
  facet normal 0 0 1
    outer loop
      vertex 50.478 42.3406 2
      vertex 53.1307 43.0121 2
      vertex 53.1689 43.1645 2
    endloop
  endfacet
  facet normal 0 0 1
    outer loop
      vertex 50.478 42.3406 2
      vertex 53.1689 43.1645 2
      vertex 53.2218 43.3123 2
    endloop
  endfacet
  facet normal 0 0 1
    outer loop
      vertex 50.2 42.5072 2
      vertex 53.2218 43.3123 2
      vertex 53.2889 43.4542 2
    endloop
  endfacet
  facet normal 0 0 1
    outer loop
      vertex 53.1077 42.5432 2
      vertex 51.5815 41.5221 2
      vertex 52 41.1428 2
    endloop
  endfacet
  facet normal 0 0 1
    outer loop
      vertex 50.2 42.5072 2
      vertex 53.2889 43.4542 2
      vertex 53.3696 43.5889 2
    endloop
  endfacet
  facet normal 0 0 1
    outer loop
      vertex 50.2 42.5072 2
      vertex 53.3696 43.5889 2
      vertex 53.4632 43.715 2
    endloop
  endfacet
  facet normal 0 0 1
    outer loop
      vertex 53.1077 42.8568 2
      vertex 50.478 42.3406 2
      vertex 51.5815 41.5221 2
    endloop
  endfacet
  facet normal 0 0 1
    outer loop
      vertex 48.8 43.2832 2
      vertex 53.4632 43.715 2
      vertex 53.5686 43.8314 2
    endloop
  endfacet
  facet normal 0 0 1
    outer loop
      vertex 48.8 43.2832 2
      vertex 53.5686 43.8314 2
      vertex 53.685 43.9368 2
    endloop
  endfacet
  facet normal 0 0 1
    outer loop
      vertex 48.8 43.2832 2
      vertex 53.685 43.9368 2
      vertex 53.8111 44.0304 2
    endloop
  endfacet
  facet normal 0 0 1
    outer loop
      vertex 48.0576 43.6343 2
      vertex 53.8111 44.0304 2
      vertex 53.9458 44.1111 2
    endloop
  endfacet
  facet normal 0 0 1
    outer loop
      vertex 53.2218 43.3123 2
      vertex 50.2 42.5072 2
      vertex 50.478 42.3406 2
    endloop
  endfacet
  facet normal 0 0 1
    outer loop
      vertex 48.0576 43.6343 2
      vertex 53.9458 44.1111 2
      vertex 54.0877 44.1782 2
    endloop
  endfacet
  facet normal 0 0 1
    outer loop
      vertex 50.2 42.5072 2
      vertex 48.8 43.2832 2
      vertex 50.2 18.8928 2
    endloop
  endfacet
  facet normal 0 0 1
    outer loop
      vertex 53.4632 43.715 2
      vertex 48.8 43.2832 2
      vertex 50.2 42.5072 2
    endloop
  endfacet
  facet normal -0 -0 1
    outer loop
      vertex 45.6 44.3887 2
      vertex 54.3879 44.2693 2
      vertex 45.4313 44.431 2
    endloop
  endfacet
  facet normal 0 0 1
    outer loop
      vertex 53.8111 44.0304 2
      vertex 48.0576 43.6343 2
      vertex 48.8 43.2832 2
    endloop
  endfacet
  facet normal 0 0 1
    outer loop
      vertex 54.0877 44.1782 2
      vertex 47 44.0127 2
      vertex 48.0576 43.6343 2
    endloop
  endfacet
  facet normal 0 0 1
    outer loop
      vertex 47 44.0127 2
      vertex 45.6 44.3887 2
      vertex 47 17.3873 2
    endloop
  endfacet
  facet normal 0 0 1
    outer loop
      vertex 54.2355 44.2311 2
      vertex 47 44.0127 2
      vertex 54.0877 44.1782 2
    endloop
  endfacet
  facet normal 0 -0 1
    outer loop
      vertex 47 44.0127 2
      vertex 54.2355 44.2311 2
      vertex 45.6 44.3887 2
    endloop
  endfacet
  facet normal 0 0 1
    outer loop
      vertex 54.3879 44.2693 2
      vertex 45.6 44.3887 2
      vertex 54.2355 44.2311 2
    endloop
  endfacet
  facet normal -0 0 1
    outer loop
      vertex 6 59.2 2
      vertex 44.0722 44.6326 2
      vertex 90.4 59.2 2
    endloop
  endfacet
  facet normal 0 0 1
    outer loop
      vertex 43.8 44.646 2
      vertex 42.4 44.6853 2
      vertex 43.8 16.754 2
    endloop
  endfacet
  facet normal 0 0 1
    outer loop
      vertex 44.0722 44.6326 2
      vertex 6 59.2 2
      vertex 43.8 44.646 2
    endloop
  endfacet
  facet normal 0 0 1
    outer loop
      vertex 43.8 44.646 2
      vertex 6 59.2 2
      vertex 42.4 44.6853 2
    endloop
  endfacet
  facet normal 0 0 1
    outer loop
      vertex 42.4 44.6853 2
      vertex 6 59.2 2
      vertex 41.3278 44.6326 2
    endloop
  endfacet
  facet normal 0 0 1
    outer loop
      vertex 40.6 44.5246 2
      vertex 39.2 44.2384 2
      vertex 40.6 16.8754 2
    endloop
  endfacet
  facet normal 0 0 1
    outer loop
      vertex 41.3278 44.6326 2
      vertex 6 59.2 2
      vertex 40.6 44.5246 2
    endloop
  endfacet
  facet normal 0 -0 1
    outer loop
      vertex 30.8568 44.2923 2
      vertex 40.6 44.5246 2
      vertex 6 59.2 2
    endloop
  endfacet
  facet normal 0 0 1
    outer loop
      vertex 37.4 43.6549 2
      vertex 36 42.9867 2
      vertex 37.4 17.7451 2
    endloop
  endfacet
  facet normal 0 0 1
    outer loop
      vertex 34.2 41.8051 2
      vertex 32.8 40.5989 2
      vertex 34.2 19.5949 2
    endloop
  endfacet
  facet normal -0 0 1
    outer loop
      vertex 32.2923 42.5432 2
      vertex 34.2 41.8051 2
      vertex 32.3 42.7 2
    endloop
  endfacet
  facet normal 0 0 1
    outer loop
      vertex 32.2693 43.0121 2
      vertex 34.2 41.8051 2
      vertex 34.922 42.3406 2
    endloop
  endfacet
  facet normal 0 0 1
    outer loop
      vertex 32.1111 43.4542 2
      vertex 34.922 42.3406 2
      vertex 36 42.9867 2
    endloop
  endfacet
  facet normal 0 0 1
    outer loop
      vertex 31.715 43.9368 2
      vertex 36 42.9867 2
      vertex 37.4 43.6549 2
    endloop
  endfacet
  facet normal 0 0 1
    outer loop
      vertex 31.3123 44.1782 2
      vertex 37.4 43.6549 2
      vertex 38.636 44.0972 2
    endloop
  endfacet
  facet normal 0 -0 1
    outer loop
      vertex 31.0121 44.2693 2
      vertex 40.6 44.5246 2
      vertex 30.8568 44.2923 2
    endloop
  endfacet
  facet normal 0 0 1
    outer loop
      vertex 34.2 41.8051 2
      vertex 32.2923 42.8568 2
      vertex 32.3 42.7 2
    endloop
  endfacet
  facet normal 0 0 1
    outer loop
      vertex 34.2 41.8051 2
      vertex 32.2693 43.0121 2
      vertex 32.2923 42.8568 2
    endloop
  endfacet
  facet normal 0 0 1
    outer loop
      vertex 34.922 42.3406 2
      vertex 32.2311 43.1645 2
      vertex 32.2693 43.0121 2
    endloop
  endfacet
  facet normal 0 0 1
    outer loop
      vertex 34.922 42.3406 2
      vertex 32.1782 43.3123 2
      vertex 32.2311 43.1645 2
    endloop
  endfacet
  facet normal 0 0 1
    outer loop
      vertex 34.922 42.3406 2
      vertex 32.1111 43.4542 2
      vertex 32.1782 43.3123 2
    endloop
  endfacet
  facet normal 0 0 1
    outer loop
      vertex 36 42.9867 2
      vertex 32.0303 43.5889 2
      vertex 32.1111 43.4542 2
    endloop
  endfacet
  facet normal 0 0 1
    outer loop
      vertex 36 42.9867 2
      vertex 31.9368 43.715 2
      vertex 32.0303 43.5889 2
    endloop
  endfacet
  facet normal 0 0 1
    outer loop
      vertex 36 42.9867 2
      vertex 31.8314 43.8314 2
      vertex 31.9368 43.715 2
    endloop
  endfacet
  facet normal 0 0 1
    outer loop
      vertex 36 42.9867 2
      vertex 31.715 43.9368 2
      vertex 31.8314 43.8314 2
    endloop
  endfacet
  facet normal 0 0 1
    outer loop
      vertex 37.4 43.6549 2
      vertex 31.5889 44.0304 2
      vertex 31.715 43.9368 2
    endloop
  endfacet
  facet normal 0 0 1
    outer loop
      vertex 37.4 43.6549 2
      vertex 31.4542 44.1111 2
      vertex 31.5889 44.0304 2
    endloop
  endfacet
  facet normal 0 0 1
    outer loop
      vertex 37.4 43.6549 2
      vertex 31.3123 44.1782 2
      vertex 31.4542 44.1111 2
    endloop
  endfacet
  facet normal 0 0 1
    outer loop
      vertex 38.636 44.0972 2
      vertex 31.1645 44.2311 2
      vertex 31.3123 44.1782 2
    endloop
  endfacet
  facet normal 0 0 1
    outer loop
      vertex 40.6 44.5246 2
      vertex 31.0121 44.2693 2
      vertex 39.2 44.2384 2
    endloop
  endfacet
  facet normal 0 0 1
    outer loop
      vertex 39.2 44.2384 2
      vertex 31.1645 44.2311 2
      vertex 38.636 44.0972 2
    endloop
  endfacet
  facet normal 0 -0 1
    outer loop
      vertex 31.1645 44.2311 2
      vertex 39.2 44.2384 2
      vertex 31.0121 44.2693 2
    endloop
  endfacet
  facet normal 0 0 1
    outer loop
      vertex 30.8568 44.2923 2
      vertex 6 59.2 2
      vertex 30.7 44.3 2
    endloop
  endfacet
  facet normal 0 0 1
    outer loop
      vertex 30.7 44.3 2
      vertex 6 59.2 2
      vertex 30.5432 44.2923 2
    endloop
  endfacet
  facet normal 0 0 1
    outer loop
      vertex 29.2218 43.3123 2
      vertex 7.4472 54.3666 2
      vertex 29.1689 43.1645 2
    endloop
  endfacet
  facet normal -0 0 1
    outer loop
      vertex 7.35952 54.2484 2
      vertex 29.1689 43.1645 2
      vertex 7.4472 54.3666 2
    endloop
  endfacet
  facet normal 0 0 1
    outer loop
      vertex 29.1689 43.1645 2
      vertex 7.35952 54.2484 2
      vertex 29.1307 43.0121 2
    endloop
  endfacet
  facet normal -0 0 1
    outer loop
      vertex 7.52288 54.4929 2
      vertex 29.2889 43.4542 2
      vertex 7.58582 54.626 2
    endloop
  endfacet
  facet normal 0 0 1
    outer loop
      vertex 29.3696 43.5889 2
      vertex 7.58582 54.626 2
      vertex 29.2889 43.4542 2
    endloop
  endfacet
  facet normal -0 0 1
    outer loop
      vertex 7.58582 54.626 2
      vertex 29.3696 43.5889 2
      vertex 7.63541 54.7646 2
    endloop
  endfacet
  facet normal 0 0 1
    outer loop
      vertex 29.4632 43.715 2
      vertex 7.63541 54.7646 2
      vertex 29.3696 43.5889 2
    endloop
  endfacet
  facet normal -0 0 1
    outer loop
      vertex 7.63541 54.7646 2
      vertex 29.4632 43.715 2
      vertex 7.67118 54.9074 2
    endloop
  endfacet
  facet normal 0 0 1
    outer loop
      vertex 29.5686 43.8314 2
      vertex 7.67118 54.9074 2
      vertex 29.4632 43.715 2
    endloop
  endfacet
  facet normal -0 0 1
    outer loop
      vertex 7.67118 54.9074 2
      vertex 29.5686 43.8314 2
      vertex 7.69278 55.053 2
    endloop
  endfacet
  facet normal 0 0 1
    outer loop
      vertex 29.685 43.9368 2
      vertex 7.69278 55.053 2
      vertex 29.5686 43.8314 2
    endloop
  endfacet
  facet normal -0 0 1
    outer loop
      vertex 7.69278 55.053 2
      vertex 29.685 43.9368 2
      vertex 7.7 55.2 2
    endloop
  endfacet
  facet normal 0 0 1
    outer loop
      vertex 29.8111 44.0304 2
      vertex 7.7 55.2 2
      vertex 29.685 43.9368 2
    endloop
  endfacet
  facet normal 0 0 1
    outer loop
      vertex 7.69278 55.347 2
      vertex 29.8111 44.0304 2
      vertex 29.9458 44.1111 2
    endloop
  endfacet
  facet normal 0 0 1
    outer loop
      vertex 7.67118 55.4926 2
      vertex 29.9458 44.1111 2
      vertex 30.0877 44.1782 2
    endloop
  endfacet
  facet normal 0 0 1
    outer loop
      vertex 7.63541 55.6354 2
      vertex 30.0877 44.1782 2
      vertex 30.2355 44.2311 2
    endloop
  endfacet
  facet normal 0 0 1
    outer loop
      vertex 7.58582 55.774 2
      vertex 30.2355 44.2311 2
      vertex 30.3879 44.2693 2
    endloop
  endfacet
  facet normal -0 -0 1
    outer loop
      vertex 7.52288 55.9071 2
      vertex 30.5432 44.2923 2
      vertex 6 59.2 2
    endloop
  endfacet
  facet normal 0 0 1
    outer loop
      vertex 29.8111 44.0304 2
      vertex 7.69278 55.347 2
      vertex 7.7 55.2 2
    endloop
  endfacet
  facet normal 0 0 1
    outer loop
      vertex 29.9458 44.1111 2
      vertex 7.67118 55.4926 2
      vertex 7.69278 55.347 2
    endloop
  endfacet
  facet normal 0 0 1
    outer loop
      vertex 30.0877 44.1782 2
      vertex 7.63541 55.6354 2
      vertex 7.67118 55.4926 2
    endloop
  endfacet
  facet normal 0 0 1
    outer loop
      vertex 30.2355 44.2311 2
      vertex 7.58582 55.774 2
      vertex 7.63541 55.6354 2
    endloop
  endfacet
  facet normal 0 0 1
    outer loop
      vertex 30.3879 44.2693 2
      vertex 7.52288 55.9071 2
      vertex 7.58582 55.774 2
    endloop
  endfacet
  facet normal 0 0 1
    outer loop
      vertex 30.5432 44.2923 2
      vertex 7.52288 55.9071 2
      vertex 30.3879 44.2693 2
    endloop
  endfacet
  facet normal 0 0 1
    outer loop
      vertex 7.52288 55.9071 2
      vertex 6 59.2 2
      vertex 7.4472 56.0334 2
    endloop
  endfacet
  facet normal 0 0 1
    outer loop
      vertex 7.4472 56.0334 2
      vertex 6 59.2 2
      vertex 7.35952 56.1516 2
    endloop
  endfacet
  facet normal 0 0 1
    outer loop
      vertex 7.35952 56.1516 2
      vertex 6 59.2 2
      vertex 7.26066 56.2607 2
    endloop
  endfacet
  facet normal 0 0 1
    outer loop
      vertex 7.26066 56.2607 2
      vertex 6 59.2 2
      vertex 7.15159 56.3595 2
    endloop
  endfacet
  facet normal 0 0 1
    outer loop
      vertex 7.15159 56.3595 2
      vertex 6 59.2 2
      vertex 7.03335 56.4472 2
    endloop
  endfacet
  facet normal 0 0 1
    outer loop
      vertex 7.03335 56.4472 2
      vertex 6 59.2 2
      vertex 6.90709 56.5229 2
    endloop
  endfacet
  facet normal 0 0 1
    outer loop
      vertex 6.90709 56.5229 2
      vertex 6 59.2 2
      vertex 6.77402 56.5858 2
    endloop
  endfacet
  facet normal 0 0 1
    outer loop
      vertex 6.77402 56.5858 2
      vertex 6 59.2 2
      vertex 6.63543 56.6354 2
    endloop
  endfacet
  facet normal 0 0 1
    outer loop
      vertex 6.63543 56.6354 2
      vertex 6 59.2 2
      vertex 6.49263 56.6712 2
    endloop
  endfacet
  facet normal 0 0 1
    outer loop
      vertex 6.49263 56.6712 2
      vertex 6 59.2 2
      vertex 6.34702 56.6928 2
    endloop
  endfacet
  facet normal 0 0 1
    outer loop
      vertex 6.34702 56.6928 2
      vertex 6 59.2 2
      vertex 6.2 56.7 2
    endloop
  endfacet
  facet normal 0 0 1
    outer loop
      vertex 6 59.2 2
      vertex 6.05297 56.6928 2
      vertex 6.2 56.7 2
    endloop
  endfacet
  facet normal -0 0 1
    outer loop
      vertex 5.62753 59.1817 2
      vertex 6.05297 56.6928 2
      vertex 6 59.2 2
    endloop
  endfacet
  facet normal 0 0 1
    outer loop
      vertex 6.05297 56.6928 2
      vertex 5.62753 59.1817 2
      vertex 5.90736 56.6712 2
    endloop
  endfacet
  facet normal -0 0 1
    outer loop
      vertex 5.25865 59.127 2
      vertex 5.90736 56.6712 2
      vertex 5.62753 59.1817 2
    endloop
  endfacet
  facet normal 0 0 1
    outer loop
      vertex 5.90736 56.6712 2
      vertex 5.25865 59.127 2
      vertex 5.76457 56.6354 2
    endloop
  endfacet
  facet normal -0 0 1
    outer loop
      vertex 4.89691 59.0364 2
      vertex 5.76457 56.6354 2
      vertex 5.25865 59.127 2
    endloop
  endfacet
  facet normal 0 0 1
    outer loop
      vertex 5.76457 56.6354 2
      vertex 4.89691 59.0364 2
      vertex 5.62597 56.5858 2
    endloop
  endfacet
  facet normal -0 0 1
    outer loop
      vertex 4.54581 58.9107 2
      vertex 5.62597 56.5858 2
      vertex 4.89691 59.0364 2
    endloop
  endfacet
  facet normal 0 0 1
    outer loop
      vertex 5.62597 56.5858 2
      vertex 4.54581 58.9107 2
      vertex 5.4929 56.5229 2
    endloop
  endfacet
  facet normal -0 0 1
    outer loop
      vertex 4.20869 58.7513 2
      vertex 5.4929 56.5229 2
      vertex 4.54581 58.9107 2
    endloop
  endfacet
  facet normal 0 0 1
    outer loop
      vertex 5.4929 56.5229 2
      vertex 4.20869 58.7513 2
      vertex 5.36664 56.4472 2
    endloop
  endfacet
  facet normal -0 0 1
    outer loop
      vertex 3.88884 58.5596 2
      vertex 5.36664 56.4472 2
      vertex 4.20869 58.7513 2
    endloop
  endfacet
  facet normal 0 0 1
    outer loop
      vertex 5.36664 56.4472 2
      vertex 3.88884 58.5596 2
      vertex 5.24841 56.3595 2
    endloop
  endfacet
  facet normal -0 0 1
    outer loop
      vertex 3.58931 58.3374 2
      vertex 5.24841 56.3595 2
      vertex 3.88884 58.5596 2
    endloop
  endfacet
  facet normal 0 0 1
    outer loop
      vertex 5.24841 56.3595 2
      vertex 3.58931 58.3374 2
      vertex 5.13934 56.2607 2
    endloop
  endfacet
  facet normal -0 0 1
    outer loop
      vertex 3.31299 58.087 2
      vertex 5.13934 56.2607 2
      vertex 3.58931 58.3374 2
    endloop
  endfacet
  facet normal -0 0 1
    outer loop
      vertex 3.06256 57.8107 2
      vertex 5.13934 56.2607 2
      vertex 3.31299 58.087 2
    endloop
  endfacet
  facet normal 0 0 1
    outer loop
      vertex 5.13934 56.2607 2
      vertex 3.06256 57.8107 2
      vertex 5.04048 56.1516 2
    endloop
  endfacet
  facet normal -0 0 1
    outer loop
      vertex 2.6487 57.1913 2
      vertex 4.9528 56.0334 2
      vertex 2.84041 57.5112 2
    endloop
  endfacet
  facet normal 0 0 1
    outer loop
      vertex 5.04048 56.1516 2
      vertex 2.84041 57.5112 2
      vertex 4.9528 56.0334 2
    endloop
  endfacet
  facet normal -0 0 1
    outer loop
      vertex 2.84041 57.5112 2
      vertex 5.04048 56.1516 2
      vertex 3.06256 57.8107 2
    endloop
  endfacet
  facet normal 0 0 1
    outer loop
      vertex 93.7513 4.2087 2
      vertex 91.4472 5.36665 2
      vertex 93.5596 3.88885 2
    endloop
  endfacet
  facet normal -0 0 1
    outer loop
      vertex 91.3595 5.24841 2
      vertex 93.5596 3.88885 2
      vertex 91.4472 5.36665 2
    endloop
  endfacet
  facet normal 0 0 1
    outer loop
      vertex 93.5596 3.88885 2
      vertex 91.3595 5.24841 2
      vertex 93.3374 3.58932 2
    endloop
  endfacet
  facet normal -0 0 1
    outer loop
      vertex 91.2607 5.13934 2
      vertex 93.3374 3.58932 2
      vertex 91.3595 5.24841 2
    endloop
  endfacet
  facet normal 0 0 1
    outer loop
      vertex 93.3374 3.58932 2
      vertex 91.2607 5.13934 2
      vertex 93.087 3.31299 2
    endloop
  endfacet
  facet normal 0 0 1
    outer loop
      vertex 93.087 3.31299 2
      vertex 91.2607 5.13934 2
      vertex 92.8107 3.06257 2
    endloop
  endfacet
  facet normal -0 0 1
    outer loop
      vertex 91.1516 5.04048 2
      vertex 92.8107 3.06257 2
      vertex 91.2607 5.13934 2
    endloop
  endfacet
  facet normal 0 0 1
    outer loop
      vertex 92.8107 3.06257 2
      vertex 91.1516 5.04048 2
      vertex 92.5112 2.84041 2
    endloop
  endfacet
  facet normal -0 0 1
    outer loop
      vertex 91.0334 4.9528 2
      vertex 92.5112 2.84041 2
      vertex 91.1516 5.04048 2
    endloop
  endfacet
  facet normal 0 0 1
    outer loop
      vertex 92.5112 2.84041 2
      vertex 91.0334 4.9528 2
      vertex 92.1913 2.6487 2
    endloop
  endfacet
  facet normal -0 0 1
    outer loop
      vertex 90.9071 4.87712 2
      vertex 92.1913 2.6487 2
      vertex 91.0334 4.9528 2
    endloop
  endfacet
  facet normal 0 0 1
    outer loop
      vertex 92.1913 2.6487 2
      vertex 90.9071 4.87712 2
      vertex 91.8542 2.48926 2
    endloop
  endfacet
  facet normal -0 0 1
    outer loop
      vertex 90.774 4.81418 2
      vertex 91.8542 2.48926 2
      vertex 90.9071 4.87712 2
    endloop
  endfacet
  facet normal 0 0 1
    outer loop
      vertex 91.8542 2.48926 2
      vertex 90.774 4.81418 2
      vertex 91.5031 2.36364 2
    endloop
  endfacet
  facet normal -0 0 1
    outer loop
      vertex 90.6354 4.76459 2
      vertex 91.5031 2.36364 2
      vertex 90.774 4.81418 2
    endloop
  endfacet
  facet normal 0 0 1
    outer loop
      vertex 91.5031 2.36364 2
      vertex 90.6354 4.76459 2
      vertex 91.1413 2.27302 2
    endloop
  endfacet
  facet normal -0 0 1
    outer loop
      vertex 90.4926 4.72882 2
      vertex 91.1413 2.27302 2
      vertex 90.6354 4.76459 2
    endloop
  endfacet
  facet normal 0 0 1
    outer loop
      vertex 91.1413 2.27302 2
      vertex 90.4926 4.72882 2
      vertex 90.7725 2.2183 2
    endloop
  endfacet
  facet normal -0 0 1
    outer loop
      vertex 90.347 4.70722 2
      vertex 90.7725 2.2183 2
      vertex 90.4926 4.72882 2
    endloop
  endfacet
  facet normal 0 0 1
    outer loop
      vertex 90.7725 2.2183 2
      vertex 90.347 4.70722 2
      vertex 90.4 2.2 2
    endloop
  endfacet
  facet normal -0 0 1
    outer loop
      vertex 90.2 4.7 2
      vertex 90.4 2.2 2
      vertex 90.347 4.70722 2
    endloop
  endfacet
  facet normal 0 0 1
    outer loop
      vertex 90.053 4.70722 2
      vertex 90.4 2.2 2
      vertex 90.2 4.7 2
    endloop
  endfacet
  facet normal 0 0 1
    outer loop
      vertex 89.9074 4.72882 2
      vertex 90.4 2.2 2
      vertex 90.053 4.70722 2
    endloop
  endfacet
  facet normal 0 0 1
    outer loop
      vertex 89.7646 4.76459 2
      vertex 90.4 2.2 2
      vertex 89.9074 4.72882 2
    endloop
  endfacet
  facet normal 0 0 1
    outer loop
      vertex 89.626 4.81418 2
      vertex 90.4 2.2 2
      vertex 89.7646 4.76459 2
    endloop
  endfacet
  facet normal 0 0 1
    outer loop
      vertex 89.4929 4.87712 2
      vertex 90.4 2.2 2
      vertex 89.626 4.81418 2
    endloop
  endfacet
  facet normal 0 0 1
    outer loop
      vertex 89.3666 4.9528 2
      vertex 90.4 2.2 2
      vertex 89.4929 4.87712 2
    endloop
  endfacet
  facet normal 0 0 1
    outer loop
      vertex 89.2484 5.04048 2
      vertex 90.4 2.2 2
      vertex 89.3666 4.9528 2
    endloop
  endfacet
  facet normal 0 0 1
    outer loop
      vertex 89.1393 5.13934 2
      vertex 90.4 2.2 2
      vertex 89.2484 5.04048 2
    endloop
  endfacet
  facet normal 0 0 1
    outer loop
      vertex 89.0405 5.24841 2
      vertex 90.4 2.2 2
      vertex 89.1393 5.13934 2
    endloop
  endfacet
  facet normal 0 0 1
    outer loop
      vertex 88.9528 5.36665 2
      vertex 90.4 2.2 2
      vertex 89.0405 5.24841 2
    endloop
  endfacet
  facet normal 0 0 1
    outer loop
      vertex 88.8771 5.49291 2
      vertex 90.4 2.2 2
      vertex 88.9528 5.36665 2
    endloop
  endfacet
  facet normal 0 0 1
    outer loop
      vertex 55.4542 17.2889 2
      vertex 88.8771 5.49291 2
      vertex 88.8142 5.62598 2
    endloop
  endfacet
  facet normal 0 0 1
    outer loop
      vertex 88.8142 6.77403 2
      vertex 56.2311 18.2355 2
      vertex 88.7646 6.63543 2
    endloop
  endfacet
  facet normal -0 0 1
    outer loop
      vertex 56.1782 18.0877 2
      vertex 88.7646 6.63543 2
      vertex 56.2311 18.2355 2
    endloop
  endfacet
  facet normal 0 0 1
    outer loop
      vertex 88.7646 6.63543 2
      vertex 56.1782 18.0877 2
      vertex 88.7288 6.49264 2
    endloop
  endfacet
  facet normal -0 0 1
    outer loop
      vertex 56.1111 17.9458 2
      vertex 88.7288 6.49264 2
      vertex 56.1782 18.0877 2
    endloop
  endfacet
  facet normal 0 0 1
    outer loop
      vertex 88.7288 6.49264 2
      vertex 56.1111 17.9458 2
      vertex 88.7072 6.34703 2
    endloop
  endfacet
  facet normal -0 0 1
    outer loop
      vertex 56.0303 17.8111 2
      vertex 88.7072 6.34703 2
      vertex 56.1111 17.9458 2
    endloop
  endfacet
  facet normal 0 0 1
    outer loop
      vertex 88.7072 6.34703 2
      vertex 56.0303 17.8111 2
      vertex 88.7 6.2 2
    endloop
  endfacet
  facet normal -0 0 1
    outer loop
      vertex 55.9368 17.685 2
      vertex 88.7 6.2 2
      vertex 56.0303 17.8111 2
    endloop
  endfacet
  facet normal 0 0 1
    outer loop
      vertex 88.7 6.2 2
      vertex 55.9368 17.685 2
      vertex 88.7072 6.05298 2
    endloop
  endfacet
  facet normal -0 0 1
    outer loop
      vertex 55.8314 17.5686 2
      vertex 88.7072 6.05298 2
      vertex 55.9368 17.685 2
    endloop
  endfacet
  facet normal 0 0 1
    outer loop
      vertex 88.7072 6.05298 2
      vertex 55.8314 17.5686 2
      vertex 88.7288 5.90737 2
    endloop
  endfacet
  facet normal -0 0 1
    outer loop
      vertex 55.715 17.4632 2
      vertex 88.7288 5.90737 2
      vertex 55.8314 17.5686 2
    endloop
  endfacet
  facet normal 0 0 1
    outer loop
      vertex 88.7288 5.90737 2
      vertex 55.715 17.4632 2
      vertex 88.7646 5.76457 2
    endloop
  endfacet
  facet normal -0 0 1
    outer loop
      vertex 55.5889 17.3696 2
      vertex 88.7646 5.76457 2
      vertex 55.715 17.4632 2
    endloop
  endfacet
  facet normal 0 0 1
    outer loop
      vertex 88.7646 5.76457 2
      vertex 55.5889 17.3696 2
      vertex 88.8142 5.62598 2
    endloop
  endfacet
  facet normal -0 0 1
    outer loop
      vertex 55.4542 17.2889 2
      vertex 88.8142 5.62598 2
      vertex 55.5889 17.3696 2
    endloop
  endfacet
  facet normal 0 0 1
    outer loop
      vertex 88.8771 5.49291 2
      vertex 55.4542 17.2889 2
      vertex 55.3123 17.2218 2
    endloop
  endfacet
  facet normal 0 0 1
    outer loop
      vertex 88.8771 5.49291 2
      vertex 55.3123 17.2218 2
      vertex 90.4 2.2 2
    endloop
  endfacet
  facet normal -0 0 1
    outer loop
      vertex 55.1645 17.1689 2
      vertex 90.4 2.2 2
      vertex 55.3123 17.2218 2
    endloop
  endfacet
  facet normal -0 0 1
    outer loop
      vertex 55.0121 17.1307 2
      vertex 90.4 2.2 2
      vertex 55.1645 17.1689 2
    endloop
  endfacet
  facet normal -0 0 1
    outer loop
      vertex 54.8568 17.1077 2
      vertex 90.4 2.2 2
      vertex 55.0121 17.1307 2
    endloop
  endfacet
  facet normal -0 0 1
    outer loop
      vertex 54.7 17.1 2
      vertex 90.4 2.2 2
      vertex 54.8568 17.1077 2
    endloop
  endfacet
  facet normal 0 0 1
    outer loop
      vertex 54.5432 17.1077 2
      vertex 90.4 2.2 2
      vertex 54.7 17.1 2
    endloop
  endfacet
  facet normal 0 0 1
    outer loop
      vertex 45.4313 16.969 2
      vertex 54.5432 17.1077 2
      vertex 54.3879 17.1307 2
    endloop
  endfacet
  facet normal 0 0 1
    outer loop
      vertex 45.6 17.0113 2
      vertex 54.3879 17.1307 2
      vertex 54.2355 17.1689 2
    endloop
  endfacet
  facet normal 0 0 1
    outer loop
      vertex 47 17.3873 2
      vertex 54.2355 17.1689 2
      vertex 54.0877 17.2218 2
    endloop
  endfacet
  facet normal 0 0 1
    outer loop
      vertex 53.1307 19.0121 2
      vertex 51.5815 19.8779 2
      vertex 53.1077 18.8568 2
    endloop
  endfacet
  facet normal 0 0 1
    outer loop
      vertex 53.1077 18.8568 2
      vertex 51.5815 19.8779 2
      vertex 53.1 18.7 2
    endloop
  endfacet
  facet normal 0 0 1
    outer loop
      vertex 53.1 18.7 2
      vertex 51.5815 19.8779 2
      vertex 53.1077 18.5432 2
    endloop
  endfacet
  facet normal -0 0 1
    outer loop
      vertex 50.478 19.0594 2
      vertex 53.1077 18.5432 2
      vertex 51.5815 19.8779 2
    endloop
  endfacet
  facet normal 0 0 1
    outer loop
      vertex 53.1077 18.5432 2
      vertex 50.478 19.0594 2
      vertex 53.1307 18.3879 2
    endloop
  endfacet
  facet normal 0 0 1
    outer loop
      vertex 53.1307 18.3879 2
      vertex 50.478 19.0594 2
      vertex 53.1689 18.2355 2
    endloop
  endfacet
  facet normal 0 0 1
    outer loop
      vertex 53.1689 18.2355 2
      vertex 50.478 19.0594 2
      vertex 53.2218 18.0877 2
    endloop
  endfacet
  facet normal -0 0 1
    outer loop
      vertex 50.2 18.8928 2
      vertex 53.2218 18.0877 2
      vertex 50.478 19.0594 2
    endloop
  endfacet
  facet normal 0 0 1
    outer loop
      vertex 53.2218 18.0877 2
      vertex 50.2 18.8928 2
      vertex 53.2889 17.9458 2
    endloop
  endfacet
  facet normal 0 0 1
    outer loop
      vertex 53.2889 17.9458 2
      vertex 50.2 18.8928 2
      vertex 53.3696 17.8111 2
    endloop
  endfacet
  facet normal 0 0 1
    outer loop
      vertex 53.3696 17.8111 2
      vertex 50.2 18.8928 2
      vertex 53.4632 17.685 2
    endloop
  endfacet
  facet normal -0 0 1
    outer loop
      vertex 48.8 18.1168 2
      vertex 53.4632 17.685 2
      vertex 50.2 18.8928 2
    endloop
  endfacet
  facet normal 0 0 1
    outer loop
      vertex 53.4632 17.685 2
      vertex 48.8 18.1168 2
      vertex 53.5686 17.5686 2
    endloop
  endfacet
  facet normal 0 0 1
    outer loop
      vertex 53.5686 17.5686 2
      vertex 48.8 18.1168 2
      vertex 53.685 17.4632 2
    endloop
  endfacet
  facet normal 0 0 1
    outer loop
      vertex 53.685 17.4632 2
      vertex 48.8 18.1168 2
      vertex 53.8111 17.3696 2
    endloop
  endfacet
  facet normal -0 0 1
    outer loop
      vertex 48.0576 17.7657 2
      vertex 53.8111 17.3696 2
      vertex 48.8 18.1168 2
    endloop
  endfacet
  facet normal 0 0 1
    outer loop
      vertex 48.8 18.1168 2
      vertex 50.2 18.8928 2
      vertex 48.8 43.2832 2
    endloop
  endfacet
  facet normal 0 0 1
    outer loop
      vertex 53.8111 17.3696 2
      vertex 48.0576 17.7657 2
      vertex 53.9458 17.2889 2
    endloop
  endfacet
  facet normal 0 0 1
    outer loop
      vertex 53.9458 17.2889 2
      vertex 48.0576 17.7657 2
      vertex 54.0877 17.2218 2
    endloop
  endfacet
  facet normal -0 0 1
    outer loop
      vertex 47 17.3873 2
      vertex 54.0877 17.2218 2
      vertex 48.0576 17.7657 2
    endloop
  endfacet
  facet normal 0 0 1
    outer loop
      vertex 54.2355 17.1689 2
      vertex 47 17.3873 2
      vertex 45.6 17.0113 2
    endloop
  endfacet
  facet normal 0 0 1
    outer loop
      vertex 45.6 17.0113 2
      vertex 47 17.3873 2
      vertex 45.6 44.3887 2
    endloop
  endfacet
  facet normal 0 0 1
    outer loop
      vertex 54.3879 17.1307 2
      vertex 45.6 17.0113 2
      vertex 45.4313 16.969 2
    endloop
  endfacet
  facet normal 0 0 1
    outer loop
      vertex 54.5432 17.1077 2
      vertex 45.4313 16.969 2
      vertex 44.0722 16.7674 2
    endloop
  endfacet
  facet normal 0 0 1
    outer loop
      vertex 54.5432 17.1077 2
      vertex 44.0722 16.7674 2
      vertex 90.4 2.2 2
    endloop
  endfacet
  facet normal 0 0 1
    outer loop
      vertex 6 2.2 2
      vertex 44.0722 16.7674 2
      vertex 43.8 16.754 2
    endloop
  endfacet
  facet normal 0 0 1
    outer loop
      vertex 42.4 16.7147 2
      vertex 43.8 16.754 2
      vertex 42.4 44.6853 2
    endloop
  endfacet
  facet normal 0 0 1
    outer loop
      vertex 6 2.2 2
      vertex 43.8 16.754 2
      vertex 42.4 16.7147 2
    endloop
  endfacet
  facet normal 0 0 1
    outer loop
      vertex 6 2.2 2
      vertex 42.4 16.7147 2
      vertex 41.3278 16.7674 2
    endloop
  endfacet
  facet normal 0 0 1
    outer loop
      vertex 6 2.2 2
      vertex 41.3278 16.7674 2
      vertex 40.6 16.8754 2
    endloop
  endfacet
  facet normal -0 0 1
    outer loop
      vertex 39.2 17.1616 2
      vertex 40.6 16.8754 2
      vertex 39.2 44.2384 2
    endloop
  endfacet
  facet normal -0 0 1
    outer loop
      vertex 31.0121 17.1307 2
      vertex 40.6 16.8754 2
      vertex 39.2 17.1616 2
    endloop
  endfacet
  facet normal -0 0 1
    outer loop
      vertex 31.1645 17.1689 2
      vertex 39.2 17.1616 2
      vertex 38.636 17.3028 2
    endloop
  endfacet
  facet normal -0 0 1
    outer loop
      vertex 36 18.4133 2
      vertex 37.4 17.7451 2
      vertex 36 42.9867 2
    endloop
  endfacet
  facet normal -0 0 1
    outer loop
      vertex 32.8 20.8011 2
      vertex 34.2 19.5949 2
      vertex 32.8 40.5989 2
    endloop
  endfacet
  facet normal 0 0 1
    outer loop
      vertex 32.1782 19.3123 2
      vertex 34.2 19.5949 2
      vertex 32.8 20.8011 2
    endloop
  endfacet
  facet normal 0 0 1
    outer loop
      vertex 32.2923 18.5432 2
      vertex 34.2 19.5949 2
      vertex 32.3 18.7 2
    endloop
  endfacet
  facet normal 0 0 1
    outer loop
      vertex 32.2693 18.3879 2
      vertex 34.2 19.5949 2
      vertex 32.2923 18.5432 2
    endloop
  endfacet
  facet normal 0 0 1
    outer loop
      vertex 34.2 19.5949 2
      vertex 32.2693 18.3879 2
      vertex 34.922 19.0594 2
    endloop
  endfacet
  facet normal 0 0 1
    outer loop
      vertex 32.2311 18.2355 2
      vertex 34.922 19.0594 2
      vertex 32.2693 18.3879 2
    endloop
  endfacet
  facet normal 0 0 1
    outer loop
      vertex 32.1782 18.0877 2
      vertex 34.922 19.0594 2
      vertex 32.2311 18.2355 2
    endloop
  endfacet
  facet normal 0 0 1
    outer loop
      vertex 32.1111 17.9458 2
      vertex 34.922 19.0594 2
      vertex 32.1782 18.0877 2
    endloop
  endfacet
  facet normal 0 0 1
    outer loop
      vertex 34.922 19.0594 2
      vertex 32.1111 17.9458 2
      vertex 36 18.4133 2
    endloop
  endfacet
  facet normal 0 0 1
    outer loop
      vertex 32.0303 17.8111 2
      vertex 36 18.4133 2
      vertex 32.1111 17.9458 2
    endloop
  endfacet
  facet normal 0 0 1
    outer loop
      vertex 31.9368 17.685 2
      vertex 36 18.4133 2
      vertex 32.0303 17.8111 2
    endloop
  endfacet
  facet normal 0 0 1
    outer loop
      vertex 31.8314 17.5686 2
      vertex 36 18.4133 2
      vertex 31.9368 17.685 2
    endloop
  endfacet
  facet normal 0 0 1
    outer loop
      vertex 31.715 17.4632 2
      vertex 36 18.4133 2
      vertex 31.8314 17.5686 2
    endloop
  endfacet
  facet normal 0 0 1
    outer loop
      vertex 36 18.4133 2
      vertex 31.715 17.4632 2
      vertex 37.4 17.7451 2
    endloop
  endfacet
  facet normal 0 0 1
    outer loop
      vertex 31.5889 17.3696 2
      vertex 37.4 17.7451 2
      vertex 31.715 17.4632 2
    endloop
  endfacet
  facet normal 0 0 1
    outer loop
      vertex 31.4542 17.2889 2
      vertex 37.4 17.7451 2
      vertex 31.5889 17.3696 2
    endloop
  endfacet
  facet normal 0 0 1
    outer loop
      vertex 31.3123 17.2218 2
      vertex 37.4 17.7451 2
      vertex 31.4542 17.2889 2
    endloop
  endfacet
  facet normal 0 0 1
    outer loop
      vertex 37.4 17.7451 2
      vertex 31.3123 17.2218 2
      vertex 38.636 17.3028 2
    endloop
  endfacet
  facet normal 0 0 1
    outer loop
      vertex 31.1645 17.1689 2
      vertex 38.636 17.3028 2
      vertex 31.3123 17.2218 2
    endloop
  endfacet
  facet normal 0 0 1
    outer loop
      vertex 39.2 17.1616 2
      vertex 31.1645 17.1689 2
      vertex 31.0121 17.1307 2
    endloop
  endfacet
  facet normal 0 0 1
    outer loop
      vertex 40.6 16.8754 2
      vertex 31.0121 17.1307 2
      vertex 30.8568 17.1077 2
    endloop
  endfacet
  facet normal 0 0 1
    outer loop
      vertex 40.6 16.8754 2
      vertex 30.8568 17.1077 2
      vertex 6 2.2 2
    endloop
  endfacet
  facet normal 0 0 1
    outer loop
      vertex 6 2.2 2
      vertex 30.8568 17.1077 2
      vertex 30.7 17.1 2
    endloop
  endfacet
  facet normal 0 0 1
    outer loop
      vertex 6 2.2 2
      vertex 30.7 17.1 2
      vertex 30.5432 17.1077 2
    endloop
  endfacet
  facet normal 0 0 1
    outer loop
      vertex 7.52288 5.49291 2
      vertex 30.5432 17.1077 2
      vertex 30.3879 17.1307 2
    endloop
  endfacet
  facet normal 0 0 1
    outer loop
      vertex 7.7 6.2 2
      vertex 28.969 27.9687 2
      vertex 28.7674 29.3278 2
    endloop
  endfacet
  facet normal 0 0 1
    outer loop
      vertex 7.7 6.2 2
      vertex 28.7674 29.3278 2
      vertex 28.7 30.7 2
    endloop
  endfacet
  facet normal -0 0 1
    outer loop
      vertex 7.26066 54.1393 2
      vertex 29.1307 43.0121 2
      vertex 7.35952 54.2484 2
    endloop
  endfacet
  facet normal 0 0 1
    outer loop
      vertex 29.1077 18.8568 2
      vertex 7.7 6.2 2
      vertex 29.1 18.7 2
    endloop
  endfacet
  facet normal 0 0 1
    outer loop
      vertex 29.1 18.7 2
      vertex 7.7 6.2 2
      vertex 29.1077 18.5432 2
    endloop
  endfacet
  facet normal 0 0 1
    outer loop
      vertex 29.1077 18.5432 2
      vertex 7.7 6.2 2
      vertex 29.1307 18.3879 2
    endloop
  endfacet
  facet normal 0 0 1
    outer loop
      vertex 29.1307 18.3879 2
      vertex 7.7 6.2 2
      vertex 29.1689 18.2355 2
    endloop
  endfacet
  facet normal 0 0 1
    outer loop
      vertex 29.1689 18.2355 2
      vertex 7.7 6.2 2
      vertex 29.2218 18.0877 2
    endloop
  endfacet
  facet normal 0 0 1
    outer loop
      vertex 29.2218 18.0877 2
      vertex 7.7 6.2 2
      vertex 29.2889 17.9458 2
    endloop
  endfacet
  facet normal 0 0 1
    outer loop
      vertex 7.7 6.2 2
      vertex 29.3696 17.8111 2
      vertex 29.2889 17.9458 2
    endloop
  endfacet
  facet normal 0 0 1
    outer loop
      vertex 7.7 6.2 2
      vertex 29.4632 17.685 2
      vertex 29.3696 17.8111 2
    endloop
  endfacet
  facet normal 0 0 1
    outer loop
      vertex 7.7 6.2 2
      vertex 29.5686 17.5686 2
      vertex 29.4632 17.685 2
    endloop
  endfacet
  facet normal 0 0 1
    outer loop
      vertex 7.7 6.2 2
      vertex 29.685 17.4632 2
      vertex 29.5686 17.5686 2
    endloop
  endfacet
  facet normal 0 0 1
    outer loop
      vertex 7.7 6.2 2
      vertex 29.8111 17.3696 2
      vertex 29.685 17.4632 2
    endloop
  endfacet
  facet normal 0 0 1
    outer loop
      vertex 7.69278 6.05298 2
      vertex 29.8111 17.3696 2
      vertex 7.7 6.2 2
    endloop
  endfacet
  facet normal 0 0 1
    outer loop
      vertex 29.8111 17.3696 2
      vertex 7.69278 6.05298 2
      vertex 29.9458 17.2889 2
    endloop
  endfacet
  facet normal 0 0 1
    outer loop
      vertex 7.67118 5.90737 2
      vertex 29.9458 17.2889 2
      vertex 7.69278 6.05298 2
    endloop
  endfacet
  facet normal 0 0 1
    outer loop
      vertex 29.9458 17.2889 2
      vertex 7.67118 5.90737 2
      vertex 30.0877 17.2218 2
    endloop
  endfacet
  facet normal 0 0 1
    outer loop
      vertex 7.63541 5.76457 2
      vertex 30.0877 17.2218 2
      vertex 7.67118 5.90737 2
    endloop
  endfacet
  facet normal 0 0 1
    outer loop
      vertex 30.0877 17.2218 2
      vertex 7.63541 5.76457 2
      vertex 30.2355 17.1689 2
    endloop
  endfacet
  facet normal 0 0 1
    outer loop
      vertex 7.58582 5.62598 2
      vertex 30.2355 17.1689 2
      vertex 7.63541 5.76457 2
    endloop
  endfacet
  facet normal 0 0 1
    outer loop
      vertex 30.2355 17.1689 2
      vertex 7.58582 5.62598 2
      vertex 30.3879 17.1307 2
    endloop
  endfacet
  facet normal 0 0 1
    outer loop
      vertex 7.52288 5.49291 2
      vertex 30.3879 17.1307 2
      vertex 7.58582 5.62598 2
    endloop
  endfacet
  facet normal 0 0 1
    outer loop
      vertex 30.5432 17.1077 2
      vertex 7.52288 5.49291 2
      vertex 6 2.2 2
    endloop
  endfacet
  facet normal 0 0 1
    outer loop
      vertex 6 2.2 2
      vertex 7.52288 5.49291 2
      vertex 7.4472 5.36665 2
    endloop
  endfacet
  facet normal 0 0 1
    outer loop
      vertex 6 2.2 2
      vertex 7.4472 5.36665 2
      vertex 7.35952 5.24841 2
    endloop
  endfacet
  facet normal 0 0 1
    outer loop
      vertex 6 2.2 2
      vertex 7.35952 5.24841 2
      vertex 7.26066 5.13934 2
    endloop
  endfacet
  facet normal 0 0 1
    outer loop
      vertex 6 2.2 2
      vertex 7.26066 5.13934 2
      vertex 7.15159 5.04048 2
    endloop
  endfacet
  facet normal 0 0 1
    outer loop
      vertex 6 2.2 2
      vertex 7.15159 5.04048 2
      vertex 7.03335 4.9528 2
    endloop
  endfacet
  facet normal 0 0 1
    outer loop
      vertex 6 2.2 2
      vertex 7.03335 4.9528 2
      vertex 6.90709 4.87712 2
    endloop
  endfacet
  facet normal 0 0 1
    outer loop
      vertex 6 2.2 2
      vertex 6.90709 4.87712 2
      vertex 6.77402 4.81418 2
    endloop
  endfacet
  facet normal 0 0 1
    outer loop
      vertex 6 2.2 2
      vertex 6.77402 4.81418 2
      vertex 6.63543 4.76459 2
    endloop
  endfacet
  facet normal 0 0 1
    outer loop
      vertex 6 2.2 2
      vertex 6.63543 4.76459 2
      vertex 6.49263 4.72882 2
    endloop
  endfacet
  facet normal 0 0 1
    outer loop
      vertex 6 2.2 2
      vertex 6.49263 4.72882 2
      vertex 6.34702 4.70722 2
    endloop
  endfacet
  facet normal 0 0 1
    outer loop
      vertex 6 2.2 2
      vertex 6.34702 4.70722 2
      vertex 6.2 4.7 2
    endloop
  endfacet
  facet normal 0 0 1
    outer loop
      vertex 44.0722 16.7674 2
      vertex 6 2.2 2
      vertex 90.4 2.2 2
    endloop
  endfacet
  facet normal 0 0 1
    outer loop
      vertex 6.05297 4.70722 2
      vertex 6 2.2 2
      vertex 6.2 4.7 2
    endloop
  endfacet
  facet normal 0 0 1
    outer loop
      vertex 5.62753 2.2183 2
      vertex 6.05297 4.70722 2
      vertex 5.90736 4.72882 2
    endloop
  endfacet
  facet normal 0 0 1
    outer loop
      vertex 5.25865 2.27302 2
      vertex 5.90736 4.72882 2
      vertex 5.76457 4.76459 2
    endloop
  endfacet
  facet normal 0 0 1
    outer loop
      vertex 6.05297 4.70722 2
      vertex 5.62753 2.2183 2
      vertex 6 2.2 2
    endloop
  endfacet
  facet normal 0 0 1
    outer loop
      vertex 4.89691 2.36364 2
      vertex 5.76457 4.76459 2
      vertex 5.62597 4.81418 2
    endloop
  endfacet
  facet normal 0 0 1
    outer loop
      vertex 4.54581 2.48926 2
      vertex 5.62597 4.81418 2
      vertex 5.4929 4.87712 2
    endloop
  endfacet
  facet normal 0 0 1
    outer loop
      vertex 4.20869 2.6487 2
      vertex 5.4929 4.87712 2
      vertex 5.36664 4.9528 2
    endloop
  endfacet
  facet normal 0 0 1
    outer loop
      vertex 5.90736 4.72882 2
      vertex 5.25865 2.27302 2
      vertex 5.62753 2.2183 2
    endloop
  endfacet
  facet normal 0 0 1
    outer loop
      vertex 3.88884 2.84041 2
      vertex 5.36664 4.9528 2
      vertex 5.24841 5.04048 2
    endloop
  endfacet
  facet normal 0 0 1
    outer loop
      vertex 3.58931 3.06257 2
      vertex 5.24841 5.04048 2
      vertex 5.13934 5.13934 2
    endloop
  endfacet
  facet normal 0 0 1
    outer loop
      vertex 3.06256 3.58932 2
      vertex 5.13934 5.13934 2
      vertex 5.04048 5.24841 2
    endloop
  endfacet
  facet normal 0 0 1
    outer loop
      vertex 2.84041 3.88885 2
      vertex 5.04048 5.24841 2
      vertex 4.9528 5.36665 2
    endloop
  endfacet
  facet normal 0 0 1
    outer loop
      vertex 5.76457 4.76459 2
      vertex 4.89691 2.36364 2
      vertex 5.25865 2.27302 2
    endloop
  endfacet
  facet normal 0 0 1
    outer loop
      vertex 2.6487 4.2087 2
      vertex 4.9528 5.36665 2
      vertex 4.87712 5.49291 2
    endloop
  endfacet
  facet normal 0 0 1
    outer loop
      vertex 2.48926 4.54581 2
      vertex 4.87712 5.49291 2
      vertex 4.81418 5.62598 2
    endloop
  endfacet
  facet normal 0 0 1
    outer loop
      vertex 2.36363 4.89692 2
      vertex 4.81418 5.62598 2
      vertex 4.76459 5.76457 2
    endloop
  endfacet
  facet normal 0 0 1
    outer loop
      vertex 2.27301 5.25866 2
      vertex 4.76459 5.76457 2
      vertex 4.72882 5.90737 2
    endloop
  endfacet
  facet normal 0 0 1
    outer loop
      vertex 2.21829 5.62754 2
      vertex 4.72882 5.90737 2
      vertex 4.70722 6.05298 2
    endloop
  endfacet
  facet normal 0 0 1
    outer loop
      vertex 5.62597 4.81418 2
      vertex 4.54581 2.48926 2
      vertex 4.89691 2.36364 2
    endloop
  endfacet
  facet normal 0 0 1
    outer loop
      vertex 2.2 6.00001 2
      vertex 4.70722 6.05298 2
      vertex 4.7 6.2 2
    endloop
  endfacet
  facet normal 0 0 1
    outer loop
      vertex 4.72882 6.49264 2
      vertex 2.2 6.00001 2
      vertex 4.70722 6.34703 2
    endloop
  endfacet
  facet normal 0 0 1
    outer loop
      vertex 4.9528 56.0334 2
      vertex 2.6487 57.1913 2
      vertex 4.87712 55.9071 2
    endloop
  endfacet
  facet normal 0 0 1
    outer loop
      vertex 4.70722 6.34703 2
      vertex 2.2 6.00001 2
      vertex 4.7 6.2 2
    endloop
  endfacet
  facet normal -0 0 1
    outer loop
      vertex 2.48926 56.8542 2
      vertex 4.87712 55.9071 2
      vertex 2.6487 57.1913 2
    endloop
  endfacet
  facet normal 0 0 1
    outer loop
      vertex 4.70722 6.05298 2
      vertex 2.2 6.00001 2
      vertex 2.21829 5.62754 2
    endloop
  endfacet
  facet normal 0 0 1
    outer loop
      vertex 4.87712 55.9071 2
      vertex 2.48926 56.8542 2
      vertex 4.81418 55.774 2
    endloop
  endfacet
  facet normal 0 0 1
    outer loop
      vertex 5.4929 4.87712 2
      vertex 4.20869 2.6487 2
      vertex 4.54581 2.48926 2
    endloop
  endfacet
  facet normal -0 0 1
    outer loop
      vertex 2.36363 56.5031 2
      vertex 4.81418 55.774 2
      vertex 2.48926 56.8542 2
    endloop
  endfacet
  facet normal 0 0 1
    outer loop
      vertex 5.36664 4.9528 2
      vertex 3.88884 2.84041 2
      vertex 4.20869 2.6487 2
    endloop
  endfacet
  facet normal 0 0 1
    outer loop
      vertex 4.81418 55.774 2
      vertex 2.36363 56.5031 2
      vertex 4.76459 55.6354 2
    endloop
  endfacet
  facet normal 0 0 1
    outer loop
      vertex 5.24841 5.04048 2
      vertex 3.58931 3.06257 2
      vertex 3.88884 2.84041 2
    endloop
  endfacet
  facet normal -0 0 1
    outer loop
      vertex 2.27301 56.1413 2
      vertex 4.76459 55.6354 2
      vertex 2.36363 56.5031 2
    endloop
  endfacet
  facet normal 0 0 1
    outer loop
      vertex 5.13934 5.13934 2
      vertex 3.31299 3.31299 2
      vertex 3.58931 3.06257 2
    endloop
  endfacet
  facet normal 0 0 1
    outer loop
      vertex 4.76459 55.6354 2
      vertex 2.27301 56.1413 2
      vertex 4.72882 55.4926 2
    endloop
  endfacet
  facet normal 0 0 1
    outer loop
      vertex 5.13934 5.13934 2
      vertex 3.06256 3.58932 2
      vertex 3.31299 3.31299 2
    endloop
  endfacet
  facet normal -0 0 1
    outer loop
      vertex 2.21829 55.7725 2
      vertex 4.72882 55.4926 2
      vertex 2.27301 56.1413 2
    endloop
  endfacet
  facet normal 0 0 1
    outer loop
      vertex 5.04048 5.24841 2
      vertex 2.84041 3.88885 2
      vertex 3.06256 3.58932 2
    endloop
  endfacet
  facet normal 0 0 1
    outer loop
      vertex 4.72882 55.4926 2
      vertex 2.21829 55.7725 2
      vertex 4.70722 55.347 2
    endloop
  endfacet
  facet normal 0 0 1
    outer loop
      vertex 4.9528 5.36665 2
      vertex 2.6487 4.2087 2
      vertex 2.84041 3.88885 2
    endloop
  endfacet
  facet normal -0 0 1
    outer loop
      vertex 2.2 55.4 2
      vertex 4.70722 55.347 2
      vertex 2.21829 55.7725 2
    endloop
  endfacet
  facet normal 0 0 1
    outer loop
      vertex 4.87712 5.49291 2
      vertex 2.48926 4.54581 2
      vertex 2.6487 4.2087 2
    endloop
  endfacet
  facet normal 0 0 1
    outer loop
      vertex 4.70722 55.347 2
      vertex 2.2 55.4 2
      vertex 4.7 55.2 2
    endloop
  endfacet
  facet normal 0 0 1
    outer loop
      vertex 4.81418 5.62598 2
      vertex 2.36363 4.89692 2
      vertex 2.48926 4.54581 2
    endloop
  endfacet
  facet normal 0 0 1
    outer loop
      vertex 4.76459 5.76457 2
      vertex 2.27301 5.25866 2
      vertex 2.36363 4.89692 2
    endloop
  endfacet
  facet normal 0 0 1
    outer loop
      vertex 4.72882 5.90737 2
      vertex 2.21829 5.62754 2
      vertex 2.27301 5.25866 2
    endloop
  endfacet
  facet normal 0 0 1
    outer loop
      vertex 55.5889 20.0304 2
      vertex 55.0469 24.1004 2
      vertex 55.4542 20.1111 2
    endloop
  endfacet
  facet normal -0 0 1
    outer loop
      vertex 54.3406 22.922 2
      vertex 55.4542 20.1111 2
      vertex 55.0469 24.1004 2
    endloop
  endfacet
  facet normal 0 0 1
    outer loop
      vertex 55.4542 20.1111 2
      vertex 54.3406 22.922 2
      vertex 55.3123 20.1782 2
    endloop
  endfacet
  facet normal 0 0 1
    outer loop
      vertex 55.3123 20.1782 2
      vertex 54.3406 22.922 2
      vertex 55.1645 20.2311 2
    endloop
  endfacet
  facet normal 0 0 1
    outer loop
      vertex 55.1645 20.2311 2
      vertex 54.3406 22.922 2
      vertex 55.0121 20.2693 2
    endloop
  endfacet
  facet normal 0 0 1
    outer loop
      vertex 55.0121 20.2693 2
      vertex 54.3406 22.922 2
      vertex 54.8568 20.2923 2
    endloop
  endfacet
  facet normal -0 0 1
    outer loop
      vertex 53.5221 21.8185 2
      vertex 54.8568 20.2923 2
      vertex 54.3406 22.922 2
    endloop
  endfacet
  facet normal 0 0 1
    outer loop
      vertex 54.8568 20.2923 2
      vertex 53.5221 21.8185 2
      vertex 54.7 20.3 2
    endloop
  endfacet
  facet normal 0 0 1
    outer loop
      vertex 54.7 20.3 2
      vertex 53.5221 21.8185 2
      vertex 54.5432 20.2923 2
    endloop
  endfacet
  facet normal 0 0 1
    outer loop
      vertex 54.5432 20.2923 2
      vertex 53.5221 21.8185 2
      vertex 54.3879 20.2693 2
    endloop
  endfacet
  facet normal -0 0 1
    outer loop
      vertex 53.4 21.6837 2
      vertex 54.3879 20.2693 2
      vertex 53.5221 21.8185 2
    endloop
  endfacet
  facet normal 0 0 1
    outer loop
      vertex 54.3879 20.2693 2
      vertex 53.4 21.6837 2
      vertex 54.2355 20.2311 2
    endloop
  endfacet
  facet normal 0 0 1
    outer loop
      vertex 54.2355 20.2311 2
      vertex 53.4 21.6837 2
      vertex 54.0877 20.1782 2
    endloop
  endfacet
  facet normal 0 0 1
    outer loop
      vertex 54.0877 20.1782 2
      vertex 53.4 21.6837 2
      vertex 53.9458 20.1111 2
    endloop
  endfacet
  facet normal 0 0 1
    outer loop
      vertex 53.9458 20.1111 2
      vertex 53.4 21.6837 2
      vertex 53.8111 20.0304 2
    endloop
  endfacet
  facet normal 0 0 1
    outer loop
      vertex 53.8111 20.0304 2
      vertex 53.4 21.6837 2
      vertex 53.685 19.9368 2
    endloop
  endfacet
  facet normal -0 0 1
    outer loop
      vertex 52 20.2572 2
      vertex 53.685 19.9368 2
      vertex 53.4 21.6837 2
    endloop
  endfacet
  facet normal 0 0 1
    outer loop
      vertex 53.685 19.9368 2
      vertex 52 20.2572 2
      vertex 53.5686 19.8314 2
    endloop
  endfacet
  facet normal 0 0 1
    outer loop
      vertex 53.5686 19.8314 2
      vertex 52 20.2572 2
      vertex 53.4632 19.715 2
    endloop
  endfacet
  facet normal 0 0 1
    outer loop
      vertex 52 41.1428 2
      vertex 53.3696 41.8111 2
      vertex 53.2889 41.9458 2
    endloop
  endfacet
  facet normal 0 0 1
    outer loop
      vertex 52 41.1428 2
      vertex 53.2889 41.9458 2
      vertex 53.2218 42.0877 2
    endloop
  endfacet
  facet normal 0 0 1
    outer loop
      vertex 53.4632 19.715 2
      vertex 52 20.2572 2
      vertex 53.3696 19.5889 2
    endloop
  endfacet
  facet normal 0 0 1
    outer loop
      vertex 52 41.1428 2
      vertex 53.2218 42.0877 2
      vertex 53.1689 42.2355 2
    endloop
  endfacet
  facet normal 0 0 1
    outer loop
      vertex 53.3696 19.5889 2
      vertex 52 20.2572 2
      vertex 53.2889 19.4542 2
    endloop
  endfacet
  facet normal 0 0 1
    outer loop
      vertex 52 41.1428 2
      vertex 53.1689 42.2355 2
      vertex 53.1307 42.3879 2
    endloop
  endfacet
  facet normal 0 0 1
    outer loop
      vertex 53.2889 19.4542 2
      vertex 52 20.2572 2
      vertex 53.2218 19.3123 2
    endloop
  endfacet
  facet normal 0 0 1
    outer loop
      vertex 52 41.1428 2
      vertex 53.1307 42.3879 2
      vertex 53.1077 42.5432 2
    endloop
  endfacet
  facet normal 0 0 1
    outer loop
      vertex 53.2218 19.3123 2
      vertex 52 20.2572 2
      vertex 53.1689 19.1645 2
    endloop
  endfacet
  facet normal 0 0 1
    outer loop
      vertex 53.4 39.7163 2
      vertex 52 41.1428 2
      vertex 53.4 21.6837 2
    endloop
  endfacet
  facet normal -0 0 1
    outer loop
      vertex 51.5815 19.8779 2
      vertex 53.1689 19.1645 2
      vertex 52 20.2572 2
    endloop
  endfacet
  facet normal 0 0 1
    outer loop
      vertex 51.5815 41.5221 2
      vertex 53.1077 42.5432 2
      vertex 53.1 42.7 2
    endloop
  endfacet
  facet normal 0 0 1
    outer loop
      vertex 52 20.2572 2
      vertex 53.4 21.6837 2
      vertex 52 41.1428 2
    endloop
  endfacet
  facet normal 0.0490723 -0.998795 0
    outer loop
      vertex 5.62753 59.1817 2
      vertex 6 59.2 8
      vertex 5.62753 59.1817 8
    endloop
  endfacet
  facet normal 0.0490723 -0.998795 0
    outer loop
      vertex 6 59.2 8
      vertex 5.62753 59.1817 2
      vertex 6 59.2 2
    endloop
  endfacet
  facet normal 0.857765 -0.514042 0
    outer loop
      vertex 2.6487 57.1913 8
      vertex 2.84041 57.5112 2
      vertex 2.84041 57.5112 8
    endloop
  endfacet
  facet normal 0.857765 -0.514042 0
    outer loop
      vertex 2.84041 57.5112 2
      vertex 2.6487 57.1913 8
      vertex 2.6487 57.1913 2
    endloop
  endfacet
  facet normal 0.941543 0.336892 0
    outer loop
      vertex 2.48926 4.54581 8
      vertex 2.36363 4.89692 2
      vertex 2.36363 4.89692 8
    endloop
  endfacet
  facet normal 0.941543 0.336892 0
    outer loop
      vertex 2.36363 4.89692 2
      vertex 2.48926 4.54581 8
      vertex 2.48926 4.54581 2
    endloop
  endfacet
  facet normal -0.989184 0.146683 0
    outer loop
      vertex 94.127 5.25866 2
      vertex 94.1817 5.62754 4.9
      vertex 94.1817 5.62754 2
    endloop
  endfacet
  facet normal -0.989184 0.146683 0
    outer loop
      vertex 94.1817 5.62754 4.9
      vertex 94.127 5.25866 2
      vertex 94.127 5.25866 4.9
    endloop
  endfacet
  facet normal 0.671497 -0.741007 0
    outer loop
      vertex 3.31299 58.087 2
      vertex 3.58931 58.3374 8
      vertex 3.31299 58.087 8
    endloop
  endfacet
  facet normal 0.671497 -0.741007 0
    outer loop
      vertex 3.58931 58.3374 8
      vertex 3.31299 58.087 2
      vertex 3.58931 58.3374 2
    endloop
  endfacet
  facet normal -0.146766 0.989171 0
    outer loop
      vertex 91.1413 2.27302 2
      vertex 90.7725 2.2183 8
      vertex 91.1413 2.27302 8
    endloop
  endfacet
  facet normal -0.146766 0.989171 0
    outer loop
      vertex 90.7725 2.2183 8
      vertex 91.1413 2.27302 2
      vertex 90.7725 2.2183 2
    endloop
  endfacet
  facet normal -0.0490683 0.998795 0
    outer loop
      vertex 90.7725 2.2183 2
      vertex 90.4 2.2 8
      vertex 90.7725 2.2183 8
    endloop
  endfacet
  facet normal -0.0490683 0.998795 0
    outer loop
      vertex 90.4 2.2 8
      vertex 90.7725 2.2183 2
      vertex 90.4 2.2 2
    endloop
  endfacet
  facet normal -0.59583 -0.80311 0
    outer loop
      vertex 92.5112 58.5596 2
      vertex 92.8107 58.3374 8
      vertex 92.5112 58.5596 8
    endloop
  endfacet
  facet normal -0.59583 -0.80311 -0
    outer loop
      vertex 92.8107 58.3374 8
      vertex 92.5112 58.5596 2
      vertex 92.8107 58.3374 2
    endloop
  endfacet
  facet normal -0.803139 0.595792 0
    outer loop
      vertex 93.3374 3.58932 2
      vertex 93.5596 3.88885 8
      vertex 93.5596 3.88885 2
    endloop
  endfacet
  facet normal -0.803139 0.595792 0
    outer loop
      vertex 93.5596 3.88885 8
      vertex 93.3374 3.58932 2
      vertex 93.3374 3.58932 8
    endloop
  endfacet
  facet normal -0.998795 -0.0490683 0
    outer loop
      vertex 94.2 55.4 2
      vertex 94.1817 55.7725 4.9
      vertex 94.1817 55.7725 2
    endloop
  endfacet
  facet normal -0.998795 -0.0490683 0
    outer loop
      vertex 94.1817 55.7725 4.9
      vertex 94.2 55.4 2
      vertex 94.2 55.4 4.9
    endloop
  endfacet
  facet normal -0.857777 -0.514022 0
    outer loop
      vertex 93.7513 57.1913 2
      vertex 93.5596 57.5112 8
      vertex 93.5596 57.5112 2
    endloop
  endfacet
  facet normal -0.857777 -0.514022 0
    outer loop
      vertex 93.5596 57.5112 8
      vertex 93.7513 57.1913 2
      vertex 93.7513 57.1913 8
    endloop
  endfacet
  facet normal -0.904027 -0.427475 0
    outer loop
      vertex 93.9107 56.8542 2
      vertex 93.7513 57.1913 8
      vertex 93.7513 57.1913 2
    endloop
  endfacet
  facet normal -0.904027 -0.427475 0
    outer loop
      vertex 93.7513 57.1913 8
      vertex 93.9107 56.8542 2
      vertex 93.9107 56.8542 8
    endloop
  endfacet
  facet normal 0.803175 -0.595744 0
    outer loop
      vertex 2.84041 57.5112 8
      vertex 3.06256 57.8107 2
      vertex 3.06256 57.8107 8
    endloop
  endfacet
  facet normal 0.803175 -0.595744 0
    outer loop
      vertex 3.06256 57.8107 2
      vertex 2.84041 57.5112 8
      vertex 2.84041 57.5112 2
    endloop
  endfacet
  facet normal -0.80311 -0.59583 0
    outer loop
      vertex 93.5596 57.5112 2
      vertex 93.3374 57.8107 8
      vertex 93.3374 57.8107 2
    endloop
  endfacet
  facet normal -0.80311 -0.59583 0
    outer loop
      vertex 93.3374 57.8107 8
      vertex 93.5596 57.5112 2
      vertex 93.5596 57.5112 8
    endloop
  endfacet
  facet normal -0.427475 -0.904027 0
    outer loop
      vertex 91.8542 58.9107 2
      vertex 92.1913 58.7513 8
      vertex 91.8542 58.9107 8
    endloop
  endfacet
  facet normal -0.427475 -0.904027 -0
    outer loop
      vertex 92.1913 58.7513 8
      vertex 91.8542 58.9107 2
      vertex 92.1913 58.7513 2
    endloop
  endfacet
  facet normal -0.337067 -0.941481 0
    outer loop
      vertex 91.5031 59.0364 2
      vertex 91.8542 58.9107 8
      vertex 91.5031 59.0364 8
    endloop
  endfacet
  facet normal -0.337067 -0.941481 -0
    outer loop
      vertex 91.8542 58.9107 8
      vertex 91.5031 59.0364 2
      vertex 91.8542 58.9107 2
    endloop
  endfacet
  facet normal 0.243084 0.970005 -0
    outer loop
      vertex 91.416 58.7493 8
      vertex 91.0828 58.8328 13
      vertex 91.416 58.7493 13
    endloop
  endfacet
  facet normal 0.243084 0.970005 0
    outer loop
      vertex 91.0828 58.8328 13
      vertex 91.416 58.7493 8
      vertex 91.0828 58.8328 8
    endloop
  endfacet
  facet normal 0 1 -0
    outer loop
      vertex 64.7 58.9 9.8
      vertex 31.7 58.9 11.4
      vertex 64.7 58.9 11.4
    endloop
  endfacet
  facet normal 0 1 0
    outer loop
      vertex 31.7 58.9 11.4
      vertex 64.7 58.9 9.8
      vertex 31.7 58.9 9.8
    endloop
  endfacet
  facet normal 0 1 0
    outer loop
      vertex 64.7 58.9 11.4
      vertex 90.4 58.9 13
      vertex 72.7 58.9 11.4
    endloop
  endfacet
  facet normal 0 1 0
    outer loop
      vertex 90.4 58.9 13
      vertex 72.7 58.9 9.8
      vertex 72.7 58.9 11.4
    endloop
  endfacet
  facet normal 0 1 0
    outer loop
      vertex 90.4 58.9 8
      vertex 64.7 58.9 9.8
      vertex 72.7 58.9 9.8
    endloop
  endfacet
  facet normal 0 1 0
    outer loop
      vertex 64.7 58.9 9.8
      vertex 90.4 58.9 8
      vertex 31.7 58.9 9.8
    endloop
  endfacet
  facet normal 0 1 0
    outer loop
      vertex 6 58.9 8
      vertex 31.7 58.9 9.8
      vertex 90.4 58.9 8
    endloop
  endfacet
  facet normal 0 1 -0
    outer loop
      vertex 90.4 58.9 8
      vertex 72.7 58.9 9.8
      vertex 90.4 58.9 13
    endloop
  endfacet
  facet normal 0 1 0
    outer loop
      vertex 90.4 58.9 13
      vertex 64.7 58.9 11.4
      vertex 6 58.9 13
    endloop
  endfacet
  facet normal 0 1 -0
    outer loop
      vertex 31.7 58.9 11.4
      vertex 6 58.9 13
      vertex 64.7 58.9 11.4
    endloop
  endfacet
  facet normal 0 1 -0
    outer loop
      vertex 23.7 58.9 11.4
      vertex 6 58.9 13
      vertex 31.7 58.9 11.4
    endloop
  endfacet
  facet normal 0 1 -0
    outer loop
      vertex 23.7 58.9 9.8
      vertex 6 58.9 13
      vertex 23.7 58.9 11.4
    endloop
  endfacet
  facet normal 0 1 0
    outer loop
      vertex 23.7 58.9 9.8
      vertex 6 58.9 8
      vertex 6 58.9 13
    endloop
  endfacet
  facet normal 0 1 0
    outer loop
      vertex 31.7 58.9 9.8
      vertex 6 58.9 8
      vertex 23.7 58.9 9.8
    endloop
  endfacet
  facet normal 0.146475 0.989214 -0
    outer loop
      vertex 91.0828 58.8328 8
      vertex 90.7431 58.8831 13
      vertex 91.0828 58.8328 13
    endloop
  endfacet
  facet normal 0.146475 0.989214 0
    outer loop
      vertex 90.7431 58.8831 13
      vertex 91.0828 58.8328 8
      vertex 90.7431 58.8831 8
    endloop
  endfacet
  facet normal 0.0491971 0.998789 -0
    outer loop
      vertex 90.7431 58.8831 8
      vertex 90.4 58.9 13
      vertex 90.7431 58.8831 13
    endloop
  endfacet
  facet normal 0.0491971 0.998789 0
    outer loop
      vertex 90.4 58.9 13
      vertex 90.7431 58.8831 8
      vertex 90.4 58.9 8
    endloop
  endfacet
  facet normal -0.243104 0.97 0
    outer loop
      vertex 5.31718 58.8328 8
      vertex 4.98401 58.7493 13
      vertex 5.31718 58.8328 13
    endloop
  endfacet
  facet normal -0.243104 0.97 0
    outer loop
      vertex 4.98401 58.7493 13
      vertex 5.31718 58.8328 8
      vertex 4.98401 58.7493 8
    endloop
  endfacet
  facet normal -0.336853 0.941557 0
    outer loop
      vertex 4.98401 58.7493 8
      vertex 4.66061 58.6336 13
      vertex 4.98401 58.7493 13
    endloop
  endfacet
  facet normal -0.336853 0.941557 0
    outer loop
      vertex 4.66061 58.6336 13
      vertex 4.98401 58.7493 8
      vertex 4.66061 58.6336 8
    endloop
  endfacet
  facet normal -0.0492029 0.998789 0
    outer loop
      vertex 6 58.9 8
      vertex 5.65694 58.8831 13
      vertex 6 58.9 13
    endloop
  endfacet
  facet normal -0.0492029 0.998789 0
    outer loop
      vertex 5.65694 58.8831 13
      vertex 6 58.9 8
      vertex 5.65694 58.8831 8
    endloop
  endfacet
  facet normal -0.427566 -0.903984 0
    outer loop
      vertex 4.35011 2.91328 8
      vertex 4.66061 2.76642 13
      vertex 4.35011 2.91328 13
    endloop
  endfacet
  facet normal -0.427566 -0.903984 -0
    outer loop
      vertex 4.66061 2.76642 13
      vertex 4.35011 2.91328 8
      vertex 4.66061 2.76642 8
    endloop
  endfacet
  facet normal -0.146449 0.989218 0
    outer loop
      vertex 5.65694 58.8831 8
      vertex 5.31718 58.8328 13
      vertex 5.65694 58.8831 13
    endloop
  endfacet
  facet normal -0.146449 0.989218 0
    outer loop
      vertex 5.31718 58.8328 13
      vertex 5.65694 58.8831 8
      vertex 5.31718 58.8328 8
    endloop
  endfacet
  facet normal -0.0490867 -0.998795 0
    outer loop
      vertex 5.65694 2.51687 8
      vertex 6 2.50001 13
      vertex 5.65694 2.51687 13
    endloop
  endfacet
  facet normal -0.0490867 -0.998795 -0
    outer loop
      vertex 6 2.50001 13
      vertex 5.65694 2.51687 8
      vertex 6 2.50001 8
    endloop
  endfacet
  facet normal 0.857698 0.514153 0
    outer loop
      vertex 93.4867 57.0499 13
      vertex 93.3101 57.3445 8
      vertex 93.3101 57.3445 13
    endloop
  endfacet
  facet normal 0.857698 0.514153 0
    outer loop
      vertex 93.3101 57.3445 8
      vertex 93.4867 57.0499 13
      vertex 93.4867 57.0499 8
    endloop
  endfacet
  facet normal -1 0 0
    outer loop
      vertex 2.5 6.00001 8
      vertex 2.5 55.4 13
      vertex 2.5 55.4 8
    endloop
  endfacet
  facet normal -1 -0 0
    outer loop
      vertex 2.5 55.4 13
      vertex 2.5 6.00001 8
      vertex 2.5 6.00001 13
    endloop
  endfacet
  facet normal -0.98918 -0.14671 0
    outer loop
      vertex 2.56725 5.31719 8
      vertex 2.51686 5.65694 13
      vertex 2.51686 5.65694 8
    endloop
  endfacet
  facet normal -0.98918 -0.14671 0
    outer loop
      vertex 2.51686 5.65694 13
      vertex 2.56725 5.31719 8
      vertex 2.56725 5.31719 13
    endloop
  endfacet
  facet normal -0.857711 -0.514132 0
    outer loop
      vertex 3.08986 4.05552 8
      vertex 2.91327 4.35012 13
      vertex 2.91327 4.35012 8
    endloop
  endfacet
  facet normal -0.857711 -0.514132 0
    outer loop
      vertex 2.91327 4.35012 13
      vertex 3.08986 4.05552 8
      vertex 3.08986 4.05552 13
    endloop
  endfacet
  facet normal -0.595673 0.803227 0
    outer loop
      vertex 4.05551 58.3101 8
      vertex 3.77962 58.1055 13
      vertex 4.05551 58.3101 13
    endloop
  endfacet
  facet normal -0.595673 0.803227 0
    outer loop
      vertex 3.77962 58.1055 13
      vertex 4.05551 58.3101 8
      vertex 3.77962 58.1055 8
    endloop
  endfacet
  facet normal 0.514132 -0.857711 0
    outer loop
      vertex 92.0499 2.91328 8
      vertex 92.3445 3.08987 13
      vertex 92.0499 2.91328 13
    endloop
  endfacet
  facet normal 0.514132 -0.857711 0
    outer loop
      vertex 92.3445 3.08987 13
      vertex 92.0499 2.91328 8
      vertex 92.3445 3.08987 8
    endloop
  endfacet
  facet normal -0.514153 0.857698 0
    outer loop
      vertex 4.35011 58.4867 8
      vertex 4.05551 58.3101 13
      vertex 4.35011 58.4867 13
    endloop
  endfacet
  facet normal -0.514153 0.857698 0
    outer loop
      vertex 4.05551 58.3101 13
      vertex 4.35011 58.4867 8
      vertex 4.05551 58.3101 8
    endloop
  endfacet
  facet normal 0 -1 0
    outer loop
      vertex 31.7 2.50001 9.8
      vertex 64.7 2.50001 11.4
      vertex 31.7 2.50001 11.4
    endloop
  endfacet
  facet normal 0 -1 -0
    outer loop
      vertex 64.7 2.50001 11.4
      vertex 31.7 2.50001 9.8
      vertex 64.7 2.50001 9.8
    endloop
  endfacet
  facet normal 0 -1 0
    outer loop
      vertex 31.7 2.50001 11.4
      vertex 6 2.50001 13
      vertex 23.7 2.50001 11.4
    endloop
  endfacet
  facet normal 0 -1 0
    outer loop
      vertex 6 2.50001 13
      vertex 23.7 2.50001 9.8
      vertex 23.7 2.50001 11.4
    endloop
  endfacet
  facet normal 0 -1 0
    outer loop
      vertex 6 2.50001 8
      vertex 31.7 2.50001 9.8
      vertex 23.7 2.50001 9.8
    endloop
  endfacet
  facet normal 0 -1 -0
    outer loop
      vertex 31.7 2.50001 9.8
      vertex 6 2.50001 8
      vertex 64.7 2.50001 9.8
    endloop
  endfacet
  facet normal 0 -1 0
    outer loop
      vertex 90.4 2.50001 8
      vertex 64.7 2.50001 9.8
      vertex 6 2.50001 8
    endloop
  endfacet
  facet normal 0 -1 0
    outer loop
      vertex 6 2.50001 8
      vertex 23.7 2.50001 9.8
      vertex 6 2.50001 13
    endloop
  endfacet
  facet normal 0 -1 0
    outer loop
      vertex 6 2.50001 13
      vertex 31.7 2.50001 11.4
      vertex 90.4 2.50001 13
    endloop
  endfacet
  facet normal 0 -1 0
    outer loop
      vertex 64.7 2.50001 11.4
      vertex 90.4 2.50001 13
      vertex 31.7 2.50001 11.4
    endloop
  endfacet
  facet normal 0 -1 0
    outer loop
      vertex 72.7 2.50001 11.4
      vertex 90.4 2.50001 13
      vertex 64.7 2.50001 11.4
    endloop
  endfacet
  facet normal 0 -1 0
    outer loop
      vertex 72.7 2.50001 9.8
      vertex 90.4 2.50001 13
      vertex 72.7 2.50001 11.4
    endloop
  endfacet
  facet normal 0 -1 0
    outer loop
      vertex 72.7 2.50001 9.8
      vertex 90.4 2.50001 8
      vertex 90.4 2.50001 13
    endloop
  endfacet
  facet normal 0 -1 0
    outer loop
      vertex 64.7 2.50001 9.8
      vertex 90.4 2.50001 8
      vertex 72.7 2.50001 9.8
    endloop
  endfacet
  facet normal 0.803237 -0.595659 0
    outer loop
      vertex 93.1055 3.77962 13
      vertex 93.3101 4.05552 8
      vertex 93.3101 4.05552 13
    endloop
  endfacet
  facet normal 0.803237 -0.595659 0
    outer loop
      vertex 93.3101 4.05552 8
      vertex 93.1055 3.77962 13
      vertex 93.1055 3.77962 8
    endloop
  endfacet
  facet normal 0.857698 -0.514153 0
    outer loop
      vertex 93.3101 4.05552 13
      vertex 93.4867 4.35012 8
      vertex 93.4867 4.35012 13
    endloop
  endfacet
  facet normal 0.857698 -0.514153 0
    outer loop
      vertex 93.4867 4.35012 8
      vertex 93.3101 4.05552 13
      vertex 93.3101 4.05552 8
    endloop
  endfacet
  facet normal -0.857711 0.514132 0
    outer loop
      vertex 2.91327 57.0499 8
      vertex 3.08986 57.3445 13
      vertex 3.08986 57.3445 8
    endloop
  endfacet
  facet normal -0.857711 0.514132 0
    outer loop
      vertex 3.08986 57.3445 13
      vertex 2.91327 57.0499 8
      vertex 2.91327 57.0499 13
    endloop
  endfacet
  facet normal -0.903996 -0.427542 0
    outer loop
      vertex 2.91327 4.35012 8
      vertex 2.76642 4.66062 13
      vertex 2.76642 4.66062 8
    endloop
  endfacet
  facet normal -0.903996 -0.427542 0
    outer loop
      vertex 2.76642 4.66062 13
      vertex 2.91327 4.35012 8
      vertex 2.91327 4.35012 13
    endloop
  endfacet
  facet normal -0.336853 -0.941557 0
    outer loop
      vertex 4.66061 2.76642 8
      vertex 4.98401 2.65072 13
      vertex 4.66061 2.76642 13
    endloop
  endfacet
  facet normal -0.336853 -0.941557 -0
    outer loop
      vertex 4.98401 2.65072 13
      vertex 4.66061 2.76642 8
      vertex 4.98401 2.65072 8
    endloop
  endfacet
  facet normal -0.998795 -0.0490853 0
    outer loop
      vertex 2.51686 5.65694 8
      vertex 2.5 6.00001 13
      vertex 2.5 6.00001 8
    endloop
  endfacet
  facet normal -0.998795 -0.0490853 0
    outer loop
      vertex 2.5 6.00001 13
      vertex 2.51686 5.65694 8
      vertex 2.51686 5.65694 13
    endloop
  endfacet
  facet normal 0 0 -1
    outer loop
      vertex 91.7829 4.7 8
      vertex 93.6336 4.66062 8
      vertex 93.4867 4.35012 8
    endloop
  endfacet
  facet normal 0 0 -1
    outer loop
      vertex 91.7829 4.7 8
      vertex 93.4867 4.35012 8
      vertex 93.3101 4.05552 8
    endloop
  endfacet
  facet normal 0 0 -1
    outer loop
      vertex 91.7829 4.7 8
      vertex 93.3101 4.05552 8
      vertex 93.1055 3.77962 8
    endloop
  endfacet
  facet normal 0 0 -1
    outer loop
      vertex 91.7829 4.7 8
      vertex 93.1055 3.77962 8
      vertex 92.8749 3.52514 8
    endloop
  endfacet
  facet normal 0 0 -1
    outer loop
      vertex 91.7435 4.6565 8
      vertex 92.8749 3.52514 8
      vertex 92.6204 3.29447 8
    endloop
  endfacet
  facet normal 0 0 -1
    outer loop
      vertex 91.6053 4.53129 8
      vertex 92.6204 3.29447 8
      vertex 92.3445 3.08987 8
    endloop
  endfacet
  facet normal 0 0 -1
    outer loop
      vertex 91.4556 4.42022 8
      vertex 92.3445 3.08987 8
      vertex 92.0499 2.91328 8
    endloop
  endfacet
  facet normal 0 0 -1
    outer loop
      vertex 93.6336 4.66062 8
      vertex 91.7829 4.7 8
      vertex 93.6477 4.7 8
    endloop
  endfacet
  facet normal 0 0 -1
    outer loop
      vertex 92.8749 3.52514 8
      vertex 91.7435 4.6565 8
      vertex 91.7829 4.7 8
    endloop
  endfacet
  facet normal 0 0 -1
    outer loop
      vertex 91.2957 4.32436 8
      vertex 92.0499 2.91328 8
      vertex 91.7394 2.76642 8
    endloop
  endfacet
  facet normal 0 0 -1
    outer loop
      vertex 92.6204 3.29447 8
      vertex 91.6053 4.53129 8
      vertex 91.7435 4.6565 8
    endloop
  endfacet
  facet normal 0 0 -1
    outer loop
      vertex 92.3445 3.08987 8
      vertex 91.4556 4.42022 8
      vertex 91.6053 4.53129 8
    endloop
  endfacet
  facet normal 0 0 -1
    outer loop
      vertex 91.1271 4.24464 8
      vertex 91.7394 2.76642 8
      vertex 91.416 2.65072 8
    endloop
  endfacet
  facet normal 0 0 -1
    outer loop
      vertex 92.0499 2.91328 8
      vertex 91.2957 4.32436 8
      vertex 91.4556 4.42022 8
    endloop
  endfacet
  facet normal 0 0 -1
    outer loop
      vertex 91.7394 2.76642 8
      vertex 91.1271 4.24464 8
      vertex 91.2957 4.32436 8
    endloop
  endfacet
  facet normal 0 0 -1
    outer loop
      vertex 90.9515 4.18181 8
      vertex 91.416 2.65072 8
      vertex 91.0828 2.56725 8
    endloop
  endfacet
  facet normal 0 0 -1
    outer loop
      vertex 91.416 2.65072 8
      vertex 90.9515 4.18181 8
      vertex 91.1271 4.24464 8
    endloop
  endfacet
  facet normal 0 0 -1
    outer loop
      vertex 91.0828 2.56725 8
      vertex 90.7707 4.13651 8
      vertex 90.9515 4.18181 8
    endloop
  endfacet
  facet normal 0 0 -1
    outer loop
      vertex 90.7431 2.51687 8
      vertex 90.7707 4.13651 8
      vertex 91.0828 2.56725 8
    endloop
  endfacet
  facet normal 0 0 -1
    outer loop
      vertex 90.7431 2.51687 8
      vertex 90.5862 4.10915 8
      vertex 90.7707 4.13651 8
    endloop
  endfacet
  facet normal 0 0 -1
    outer loop
      vertex 90.4 2.50001 8
      vertex 90.5862 4.10915 8
      vertex 90.7431 2.51687 8
    endloop
  endfacet
  facet normal 0 0 -1
    outer loop
      vertex 90.4 2.50001 8
      vertex 90.4 4.10001 8
      vertex 90.5862 4.10915 8
    endloop
  endfacet
  facet normal 0 0 -1
    outer loop
      vertex 6 2.50001 8
      vertex 90.4 4.10001 8
      vertex 90.4 2.50001 8
    endloop
  endfacet
  facet normal 0 0 -1
    outer loop
      vertex 6 2.50001 8
      vertex 6 4.10001 8
      vertex 90.4 4.10001 8
    endloop
  endfacet
  facet normal 0 0 -1
    outer loop
      vertex 6 2.50001 8
      vertex 5.81377 4.10915 8
      vertex 6 4.10001 8
    endloop
  endfacet
  facet normal 0 0 -1
    outer loop
      vertex 5.65694 2.51687 8
      vertex 5.81377 4.10915 8
      vertex 6 2.50001 8
    endloop
  endfacet
  facet normal 0 0 -1
    outer loop
      vertex 5.65694 2.51687 8
      vertex 5.62933 4.13651 8
      vertex 5.81377 4.10915 8
    endloop
  endfacet
  facet normal 0 0 -1
    outer loop
      vertex 5.31718 2.56725 8
      vertex 5.62933 4.13651 8
      vertex 5.65694 2.51687 8
    endloop
  endfacet
  facet normal -0 0 -1
    outer loop
      vertex 5.62933 4.13651 8
      vertex 5.31718 2.56725 8
      vertex 5.44846 4.18181 8
    endloop
  endfacet
  facet normal 0 0 -1
    outer loop
      vertex 4.98401 2.65072 8
      vertex 5.44846 4.18181 8
      vertex 5.31718 2.56725 8
    endloop
  endfacet
  facet normal -0 0 -1
    outer loop
      vertex 5.44846 4.18181 8
      vertex 4.98401 2.65072 8
      vertex 5.2729 4.24464 8
    endloop
  endfacet
  facet normal 0 0 -1
    outer loop
      vertex 4.66061 2.76642 8
      vertex 5.2729 4.24464 8
      vertex 4.98401 2.65072 8
    endloop
  endfacet
  facet normal -0 0 -1
    outer loop
      vertex 5.2729 4.24464 8
      vertex 4.66061 2.76642 8
      vertex 5.10434 4.32436 8
    endloop
  endfacet
  facet normal 0 0 -1
    outer loop
      vertex 4.35011 2.91328 8
      vertex 5.10434 4.32436 8
      vertex 4.66061 2.76642 8
    endloop
  endfacet
  facet normal -0 0 -1
    outer loop
      vertex 5.10434 4.32436 8
      vertex 4.35011 2.91328 8
      vertex 4.94441 4.42022 8
    endloop
  endfacet
  facet normal 0 0 -1
    outer loop
      vertex 4.05551 3.08987 8
      vertex 4.94441 4.42022 8
      vertex 4.35011 2.91328 8
    endloop
  endfacet
  facet normal -0 0 -1
    outer loop
      vertex 4.94441 4.42022 8
      vertex 4.05551 3.08987 8
      vertex 4.79465 4.53129 8
    endloop
  endfacet
  facet normal 0 0 -1
    outer loop
      vertex 3.77962 3.29447 8
      vertex 4.79465 4.53129 8
      vertex 4.05551 3.08987 8
    endloop
  endfacet
  facet normal -0 0 -1
    outer loop
      vertex 4.79465 4.53129 8
      vertex 3.77962 3.29447 8
      vertex 4.65649 4.6565 8
    endloop
  endfacet
  facet normal 0 0 -1
    outer loop
      vertex 3.52513 3.52514 8
      vertex 4.65649 4.6565 8
      vertex 3.77962 3.29447 8
    endloop
  endfacet
  facet normal -0 0 -1
    outer loop
      vertex 4.65649 4.6565 8
      vertex 3.52513 3.52514 8
      vertex 4.53128 4.79465 8
    endloop
  endfacet
  facet normal 0 0 -1
    outer loop
      vertex 3.29446 3.77962 8
      vertex 4.53128 4.79465 8
      vertex 3.52513 3.52514 8
    endloop
  endfacet
  facet normal -0 0 -1
    outer loop
      vertex 4.53128 4.79465 8
      vertex 3.29446 3.77962 8
      vertex 4.42021 4.94442 8
    endloop
  endfacet
  facet normal 0 0 -1
    outer loop
      vertex 3.08986 4.05552 8
      vertex 4.42021 4.94442 8
      vertex 3.29446 3.77962 8
    endloop
  endfacet
  facet normal -0 0 -1
    outer loop
      vertex 4.32436 5.10435 8
      vertex 2.91327 4.35012 8
      vertex 4.24463 5.27291 8
    endloop
  endfacet
  facet normal 0 0 -1
    outer loop
      vertex 2.91327 4.35012 8
      vertex 4.32436 5.10435 8
      vertex 3.08986 4.05552 8
    endloop
  endfacet
  facet normal -0 0 -1
    outer loop
      vertex 4.42021 4.94442 8
      vertex 3.08986 4.05552 8
      vertex 4.32436 5.10435 8
    endloop
  endfacet
  facet normal 0 0 -1
    outer loop
      vertex 91.7829 56.7 8
      vertex 93.6336 56.7394 8
      vertex 93.6477 56.7 8
    endloop
  endfacet
  facet normal -0 0 -1
    outer loop
      vertex 93.6336 56.7394 8
      vertex 91.7829 56.7 8
      vertex 93.4867 57.0499 8
    endloop
  endfacet
  facet normal -0 0 -1
    outer loop
      vertex 93.4867 57.0499 8
      vertex 91.7829 56.7 8
      vertex 93.3101 57.3445 8
    endloop
  endfacet
  facet normal -0 0 -1
    outer loop
      vertex 93.3101 57.3445 8
      vertex 91.7829 56.7 8
      vertex 93.1055 57.6204 8
    endloop
  endfacet
  facet normal -0 0 -1
    outer loop
      vertex 93.1055 57.6204 8
      vertex 91.7829 56.7 8
      vertex 92.8749 57.8749 8
    endloop
  endfacet
  facet normal 0 0 -1
    outer loop
      vertex 91.7435 56.7435 8
      vertex 92.8749 57.8749 8
      vertex 91.7829 56.7 8
    endloop
  endfacet
  facet normal -0 0 -1
    outer loop
      vertex 92.8749 57.8749 8
      vertex 91.7435 56.7435 8
      vertex 92.6204 58.1055 8
    endloop
  endfacet
  facet normal 0 0 -1
    outer loop
      vertex 91.6053 56.8687 8
      vertex 92.6204 58.1055 8
      vertex 91.7435 56.7435 8
    endloop
  endfacet
  facet normal -0 0 -1
    outer loop
      vertex 92.6204 58.1055 8
      vertex 91.6053 56.8687 8
      vertex 92.3445 58.3101 8
    endloop
  endfacet
  facet normal 0 0 -1
    outer loop
      vertex 91.4556 56.9798 8
      vertex 92.3445 58.3101 8
      vertex 91.6053 56.8687 8
    endloop
  endfacet
  facet normal -0 0 -1
    outer loop
      vertex 92.3445 58.3101 8
      vertex 91.4556 56.9798 8
      vertex 92.0499 58.4867 8
    endloop
  endfacet
  facet normal 0 0 -1
    outer loop
      vertex 91.2957 57.0756 8
      vertex 92.0499 58.4867 8
      vertex 91.4556 56.9798 8
    endloop
  endfacet
  facet normal -0 0 -1
    outer loop
      vertex 92.0499 58.4867 8
      vertex 91.2957 57.0756 8
      vertex 91.7394 58.6336 8
    endloop
  endfacet
  facet normal 0 0 -1
    outer loop
      vertex 91.1271 57.1554 8
      vertex 91.7394 58.6336 8
      vertex 91.2957 57.0756 8
    endloop
  endfacet
  facet normal -0 0 -1
    outer loop
      vertex 91.7394 58.6336 8
      vertex 91.1271 57.1554 8
      vertex 91.416 58.7493 8
    endloop
  endfacet
  facet normal 0 0 -1
    outer loop
      vertex 90.9515 57.2182 8
      vertex 91.416 58.7493 8
      vertex 91.1271 57.1554 8
    endloop
  endfacet
  facet normal -0 0 -1
    outer loop
      vertex 91.416 58.7493 8
      vertex 90.9515 57.2182 8
      vertex 91.0828 58.8328 8
    endloop
  endfacet
  facet normal 0 0 -1
    outer loop
      vertex 90.7707 57.2635 8
      vertex 91.0828 58.8328 8
      vertex 90.9515 57.2182 8
    endloop
  endfacet
  facet normal 0 0 -1
    outer loop
      vertex 90.7707 57.2635 8
      vertex 90.7431 58.8831 8
      vertex 91.0828 58.8328 8
    endloop
  endfacet
  facet normal 0 0 -1
    outer loop
      vertex 90.5862 57.2909 8
      vertex 90.7431 58.8831 8
      vertex 90.7707 57.2635 8
    endloop
  endfacet
  facet normal 0 0 -1
    outer loop
      vertex 90.4 57.3 8
      vertex 90.7431 58.8831 8
      vertex 90.5862 57.2909 8
    endloop
  endfacet
  facet normal 0 0 -1
    outer loop
      vertex 90.4 57.3 8
      vertex 90.4 58.9 8
      vertex 90.7431 58.8831 8
    endloop
  endfacet
  facet normal 0 0 -1
    outer loop
      vertex 6 57.3 8
      vertex 90.4 58.9 8
      vertex 90.4 57.3 8
    endloop
  endfacet
  facet normal 0 0 -1
    outer loop
      vertex 6 57.3 8
      vertex 6 58.9 8
      vertex 90.4 58.9 8
    endloop
  endfacet
  facet normal 0 0 -1
    outer loop
      vertex 5.81377 57.2909 8
      vertex 6 58.9 8
      vertex 6 57.3 8
    endloop
  endfacet
  facet normal 0 0 -1
    outer loop
      vertex 5.81377 57.2909 8
      vertex 5.65694 58.8831 8
      vertex 6 58.9 8
    endloop
  endfacet
  facet normal 0 0 -1
    outer loop
      vertex 5.62933 57.2635 8
      vertex 5.65694 58.8831 8
      vertex 5.81377 57.2909 8
    endloop
  endfacet
  facet normal 0 0 -1
    outer loop
      vertex 5.31718 58.8328 8
      vertex 5.62933 57.2635 8
      vertex 5.44846 57.2182 8
    endloop
  endfacet
  facet normal 0 0 -1
    outer loop
      vertex 5.62933 57.2635 8
      vertex 5.31718 58.8328 8
      vertex 5.65694 58.8831 8
    endloop
  endfacet
  facet normal 0 0 -1
    outer loop
      vertex 4.98401 58.7493 8
      vertex 5.44846 57.2182 8
      vertex 5.2729 57.1554 8
    endloop
  endfacet
  facet normal 0 0 -1
    outer loop
      vertex 4.66061 58.6336 8
      vertex 5.2729 57.1554 8
      vertex 5.10434 57.0756 8
    endloop
  endfacet
  facet normal 0 0 -1
    outer loop
      vertex 5.44846 57.2182 8
      vertex 4.98401 58.7493 8
      vertex 5.31718 58.8328 8
    endloop
  endfacet
  facet normal 0 0 -1
    outer loop
      vertex 4.35011 58.4867 8
      vertex 5.10434 57.0756 8
      vertex 4.94441 56.9798 8
    endloop
  endfacet
  facet normal 0 0 -1
    outer loop
      vertex 4.05551 58.3101 8
      vertex 4.94441 56.9798 8
      vertex 4.79465 56.8687 8
    endloop
  endfacet
  facet normal 0 0 -1
    outer loop
      vertex 5.2729 57.1554 8
      vertex 4.66061 58.6336 8
      vertex 4.98401 58.7493 8
    endloop
  endfacet
  facet normal 0 0 -1
    outer loop
      vertex 3.77962 58.1055 8
      vertex 4.79465 56.8687 8
      vertex 4.65649 56.7435 8
    endloop
  endfacet
  facet normal 0 0 -1
    outer loop
      vertex 3.52513 57.8749 8
      vertex 4.65649 56.7435 8
      vertex 4.53128 56.6054 8
    endloop
  endfacet
  facet normal 0 0 -1
    outer loop
      vertex 3.29446 57.6204 8
      vertex 4.53128 56.6054 8
      vertex 4.42021 56.4556 8
    endloop
  endfacet
  facet normal 0 0 -1
    outer loop
      vertex 5.10434 57.0756 8
      vertex 4.35011 58.4867 8
      vertex 4.66061 58.6336 8
    endloop
  endfacet
  facet normal 0 0 -1
    outer loop
      vertex 3.08986 57.3445 8
      vertex 4.42021 56.4556 8
      vertex 4.32436 56.2957 8
    endloop
  endfacet
  facet normal 0 0 -1
    outer loop
      vertex 2.91327 57.0499 8
      vertex 4.32436 56.2957 8
      vertex 4.24463 56.1271 8
    endloop
  endfacet
  facet normal 0 0 -1
    outer loop
      vertex 2.76642 56.7394 8
      vertex 4.24463 56.1271 8
      vertex 4.18181 55.9515 8
    endloop
  endfacet
  facet normal 0 0 -1
    outer loop
      vertex 2.65071 56.416 8
      vertex 4.18181 55.9515 8
      vertex 4.13651 55.7707 8
    endloop
  endfacet
  facet normal 0 0 -1
    outer loop
      vertex 2.56725 56.0828 8
      vertex 4.13651 55.7707 8
      vertex 4.10915 55.5862 8
    endloop
  endfacet
  facet normal 0 0 -1
    outer loop
      vertex 4.94441 56.9798 8
      vertex 4.05551 58.3101 8
      vertex 4.35011 58.4867 8
    endloop
  endfacet
  facet normal 0 0 -1
    outer loop
      vertex 2.51686 55.7431 8
      vertex 4.10915 55.5862 8
      vertex 4.10001 55.4 8
    endloop
  endfacet
  facet normal 0 0 -1
    outer loop
      vertex 4.10001 6.00001 8
      vertex 2.5 6.00001 8
      vertex 4.10001 55.4 8
    endloop
  endfacet
  facet normal 0 0 -1
    outer loop
      vertex 2.76642 4.66062 8
      vertex 4.24463 5.27291 8
      vertex 2.91327 4.35012 8
    endloop
  endfacet
  facet normal 0 0 -1
    outer loop
      vertex 2.5 55.4 8
      vertex 4.10001 55.4 8
      vertex 2.5 6.00001 8
    endloop
  endfacet
  facet normal -0 0 -1
    outer loop
      vertex 4.24463 5.27291 8
      vertex 2.76642 4.66062 8
      vertex 4.18181 5.44846 8
    endloop
  endfacet
  facet normal 0 -0 -1
    outer loop
      vertex 2.51686 55.7431 8
      vertex 4.10001 55.4 8
      vertex 2.5 55.4 8
    endloop
  endfacet
  facet normal 0 0 -1
    outer loop
      vertex 2.65071 4.98401 8
      vertex 4.18181 5.44846 8
      vertex 2.76642 4.66062 8
    endloop
  endfacet
  facet normal 0 0 -1
    outer loop
      vertex 4.79465 56.8687 8
      vertex 3.77962 58.1055 8
      vertex 4.05551 58.3101 8
    endloop
  endfacet
  facet normal -0 0 -1
    outer loop
      vertex 4.18181 5.44846 8
      vertex 2.65071 4.98401 8
      vertex 4.13651 5.62934 8
    endloop
  endfacet
  facet normal 0 0 -1
    outer loop
      vertex 4.65649 56.7435 8
      vertex 3.52513 57.8749 8
      vertex 3.77962 58.1055 8
    endloop
  endfacet
  facet normal 0 0 -1
    outer loop
      vertex 2.56725 5.31719 8
      vertex 4.13651 5.62934 8
      vertex 2.65071 4.98401 8
    endloop
  endfacet
  facet normal 0 0 -1
    outer loop
      vertex 4.53128 56.6054 8
      vertex 3.29446 57.6204 8
      vertex 3.52513 57.8749 8
    endloop
  endfacet
  facet normal -0 0 -1
    outer loop
      vertex 4.13651 5.62934 8
      vertex 2.56725 5.31719 8
      vertex 4.10915 5.81377 8
    endloop
  endfacet
  facet normal 0 0 -1
    outer loop
      vertex 4.42021 56.4556 8
      vertex 3.08986 57.3445 8
      vertex 3.29446 57.6204 8
    endloop
  endfacet
  facet normal 0 0 -1
    outer loop
      vertex 2.51686 5.65694 8
      vertex 4.10915 5.81377 8
      vertex 2.56725 5.31719 8
    endloop
  endfacet
  facet normal 0 0 -1
    outer loop
      vertex 4.32436 56.2957 8
      vertex 2.91327 57.0499 8
      vertex 3.08986 57.3445 8
    endloop
  endfacet
  facet normal -0 0 -1
    outer loop
      vertex 4.10915 5.81377 8
      vertex 2.51686 5.65694 8
      vertex 4.10001 6.00001 8
    endloop
  endfacet
  facet normal 0 0 -1
    outer loop
      vertex 4.24463 56.1271 8
      vertex 2.76642 56.7394 8
      vertex 2.91327 57.0499 8
    endloop
  endfacet
  facet normal -0 0 -1
    outer loop
      vertex 4.10001 6.00001 8
      vertex 2.51686 5.65694 8
      vertex 2.5 6.00001 8
    endloop
  endfacet
  facet normal 0 0 -1
    outer loop
      vertex 4.18181 55.9515 8
      vertex 2.65071 56.416 8
      vertex 2.76642 56.7394 8
    endloop
  endfacet
  facet normal 0 0 -1
    outer loop
      vertex 4.13651 55.7707 8
      vertex 2.56725 56.0828 8
      vertex 2.65071 56.416 8
    endloop
  endfacet
  facet normal 0 0 -1
    outer loop
      vertex 4.10915 55.5862 8
      vertex 2.51686 55.7431 8
      vertex 2.56725 56.0828 8
    endloop
  endfacet
  facet normal 0.514153 0.857698 -0
    outer loop
      vertex 92.3445 58.3101 8
      vertex 92.0499 58.4867 13
      vertex 92.3445 58.3101 13
    endloop
  endfacet
  facet normal 0.514153 0.857698 0
    outer loop
      vertex 92.0499 58.4867 13
      vertex 92.3445 58.3101 8
      vertex 92.0499 58.4867 8
    endloop
  endfacet
  facet normal 0.146703 -0.989181 0
    outer loop
      vertex 90.7431 2.51687 8
      vertex 91.0828 2.56725 13
      vertex 90.7431 2.51687 13
    endloop
  endfacet
  facet normal 0.146703 -0.989181 0
    outer loop
      vertex 91.0828 2.56725 13
      vertex 90.7431 2.51687 8
      vertex 91.0828 2.56725 8
    endloop
  endfacet
  facet normal -0.146677 -0.989184 0
    outer loop
      vertex 5.31718 2.56725 8
      vertex 5.65694 2.51687 13
      vertex 5.31718 2.56725 13
    endloop
  endfacet
  facet normal -0.146677 -0.989184 -0
    outer loop
      vertex 5.65694 2.51687 13
      vertex 5.31718 2.56725 8
      vertex 5.65694 2.51687 8
    endloop
  endfacet
  facet normal -0.243022 -0.970021 0
    outer loop
      vertex 4.98401 2.65072 8
      vertex 5.31718 2.56725 13
      vertex 4.98401 2.65072 13
    endloop
  endfacet
  facet normal -0.243022 -0.970021 -0
    outer loop
      vertex 5.31718 2.56725 13
      vertex 4.98401 2.65072 8
      vertex 5.31718 2.56725 8
    endloop
  endfacet
  facet normal 0.671454 0.741046 -0
    outer loop
      vertex 92.8749 57.8749 8
      vertex 92.6204 58.1055 13
      vertex 92.8749 57.8749 13
    endloop
  endfacet
  facet normal 0.671454 0.741046 0
    outer loop
      vertex 92.6204 58.1055 13
      vertex 92.8749 57.8749 8
      vertex 92.6204 58.1055 8
    endloop
  endfacet
  facet normal -0.803237 -0.595659 0
    outer loop
      vertex 3.29446 3.77962 8
      vertex 3.08986 4.05552 13
      vertex 3.08986 4.05552 8
    endloop
  endfacet
  facet normal -0.803237 -0.595659 0
    outer loop
      vertex 3.08986 4.05552 13
      vertex 3.29446 3.77962 8
      vertex 3.29446 3.77962 13
    endloop
  endfacet
  facet normal -0.970029 -0.242988 0
    outer loop
      vertex 2.65071 4.98401 8
      vertex 2.56725 5.31719 13
      vertex 2.56725 5.31719 8
    endloop
  endfacet
  facet normal -0.970029 -0.242988 0
    outer loop
      vertex 2.56725 5.31719 13
      vertex 2.65071 4.98401 8
      vertex 2.65071 4.98401 13
    endloop
  endfacet
  facet normal -0.595673 -0.803227 0
    outer loop
      vertex 3.77962 3.29447 8
      vertex 4.05551 3.08987 13
      vertex 3.77962 3.29447 13
    endloop
  endfacet
  facet normal -0.595673 -0.803227 -0
    outer loop
      vertex 4.05551 3.08987 13
      vertex 3.77962 3.29447 8
      vertex 4.05551 3.08987 8
    endloop
  endfacet
  facet normal -0.427661 0.903939 0
    outer loop
      vertex 4.66061 58.6336 8
      vertex 4.35011 58.4867 13
      vertex 4.66061 58.6336 13
    endloop
  endfacet
  facet normal -0.427661 0.903939 0
    outer loop
      vertex 4.35011 58.4867 13
      vertex 4.66061 58.6336 8
      vertex 4.35011 58.4867 8
    endloop
  endfacet
  facet normal -0.941548 0.336879 0
    outer loop
      vertex 2.65071 56.416 8
      vertex 2.76642 56.7394 13
      vertex 2.76642 56.7394 8
    endloop
  endfacet
  facet normal -0.941548 0.336879 0
    outer loop
      vertex 2.76642 56.7394 13
      vertex 2.65071 56.416 8
      vertex 2.65071 56.416 13
    endloop
  endfacet
  facet normal 0.243001 -0.970026 0
    outer loop
      vertex 91.0828 2.56725 8
      vertex 91.416 2.65072 13
      vertex 91.0828 2.56725 13
    endloop
  endfacet
  facet normal 0.243001 -0.970026 0
    outer loop
      vertex 91.416 2.65072 13
      vertex 91.0828 2.56725 8
      vertex 91.416 2.65072 8
    endloop
  endfacet
  facet normal 0.74102 -0.671483 0
    outer loop
      vertex 92.8749 3.52514 13
      vertex 93.1055 3.77962 8
      vertex 93.1055 3.77962 13
    endloop
  endfacet
  facet normal 0.74102 -0.671483 0
    outer loop
      vertex 93.1055 3.77962 8
      vertex 92.8749 3.52514 13
      vertex 92.8749 3.52514 8
    endloop
  endfacet
  facet normal 0.903939 0.427661 0
    outer loop
      vertex 93.6336 56.7394 13
      vertex 93.4867 57.0499 8
      vertex 93.4867 57.0499 13
    endloop
  endfacet
  facet normal 0.903939 0.427661 0
    outer loop
      vertex 93.4867 57.0499 8
      vertex 93.6336 56.7394 13
      vertex 93.6336 56.7394 8
    endloop
  endfacet
  facet normal -0.740918 -0.671595 0
    outer loop
      vertex 3.52513 3.52514 8
      vertex 3.29446 3.77962 13
      vertex 3.29446 3.77962 8
    endloop
  endfacet
  facet normal -0.740918 -0.671595 0
    outer loop
      vertex 3.29446 3.77962 13
      vertex 3.52513 3.52514 8
      vertex 3.52513 3.52514 13
    endloop
  endfacet
  facet normal -0.970033 0.242974 0
    outer loop
      vertex 2.56725 56.0828 8
      vertex 2.65071 56.416 13
      vertex 2.65071 56.416 8
    endloop
  endfacet
  facet normal -0.970033 0.242974 0
    outer loop
      vertex 2.65071 56.416 13
      vertex 2.56725 56.0828 8
      vertex 2.56725 56.0828 13
    endloop
  endfacet
  facet normal 0.595659 0.803237 -0
    outer loop
      vertex 92.6204 58.1055 8
      vertex 92.3445 58.3101 13
      vertex 92.6204 58.1055 13
    endloop
  endfacet
  facet normal 0.595659 0.803237 0
    outer loop
      vertex 92.3445 58.3101 13
      vertex 92.6204 58.1055 8
      vertex 92.3445 58.3101 8
    endloop
  endfacet
  facet normal -0.514132 -0.857711 0
    outer loop
      vertex 4.05551 3.08987 8
      vertex 4.35011 2.91328 13
      vertex 4.05551 3.08987 13
    endloop
  endfacet
  facet normal -0.514132 -0.857711 -0
    outer loop
      vertex 4.35011 2.91328 13
      vertex 4.05551 3.08987 8
      vertex 4.35011 2.91328 8
    endloop
  endfacet
  facet normal 0.336853 -0.941557 0
    outer loop
      vertex 91.416 2.65072 8
      vertex 91.7394 2.76642 13
      vertex 91.416 2.65072 13
    endloop
  endfacet
  facet normal 0.336853 -0.941557 0
    outer loop
      vertex 91.7394 2.76642 13
      vertex 91.416 2.65072 8
      vertex 91.7394 2.76642 8
    endloop
  endfacet
  facet normal 0.427566 -0.903984 0
    outer loop
      vertex 91.7394 2.76642 8
      vertex 92.0499 2.91328 13
      vertex 91.7394 2.76642 13
    endloop
  endfacet
  facet normal 0.427566 -0.903984 0
    outer loop
      vertex 92.0499 2.91328 13
      vertex 91.7394 2.76642 8
      vertex 92.0499 2.91328 8
    endloop
  endfacet
  facet normal -0.740944 0.671566 0
    outer loop
      vertex 3.29446 57.6204 8
      vertex 3.52513 57.8749 13
      vertex 3.52513 57.8749 8
    endloop
  endfacet
  facet normal -0.740944 0.671566 0
    outer loop
      vertex 3.52513 57.8749 13
      vertex 3.29446 57.6204 8
      vertex 3.29446 57.6204 13
    endloop
  endfacet
  facet normal -0.941545 -0.336888 0
    outer loop
      vertex 2.76642 4.66062 8
      vertex 2.65071 4.98401 13
      vertex 2.65071 4.98401 8
    endloop
  endfacet
  facet normal -0.941545 -0.336888 0
    outer loop
      vertex 2.65071 4.98401 13
      vertex 2.76642 4.66062 8
      vertex 2.76642 4.66062 13
    endloop
  endfacet
  facet normal 0.595659 -0.803237 0
    outer loop
      vertex 92.3445 3.08987 8
      vertex 92.6204 3.29447 13
      vertex 92.3445 3.08987 13
    endloop
  endfacet
  facet normal 0.595659 -0.803237 0
    outer loop
      vertex 92.6204 3.29447 13
      vertex 92.3445 3.08987 8
      vertex 92.6204 3.29447 8
    endloop
  endfacet
  facet normal -0.671581 -0.740931 0
    outer loop
      vertex 3.52513 3.52514 8
      vertex 3.77962 3.29447 13
      vertex 3.52513 3.52514 13
    endloop
  endfacet
  facet normal -0.671581 -0.740931 -0
    outer loop
      vertex 3.77962 3.29447 13
      vertex 3.52513 3.52514 8
      vertex 3.77962 3.29447 8
    endloop
  endfacet
  facet normal -0.803237 0.595659 0
    outer loop
      vertex 3.08986 57.3445 8
      vertex 3.29446 57.6204 13
      vertex 3.29446 57.6204 8
    endloop
  endfacet
  facet normal -0.803237 0.595659 0
    outer loop
      vertex 3.29446 57.6204 13
      vertex 3.08986 57.3445 8
      vertex 3.08986 57.3445 13
    endloop
  endfacet
  facet normal -0.671469 0.741033 0
    outer loop
      vertex 3.77962 58.1055 8
      vertex 3.52513 57.8749 13
      vertex 3.77962 58.1055 13
    endloop
  endfacet
  facet normal -0.671469 0.741033 0
    outer loop
      vertex 3.52513 57.8749 13
      vertex 3.77962 58.1055 8
      vertex 3.52513 57.8749 8
    endloop
  endfacet
  facet normal 0.941471 -0.337094 0
    outer loop
      vertex 93.6336 4.66062 13
      vertex 93.6477 4.7 8
      vertex 93.6477 4.7 13
    endloop
  endfacet
  facet normal 0.941471 -0.337094 0
    outer loop
      vertex 93.6477 4.7 8
      vertex 93.6336 4.66062 13
      vertex 93.6336 4.66062 8
    endloop
  endfacet
  facet normal 0.049081 -0.998795 0
    outer loop
      vertex 90.4 2.50001 8
      vertex 90.7431 2.51687 13
      vertex 90.4 2.50001 13
    endloop
  endfacet
  facet normal 0.049081 -0.998795 0
    outer loop
      vertex 90.7431 2.51687 13
      vertex 90.4 2.50001 8
      vertex 90.7431 2.51687 8
    endloop
  endfacet
  facet normal 0 0 1
    outer loop
      vertex 91.7829 56.7 13
      vertex 93.6336 56.7394 13
      vertex 93.4867 57.0499 13
    endloop
  endfacet
  facet normal 0 0 1
    outer loop
      vertex 91.7829 56.7 13
      vertex 93.4867 57.0499 13
      vertex 93.3101 57.3445 13
    endloop
  endfacet
  facet normal 0 0 1
    outer loop
      vertex 91.7829 56.7 13
      vertex 93.3101 57.3445 13
      vertex 93.1055 57.6204 13
    endloop
  endfacet
  facet normal 0 0 1
    outer loop
      vertex 91.7829 56.7 13
      vertex 93.1055 57.6204 13
      vertex 92.8749 57.8749 13
    endloop
  endfacet
  facet normal 0 0 1
    outer loop
      vertex 91.7435 56.7435 13
      vertex 92.8749 57.8749 13
      vertex 92.6204 58.1055 13
    endloop
  endfacet
  facet normal 0 0 1
    outer loop
      vertex 91.6053 56.8687 13
      vertex 92.6204 58.1055 13
      vertex 92.3445 58.3101 13
    endloop
  endfacet
  facet normal 0 0 1
    outer loop
      vertex 91.4556 56.9798 13
      vertex 92.3445 58.3101 13
      vertex 92.0499 58.4867 13
    endloop
  endfacet
  facet normal 0 0 1
    outer loop
      vertex 93.6336 56.7394 13
      vertex 91.7829 56.7 13
      vertex 93.6477 56.7 13
    endloop
  endfacet
  facet normal 0 0 1
    outer loop
      vertex 92.8749 57.8749 13
      vertex 91.7435 56.7435 13
      vertex 91.7829 56.7 13
    endloop
  endfacet
  facet normal 0 0 1
    outer loop
      vertex 91.2957 57.0756 13
      vertex 92.0499 58.4867 13
      vertex 91.7394 58.6336 13
    endloop
  endfacet
  facet normal 0 0 1
    outer loop
      vertex 92.6204 58.1055 13
      vertex 91.6053 56.8687 13
      vertex 91.7435 56.7435 13
    endloop
  endfacet
  facet normal 0 0 1
    outer loop
      vertex 92.3445 58.3101 13
      vertex 91.4556 56.9798 13
      vertex 91.6053 56.8687 13
    endloop
  endfacet
  facet normal 0 0 1
    outer loop
      vertex 91.1271 57.1554 13
      vertex 91.7394 58.6336 13
      vertex 91.416 58.7493 13
    endloop
  endfacet
  facet normal 0 0 1
    outer loop
      vertex 92.0499 58.4867 13
      vertex 91.2957 57.0756 13
      vertex 91.4556 56.9798 13
    endloop
  endfacet
  facet normal 0 0 1
    outer loop
      vertex 91.7394 58.6336 13
      vertex 91.1271 57.1554 13
      vertex 91.2957 57.0756 13
    endloop
  endfacet
  facet normal 0 0 1
    outer loop
      vertex 90.9515 57.2182 13
      vertex 91.416 58.7493 13
      vertex 91.0828 58.8328 13
    endloop
  endfacet
  facet normal 0 0 1
    outer loop
      vertex 91.416 58.7493 13
      vertex 90.9515 57.2182 13
      vertex 91.1271 57.1554 13
    endloop
  endfacet
  facet normal 0 0 1
    outer loop
      vertex 91.0828 58.8328 13
      vertex 90.7707 57.2635 13
      vertex 90.9515 57.2182 13
    endloop
  endfacet
  facet normal 0 0 1
    outer loop
      vertex 90.7431 58.8831 13
      vertex 90.7707 57.2635 13
      vertex 91.0828 58.8328 13
    endloop
  endfacet
  facet normal 0 0 1
    outer loop
      vertex 90.7431 58.8831 13
      vertex 90.5862 57.2909 13
      vertex 90.7707 57.2635 13
    endloop
  endfacet
  facet normal 0 0 1
    outer loop
      vertex 90.4 58.9 13
      vertex 90.5862 57.2909 13
      vertex 90.7431 58.8831 13
    endloop
  endfacet
  facet normal 0 0 1
    outer loop
      vertex 90.4 58.9 13
      vertex 90.4 57.3 13
      vertex 90.5862 57.2909 13
    endloop
  endfacet
  facet normal -0 0 1
    outer loop
      vertex 6 58.9 13
      vertex 90.4 57.3 13
      vertex 90.4 58.9 13
    endloop
  endfacet
  facet normal 0 0 1
    outer loop
      vertex 6 58.9 13
      vertex 6 57.3 13
      vertex 90.4 57.3 13
    endloop
  endfacet
  facet normal 0 0 1
    outer loop
      vertex 6 58.9 13
      vertex 5.81377 57.2909 13
      vertex 6 57.3 13
    endloop
  endfacet
  facet normal -0 0 1
    outer loop
      vertex 5.65694 58.8831 13
      vertex 5.81377 57.2909 13
      vertex 6 58.9 13
    endloop
  endfacet
  facet normal 0 0 1
    outer loop
      vertex 5.65694 58.8831 13
      vertex 5.62933 57.2635 13
      vertex 5.81377 57.2909 13
    endloop
  endfacet
  facet normal -0 0 1
    outer loop
      vertex 5.31718 58.8328 13
      vertex 5.62933 57.2635 13
      vertex 5.65694 58.8831 13
    endloop
  endfacet
  facet normal 0 0 1
    outer loop
      vertex 5.62933 57.2635 13
      vertex 5.31718 58.8328 13
      vertex 5.44846 57.2182 13
    endloop
  endfacet
  facet normal -0 0 1
    outer loop
      vertex 4.98401 58.7493 13
      vertex 5.44846 57.2182 13
      vertex 5.31718 58.8328 13
    endloop
  endfacet
  facet normal 0 0 1
    outer loop
      vertex 5.44846 57.2182 13
      vertex 4.98401 58.7493 13
      vertex 5.2729 57.1554 13
    endloop
  endfacet
  facet normal -0 0 1
    outer loop
      vertex 4.66061 58.6336 13
      vertex 5.2729 57.1554 13
      vertex 4.98401 58.7493 13
    endloop
  endfacet
  facet normal 0 0 1
    outer loop
      vertex 5.2729 57.1554 13
      vertex 4.66061 58.6336 13
      vertex 5.10434 57.0756 13
    endloop
  endfacet
  facet normal -0 0 1
    outer loop
      vertex 4.35011 58.4867 13
      vertex 5.10434 57.0756 13
      vertex 4.66061 58.6336 13
    endloop
  endfacet
  facet normal 0 0 1
    outer loop
      vertex 5.10434 57.0756 13
      vertex 4.35011 58.4867 13
      vertex 4.94441 56.9798 13
    endloop
  endfacet
  facet normal -0 0 1
    outer loop
      vertex 4.05551 58.3101 13
      vertex 4.94441 56.9798 13
      vertex 4.35011 58.4867 13
    endloop
  endfacet
  facet normal 0 0 1
    outer loop
      vertex 4.94441 56.9798 13
      vertex 4.05551 58.3101 13
      vertex 4.79465 56.8687 13
    endloop
  endfacet
  facet normal -0 0 1
    outer loop
      vertex 3.77962 58.1055 13
      vertex 4.79465 56.8687 13
      vertex 4.05551 58.3101 13
    endloop
  endfacet
  facet normal 0 0 1
    outer loop
      vertex 4.79465 56.8687 13
      vertex 3.77962 58.1055 13
      vertex 4.65649 56.7435 13
    endloop
  endfacet
  facet normal -0 0 1
    outer loop
      vertex 3.52513 57.8749 13
      vertex 4.65649 56.7435 13
      vertex 3.77962 58.1055 13
    endloop
  endfacet
  facet normal 0 0 1
    outer loop
      vertex 4.65649 56.7435 13
      vertex 3.52513 57.8749 13
      vertex 4.53128 56.6054 13
    endloop
  endfacet
  facet normal -0 0 1
    outer loop
      vertex 3.29446 57.6204 13
      vertex 4.53128 56.6054 13
      vertex 3.52513 57.8749 13
    endloop
  endfacet
  facet normal 0 0 1
    outer loop
      vertex 4.53128 56.6054 13
      vertex 3.29446 57.6204 13
      vertex 4.42021 56.4556 13
    endloop
  endfacet
  facet normal -0 0 1
    outer loop
      vertex 3.08986 57.3445 13
      vertex 4.42021 56.4556 13
      vertex 3.29446 57.6204 13
    endloop
  endfacet
  facet normal 0 0 1
    outer loop
      vertex 4.32436 56.2957 13
      vertex 2.91327 57.0499 13
      vertex 4.24463 56.1271 13
    endloop
  endfacet
  facet normal -0 0 1
    outer loop
      vertex 2.91327 57.0499 13
      vertex 4.32436 56.2957 13
      vertex 3.08986 57.3445 13
    endloop
  endfacet
  facet normal 0 0 1
    outer loop
      vertex 4.42021 56.4556 13
      vertex 3.08986 57.3445 13
      vertex 4.32436 56.2957 13
    endloop
  endfacet
  facet normal -0 0 1
    outer loop
      vertex 91.7829 4.7 13
      vertex 93.6336 4.66062 13
      vertex 93.6477 4.7 13
    endloop
  endfacet
  facet normal 0 0 1
    outer loop
      vertex 93.6336 4.66062 13
      vertex 91.7829 4.7 13
      vertex 93.4867 4.35012 13
    endloop
  endfacet
  facet normal 0 0 1
    outer loop
      vertex 93.4867 4.35012 13
      vertex 91.7829 4.7 13
      vertex 93.3101 4.05552 13
    endloop
  endfacet
  facet normal 0 0 1
    outer loop
      vertex 93.3101 4.05552 13
      vertex 91.7829 4.7 13
      vertex 93.1055 3.77962 13
    endloop
  endfacet
  facet normal 0 0 1
    outer loop
      vertex 93.1055 3.77962 13
      vertex 91.7829 4.7 13
      vertex 92.8749 3.52514 13
    endloop
  endfacet
  facet normal -0 0 1
    outer loop
      vertex 91.7435 4.6565 13
      vertex 92.8749 3.52514 13
      vertex 91.7829 4.7 13
    endloop
  endfacet
  facet normal 0 0 1
    outer loop
      vertex 92.8749 3.52514 13
      vertex 91.7435 4.6565 13
      vertex 92.6204 3.29447 13
    endloop
  endfacet
  facet normal -0 0 1
    outer loop
      vertex 91.6053 4.53129 13
      vertex 92.6204 3.29447 13
      vertex 91.7435 4.6565 13
    endloop
  endfacet
  facet normal 0 0 1
    outer loop
      vertex 92.6204 3.29447 13
      vertex 91.6053 4.53129 13
      vertex 92.3445 3.08987 13
    endloop
  endfacet
  facet normal -0 0 1
    outer loop
      vertex 91.4556 4.42022 13
      vertex 92.3445 3.08987 13
      vertex 91.6053 4.53129 13
    endloop
  endfacet
  facet normal 0 0 1
    outer loop
      vertex 92.3445 3.08987 13
      vertex 91.4556 4.42022 13
      vertex 92.0499 2.91328 13
    endloop
  endfacet
  facet normal -0 0 1
    outer loop
      vertex 91.2957 4.32436 13
      vertex 92.0499 2.91328 13
      vertex 91.4556 4.42022 13
    endloop
  endfacet
  facet normal 0 0 1
    outer loop
      vertex 92.0499 2.91328 13
      vertex 91.2957 4.32436 13
      vertex 91.7394 2.76642 13
    endloop
  endfacet
  facet normal -0 0 1
    outer loop
      vertex 91.1271 4.24464 13
      vertex 91.7394 2.76642 13
      vertex 91.2957 4.32436 13
    endloop
  endfacet
  facet normal 0 0 1
    outer loop
      vertex 91.7394 2.76642 13
      vertex 91.1271 4.24464 13
      vertex 91.416 2.65072 13
    endloop
  endfacet
  facet normal -0 0 1
    outer loop
      vertex 90.9515 4.18181 13
      vertex 91.416 2.65072 13
      vertex 91.1271 4.24464 13
    endloop
  endfacet
  facet normal 0 0 1
    outer loop
      vertex 91.416 2.65072 13
      vertex 90.9515 4.18181 13
      vertex 91.0828 2.56725 13
    endloop
  endfacet
  facet normal -0 0 1
    outer loop
      vertex 90.7707 4.13651 13
      vertex 91.0828 2.56725 13
      vertex 90.9515 4.18181 13
    endloop
  endfacet
  facet normal 0 0 1
    outer loop
      vertex 90.7707 4.13651 13
      vertex 90.7431 2.51687 13
      vertex 91.0828 2.56725 13
    endloop
  endfacet
  facet normal -0 0 1
    outer loop
      vertex 90.5862 4.10915 13
      vertex 90.7431 2.51687 13
      vertex 90.7707 4.13651 13
    endloop
  endfacet
  facet normal -0 0 1
    outer loop
      vertex 90.4 4.10001 13
      vertex 90.7431 2.51687 13
      vertex 90.5862 4.10915 13
    endloop
  endfacet
  facet normal 0 0 1
    outer loop
      vertex 90.4 4.10001 13
      vertex 90.4 2.50001 13
      vertex 90.7431 2.51687 13
    endloop
  endfacet
  facet normal -0 0 1
    outer loop
      vertex 6 4.10001 13
      vertex 90.4 2.50001 13
      vertex 90.4 4.10001 13
    endloop
  endfacet
  facet normal 0 0 1
    outer loop
      vertex 6 4.10001 13
      vertex 6 2.50001 13
      vertex 90.4 2.50001 13
    endloop
  endfacet
  facet normal 0 0 1
    outer loop
      vertex 5.81377 4.10915 13
      vertex 6 2.50001 13
      vertex 6 4.10001 13
    endloop
  endfacet
  facet normal 0 0 1
    outer loop
      vertex 5.81377 4.10915 13
      vertex 5.65694 2.51687 13
      vertex 6 2.50001 13
    endloop
  endfacet
  facet normal 0 0 1
    outer loop
      vertex 5.62933 4.13651 13
      vertex 5.65694 2.51687 13
      vertex 5.81377 4.10915 13
    endloop
  endfacet
  facet normal 0 0 1
    outer loop
      vertex 5.31718 2.56725 13
      vertex 5.62933 4.13651 13
      vertex 5.44846 4.18181 13
    endloop
  endfacet
  facet normal 0 0 1
    outer loop
      vertex 5.62933 4.13651 13
      vertex 5.31718 2.56725 13
      vertex 5.65694 2.51687 13
    endloop
  endfacet
  facet normal 0 0 1
    outer loop
      vertex 4.98401 2.65072 13
      vertex 5.44846 4.18181 13
      vertex 5.2729 4.24464 13
    endloop
  endfacet
  facet normal 0 0 1
    outer loop
      vertex 4.66061 2.76642 13
      vertex 5.2729 4.24464 13
      vertex 5.10434 4.32436 13
    endloop
  endfacet
  facet normal 0 0 1
    outer loop
      vertex 5.44846 4.18181 13
      vertex 4.98401 2.65072 13
      vertex 5.31718 2.56725 13
    endloop
  endfacet
  facet normal 0 0 1
    outer loop
      vertex 4.35011 2.91328 13
      vertex 5.10434 4.32436 13
      vertex 4.94441 4.42022 13
    endloop
  endfacet
  facet normal 0 0 1
    outer loop
      vertex 4.05551 3.08987 13
      vertex 4.94441 4.42022 13
      vertex 4.79465 4.53129 13
    endloop
  endfacet
  facet normal 0 0 1
    outer loop
      vertex 5.2729 4.24464 13
      vertex 4.66061 2.76642 13
      vertex 4.98401 2.65072 13
    endloop
  endfacet
  facet normal 0 0 1
    outer loop
      vertex 3.77962 3.29447 13
      vertex 4.79465 4.53129 13
      vertex 4.65649 4.6565 13
    endloop
  endfacet
  facet normal 0 0 1
    outer loop
      vertex 3.52513 3.52514 13
      vertex 4.65649 4.6565 13
      vertex 4.53128 4.79465 13
    endloop
  endfacet
  facet normal 0 0 1
    outer loop
      vertex 3.29446 3.77962 13
      vertex 4.53128 4.79465 13
      vertex 4.42021 4.94442 13
    endloop
  endfacet
  facet normal 0 0 1
    outer loop
      vertex 5.10434 4.32436 13
      vertex 4.35011 2.91328 13
      vertex 4.66061 2.76642 13
    endloop
  endfacet
  facet normal 0 0 1
    outer loop
      vertex 3.08986 4.05552 13
      vertex 4.42021 4.94442 13
      vertex 4.32436 5.10435 13
    endloop
  endfacet
  facet normal 0 0 1
    outer loop
      vertex 2.91327 4.35012 13
      vertex 4.32436 5.10435 13
      vertex 4.24463 5.27291 13
    endloop
  endfacet
  facet normal 0 0 1
    outer loop
      vertex 2.76642 4.66062 13
      vertex 4.24463 5.27291 13
      vertex 4.18181 5.44846 13
    endloop
  endfacet
  facet normal 0 0 1
    outer loop
      vertex 2.65071 4.98401 13
      vertex 4.18181 5.44846 13
      vertex 4.13651 5.62934 13
    endloop
  endfacet
  facet normal 0 0 1
    outer loop
      vertex 2.56725 5.31719 13
      vertex 4.13651 5.62934 13
      vertex 4.10915 5.81377 13
    endloop
  endfacet
  facet normal 0 0 1
    outer loop
      vertex 4.94441 4.42022 13
      vertex 4.05551 3.08987 13
      vertex 4.35011 2.91328 13
    endloop
  endfacet
  facet normal 0 0 1
    outer loop
      vertex 2.51686 5.65694 13
      vertex 4.10915 5.81377 13
      vertex 4.10001 6.00001 13
    endloop
  endfacet
  facet normal 0 0 1
    outer loop
      vertex 4.10001 55.4 13
      vertex 2.5 55.4 13
      vertex 4.10001 6.00001 13
    endloop
  endfacet
  facet normal -0 0 1
    outer loop
      vertex 2.76642 56.7394 13
      vertex 4.24463 56.1271 13
      vertex 2.91327 57.0499 13
    endloop
  endfacet
  facet normal 0 0 1
    outer loop
      vertex 2.5 6.00001 13
      vertex 4.10001 6.00001 13
      vertex 2.5 55.4 13
    endloop
  endfacet
  facet normal 0 0 1
    outer loop
      vertex 4.24463 56.1271 13
      vertex 2.76642 56.7394 13
      vertex 4.18181 55.9515 13
    endloop
  endfacet
  facet normal 0 -0 1
    outer loop
      vertex 2.51686 5.65694 13
      vertex 4.10001 6.00001 13
      vertex 2.5 6.00001 13
    endloop
  endfacet
  facet normal -0 0 1
    outer loop
      vertex 2.65071 56.416 13
      vertex 4.18181 55.9515 13
      vertex 2.76642 56.7394 13
    endloop
  endfacet
  facet normal 0 0 1
    outer loop
      vertex 4.79465 4.53129 13
      vertex 3.77962 3.29447 13
      vertex 4.05551 3.08987 13
    endloop
  endfacet
  facet normal 0 0 1
    outer loop
      vertex 4.18181 55.9515 13
      vertex 2.65071 56.416 13
      vertex 4.13651 55.7707 13
    endloop
  endfacet
  facet normal 0 0 1
    outer loop
      vertex 4.65649 4.6565 13
      vertex 3.52513 3.52514 13
      vertex 3.77962 3.29447 13
    endloop
  endfacet
  facet normal -0 0 1
    outer loop
      vertex 2.56725 56.0828 13
      vertex 4.13651 55.7707 13
      vertex 2.65071 56.416 13
    endloop
  endfacet
  facet normal 0 0 1
    outer loop
      vertex 4.53128 4.79465 13
      vertex 3.29446 3.77962 13
      vertex 3.52513 3.52514 13
    endloop
  endfacet
  facet normal 0 0 1
    outer loop
      vertex 4.13651 55.7707 13
      vertex 2.56725 56.0828 13
      vertex 4.10915 55.5862 13
    endloop
  endfacet
  facet normal 0 0 1
    outer loop
      vertex 4.42021 4.94442 13
      vertex 3.08986 4.05552 13
      vertex 3.29446 3.77962 13
    endloop
  endfacet
  facet normal -0 0 1
    outer loop
      vertex 2.51686 55.7431 13
      vertex 4.10915 55.5862 13
      vertex 2.56725 56.0828 13
    endloop
  endfacet
  facet normal 0 0 1
    outer loop
      vertex 4.32436 5.10435 13
      vertex 2.91327 4.35012 13
      vertex 3.08986 4.05552 13
    endloop
  endfacet
  facet normal 0 0 1
    outer loop
      vertex 4.10915 55.5862 13
      vertex 2.51686 55.7431 13
      vertex 4.10001 55.4 13
    endloop
  endfacet
  facet normal 0 0 1
    outer loop
      vertex 4.24463 5.27291 13
      vertex 2.76642 4.66062 13
      vertex 2.91327 4.35012 13
    endloop
  endfacet
  facet normal 0 0 1
    outer loop
      vertex 4.10001 55.4 13
      vertex 2.51686 55.7431 13
      vertex 2.5 55.4 13
    endloop
  endfacet
  facet normal 0 0 1
    outer loop
      vertex 4.18181 5.44846 13
      vertex 2.65071 4.98401 13
      vertex 2.76642 4.66062 13
    endloop
  endfacet
  facet normal 0 0 1
    outer loop
      vertex 4.13651 5.62934 13
      vertex 2.56725 5.31719 13
      vertex 2.65071 4.98401 13
    endloop
  endfacet
  facet normal 0 0 1
    outer loop
      vertex 4.10915 5.81377 13
      vertex 2.51686 5.65694 13
      vertex 2.56725 5.31719 13
    endloop
  endfacet
  facet normal 0.671566 -0.740944 0
    outer loop
      vertex 92.6204 3.29447 8
      vertex 92.8749 3.52514 13
      vertex 92.6204 3.29447 13
    endloop
  endfacet
  facet normal 0.671566 -0.740944 0
    outer loop
      vertex 92.8749 3.52514 13
      vertex 92.6204 3.29447 8
      vertex 92.8749 3.52514 8
    endloop
  endfacet
  facet normal 0.741046 0.671454 0
    outer loop
      vertex 93.1055 57.6204 13
      vertex 92.8749 57.8749 8
      vertex 92.8749 57.8749 13
    endloop
  endfacet
  facet normal 0.741046 0.671454 0
    outer loop
      vertex 92.8749 57.8749 8
      vertex 93.1055 57.6204 13
      vertex 93.1055 57.6204 8
    endloop
  endfacet
  facet normal 0.903939 -0.427661 0
    outer loop
      vertex 93.4867 4.35012 13
      vertex 93.6336 4.66062 8
      vertex 93.6336 4.66062 13
    endloop
  endfacet
  facet normal 0.903939 -0.427661 0
    outer loop
      vertex 93.6336 4.66062 8
      vertex 93.4867 4.35012 13
      vertex 93.4867 4.35012 8
    endloop
  endfacet
  facet normal -0.998795 0.049081 0
    outer loop
      vertex 2.5 55.4 8
      vertex 2.51686 55.7431 13
      vertex 2.51686 55.7431 8
    endloop
  endfacet
  facet normal -0.998795 0.049081 0
    outer loop
      vertex 2.51686 55.7431 13
      vertex 2.5 55.4 8
      vertex 2.5 55.4 13
    endloop
  endfacet
  facet normal -0.989176 0.146731 0
    outer loop
      vertex 2.51686 55.7431 8
      vertex 2.56725 56.0828 13
      vertex 2.56725 56.0828 8
    endloop
  endfacet
  facet normal -0.989176 0.146731 0
    outer loop
      vertex 2.56725 56.0828 13
      vertex 2.51686 55.7431 8
      vertex 2.51686 55.7431 13
    endloop
  endfacet
  facet normal 0.941525 0.336942 0
    outer loop
      vertex 93.6477 56.7 13
      vertex 93.6336 56.7394 8
      vertex 93.6336 56.7394 13
    endloop
  endfacet
  facet normal 0.941525 0.336942 0
    outer loop
      vertex 93.6336 56.7394 8
      vertex 93.6477 56.7 13
      vertex 93.6477 56.7 8
    endloop
  endfacet
  facet normal 0.803237 0.595659 0
    outer loop
      vertex 93.3101 57.3445 13
      vertex 93.1055 57.6204 8
      vertex 93.1055 57.6204 13
    endloop
  endfacet
  facet normal 0.803237 0.595659 0
    outer loop
      vertex 93.1055 57.6204 8
      vertex 93.3101 57.3445 13
      vertex 93.3101 57.3445 8
    endloop
  endfacet
  facet normal -0.903996 0.427542 0
    outer loop
      vertex 2.76642 56.7394 8
      vertex 2.91327 57.0499 13
      vertex 2.91327 57.0499 8
    endloop
  endfacet
  facet normal -0.903996 0.427542 0
    outer loop
      vertex 2.91327 57.0499 13
      vertex 2.76642 56.7394 8
      vertex 2.76642 56.7394 13
    endloop
  endfacet
  facet normal 0.427661 0.903939 -0
    outer loop
      vertex 92.0499 58.4867 8
      vertex 91.7394 58.6336 13
      vertex 92.0499 58.4867 13
    endloop
  endfacet
  facet normal 0.427661 0.903939 0
    outer loop
      vertex 91.7394 58.6336 13
      vertex 92.0499 58.4867 8
      vertex 91.7394 58.6336 8
    endloop
  endfacet
  facet normal 0.336853 0.941557 -0
    outer loop
      vertex 91.7394 58.6336 8
      vertex 91.416 58.7493 13
      vertex 91.7394 58.6336 13
    endloop
  endfacet
  facet normal 0.336853 0.941557 0
    outer loop
      vertex 91.416 58.7493 13
      vertex 91.7394 58.6336 8
      vertex 91.416 58.7493 8
    endloop
  endfacet
  facet normal 0.941532 0.336924 0
    outer loop
      vertex 4.24463 5.27291 13
      vertex 4.18181 5.44846 8
      vertex 4.18181 5.44846 13
    endloop
  endfacet
  facet normal 0.941532 0.336924 0
    outer loop
      vertex 4.18181 5.44846 8
      vertex 4.24463 5.27291 13
      vertex 4.24463 5.27291 8
    endloop
  endfacet
  facet normal -0.0488139 -0.998808 0
    outer loop
      vertex 90.4 57.3 8
      vertex 90.5862 57.2909 13
      vertex 90.4 57.3 13
    endloop
  endfacet
  facet normal -0.0488139 -0.998808 -0
    outer loop
      vertex 90.5862 57.2909 13
      vertex 90.4 57.3 8
      vertex 90.5862 57.2909 8
    endloop
  endfacet
  facet normal 0.998798 0.0490175 0
    outer loop
      vertex 4.10915 5.81377 13
      vertex 4.10001 6.00001 8
      vertex 4.10001 6.00001 13
    endloop
  endfacet
  facet normal 0.998798 0.0490175 0
    outer loop
      vertex 4.10001 6.00001 8
      vertex 4.10915 5.81377 13
      vertex 4.10915 5.81377 8
    endloop
  endfacet
  facet normal -0.67142 0.741077 0
    outer loop
      vertex 91.7435 4.6565 8
      vertex 91.6053 4.53129 13
      vertex 91.7435 4.6565 13
    endloop
  endfacet
  facet normal -0.67142 0.741077 0
    outer loop
      vertex 91.6053 4.53129 13
      vertex 91.7435 4.6565 8
      vertex 91.6053 4.53129 8
    endloop
  endfacet
  facet normal 0.0490201 0.998798 -0
    outer loop
      vertex 6 4.10001 8
      vertex 5.81377 4.10915 13
      vertex 6 4.10001 13
    endloop
  endfacet
  facet normal 0.0490201 0.998798 0
    outer loop
      vertex 5.81377 4.10915 13
      vertex 6 4.10001 8
      vertex 5.81377 4.10915 8
    endloop
  endfacet
  facet normal -0.049028 0.998797 0
    outer loop
      vertex 90.5862 4.10915 8
      vertex 90.4 4.10001 13
      vertex 90.5862 4.10915 13
    endloop
  endfacet
  facet normal -0.049028 0.998797 0
    outer loop
      vertex 90.4 4.10001 13
      vertex 90.5862 4.10915 8
      vertex 90.4 4.10001 8
    endloop
  endfacet
  facet normal 1 -0 0
    outer loop
      vertex 4.10001 6.00001 13
      vertex 4.10001 55.4 8
      vertex 4.10001 55.4 13
    endloop
  endfacet
  facet normal 1 0 0
    outer loop
      vertex 4.10001 55.4 8
      vertex 4.10001 6.00001 13
      vertex 4.10001 6.00001 8
    endloop
  endfacet
  facet normal 0.803225 0.595675 0
    outer loop
      vertex 4.53128 4.79465 13
      vertex 4.42021 4.94442 8
      vertex 4.42021 4.94442 13
    endloop
  endfacet
  facet normal 0.803225 0.595675 0
    outer loop
      vertex 4.42021 4.94442 8
      vertex 4.53128 4.79465 13
      vertex 4.53128 4.79465 8
    endloop
  endfacet
  facet normal 0.970016 -0.243041 0
    outer loop
      vertex 4.13651 55.7707 13
      vertex 4.18181 55.9515 8
      vertex 4.18181 55.9515 13
    endloop
  endfacet
  facet normal 0.970016 -0.243041 0
    outer loop
      vertex 4.18181 55.9515 8
      vertex 4.13651 55.7707 13
      vertex 4.13651 55.7707 8
    endloop
  endfacet
  facet normal 0 -1 0
    outer loop
      vertex 6 57.3 8
      vertex 90.4 57.3 13
      vertex 6 57.3 13
    endloop
  endfacet
  facet normal 0 -1 -0
    outer loop
      vertex 90.4 57.3 13
      vertex 6 57.3 8
      vertex 90.4 57.3 8
    endloop
  endfacet
  facet normal -0.336887 0.941545 0
    outer loop
      vertex 91.1271 4.24464 8
      vertex 90.9515 4.18181 13
      vertex 91.1271 4.24464 13
    endloop
  endfacet
  facet normal -0.336887 0.941545 0
    outer loop
      vertex 90.9515 4.18181 13
      vertex 91.1271 4.24464 8
      vertex 90.9515 4.18181 8
    endloop
  endfacet
  facet normal 0.146945 -0.989145 0
    outer loop
      vertex 5.62933 57.2635 8
      vertex 5.81377 57.2909 13
      vertex 5.62933 57.2635 13
    endloop
  endfacet
  facet normal 0.146945 -0.989145 0
    outer loop
      vertex 5.81377 57.2909 13
      vertex 5.62933 57.2635 8
      vertex 5.81377 57.2909 8
    endloop
  endfacet
  facet normal 0.336812 -0.941572 0
    outer loop
      vertex 5.2729 57.1554 8
      vertex 5.44846 57.2182 13
      vertex 5.2729 57.1554 13
    endloop
  endfacet
  facet normal 0.336812 -0.941572 0
    outer loop
      vertex 5.44846 57.2182 13
      vertex 5.2729 57.1554 8
      vertex 5.44846 57.2182 8
    endloop
  endfacet
  facet normal 0.595701 0.803206 -0
    outer loop
      vertex 4.94441 4.42022 8
      vertex 4.79465 4.53129 13
      vertex 4.94441 4.42022 13
    endloop
  endfacet
  facet normal 0.595701 0.803206 0
    outer loop
      vertex 4.79465 4.53129 13
      vertex 4.94441 4.42022 8
      vertex 4.79465 4.53129 8
    endloop
  endfacet
  facet normal 0 1 -0
    outer loop
      vertex 90.4 4.10001 8
      vertex 6 4.10001 13
      vertex 90.4 4.10001 13
    endloop
  endfacet
  facet normal 0 1 0
    outer loop
      vertex 6 4.10001 13
      vertex 90.4 4.10001 8
      vertex 6 4.10001 8
    endloop
  endfacet
  facet normal 0.0488061 -0.998808 0
    outer loop
      vertex 5.81377 57.2909 8
      vertex 6 57.3 13
      vertex 5.81377 57.2909 13
    endloop
  endfacet
  facet normal 0.0488061 -0.998808 0
    outer loop
      vertex 6 57.3 13
      vertex 5.81377 57.2909 8
      vertex 6 57.3 8
    endloop
  endfacet
  facet normal -0.51418 0.857682 0
    outer loop
      vertex 91.4556 4.42022 8
      vertex 91.2957 4.32436 13
      vertex 91.4556 4.42022 13
    endloop
  endfacet
  facet normal -0.51418 0.857682 0
    outer loop
      vertex 91.2957 4.32436 13
      vertex 91.4556 4.42022 8
      vertex 91.2957 4.32436 8
    endloop
  endfacet
  facet normal 0.941562 -0.336839 0
    outer loop
      vertex 4.18181 55.9515 13
      vertex 4.24463 56.1271 8
      vertex 4.24463 56.1271 13
    endloop
  endfacet
  facet normal 0.941562 -0.336839 0
    outer loop
      vertex 4.24463 56.1271 8
      vertex 4.18181 55.9515 13
      vertex 4.18181 55.9515 8
    endloop
  endfacet
  facet normal 0.146735 0.989176 -0
    outer loop
      vertex 5.81377 4.10915 8
      vertex 5.62933 4.13651 13
      vertex 5.81377 4.10915 13
    endloop
  endfacet
  facet normal 0.146735 0.989176 0
    outer loop
      vertex 5.62933 4.13651 13
      vertex 5.81377 4.10915 8
      vertex 5.62933 4.13651 8
    endloop
  endfacet
  facet normal -0.741172 0.671315 0
    outer loop
      vertex 91.7435 4.6565 8
      vertex 91.7829 4.7 13
      vertex 91.7829 4.7 8
    endloop
  endfacet
  facet normal -0.741172 0.671315 0
    outer loop
      vertex 91.7829 4.7 13
      vertex 91.7435 4.6565 8
      vertex 91.7435 4.6565 13
    endloop
  endfacet
  facet normal -0.146689 0.989183 0
    outer loop
      vertex 90.7707 4.13651 8
      vertex 90.5862 4.10915 13
      vertex 90.7707 4.13651 13
    endloop
  endfacet
  facet normal -0.146689 0.989183 0
    outer loop
      vertex 90.5862 4.10915 13
      vertex 90.7707 4.13651 8
      vertex 90.5862 4.10915 8
    endloop
  endfacet
  facet normal 0.242952 0.970038 -0
    outer loop
      vertex 5.62933 4.13651 8
      vertex 5.44846 4.18181 13
      vertex 5.62933 4.13651 13
    endloop
  endfacet
  facet normal 0.242952 0.970038 0
    outer loop
      vertex 5.44846 4.18181 13
      vertex 5.62933 4.13651 8
      vertex 5.44846 4.18181 8
    endloop
  endfacet
  facet normal 0.427893 -0.90383 0
    outer loop
      vertex 5.10434 57.0756 8
      vertex 5.2729 57.1554 13
      vertex 5.10434 57.0756 13
    endloop
  endfacet
  facet normal 0.427893 -0.90383 0
    outer loop
      vertex 5.2729 57.1554 13
      vertex 5.10434 57.0756 8
      vertex 5.2729 57.1554 8
    endloop
  endfacet
  facet normal 0.740835 -0.671687 0
    outer loop
      vertex 4.53128 56.6054 13
      vertex 4.65649 56.7435 8
      vertex 4.65649 56.7435 13
    endloop
  endfacet
  facet normal 0.740835 -0.671687 0
    outer loop
      vertex 4.65649 56.7435 8
      vertex 4.53128 56.6054 13
      vertex 4.53128 56.6054 8
    endloop
  endfacet
  facet normal 0.989183 -0.146689 0
    outer loop
      vertex 4.10915 55.5862 13
      vertex 4.13651 55.7707 8
      vertex 4.13651 55.7707 13
    endloop
  endfacet
  facet normal 0.989183 -0.146689 0
    outer loop
      vertex 4.13651 55.7707 8
      vertex 4.10915 55.5862 13
      vertex 4.10915 55.5862 8
    endloop
  endfacet
  facet normal -0.513943 -0.857824 0
    outer loop
      vertex 91.2957 57.0756 8
      vertex 91.4556 56.9798 13
      vertex 91.2957 57.0756 13
    endloop
  endfacet
  facet normal -0.513943 -0.857824 -0
    outer loop
      vertex 91.4556 56.9798 13
      vertex 91.2957 57.0756 8
      vertex 91.4556 56.9798 8
    endloop
  endfacet
  facet normal 0.857748 0.51407 0
    outer loop
      vertex 4.42021 4.94442 13
      vertex 4.32436 5.10435 8
      vertex 4.32436 5.10435 13
    endloop
  endfacet
  facet normal 0.857748 0.51407 0
    outer loop
      vertex 4.32436 5.10435 8
      vertex 4.42021 4.94442 13
      vertex 4.42021 4.94442 8
    endloop
  endfacet
  facet normal 0.242952 -0.970038 0
    outer loop
      vertex 5.44846 57.2182 8
      vertex 5.62933 57.2635 13
      vertex 5.44846 57.2182 13
    endloop
  endfacet
  facet normal 0.242952 -0.970038 0
    outer loop
      vertex 5.62933 57.2635 13
      vertex 5.44846 57.2182 8
      vertex 5.62933 57.2635 8
    endloop
  endfacet
  facet normal 0.904014 -0.427503 0
    outer loop
      vertex 4.24463 56.1271 13
      vertex 4.32436 56.2957 8
      vertex 4.32436 56.2957 13
    endloop
  endfacet
  facet normal 0.904014 -0.427503 0
    outer loop
      vertex 4.32436 56.2957 8
      vertex 4.24463 56.1271 13
      vertex 4.24463 56.1271 8
    endloop
  endfacet
  facet normal 0.903975 0.427586 0
    outer loop
      vertex 4.32436 5.10435 13
      vertex 4.24463 5.27291 8
      vertex 4.24463 5.27291 13
    endloop
  endfacet
  facet normal 0.903975 0.427586 0
    outer loop
      vertex 4.24463 5.27291 8
      vertex 4.32436 5.10435 13
      vertex 4.32436 5.10435 8
    endloop
  endfacet
  facet normal 0.595805 -0.803129 0
    outer loop
      vertex 4.79465 56.8687 8
      vertex 4.94441 56.9798 13
      vertex 4.79465 56.8687 13
    endloop
  endfacet
  facet normal 0.595805 -0.803129 0
    outer loop
      vertex 4.94441 56.9798 13
      vertex 4.79465 56.8687 8
      vertex 4.94441 56.9798 8
    endloop
  endfacet
  facet normal 0.989175 0.146743 0
    outer loop
      vertex 4.13651 5.62934 13
      vertex 4.10915 5.81377 8
      vertex 4.10915 5.81377 13
    endloop
  endfacet
  facet normal 0.989175 0.146743 0
    outer loop
      vertex 4.10915 5.81377 8
      vertex 4.13651 5.62934 13
      vertex 4.13651 5.62934 8
    endloop
  endfacet
  facet normal 0.513872 -0.857867 0
    outer loop
      vertex 4.94441 56.9798 8
      vertex 5.10434 57.0756 13
      vertex 4.94441 56.9798 13
    endloop
  endfacet
  facet normal 0.513872 -0.857867 0
    outer loop
      vertex 5.10434 57.0756 13
      vertex 4.94441 56.9798 8
      vertex 5.10434 57.0756 8
    endloop
  endfacet
  facet normal 0.970041 0.242939 0
    outer loop
      vertex 4.18181 5.44846 13
      vertex 4.13651 5.62934 8
      vertex 4.13651 5.62934 13
    endloop
  endfacet
  facet normal 0.970041 0.242939 0
    outer loop
      vertex 4.13651 5.62934 8
      vertex 4.18181 5.44846 13
      vertex 4.18181 5.44846 8
    endloop
  endfacet
  facet normal -0.427459 0.904035 0
    outer loop
      vertex 91.2957 4.32436 8
      vertex 91.1271 4.24464 13
      vertex 91.2957 4.32436 13
    endloop
  endfacet
  facet normal -0.427459 0.904035 0
    outer loop
      vertex 91.1271 4.24464 13
      vertex 91.2957 4.32436 8
      vertex 91.1271 4.24464 8
    endloop
  endfacet
  facet normal -0.595959 -0.803015 0
    outer loop
      vertex 91.4556 56.9798 8
      vertex 91.6053 56.8687 13
      vertex 91.4556 56.9798 13
    endloop
  endfacet
  facet normal -0.595959 -0.803015 -0
    outer loop
      vertex 91.6053 56.8687 13
      vertex 91.4556 56.9798 8
      vertex 91.6053 56.8687 8
    endloop
  endfacet
  facet normal 0.671497 -0.741007 0
    outer loop
      vertex 4.65649 56.7435 8
      vertex 4.79465 56.8687 13
      vertex 4.65649 56.7435 13
    endloop
  endfacet
  facet normal 0.671497 -0.741007 0
    outer loop
      vertex 4.79465 56.8687 13
      vertex 4.65649 56.7435 8
      vertex 4.79465 56.8687 8
    endloop
  endfacet
  facet normal 0.336955 0.941521 -0
    outer loop
      vertex 5.44846 4.18181 8
      vertex 5.2729 4.24464 13
      vertex 5.44846 4.18181 13
    endloop
  endfacet
  facet normal 0.336955 0.941521 0
    outer loop
      vertex 5.2729 4.24464 13
      vertex 5.44846 4.18181 8
      vertex 5.2729 4.24464 8
    endloop
  endfacet
  facet normal 0.671527 0.74098 -0
    outer loop
      vertex 4.79465 4.53129 8
      vertex 4.65649 4.6565 13
      vertex 4.79465 4.53129 13
    endloop
  endfacet
  facet normal 0.671527 0.74098 0
    outer loop
      vertex 4.65649 4.6565 13
      vertex 4.79465 4.53129 8
      vertex 4.65649 4.6565 8
    endloop
  endfacet
  facet normal -0.336744 -0.941596 0
    outer loop
      vertex 90.9515 57.2182 8
      vertex 91.1271 57.1554 13
      vertex 90.9515 57.2182 13
    endloop
  endfacet
  facet normal -0.336744 -0.941596 -0
    outer loop
      vertex 91.1271 57.1554 13
      vertex 90.9515 57.2182 8
      vertex 91.1271 57.1554 8
    endloop
  endfacet
  facet normal -0.595855 0.803092 0
    outer loop
      vertex 91.6053 4.53129 8
      vertex 91.4556 4.42022 13
      vertex 91.6053 4.53129 13
    endloop
  endfacet
  facet normal -0.595855 0.803092 0
    outer loop
      vertex 91.4556 4.42022 13
      vertex 91.6053 4.53129 8
      vertex 91.4556 4.42022 8
    endloop
  endfacet
  facet normal 0.427542 0.903995 -0
    outer loop
      vertex 5.2729 4.24464 8
      vertex 5.10434 4.32436 13
      vertex 5.2729 4.24464 13
    endloop
  endfacet
  facet normal 0.427542 0.903995 0
    outer loop
      vertex 5.10434 4.32436 13
      vertex 5.2729 4.24464 8
      vertex 5.10434 4.32436 8
    endloop
  endfacet
  facet normal -0.42781 -0.903869 0
    outer loop
      vertex 91.1271 57.1554 8
      vertex 91.2957 57.0756 13
      vertex 91.1271 57.1554 13
    endloop
  endfacet
  facet normal -0.42781 -0.903869 -0
    outer loop
      vertex 91.2957 57.0756 13
      vertex 91.1271 57.1554 8
      vertex 91.2957 57.0756 8
    endloop
  endfacet
  facet normal 0.740956 0.671553 0
    outer loop
      vertex 4.65649 4.6565 13
      vertex 4.53128 4.79465 8
      vertex 4.53128 4.79465 13
    endloop
  endfacet
  facet normal 0.740956 0.671553 0
    outer loop
      vertex 4.53128 4.79465 8
      vertex 4.65649 4.6565 13
      vertex 4.65649 4.6565 8
    endloop
  endfacet
  facet normal -0.243041 0.970016 0
    outer loop
      vertex 90.9515 4.18181 8
      vertex 90.7707 4.13651 13
      vertex 90.9515 4.18181 13
    endloop
  endfacet
  facet normal -0.243041 0.970016 0
    outer loop
      vertex 90.7707 4.13651 13
      vertex 90.9515 4.18181 8
      vertex 90.7707 4.13651 8
    endloop
  endfacet
  facet normal 0.857706 -0.514141 0
    outer loop
      vertex 4.32436 56.2957 13
      vertex 4.42021 56.4556 8
      vertex 4.42021 56.4556 13
    endloop
  endfacet
  facet normal 0.857706 -0.514141 0
    outer loop
      vertex 4.42021 56.4556 8
      vertex 4.32436 56.2957 13
      vertex 4.32436 56.2957 8
    endloop
  endfacet
  facet normal -0.146898 -0.989152 0
    outer loop
      vertex 90.5862 57.2909 8
      vertex 90.7707 57.2635 13
      vertex 90.5862 57.2909 13
    endloop
  endfacet
  facet normal -0.146898 -0.989152 -0
    outer loop
      vertex 90.7707 57.2635 13
      vertex 90.5862 57.2909 8
      vertex 90.7707 57.2635 8
    endloop
  endfacet
  facet normal 0.998797 -0.049028 0
    outer loop
      vertex 4.10001 55.4 13
      vertex 4.10915 55.5862 8
      vertex 4.10915 55.5862 13
    endloop
  endfacet
  facet normal 0.998797 -0.049028 0
    outer loop
      vertex 4.10915 55.5862 8
      vertex 4.10001 55.4 13
      vertex 4.10001 55.4 8
    endloop
  endfacet
  facet normal -0.741172 -0.671315 0
    outer loop
      vertex 91.7829 56.7 8
      vertex 91.7435 56.7435 13
      vertex 91.7435 56.7435 8
    endloop
  endfacet
  facet normal -0.741172 -0.671315 0
    outer loop
      vertex 91.7435 56.7435 13
      vertex 91.7829 56.7 8
      vertex 91.7829 56.7 13
    endloop
  endfacet
  facet normal 0.514109 0.857725 -0
    outer loop
      vertex 5.10434 4.32436 8
      vertex 4.94441 4.42022 13
      vertex 5.10434 4.32436 13
    endloop
  endfacet
  facet normal 0.514109 0.857725 0
    outer loop
      vertex 4.94441 4.42022 13
      vertex 5.10434 4.32436 8
      vertex 4.94441 4.42022 8
    endloop
  endfacet
  facet normal -0.671391 -0.741104 0
    outer loop
      vertex 91.6053 56.8687 8
      vertex 91.7435 56.7435 13
      vertex 91.6053 56.8687 13
    endloop
  endfacet
  facet normal -0.671391 -0.741104 -0
    outer loop
      vertex 91.7435 56.7435 13
      vertex 91.6053 56.8687 8
      vertex 91.7435 56.7435 8
    endloop
  endfacet
  facet normal 0.803283 -0.595598 0
    outer loop
      vertex 4.42021 56.4556 13
      vertex 4.53128 56.6054 8
      vertex 4.53128 56.6054 13
    endloop
  endfacet
  facet normal 0.803283 -0.595598 0
    outer loop
      vertex 4.53128 56.6054 8
      vertex 4.42021 56.4556 13
      vertex 4.42021 56.4556 8
    endloop
  endfacet
  facet normal -0.243041 -0.970016 0
    outer loop
      vertex 90.7707 57.2635 8
      vertex 90.9515 57.2182 13
      vertex 90.7707 57.2635 13
    endloop
  endfacet
  facet normal -0.243041 -0.970016 -0
    outer loop
      vertex 90.9515 57.2182 13
      vertex 90.7707 57.2635 8
      vertex 90.9515 57.2182 8
    endloop
  endfacet
  facet normal 0 0.903893 0.427758
    outer loop
      vertex 31.7 59.6391 10.9061
      vertex 23.7 59.6055 10.9771
      vertex 31.7 59.6055 10.9771
    endloop
  endfacet
  facet normal 0 0.903893 0.427758
    outer loop
      vertex 23.7 59.6055 10.9771
      vertex 31.7 59.6391 10.9061
      vertex 23.7 59.6391 10.9061
    endloop
  endfacet
  facet normal -0 0.0496835 0.998765
    outer loop
      vertex 23.7 58.9784 11.3961
      vertex 31.7 58.9 11.4
      vertex 31.7 58.9784 11.3961
    endloop
  endfacet
  facet normal 0 0.0496835 0.998765
    outer loop
      vertex 31.7 58.9 11.4
      vertex 23.7 58.9784 11.3961
      vertex 23.7 58.9 11.4
    endloop
  endfacet
  facet normal 0 0.671283 -0.741201
    outer loop
      vertex 23.7 59.4075 9.98159
      vertex 31.7 59.4657 10.0343
      vertex 31.7 59.4075 9.98159
    endloop
  endfacet
  facet normal 0 0.671283 -0.741201
    outer loop
      vertex 31.7 59.4657 10.0343
      vertex 23.7 59.4075 9.98159
      vertex 23.7 59.4657 10.0343
    endloop
  endfacet
  facet normal 0 0.858278 -0.513184
    outer loop
      vertex 31.7 59.5652 10.1555
      vertex 23.7 59.6055 10.2229
      vertex 31.7 59.6055 10.2229
    endloop
  endfacet
  facet normal 0 0.858278 -0.513184
    outer loop
      vertex 23.7 59.6055 10.2229
      vertex 31.7 59.5652 10.1555
      vertex 23.7 59.5652 10.1555
    endloop
  endfacet
  facet normal -0 0.513184 0.858278
    outer loop
      vertex 23.7 59.3445 11.2652
      vertex 31.7 59.2771 11.3055
      vertex 31.7 59.3445 11.2652
    endloop
  endfacet
  facet normal 0 0.513184 0.858278
    outer loop
      vertex 31.7 59.2771 11.3055
      vertex 23.7 59.3445 11.2652
      vertex 23.7 59.2771 11.3055
    endloop
  endfacet
  facet normal 0 0.802744 -0.596324
    outer loop
      vertex 31.7 59.5184 10.0925
      vertex 23.7 59.5652 10.1555
      vertex 31.7 59.5652 10.1555
    endloop
  endfacet
  facet normal 0 0.802744 -0.596324
    outer loop
      vertex 23.7 59.5652 10.1555
      vertex 31.7 59.5184 10.0925
      vertex 23.7 59.5184 10.0925
    endloop
  endfacet
  facet normal 0 0.941309 0.337546
    outer loop
      vertex 31.7 59.6656 10.8322
      vertex 23.7 59.6391 10.9061
      vertex 31.7 59.6391 10.9061
    endloop
  endfacet
  facet normal 0 0.941309 0.337546
    outer loop
      vertex 23.7 59.6391 10.9061
      vertex 31.7 59.6656 10.8322
      vertex 23.7 59.6656 10.8322
    endloop
  endfacet
  facet normal 0 0.049048 -0.998796
    outer loop
      vertex 23.7 58.9 9.8
      vertex 31.7 58.9784 9.80385
      vertex 31.7 58.9 9.8
    endloop
  endfacet
  facet normal 0 0.049048 -0.998796
    outer loop
      vertex 31.7 58.9784 9.80385
      vertex 23.7 58.9 9.8
      vertex 23.7 58.9784 9.80385
    endloop
  endfacet
  facet normal 0 0.903893 -0.427758
    outer loop
      vertex 31.7 59.6055 10.2229
      vertex 23.7 59.6391 10.2939
      vertex 31.7 59.6391 10.2939
    endloop
  endfacet
  facet normal 0 0.903893 -0.427758
    outer loop
      vertex 23.7 59.6391 10.2939
      vertex 31.7 59.6055 10.2229
      vertex 23.7 59.6055 10.2229
    endloop
  endfacet
  facet normal 0 0.989224 0.14641
    outer loop
      vertex 31.7 59.6961 10.6784
      vertex 23.7 59.6846 10.7561
      vertex 31.7 59.6846 10.7561
    endloop
  endfacet
  facet normal 0 0.989224 0.14641
    outer loop
      vertex 23.7 59.6846 10.7561
      vertex 31.7 59.6961 10.6784
      vertex 23.7 59.6961 10.6784
    endloop
  endfacet
  facet normal -1 0 0
    outer loop
      vertex 23.7 59.6961 10.5216
      vertex 23.7 59.6961 10.6784
      vertex 23.7 59.7 10.6
    endloop
  endfacet
  facet normal -1 0 0
    outer loop
      vertex 23.7 59.6846 10.4439
      vertex 23.7 59.6961 10.6784
      vertex 23.7 59.6961 10.5216
    endloop
  endfacet
  facet normal -1 0 0
    outer loop
      vertex 23.7 59.6846 10.4439
      vertex 23.7 59.6846 10.7561
      vertex 23.7 59.6961 10.6784
    endloop
  endfacet
  facet normal -1 0 0
    outer loop
      vertex 23.7 59.6656 10.3678
      vertex 23.7 59.6846 10.7561
      vertex 23.7 59.6846 10.4439
    endloop
  endfacet
  facet normal -1 0 0
    outer loop
      vertex 23.7 59.6656 10.3678
      vertex 23.7 59.6656 10.8322
      vertex 23.7 59.6846 10.7561
    endloop
  endfacet
  facet normal -1 0 0
    outer loop
      vertex 23.7 59.6391 10.2939
      vertex 23.7 59.6656 10.8322
      vertex 23.7 59.6656 10.3678
    endloop
  endfacet
  facet normal -1 0 0
    outer loop
      vertex 23.7 59.6391 10.2939
      vertex 23.7 59.6391 10.9061
      vertex 23.7 59.6656 10.8322
    endloop
  endfacet
  facet normal -1 0 0
    outer loop
      vertex 23.7 59.6055 10.2229
      vertex 23.7 59.6391 10.9061
      vertex 23.7 59.6391 10.2939
    endloop
  endfacet
  facet normal -1 0 0
    outer loop
      vertex 23.7 59.6055 10.2229
      vertex 23.7 59.6055 10.9771
      vertex 23.7 59.6391 10.9061
    endloop
  endfacet
  facet normal -1 0 0
    outer loop
      vertex 23.7 59.5652 10.1555
      vertex 23.7 59.6055 10.9771
      vertex 23.7 59.6055 10.2229
    endloop
  endfacet
  facet normal -1 0 0
    outer loop
      vertex 23.7 59.5652 10.1555
      vertex 23.7 59.5652 11.0445
      vertex 23.7 59.6055 10.9771
    endloop
  endfacet
  facet normal -1 0 0
    outer loop
      vertex 23.7 59.5184 10.0925
      vertex 23.7 59.5652 11.0445
      vertex 23.7 59.5652 10.1555
    endloop
  endfacet
  facet normal -1 0 0
    outer loop
      vertex 23.7 59.5184 10.0925
      vertex 23.7 59.5184 11.1075
      vertex 23.7 59.5652 11.0445
    endloop
  endfacet
  facet normal -1 0 0
    outer loop
      vertex 23.7 59.4657 10.0343
      vertex 23.7 59.5184 11.1075
      vertex 23.7 59.5184 10.0925
    endloop
  endfacet
  facet normal -1 0 0
    outer loop
      vertex 23.7 59.4657 10.0343
      vertex 23.7 59.4657 11.1657
      vertex 23.7 59.5184 11.1075
    endloop
  endfacet
  facet normal -1 0 0
    outer loop
      vertex 23.7 59.4075 9.98159
      vertex 23.7 59.4657 11.1657
      vertex 23.7 59.4657 10.0343
    endloop
  endfacet
  facet normal -1 0 0
    outer loop
      vertex 23.7 59.4075 9.98159
      vertex 23.7 59.4075 11.2184
      vertex 23.7 59.4657 11.1657
    endloop
  endfacet
  facet normal -1 0 0
    outer loop
      vertex 23.7 59.3445 9.93482
      vertex 23.7 59.4075 11.2184
      vertex 23.7 59.4075 9.98159
    endloop
  endfacet
  facet normal -1 0 0
    outer loop
      vertex 23.7 59.3445 9.93482
      vertex 23.7 59.3445 11.2652
      vertex 23.7 59.4075 11.2184
    endloop
  endfacet
  facet normal -1 0 0
    outer loop
      vertex 23.7 59.2771 9.89446
      vertex 23.7 59.3445 11.2652
      vertex 23.7 59.3445 9.93482
    endloop
  endfacet
  facet normal -1 0 0
    outer loop
      vertex 23.7 59.2771 9.89446
      vertex 23.7 59.2771 11.3055
      vertex 23.7 59.3445 11.2652
    endloop
  endfacet
  facet normal -1 0 0
    outer loop
      vertex 23.7 59.2061 9.8609
      vertex 23.7 59.2771 11.3055
      vertex 23.7 59.2771 9.89446
    endloop
  endfacet
  facet normal -1 0 0
    outer loop
      vertex 23.7 59.2061 9.8609
      vertex 23.7 59.2061 11.3391
      vertex 23.7 59.2771 11.3055
    endloop
  endfacet
  facet normal -1 0 0
    outer loop
      vertex 23.7 59.1322 9.83445
      vertex 23.7 59.2061 11.3391
      vertex 23.7 59.2061 9.8609
    endloop
  endfacet
  facet normal -1 0 0
    outer loop
      vertex 23.7 59.1322 9.83445
      vertex 23.7 59.1322 11.3656
      vertex 23.7 59.2061 11.3391
    endloop
  endfacet
  facet normal -1 0 0
    outer loop
      vertex 23.7 59.0561 9.81537
      vertex 23.7 59.1322 11.3656
      vertex 23.7 59.1322 9.83445
    endloop
  endfacet
  facet normal -1 0 0
    outer loop
      vertex 23.7 59.0561 9.81537
      vertex 23.7 59.0561 11.3846
      vertex 23.7 59.1322 11.3656
    endloop
  endfacet
  facet normal -1 0 0
    outer loop
      vertex 23.7 58.9784 9.80385
      vertex 23.7 59.0561 11.3846
      vertex 23.7 59.0561 9.81537
    endloop
  endfacet
  facet normal -1 0 0
    outer loop
      vertex 23.7 58.9784 9.80385
      vertex 23.7 58.9784 11.3961
      vertex 23.7 59.0561 11.3846
    endloop
  endfacet
  facet normal -1 0 0
    outer loop
      vertex 23.7 58.9 9.8
      vertex 23.7 58.9784 11.3961
      vertex 23.7 58.9784 9.80385
    endloop
  endfacet
  facet normal -1 -0 0
    outer loop
      vertex 23.7 58.9784 11.3961
      vertex 23.7 58.9 9.8
      vertex 23.7 58.9 11.4
    endloop
  endfacet
  facet normal 0 0.427342 -0.90409
    outer loop
      vertex 23.7 59.2061 9.8609
      vertex 31.7 59.2771 9.89446
      vertex 31.7 59.2061 9.8609
    endloop
  endfacet
  facet normal 0 0.427342 -0.90409
    outer loop
      vertex 31.7 59.2771 9.89446
      vertex 23.7 59.2061 9.8609
      vertex 23.7 59.2771 9.89446
    endloop
  endfacet
  facet normal 0 0.858278 0.513184
    outer loop
      vertex 31.7 59.6055 10.9771
      vertex 23.7 59.5652 11.0445
      vertex 31.7 59.5652 11.0445
    endloop
  endfacet
  facet normal 0 0.858278 0.513184
    outer loop
      vertex 23.7 59.5652 11.0445
      vertex 31.7 59.6055 10.9771
      vertex 23.7 59.6055 10.9771
    endloop
  endfacet
  facet normal -0 0.596324 0.802744
    outer loop
      vertex 23.7 59.4075 11.2184
      vertex 31.7 59.3445 11.2652
      vertex 31.7 59.4075 11.2184
    endloop
  endfacet
  facet normal 0 0.596324 0.802744
    outer loop
      vertex 31.7 59.3445 11.2652
      vertex 23.7 59.4075 11.2184
      vertex 23.7 59.3445 11.2652
    endloop
  endfacet
  facet normal -0 0.427758 0.903893
    outer loop
      vertex 23.7 59.2771 11.3055
      vertex 31.7 59.2061 11.3391
      vertex 31.7 59.2771 11.3055
    endloop
  endfacet
  facet normal 0 0.427758 0.903893
    outer loop
      vertex 31.7 59.2061 11.3391
      vertex 23.7 59.2771 11.3055
      vertex 23.7 59.2061 11.3391
    endloop
  endfacet
  facet normal 0 0.970217 -0.242236
    outer loop
      vertex 31.7 59.6656 10.3678
      vertex 23.7 59.6846 10.4439
      vertex 31.7 59.6846 10.4439
    endloop
  endfacet
  facet normal 0 0.970217 -0.242236
    outer loop
      vertex 23.7 59.6846 10.4439
      vertex 31.7 59.6656 10.3678
      vertex 23.7 59.6656 10.3678
    endloop
  endfacet
  facet normal 0 0.243195 -0.969977
    outer loop
      vertex 23.7 59.0561 9.81537
      vertex 31.7 59.1322 9.83445
      vertex 31.7 59.0561 9.81537
    endloop
  endfacet
  facet normal 0 0.243195 -0.969977
    outer loop
      vertex 31.7 59.1322 9.83445
      vertex 23.7 59.0561 9.81537
      vertex 23.7 59.1322 9.83445
    endloop
  endfacet
  facet normal 0 0.989224 -0.14641
    outer loop
      vertex 31.7 59.6846 10.4439
      vertex 23.7 59.6961 10.5216
      vertex 31.7 59.6961 10.5216
    endloop
  endfacet
  facet normal 0 0.989224 -0.14641
    outer loop
      vertex 23.7 59.6961 10.5216
      vertex 31.7 59.6846 10.4439
      vertex 23.7 59.6846 10.4439
    endloop
  endfacet
  facet normal 0 0.941309 -0.337546
    outer loop
      vertex 31.7 59.6391 10.2939
      vertex 23.7 59.6656 10.3678
      vertex 31.7 59.6656 10.3678
    endloop
  endfacet
  facet normal 0 0.941309 -0.337546
    outer loop
      vertex 23.7 59.6656 10.3678
      vertex 31.7 59.6391 10.2939
      vertex 23.7 59.6391 10.2939
    endloop
  endfacet
  facet normal -0 0.14641 0.989224
    outer loop
      vertex 23.7 59.0561 11.3846
      vertex 31.7 58.9784 11.3961
      vertex 31.7 59.0561 11.3846
    endloop
  endfacet
  facet normal 0 0.14641 0.989224
    outer loop
      vertex 31.7 58.9784 11.3961
      vertex 23.7 59.0561 11.3846
      vertex 23.7 58.9784 11.3961
    endloop
  endfacet
  facet normal 0 0.146659 -0.989187
    outer loop
      vertex 23.7 58.9784 9.80385
      vertex 31.7 59.0561 9.81537
      vertex 31.7 58.9784 9.80385
    endloop
  endfacet
  facet normal 0 0.146659 -0.989187
    outer loop
      vertex 31.7 59.0561 9.81537
      vertex 23.7 58.9784 9.80385
      vertex 23.7 59.0561 9.81537
    endloop
  endfacet
  facet normal -0 0.242236 0.970217
    outer loop
      vertex 23.7 59.1322 11.3656
      vertex 31.7 59.0561 11.3846
      vertex 31.7 59.1322 11.3656
    endloop
  endfacet
  facet normal 0 0.242236 0.970217
    outer loop
      vertex 31.7 59.0561 11.3846
      vertex 23.7 59.1322 11.3656
      vertex 23.7 59.0561 11.3846
    endloop
  endfacet
  facet normal 0 0.970217 0.242236
    outer loop
      vertex 31.7 59.6846 10.7561
      vertex 23.7 59.6656 10.8322
      vertex 31.7 59.6656 10.8322
    endloop
  endfacet
  facet normal 0 0.970217 0.242236
    outer loop
      vertex 23.7 59.6656 10.8322
      vertex 31.7 59.6846 10.7561
      vertex 23.7 59.6846 10.7561
    endloop
  endfacet
  facet normal 0 0.998765 0.0496835
    outer loop
      vertex 31.7 59.7 10.6
      vertex 23.7 59.6961 10.6784
      vertex 31.7 59.6961 10.6784
    endloop
  endfacet
  facet normal 0 0.998765 0.0496835
    outer loop
      vertex 23.7 59.6961 10.6784
      vertex 31.7 59.7 10.6
      vertex 23.7 59.7 10.6
    endloop
  endfacet
  facet normal 1 0 0
    outer loop
      vertex 31.7 59.6961 10.6784
      vertex 31.7 59.6961 10.5216
      vertex 31.7 59.7 10.6
    endloop
  endfacet
  facet normal 1 0 0
    outer loop
      vertex 31.7 59.6846 10.7561
      vertex 31.7 59.6961 10.5216
      vertex 31.7 59.6961 10.6784
    endloop
  endfacet
  facet normal 1 0 0
    outer loop
      vertex 31.7 59.6846 10.7561
      vertex 31.7 59.6846 10.4439
      vertex 31.7 59.6961 10.5216
    endloop
  endfacet
  facet normal 1 0 0
    outer loop
      vertex 31.7 59.6656 10.8322
      vertex 31.7 59.6846 10.4439
      vertex 31.7 59.6846 10.7561
    endloop
  endfacet
  facet normal 1 0 0
    outer loop
      vertex 31.7 59.6656 10.8322
      vertex 31.7 59.6656 10.3678
      vertex 31.7 59.6846 10.4439
    endloop
  endfacet
  facet normal 1 0 0
    outer loop
      vertex 31.7 59.6391 10.9061
      vertex 31.7 59.6656 10.3678
      vertex 31.7 59.6656 10.8322
    endloop
  endfacet
  facet normal 1 0 0
    outer loop
      vertex 31.7 59.6391 10.9061
      vertex 31.7 59.6391 10.2939
      vertex 31.7 59.6656 10.3678
    endloop
  endfacet
  facet normal 1 0 0
    outer loop
      vertex 31.7 59.6055 10.9771
      vertex 31.7 59.6391 10.2939
      vertex 31.7 59.6391 10.9061
    endloop
  endfacet
  facet normal 1 0 0
    outer loop
      vertex 31.7 59.6055 10.9771
      vertex 31.7 59.6055 10.2229
      vertex 31.7 59.6391 10.2939
    endloop
  endfacet
  facet normal 1 0 0
    outer loop
      vertex 31.7 59.5652 11.0445
      vertex 31.7 59.6055 10.2229
      vertex 31.7 59.6055 10.9771
    endloop
  endfacet
  facet normal 1 0 0
    outer loop
      vertex 31.7 59.5652 11.0445
      vertex 31.7 59.5652 10.1555
      vertex 31.7 59.6055 10.2229
    endloop
  endfacet
  facet normal 1 0 0
    outer loop
      vertex 31.7 59.5184 11.1075
      vertex 31.7 59.5652 10.1555
      vertex 31.7 59.5652 11.0445
    endloop
  endfacet
  facet normal 1 0 0
    outer loop
      vertex 31.7 59.5184 11.1075
      vertex 31.7 59.5184 10.0925
      vertex 31.7 59.5652 10.1555
    endloop
  endfacet
  facet normal 1 0 0
    outer loop
      vertex 31.7 59.4657 11.1657
      vertex 31.7 59.5184 10.0925
      vertex 31.7 59.5184 11.1075
    endloop
  endfacet
  facet normal 1 0 0
    outer loop
      vertex 31.7 59.4657 11.1657
      vertex 31.7 59.4657 10.0343
      vertex 31.7 59.5184 10.0925
    endloop
  endfacet
  facet normal 1 0 0
    outer loop
      vertex 31.7 59.4075 11.2184
      vertex 31.7 59.4657 10.0343
      vertex 31.7 59.4657 11.1657
    endloop
  endfacet
  facet normal 1 0 0
    outer loop
      vertex 31.7 59.4075 11.2184
      vertex 31.7 59.4075 9.98159
      vertex 31.7 59.4657 10.0343
    endloop
  endfacet
  facet normal 1 0 0
    outer loop
      vertex 31.7 59.3445 11.2652
      vertex 31.7 59.4075 9.98159
      vertex 31.7 59.4075 11.2184
    endloop
  endfacet
  facet normal 1 0 0
    outer loop
      vertex 31.7 59.3445 11.2652
      vertex 31.7 59.3445 9.93482
      vertex 31.7 59.4075 9.98159
    endloop
  endfacet
  facet normal 1 0 0
    outer loop
      vertex 31.7 59.2771 11.3055
      vertex 31.7 59.3445 9.93482
      vertex 31.7 59.3445 11.2652
    endloop
  endfacet
  facet normal 1 0 0
    outer loop
      vertex 31.7 59.2771 11.3055
      vertex 31.7 59.2771 9.89446
      vertex 31.7 59.3445 9.93482
    endloop
  endfacet
  facet normal 1 0 0
    outer loop
      vertex 31.7 59.2061 11.3391
      vertex 31.7 59.2771 9.89446
      vertex 31.7 59.2771 11.3055
    endloop
  endfacet
  facet normal 1 0 0
    outer loop
      vertex 31.7 59.2061 11.3391
      vertex 31.7 59.2061 9.8609
      vertex 31.7 59.2771 9.89446
    endloop
  endfacet
  facet normal 1 0 0
    outer loop
      vertex 31.7 59.1322 11.3656
      vertex 31.7 59.2061 9.8609
      vertex 31.7 59.2061 11.3391
    endloop
  endfacet
  facet normal 1 0 0
    outer loop
      vertex 31.7 59.1322 11.3656
      vertex 31.7 59.1322 9.83445
      vertex 31.7 59.2061 9.8609
    endloop
  endfacet
  facet normal 1 0 0
    outer loop
      vertex 31.7 59.0561 11.3846
      vertex 31.7 59.1322 9.83445
      vertex 31.7 59.1322 11.3656
    endloop
  endfacet
  facet normal 1 0 0
    outer loop
      vertex 31.7 59.0561 11.3846
      vertex 31.7 59.0561 9.81537
      vertex 31.7 59.1322 9.83445
    endloop
  endfacet
  facet normal 1 0 0
    outer loop
      vertex 31.7 58.9784 11.3961
      vertex 31.7 59.0561 9.81537
      vertex 31.7 59.0561 11.3846
    endloop
  endfacet
  facet normal 1 0 0
    outer loop
      vertex 31.7 58.9784 11.3961
      vertex 31.7 58.9784 9.80385
      vertex 31.7 59.0561 9.81537
    endloop
  endfacet
  facet normal 1 0 0
    outer loop
      vertex 31.7 58.9 11.4
      vertex 31.7 58.9784 9.80385
      vertex 31.7 58.9784 11.3961
    endloop
  endfacet
  facet normal 1 0 0
    outer loop
      vertex 31.7 58.9784 9.80385
      vertex 31.7 58.9 11.4
      vertex 31.7 58.9 9.8
    endloop
  endfacet
  facet normal 0 0.336982 -0.941511
    outer loop
      vertex 23.7 59.1322 9.83445
      vertex 31.7 59.2061 9.8609
      vertex 31.7 59.1322 9.83445
    endloop
  endfacet
  facet normal 0 0.336982 -0.941511
    outer loop
      vertex 31.7 59.2061 9.8609
      vertex 23.7 59.1322 9.83445
      vertex 23.7 59.2061 9.8609
    endloop
  endfacet
  facet normal 0 0.741264 -0.671213
    outer loop
      vertex 31.7 59.4657 10.0343
      vertex 23.7 59.5184 10.0925
      vertex 31.7 59.5184 10.0925
    endloop
  endfacet
  facet normal 0 0.741264 -0.671213
    outer loop
      vertex 23.7 59.5184 10.0925
      vertex 31.7 59.4657 10.0343
      vertex 23.7 59.4657 10.0343
    endloop
  endfacet
  facet normal 0 0.802744 0.596324
    outer loop
      vertex 31.7 59.5652 11.0445
      vertex 23.7 59.5184 11.1075
      vertex 31.7 59.5184 11.1075
    endloop
  endfacet
  facet normal 0 0.802744 0.596324
    outer loop
      vertex 23.7 59.5184 11.1075
      vertex 31.7 59.5652 11.0445
      vertex 23.7 59.5652 11.0445
    endloop
  endfacet
  facet normal -0 0.337546 0.941309
    outer loop
      vertex 23.7 59.2061 11.3391
      vertex 31.7 59.1322 11.3656
      vertex 31.7 59.2061 11.3391
    endloop
  endfacet
  facet normal 0 0.337546 0.941309
    outer loop
      vertex 31.7 59.1322 11.3656
      vertex 23.7 59.2061 11.3391
      vertex 23.7 59.1322 11.3656
    endloop
  endfacet
  facet normal 0 0.998765 -0.0496835
    outer loop
      vertex 31.7 59.6961 10.5216
      vertex 23.7 59.7 10.6
      vertex 31.7 59.7 10.6
    endloop
  endfacet
  facet normal 0 0.998765 -0.0496835
    outer loop
      vertex 23.7 59.7 10.6
      vertex 31.7 59.6961 10.5216
      vertex 23.7 59.6961 10.5216
    endloop
  endfacet
  facet normal 0 0.513747 -0.857942
    outer loop
      vertex 23.7 59.2771 9.89446
      vertex 31.7 59.3445 9.93482
      vertex 31.7 59.2771 9.89446
    endloop
  endfacet
  facet normal 0 0.513747 -0.857942
    outer loop
      vertex 31.7 59.3445 9.93482
      vertex 23.7 59.2771 9.89446
      vertex 23.7 59.3445 9.93482
    endloop
  endfacet
  facet normal -0 0.671213 0.741264
    outer loop
      vertex 23.7 59.4657 11.1657
      vertex 31.7 59.4075 11.2184
      vertex 31.7 59.4657 11.1657
    endloop
  endfacet
  facet normal 0 0.671213 0.741264
    outer loop
      vertex 31.7 59.4075 11.2184
      vertex 23.7 59.4657 11.1657
      vertex 23.7 59.4075 11.2184
    endloop
  endfacet
  facet normal 0 0.741264 0.671213
    outer loop
      vertex 31.7 59.5184 11.1075
      vertex 23.7 59.4657 11.1657
      vertex 31.7 59.4657 11.1657
    endloop
  endfacet
  facet normal 0 0.741264 0.671213
    outer loop
      vertex 23.7 59.4657 11.1657
      vertex 31.7 59.5184 11.1075
      vertex 23.7 59.5184 11.1075
    endloop
  endfacet
  facet normal 0 0.596078 -0.802927
    outer loop
      vertex 23.7 59.3445 9.93482
      vertex 31.7 59.4075 9.98159
      vertex 31.7 59.3445 9.93482
    endloop
  endfacet
  facet normal 0 0.596078 -0.802927
    outer loop
      vertex 31.7 59.4075 9.98159
      vertex 23.7 59.3445 9.93482
      vertex 23.7 59.4075 9.98159
    endloop
  endfacet
  facet normal 0 -0.242056 0.970262
    outer loop
      vertex 23.7 2.34393 11.3846
      vertex 31.7 2.26777 11.3656
      vertex 31.7 2.34393 11.3846
    endloop
  endfacet
  facet normal 0 -0.242056 0.970262
    outer loop
      vertex 31.7 2.26777 11.3656
      vertex 23.7 2.34393 11.3846
      vertex 23.7 2.26777 11.3656
    endloop
  endfacet
  facet normal 0 -0.90409 0.427342
    outer loop
      vertex 23.7 1.7609 10.9061
      vertex 31.7 1.79446 10.9771
      vertex 23.7 1.79446 10.9771
    endloop
  endfacet
  facet normal 0 -0.90409 0.427342
    outer loop
      vertex 31.7 1.79446 10.9771
      vertex 23.7 1.7609 10.9061
      vertex 31.7 1.7609 10.9061
    endloop
  endfacet
  facet normal 0 -0.989187 -0.146659
    outer loop
      vertex 23.7 1.71537 10.4439
      vertex 31.7 1.70385 10.5216
      vertex 23.7 1.70385 10.5216
    endloop
  endfacet
  facet normal 0 -0.989187 -0.146659
    outer loop
      vertex 31.7 1.70385 10.5216
      vertex 23.7 1.71537 10.4439
      vertex 31.7 1.71537 10.4439
    endloop
  endfacet
  facet normal 0 -0.998796 -0.049048
    outer loop
      vertex 23.7 1.70385 10.5216
      vertex 31.7 1.7 10.6
      vertex 23.7 1.7 10.6
    endloop
  endfacet
  facet normal 0 -0.998796 -0.049048
    outer loop
      vertex 31.7 1.7 10.6
      vertex 23.7 1.70385 10.5216
      vertex 31.7 1.70385 10.5216
    endloop
  endfacet
  facet normal -0 0 1
    outer loop
      vertex 23.7 2.50001 11.4
      vertex 31.7 2.5 11.4
      vertex 31.7 2.50001 11.4
    endloop
  endfacet
  facet normal 0 0 1
    outer loop
      vertex 31.7 2.5 11.4
      vertex 23.7 2.50001 11.4
      vertex 23.7 2.5 11.4
    endloop
  endfacet
  facet normal 1 -0 0
    outer loop
      vertex 31.7 2.5 11.4
      vertex 31.7 2.50001 9.8
      vertex 31.7 2.50001 11.4
    endloop
  endfacet
  facet normal 1 0 0
    outer loop
      vertex 31.7 2.5 11.4
      vertex 31.7 2.5 9.8
      vertex 31.7 2.50001 9.8
    endloop
  endfacet
  facet normal 1 -0 0
    outer loop
      vertex 31.7 2.42159 11.3961
      vertex 31.7 2.5 9.8
      vertex 31.7 2.5 11.4
    endloop
  endfacet
  facet normal 1 0 0
    outer loop
      vertex 31.7 2.42159 11.3961
      vertex 31.7 2.42159 9.80385
      vertex 31.7 2.5 9.8
    endloop
  endfacet
  facet normal 1 -0 0
    outer loop
      vertex 31.7 2.34393 11.3846
      vertex 31.7 2.42159 9.80385
      vertex 31.7 2.42159 11.3961
    endloop
  endfacet
  facet normal 1 0 0
    outer loop
      vertex 31.7 2.34393 11.3846
      vertex 31.7 2.34393 9.81537
      vertex 31.7 2.42159 9.80385
    endloop
  endfacet
  facet normal 1 -0 0
    outer loop
      vertex 31.7 2.26777 11.3656
      vertex 31.7 2.34393 9.81537
      vertex 31.7 2.34393 11.3846
    endloop
  endfacet
  facet normal 1 0 0
    outer loop
      vertex 31.7 2.26777 11.3656
      vertex 31.7 2.26777 9.83445
      vertex 31.7 2.34393 9.81537
    endloop
  endfacet
  facet normal 1 -0 0
    outer loop
      vertex 31.7 2.19385 11.3391
      vertex 31.7 2.26777 9.83445
      vertex 31.7 2.26777 11.3656
    endloop
  endfacet
  facet normal 1 0 0
    outer loop
      vertex 31.7 2.19385 11.3391
      vertex 31.7 2.19385 9.8609
      vertex 31.7 2.26777 9.83445
    endloop
  endfacet
  facet normal 1 -0 0
    outer loop
      vertex 31.7 2.12288 11.3055
      vertex 31.7 2.19385 9.8609
      vertex 31.7 2.19385 11.3391
    endloop
  endfacet
  facet normal 1 0 0
    outer loop
      vertex 31.7 2.12288 11.3055
      vertex 31.7 2.12288 9.89446
      vertex 31.7 2.19385 9.8609
    endloop
  endfacet
  facet normal 1 -0 0
    outer loop
      vertex 31.7 2.05554 11.2652
      vertex 31.7 2.12288 9.89446
      vertex 31.7 2.12288 11.3055
    endloop
  endfacet
  facet normal 1 0 0
    outer loop
      vertex 31.7 2.05554 11.2652
      vertex 31.7 2.05554 9.93482
      vertex 31.7 2.12288 9.89446
    endloop
  endfacet
  facet normal 1 -0 0
    outer loop
      vertex 31.7 1.99249 11.2184
      vertex 31.7 2.05554 9.93482
      vertex 31.7 2.05554 11.2652
    endloop
  endfacet
  facet normal 1 0 0
    outer loop
      vertex 31.7 1.99249 11.2184
      vertex 31.7 1.99249 9.98159
      vertex 31.7 2.05554 9.93482
    endloop
  endfacet
  facet normal 1 -0 0
    outer loop
      vertex 31.7 1.93432 11.1657
      vertex 31.7 1.99249 9.98159
      vertex 31.7 1.99249 11.2184
    endloop
  endfacet
  facet normal 1 0 0
    outer loop
      vertex 31.7 1.93432 11.1657
      vertex 31.7 1.93432 10.0343
      vertex 31.7 1.99249 9.98159
    endloop
  endfacet
  facet normal 1 -0 0
    outer loop
      vertex 31.7 1.88159 11.1075
      vertex 31.7 1.93432 10.0343
      vertex 31.7 1.93432 11.1657
    endloop
  endfacet
  facet normal 1 0 0
    outer loop
      vertex 31.7 1.88159 11.1075
      vertex 31.7 1.88159 10.0925
      vertex 31.7 1.93432 10.0343
    endloop
  endfacet
  facet normal 1 -0 0
    outer loop
      vertex 31.7 1.83482 11.0445
      vertex 31.7 1.88159 10.0925
      vertex 31.7 1.88159 11.1075
    endloop
  endfacet
  facet normal 1 0 0
    outer loop
      vertex 31.7 1.83482 11.0445
      vertex 31.7 1.83482 10.1555
      vertex 31.7 1.88159 10.0925
    endloop
  endfacet
  facet normal 1 -0 0
    outer loop
      vertex 31.7 1.79446 10.9771
      vertex 31.7 1.83482 10.1555
      vertex 31.7 1.83482 11.0445
    endloop
  endfacet
  facet normal 1 0 0
    outer loop
      vertex 31.7 1.79446 10.9771
      vertex 31.7 1.79446 10.2229
      vertex 31.7 1.83482 10.1555
    endloop
  endfacet
  facet normal 1 -0 0
    outer loop
      vertex 31.7 1.7609 10.9061
      vertex 31.7 1.79446 10.2229
      vertex 31.7 1.79446 10.9771
    endloop
  endfacet
  facet normal 1 0 0
    outer loop
      vertex 31.7 1.7609 10.9061
      vertex 31.7 1.7609 10.2939
      vertex 31.7 1.79446 10.2229
    endloop
  endfacet
  facet normal 1 -0 0
    outer loop
      vertex 31.7 1.73445 10.8322
      vertex 31.7 1.7609 10.2939
      vertex 31.7 1.7609 10.9061
    endloop
  endfacet
  facet normal 1 0 0
    outer loop
      vertex 31.7 1.73445 10.8322
      vertex 31.7 1.73445 10.3678
      vertex 31.7 1.7609 10.2939
    endloop
  endfacet
  facet normal 1 -0 0
    outer loop
      vertex 31.7 1.71537 10.7561
      vertex 31.7 1.73445 10.3678
      vertex 31.7 1.73445 10.8322
    endloop
  endfacet
  facet normal 1 0 0
    outer loop
      vertex 31.7 1.71537 10.7561
      vertex 31.7 1.71537 10.4439
      vertex 31.7 1.73445 10.3678
    endloop
  endfacet
  facet normal 1 -0 0
    outer loop
      vertex 31.7 1.70385 10.6784
      vertex 31.7 1.71537 10.4439
      vertex 31.7 1.71537 10.7561
    endloop
  endfacet
  facet normal 1 0 0
    outer loop
      vertex 31.7 1.70385 10.6784
      vertex 31.7 1.70385 10.5216
      vertex 31.7 1.71537 10.4439
    endloop
  endfacet
  facet normal 1 0 -0
    outer loop
      vertex 31.7 1.70385 10.5216
      vertex 31.7 1.70385 10.6784
      vertex 31.7 1.7 10.6
    endloop
  endfacet
  facet normal 0 -0.0496771 0.998765
    outer loop
      vertex 23.7 2.5 11.4
      vertex 31.7 2.42159 11.3961
      vertex 31.7 2.5 11.4
    endloop
  endfacet
  facet normal 0 -0.0496771 0.998765
    outer loop
      vertex 31.7 2.42159 11.3961
      vertex 23.7 2.5 11.4
      vertex 23.7 2.42159 11.3961
    endloop
  endfacet
  facet normal 0 -0.989187 0.146659
    outer loop
      vertex 23.7 1.70385 10.6784
      vertex 31.7 1.71537 10.7561
      vertex 23.7 1.71537 10.7561
    endloop
  endfacet
  facet normal 0 -0.989187 0.146659
    outer loop
      vertex 31.7 1.71537 10.7561
      vertex 23.7 1.70385 10.6784
      vertex 31.7 1.70385 10.6784
    endloop
  endfacet
  facet normal 0 -0.146733 -0.989176
    outer loop
      vertex 23.7 2.34393 9.81537
      vertex 31.7 2.42159 9.80385
      vertex 31.7 2.34393 9.81537
    endloop
  endfacet
  facet normal -0 -0.146733 -0.989176
    outer loop
      vertex 31.7 2.42159 9.80385
      vertex 23.7 2.34393 9.81537
      vertex 23.7 2.42159 9.80385
    endloop
  endfacet
  facet normal 0 -0.427489 -0.90402
    outer loop
      vertex 23.7 2.12288 9.89446
      vertex 31.7 2.19385 9.8609
      vertex 31.7 2.12288 9.89446
    endloop
  endfacet
  facet normal -0 -0.427489 -0.90402
    outer loop
      vertex 31.7 2.19385 9.8609
      vertex 23.7 2.12288 9.89446
      vertex 23.7 2.19385 9.8609
    endloop
  endfacet
  facet normal 0 -0.857942 0.513747
    outer loop
      vertex 23.7 1.79446 10.9771
      vertex 31.7 1.83482 11.0445
      vertex 23.7 1.83482 11.0445
    endloop
  endfacet
  facet normal 0 -0.857942 0.513747
    outer loop
      vertex 31.7 1.83482 11.0445
      vertex 23.7 1.79446 10.9771
      vertex 31.7 1.79446 10.9771
    endloop
  endfacet
  facet normal 0 -0.596019 0.80297
    outer loop
      vertex 23.7 2.05554 11.2652
      vertex 31.7 1.99249 11.2184
      vertex 31.7 2.05554 11.2652
    endloop
  endfacet
  facet normal 0 -0.596019 0.80297
    outer loop
      vertex 31.7 1.99249 11.2184
      vertex 23.7 2.05554 11.2652
      vertex 23.7 1.99249 11.2184
    endloop
  endfacet
  facet normal 0 -0.336901 -0.94154
    outer loop
      vertex 23.7 2.19385 9.8609
      vertex 31.7 2.26777 9.83445
      vertex 31.7 2.19385 9.8609
    endloop
  endfacet
  facet normal -0 -0.336901 -0.94154
    outer loop
      vertex 31.7 2.26777 9.83445
      vertex 23.7 2.19385 9.8609
      vertex 23.7 2.26777 9.83445
    endloop
  endfacet
  facet normal 0 -0.514084 -0.85774
    outer loop
      vertex 23.7 2.05554 9.93482
      vertex 31.7 2.12288 9.89446
      vertex 31.7 2.05554 9.93482
    endloop
  endfacet
  facet normal -0 -0.514084 -0.85774
    outer loop
      vertex 31.7 2.12288 9.89446
      vertex 23.7 2.05554 9.93482
      vertex 23.7 2.12288 9.89446
    endloop
  endfacet
  facet normal 0 -0.671404 0.741092
    outer loop
      vertex 23.7 1.99249 11.2184
      vertex 31.7 1.93432 11.1657
      vertex 31.7 1.99249 11.2184
    endloop
  endfacet
  facet normal 0 -0.671404 0.741092
    outer loop
      vertex 31.7 1.93432 11.1657
      vertex 23.7 1.99249 11.2184
      vertex 23.7 1.93432 11.1657
    endloop
  endfacet
  facet normal 0 -0.969977 -0.243195
    outer loop
      vertex 23.7 1.73445 10.3678
      vertex 31.7 1.71537 10.4439
      vertex 23.7 1.71537 10.4439
    endloop
  endfacet
  facet normal 0 -0.969977 -0.243195
    outer loop
      vertex 31.7 1.71537 10.4439
      vertex 23.7 1.73445 10.3678
      vertex 31.7 1.73445 10.3678
    endloop
  endfacet
  facet normal 0 -0.941511 0.336982
    outer loop
      vertex 23.7 1.73445 10.8322
      vertex 31.7 1.7609 10.9061
      vertex 23.7 1.7609 10.9061
    endloop
  endfacet
  facet normal 0 -0.941511 0.336982
    outer loop
      vertex 31.7 1.7609 10.9061
      vertex 23.7 1.73445 10.8322
      vertex 31.7 1.73445 10.8322
    endloop
  endfacet
  facet normal 0 -0.146484 0.989213
    outer loop
      vertex 23.7 2.42159 11.3961
      vertex 31.7 2.34393 11.3846
      vertex 31.7 2.42159 11.3961
    endloop
  endfacet
  facet normal 0 -0.146484 0.989213
    outer loop
      vertex 31.7 2.34393 11.3846
      vertex 23.7 2.42159 11.3961
      vertex 23.7 2.34393 11.3846
    endloop
  endfacet
  facet normal 0 -0.857942 -0.513747
    outer loop
      vertex 23.7 1.83482 10.1555
      vertex 31.7 1.79446 10.2229
      vertex 23.7 1.79446 10.2229
    endloop
  endfacet
  facet normal 0 -0.857942 -0.513747
    outer loop
      vertex 31.7 1.79446 10.2229
      vertex 23.7 1.83482 10.1555
      vertex 31.7 1.83482 10.1555
    endloop
  endfacet
  facet normal 0 -0.969977 0.243195
    outer loop
      vertex 23.7 1.71537 10.7561
      vertex 31.7 1.73445 10.8322
      vertex 23.7 1.73445 10.8322
    endloop
  endfacet
  facet normal 0 -0.969977 0.243195
    outer loop
      vertex 31.7 1.73445 10.8322
      vertex 23.7 1.71537 10.7561
      vertex 31.7 1.71537 10.7561
    endloop
  endfacet
  facet normal 0 -0.337466 0.941338
    outer loop
      vertex 23.7 2.26777 11.3656
      vertex 31.7 2.19385 11.3391
      vertex 31.7 2.26777 11.3656
    endloop
  endfacet
  facet normal 0 -0.337466 0.941338
    outer loop
      vertex 31.7 2.19385 11.3391
      vertex 23.7 2.26777 11.3656
      vertex 23.7 2.19385 11.3391
    endloop
  endfacet
  facet normal 0 -0.941511 -0.336982
    outer loop
      vertex 23.7 1.7609 10.2939
      vertex 31.7 1.73445 10.3678
      vertex 23.7 1.73445 10.3678
    endloop
  endfacet
  facet normal 0 -0.941511 -0.336982
    outer loop
      vertex 31.7 1.73445 10.3678
      vertex 23.7 1.7609 10.2939
      vertex 31.7 1.7609 10.2939
    endloop
  endfacet
  facet normal 0 -0.802927 0.596078
    outer loop
      vertex 23.7 1.83482 11.0445
      vertex 31.7 1.88159 11.1075
      vertex 23.7 1.88159 11.1075
    endloop
  endfacet
  facet normal 0 -0.802927 0.596078
    outer loop
      vertex 31.7 1.88159 11.1075
      vertex 23.7 1.83482 11.0445
      vertex 31.7 1.83482 11.0445
    endloop
  endfacet
  facet normal 0 -0.427906 0.903823
    outer loop
      vertex 23.7 2.19385 11.3391
      vertex 31.7 2.12288 11.3055
      vertex 31.7 2.19385 11.3391
    endloop
  endfacet
  facet normal 0 -0.427906 0.903823
    outer loop
      vertex 31.7 2.12288 11.3055
      vertex 23.7 2.19385 11.3391
      vertex 23.7 2.12288 11.3055
    endloop
  endfacet
  facet normal 0 -0.513521 0.858077
    outer loop
      vertex 23.7 2.12288 11.3055
      vertex 31.7 2.05554 11.2652
      vertex 31.7 2.12288 11.3055
    endloop
  endfacet
  facet normal 0 -0.513521 0.858077
    outer loop
      vertex 31.7 2.05554 11.2652
      vertex 23.7 2.12288 11.3055
      vertex 23.7 2.05554 11.2652
    endloop
  endfacet
  facet normal -1 0 0
    outer loop
      vertex 23.7 2.5 9.8
      vertex 23.7 2.50001 11.4
      vertex 23.7 2.50001 9.8
    endloop
  endfacet
  facet normal -1 0 0
    outer loop
      vertex 23.7 2.5 9.8
      vertex 23.7 2.5 11.4
      vertex 23.7 2.50001 11.4
    endloop
  endfacet
  facet normal -1 0 0
    outer loop
      vertex 23.7 2.42159 9.80385
      vertex 23.7 2.5 11.4
      vertex 23.7 2.5 9.8
    endloop
  endfacet
  facet normal -1 0 0
    outer loop
      vertex 23.7 2.42159 9.80385
      vertex 23.7 2.42159 11.3961
      vertex 23.7 2.5 11.4
    endloop
  endfacet
  facet normal -1 0 0
    outer loop
      vertex 23.7 2.34393 9.81537
      vertex 23.7 2.42159 11.3961
      vertex 23.7 2.42159 9.80385
    endloop
  endfacet
  facet normal -1 0 0
    outer loop
      vertex 23.7 2.34393 9.81537
      vertex 23.7 2.34393 11.3846
      vertex 23.7 2.42159 11.3961
    endloop
  endfacet
  facet normal -1 0 0
    outer loop
      vertex 23.7 2.26777 9.83445
      vertex 23.7 2.34393 11.3846
      vertex 23.7 2.34393 9.81537
    endloop
  endfacet
  facet normal -1 0 0
    outer loop
      vertex 23.7 2.26777 9.83445
      vertex 23.7 2.26777 11.3656
      vertex 23.7 2.34393 11.3846
    endloop
  endfacet
  facet normal -1 0 0
    outer loop
      vertex 23.7 2.19385 9.8609
      vertex 23.7 2.26777 11.3656
      vertex 23.7 2.26777 9.83445
    endloop
  endfacet
  facet normal -1 0 0
    outer loop
      vertex 23.7 2.19385 9.8609
      vertex 23.7 2.19385 11.3391
      vertex 23.7 2.26777 11.3656
    endloop
  endfacet
  facet normal -1 0 0
    outer loop
      vertex 23.7 2.12288 9.89446
      vertex 23.7 2.19385 11.3391
      vertex 23.7 2.19385 9.8609
    endloop
  endfacet
  facet normal -1 0 0
    outer loop
      vertex 23.7 2.12288 9.89446
      vertex 23.7 2.12288 11.3055
      vertex 23.7 2.19385 11.3391
    endloop
  endfacet
  facet normal -1 0 0
    outer loop
      vertex 23.7 2.05554 9.93482
      vertex 23.7 2.12288 11.3055
      vertex 23.7 2.12288 9.89446
    endloop
  endfacet
  facet normal -1 0 0
    outer loop
      vertex 23.7 2.05554 9.93482
      vertex 23.7 2.05554 11.2652
      vertex 23.7 2.12288 11.3055
    endloop
  endfacet
  facet normal -1 0 0
    outer loop
      vertex 23.7 1.99249 9.98159
      vertex 23.7 2.05554 11.2652
      vertex 23.7 2.05554 9.93482
    endloop
  endfacet
  facet normal -1 0 0
    outer loop
      vertex 23.7 1.99249 9.98159
      vertex 23.7 1.99249 11.2184
      vertex 23.7 2.05554 11.2652
    endloop
  endfacet
  facet normal -1 0 0
    outer loop
      vertex 23.7 1.93432 10.0343
      vertex 23.7 1.99249 11.2184
      vertex 23.7 1.99249 9.98159
    endloop
  endfacet
  facet normal -1 0 0
    outer loop
      vertex 23.7 1.93432 10.0343
      vertex 23.7 1.93432 11.1657
      vertex 23.7 1.99249 11.2184
    endloop
  endfacet
  facet normal -1 0 0
    outer loop
      vertex 23.7 1.88159 10.0925
      vertex 23.7 1.93432 11.1657
      vertex 23.7 1.93432 10.0343
    endloop
  endfacet
  facet normal -1 0 0
    outer loop
      vertex 23.7 1.88159 10.0925
      vertex 23.7 1.88159 11.1075
      vertex 23.7 1.93432 11.1657
    endloop
  endfacet
  facet normal -1 0 0
    outer loop
      vertex 23.7 1.83482 10.1555
      vertex 23.7 1.88159 11.1075
      vertex 23.7 1.88159 10.0925
    endloop
  endfacet
  facet normal -1 0 0
    outer loop
      vertex 23.7 1.83482 10.1555
      vertex 23.7 1.83482 11.0445
      vertex 23.7 1.88159 11.1075
    endloop
  endfacet
  facet normal -1 0 0
    outer loop
      vertex 23.7 1.79446 10.2229
      vertex 23.7 1.83482 11.0445
      vertex 23.7 1.83482 10.1555
    endloop
  endfacet
  facet normal -1 0 0
    outer loop
      vertex 23.7 1.79446 10.2229
      vertex 23.7 1.79446 10.9771
      vertex 23.7 1.83482 11.0445
    endloop
  endfacet
  facet normal -1 0 0
    outer loop
      vertex 23.7 1.7609 10.2939
      vertex 23.7 1.79446 10.9771
      vertex 23.7 1.79446 10.2229
    endloop
  endfacet
  facet normal -1 0 0
    outer loop
      vertex 23.7 1.7609 10.2939
      vertex 23.7 1.7609 10.9061
      vertex 23.7 1.79446 10.9771
    endloop
  endfacet
  facet normal -1 0 0
    outer loop
      vertex 23.7 1.73445 10.3678
      vertex 23.7 1.7609 10.9061
      vertex 23.7 1.7609 10.2939
    endloop
  endfacet
  facet normal -1 0 0
    outer loop
      vertex 23.7 1.73445 10.3678
      vertex 23.7 1.73445 10.8322
      vertex 23.7 1.7609 10.9061
    endloop
  endfacet
  facet normal -1 0 0
    outer loop
      vertex 23.7 1.71537 10.4439
      vertex 23.7 1.73445 10.8322
      vertex 23.7 1.73445 10.3678
    endloop
  endfacet
  facet normal -1 0 0
    outer loop
      vertex 23.7 1.71537 10.4439
      vertex 23.7 1.71537 10.7561
      vertex 23.7 1.73445 10.8322
    endloop
  endfacet
  facet normal -1 0 0
    outer loop
      vertex 23.7 1.70385 10.5216
      vertex 23.7 1.71537 10.7561
      vertex 23.7 1.71537 10.4439
    endloop
  endfacet
  facet normal -1 0 0
    outer loop
      vertex 23.7 1.70385 10.5216
      vertex 23.7 1.70385 10.6784
      vertex 23.7 1.71537 10.7561
    endloop
  endfacet
  facet normal -1 0 -0
    outer loop
      vertex 23.7 1.70385 10.6784
      vertex 23.7 1.70385 10.5216
      vertex 23.7 1.7 10.6
    endloop
  endfacet
  facet normal 0 -0.802927 -0.596078
    outer loop
      vertex 23.7 1.88159 10.0925
      vertex 31.7 1.83482 10.1555
      vertex 23.7 1.83482 10.1555
    endloop
  endfacet
  facet normal 0 -0.802927 -0.596078
    outer loop
      vertex 31.7 1.83482 10.1555
      vertex 23.7 1.88159 10.0925
      vertex 31.7 1.88159 10.0925
    endloop
  endfacet
  facet normal 0 -0.741074 -0.671423
    outer loop
      vertex 23.7 1.93432 10.0343
      vertex 31.7 1.88159 10.0925
      vertex 23.7 1.88159 10.0925
    endloop
  endfacet
  facet normal 0 -0.741074 -0.671423
    outer loop
      vertex 31.7 1.88159 10.0925
      vertex 23.7 1.93432 10.0343
      vertex 31.7 1.93432 10.0343
    endloop
  endfacet
  facet normal 0 -0.90409 -0.427342
    outer loop
      vertex 23.7 1.79446 10.2229
      vertex 31.7 1.7609 10.2939
      vertex 23.7 1.7609 10.2939
    endloop
  endfacet
  facet normal 0 -0.90409 -0.427342
    outer loop
      vertex 31.7 1.7609 10.2939
      vertex 23.7 1.79446 10.2229
      vertex 31.7 1.79446 10.2229
    endloop
  endfacet
  facet normal 0 0 -1
    outer loop
      vertex 23.7 2.5 9.8
      vertex 31.7 2.50001 9.8
      vertex 31.7 2.5 9.8
    endloop
  endfacet
  facet normal -0 0 -1
    outer loop
      vertex 31.7 2.50001 9.8
      vertex 23.7 2.5 9.8
      vertex 23.7 2.50001 9.8
    endloop
  endfacet
  facet normal 0 -0.671474 -0.741029
    outer loop
      vertex 23.7 1.93432 10.0343
      vertex 31.7 1.99249 9.98159
      vertex 31.7 1.93432 10.0343
    endloop
  endfacet
  facet normal -0 -0.671474 -0.741029
    outer loop
      vertex 31.7 1.99249 9.98159
      vertex 23.7 1.93432 10.0343
      vertex 23.7 1.99249 9.98159
    endloop
  endfacet
  facet normal 0 -0.741074 0.671423
    outer loop
      vertex 23.7 1.88159 11.1075
      vertex 31.7 1.93432 11.1657
      vertex 23.7 1.93432 11.1657
    endloop
  endfacet
  facet normal 0 -0.741074 0.671423
    outer loop
      vertex 31.7 1.93432 11.1657
      vertex 23.7 1.88159 11.1075
      vertex 31.7 1.88159 11.1075
    endloop
  endfacet
  facet normal 0 -0.243015 -0.970023
    outer loop
      vertex 23.7 2.26777 9.83445
      vertex 31.7 2.34393 9.81537
      vertex 31.7 2.26777 9.83445
    endloop
  endfacet
  facet normal -0 -0.243015 -0.970023
    outer loop
      vertex 31.7 2.34393 9.81537
      vertex 23.7 2.26777 9.83445
      vertex 23.7 2.34393 9.81537
    endloop
  endfacet
  facet normal 0 -0.998796 0.049048
    outer loop
      vertex 23.7 1.7 10.6
      vertex 31.7 1.70385 10.6784
      vertex 23.7 1.70385 10.6784
    endloop
  endfacet
  facet normal 0 -0.998796 0.049048
    outer loop
      vertex 31.7 1.70385 10.6784
      vertex 23.7 1.7 10.6
      vertex 31.7 1.7 10.6
    endloop
  endfacet
  facet normal 0 -0.0490418 -0.998797
    outer loop
      vertex 23.7 2.42159 9.80385
      vertex 31.7 2.5 9.8
      vertex 31.7 2.42159 9.80385
    endloop
  endfacet
  facet normal -0 -0.0490418 -0.998797
    outer loop
      vertex 31.7 2.5 9.8
      vertex 23.7 2.42159 9.80385
      vertex 23.7 2.5 9.8
    endloop
  endfacet
  facet normal 0 -0.595773 -0.803153
    outer loop
      vertex 23.7 1.99249 9.98159
      vertex 31.7 2.05554 9.93482
      vertex 31.7 1.99249 9.98159
    endloop
  endfacet
  facet normal -0 -0.595773 -0.803153
    outer loop
      vertex 31.7 2.05554 9.93482
      vertex 23.7 1.99249 9.98159
      vertex 23.7 2.05554 9.93482
    endloop
  endfacet
  facet normal 0 0.903893 0.427758
    outer loop
      vertex 72.7 59.6391 10.9061
      vertex 64.7 59.6055 10.9771
      vertex 72.7 59.6055 10.9771
    endloop
  endfacet
  facet normal 0 0.903893 0.427758
    outer loop
      vertex 64.7 59.6055 10.9771
      vertex 72.7 59.6391 10.9061
      vertex 64.7 59.6391 10.9061
    endloop
  endfacet
  facet normal -0 0.0496835 0.998765
    outer loop
      vertex 64.7 58.9784 11.3961
      vertex 72.7 58.9 11.4
      vertex 72.7 58.9784 11.3961
    endloop
  endfacet
  facet normal 0 0.0496835 0.998765
    outer loop
      vertex 72.7 58.9 11.4
      vertex 64.7 58.9784 11.3961
      vertex 64.7 58.9 11.4
    endloop
  endfacet
  facet normal 0 0.671283 -0.741201
    outer loop
      vertex 64.7 59.4075 9.98159
      vertex 72.7 59.4657 10.0343
      vertex 72.7 59.4075 9.98159
    endloop
  endfacet
  facet normal 0 0.671283 -0.741201
    outer loop
      vertex 72.7 59.4657 10.0343
      vertex 64.7 59.4075 9.98159
      vertex 64.7 59.4657 10.0343
    endloop
  endfacet
  facet normal 0 0.858278 -0.513184
    outer loop
      vertex 72.7 59.5652 10.1555
      vertex 64.7 59.6055 10.2229
      vertex 72.7 59.6055 10.2229
    endloop
  endfacet
  facet normal 0 0.858278 -0.513184
    outer loop
      vertex 64.7 59.6055 10.2229
      vertex 72.7 59.5652 10.1555
      vertex 64.7 59.5652 10.1555
    endloop
  endfacet
  facet normal -0 0.513184 0.858278
    outer loop
      vertex 64.7 59.3445 11.2652
      vertex 72.7 59.2771 11.3055
      vertex 72.7 59.3445 11.2652
    endloop
  endfacet
  facet normal 0 0.513184 0.858278
    outer loop
      vertex 72.7 59.2771 11.3055
      vertex 64.7 59.3445 11.2652
      vertex 64.7 59.2771 11.3055
    endloop
  endfacet
  facet normal 0 0.802744 -0.596324
    outer loop
      vertex 72.7 59.5184 10.0925
      vertex 64.7 59.5652 10.1555
      vertex 72.7 59.5652 10.1555
    endloop
  endfacet
  facet normal 0 0.802744 -0.596324
    outer loop
      vertex 64.7 59.5652 10.1555
      vertex 72.7 59.5184 10.0925
      vertex 64.7 59.5184 10.0925
    endloop
  endfacet
  facet normal 0 0.941309 0.337546
    outer loop
      vertex 72.7 59.6656 10.8322
      vertex 64.7 59.6391 10.9061
      vertex 72.7 59.6391 10.9061
    endloop
  endfacet
  facet normal 0 0.941309 0.337546
    outer loop
      vertex 64.7 59.6391 10.9061
      vertex 72.7 59.6656 10.8322
      vertex 64.7 59.6656 10.8322
    endloop
  endfacet
  facet normal 0 0.049048 -0.998796
    outer loop
      vertex 64.7 58.9 9.8
      vertex 72.7 58.9784 9.80385
      vertex 72.7 58.9 9.8
    endloop
  endfacet
  facet normal 0 0.049048 -0.998796
    outer loop
      vertex 72.7 58.9784 9.80385
      vertex 64.7 58.9 9.8
      vertex 64.7 58.9784 9.80385
    endloop
  endfacet
  facet normal 0 0.903893 -0.427758
    outer loop
      vertex 72.7 59.6055 10.2229
      vertex 64.7 59.6391 10.2939
      vertex 72.7 59.6391 10.2939
    endloop
  endfacet
  facet normal 0 0.903893 -0.427758
    outer loop
      vertex 64.7 59.6391 10.2939
      vertex 72.7 59.6055 10.2229
      vertex 64.7 59.6055 10.2229
    endloop
  endfacet
  facet normal 0 0.989224 0.14641
    outer loop
      vertex 72.7 59.6961 10.6784
      vertex 64.7 59.6846 10.7561
      vertex 72.7 59.6846 10.7561
    endloop
  endfacet
  facet normal 0 0.989224 0.14641
    outer loop
      vertex 64.7 59.6846 10.7561
      vertex 72.7 59.6961 10.6784
      vertex 64.7 59.6961 10.6784
    endloop
  endfacet
  facet normal -1 0 0
    outer loop
      vertex 64.7 59.6961 10.5216
      vertex 64.7 59.6961 10.6784
      vertex 64.7 59.7 10.6
    endloop
  endfacet
  facet normal -1 0 0
    outer loop
      vertex 64.7 59.6846 10.4439
      vertex 64.7 59.6961 10.6784
      vertex 64.7 59.6961 10.5216
    endloop
  endfacet
  facet normal -1 0 0
    outer loop
      vertex 64.7 59.6846 10.4439
      vertex 64.7 59.6846 10.7561
      vertex 64.7 59.6961 10.6784
    endloop
  endfacet
  facet normal -1 0 0
    outer loop
      vertex 64.7 59.6656 10.3678
      vertex 64.7 59.6846 10.7561
      vertex 64.7 59.6846 10.4439
    endloop
  endfacet
  facet normal -1 0 0
    outer loop
      vertex 64.7 59.6656 10.3678
      vertex 64.7 59.6656 10.8322
      vertex 64.7 59.6846 10.7561
    endloop
  endfacet
  facet normal -1 0 0
    outer loop
      vertex 64.7 59.6391 10.2939
      vertex 64.7 59.6656 10.8322
      vertex 64.7 59.6656 10.3678
    endloop
  endfacet
  facet normal -1 0 0
    outer loop
      vertex 64.7 59.6391 10.2939
      vertex 64.7 59.6391 10.9061
      vertex 64.7 59.6656 10.8322
    endloop
  endfacet
  facet normal -1 0 0
    outer loop
      vertex 64.7 59.6055 10.2229
      vertex 64.7 59.6391 10.9061
      vertex 64.7 59.6391 10.2939
    endloop
  endfacet
  facet normal -1 0 0
    outer loop
      vertex 64.7 59.6055 10.2229
      vertex 64.7 59.6055 10.9771
      vertex 64.7 59.6391 10.9061
    endloop
  endfacet
  facet normal -1 0 0
    outer loop
      vertex 64.7 59.5652 10.1555
      vertex 64.7 59.6055 10.9771
      vertex 64.7 59.6055 10.2229
    endloop
  endfacet
  facet normal -1 0 0
    outer loop
      vertex 64.7 59.5652 10.1555
      vertex 64.7 59.5652 11.0445
      vertex 64.7 59.6055 10.9771
    endloop
  endfacet
  facet normal -1 0 0
    outer loop
      vertex 64.7 59.5184 10.0925
      vertex 64.7 59.5652 11.0445
      vertex 64.7 59.5652 10.1555
    endloop
  endfacet
  facet normal -1 0 0
    outer loop
      vertex 64.7 59.5184 10.0925
      vertex 64.7 59.5184 11.1075
      vertex 64.7 59.5652 11.0445
    endloop
  endfacet
  facet normal -1 0 0
    outer loop
      vertex 64.7 59.4657 10.0343
      vertex 64.7 59.5184 11.1075
      vertex 64.7 59.5184 10.0925
    endloop
  endfacet
  facet normal -1 0 0
    outer loop
      vertex 64.7 59.4657 10.0343
      vertex 64.7 59.4657 11.1657
      vertex 64.7 59.5184 11.1075
    endloop
  endfacet
  facet normal -1 0 0
    outer loop
      vertex 64.7 59.4075 9.98159
      vertex 64.7 59.4657 11.1657
      vertex 64.7 59.4657 10.0343
    endloop
  endfacet
  facet normal -1 0 0
    outer loop
      vertex 64.7 59.4075 9.98159
      vertex 64.7 59.4075 11.2184
      vertex 64.7 59.4657 11.1657
    endloop
  endfacet
  facet normal -1 0 0
    outer loop
      vertex 64.7 59.3445 9.93482
      vertex 64.7 59.4075 11.2184
      vertex 64.7 59.4075 9.98159
    endloop
  endfacet
  facet normal -1 0 0
    outer loop
      vertex 64.7 59.3445 9.93482
      vertex 64.7 59.3445 11.2652
      vertex 64.7 59.4075 11.2184
    endloop
  endfacet
  facet normal -1 0 0
    outer loop
      vertex 64.7 59.2771 9.89446
      vertex 64.7 59.3445 11.2652
      vertex 64.7 59.3445 9.93482
    endloop
  endfacet
  facet normal -1 0 0
    outer loop
      vertex 64.7 59.2771 9.89446
      vertex 64.7 59.2771 11.3055
      vertex 64.7 59.3445 11.2652
    endloop
  endfacet
  facet normal -1 0 0
    outer loop
      vertex 64.7 59.2061 9.8609
      vertex 64.7 59.2771 11.3055
      vertex 64.7 59.2771 9.89446
    endloop
  endfacet
  facet normal -1 0 0
    outer loop
      vertex 64.7 59.2061 9.8609
      vertex 64.7 59.2061 11.3391
      vertex 64.7 59.2771 11.3055
    endloop
  endfacet
  facet normal -1 0 0
    outer loop
      vertex 64.7 59.1322 9.83445
      vertex 64.7 59.2061 11.3391
      vertex 64.7 59.2061 9.8609
    endloop
  endfacet
  facet normal -1 0 0
    outer loop
      vertex 64.7 59.1322 9.83445
      vertex 64.7 59.1322 11.3656
      vertex 64.7 59.2061 11.3391
    endloop
  endfacet
  facet normal -1 0 0
    outer loop
      vertex 64.7 59.0561 9.81537
      vertex 64.7 59.1322 11.3656
      vertex 64.7 59.1322 9.83445
    endloop
  endfacet
  facet normal -1 0 0
    outer loop
      vertex 64.7 59.0561 9.81537
      vertex 64.7 59.0561 11.3846
      vertex 64.7 59.1322 11.3656
    endloop
  endfacet
  facet normal -1 0 0
    outer loop
      vertex 64.7 58.9784 9.80385
      vertex 64.7 59.0561 11.3846
      vertex 64.7 59.0561 9.81537
    endloop
  endfacet
  facet normal -1 0 0
    outer loop
      vertex 64.7 58.9784 9.80385
      vertex 64.7 58.9784 11.3961
      vertex 64.7 59.0561 11.3846
    endloop
  endfacet
  facet normal -1 0 0
    outer loop
      vertex 64.7 58.9 9.8
      vertex 64.7 58.9784 11.3961
      vertex 64.7 58.9784 9.80385
    endloop
  endfacet
  facet normal -1 -0 0
    outer loop
      vertex 64.7 58.9784 11.3961
      vertex 64.7 58.9 9.8
      vertex 64.7 58.9 11.4
    endloop
  endfacet
  facet normal 0 0.427342 -0.90409
    outer loop
      vertex 64.7 59.2061 9.8609
      vertex 72.7 59.2771 9.89446
      vertex 72.7 59.2061 9.8609
    endloop
  endfacet
  facet normal 0 0.427342 -0.90409
    outer loop
      vertex 72.7 59.2771 9.89446
      vertex 64.7 59.2061 9.8609
      vertex 64.7 59.2771 9.89446
    endloop
  endfacet
  facet normal 0 0.858278 0.513184
    outer loop
      vertex 72.7 59.6055 10.9771
      vertex 64.7 59.5652 11.0445
      vertex 72.7 59.5652 11.0445
    endloop
  endfacet
  facet normal 0 0.858278 0.513184
    outer loop
      vertex 64.7 59.5652 11.0445
      vertex 72.7 59.6055 10.9771
      vertex 64.7 59.6055 10.9771
    endloop
  endfacet
  facet normal -0 0.596324 0.802744
    outer loop
      vertex 64.7 59.4075 11.2184
      vertex 72.7 59.3445 11.2652
      vertex 72.7 59.4075 11.2184
    endloop
  endfacet
  facet normal 0 0.596324 0.802744
    outer loop
      vertex 72.7 59.3445 11.2652
      vertex 64.7 59.4075 11.2184
      vertex 64.7 59.3445 11.2652
    endloop
  endfacet
  facet normal -0 0.427758 0.903893
    outer loop
      vertex 64.7 59.2771 11.3055
      vertex 72.7 59.2061 11.3391
      vertex 72.7 59.2771 11.3055
    endloop
  endfacet
  facet normal 0 0.427758 0.903893
    outer loop
      vertex 72.7 59.2061 11.3391
      vertex 64.7 59.2771 11.3055
      vertex 64.7 59.2061 11.3391
    endloop
  endfacet
  facet normal 0 0.970217 -0.242236
    outer loop
      vertex 72.7 59.6656 10.3678
      vertex 64.7 59.6846 10.4439
      vertex 72.7 59.6846 10.4439
    endloop
  endfacet
  facet normal 0 0.970217 -0.242236
    outer loop
      vertex 64.7 59.6846 10.4439
      vertex 72.7 59.6656 10.3678
      vertex 64.7 59.6656 10.3678
    endloop
  endfacet
  facet normal 0 0.243195 -0.969977
    outer loop
      vertex 64.7 59.0561 9.81537
      vertex 72.7 59.1322 9.83445
      vertex 72.7 59.0561 9.81537
    endloop
  endfacet
  facet normal 0 0.243195 -0.969977
    outer loop
      vertex 72.7 59.1322 9.83445
      vertex 64.7 59.0561 9.81537
      vertex 64.7 59.1322 9.83445
    endloop
  endfacet
  facet normal 0 0.989224 -0.14641
    outer loop
      vertex 72.7 59.6846 10.4439
      vertex 64.7 59.6961 10.5216
      vertex 72.7 59.6961 10.5216
    endloop
  endfacet
  facet normal 0 0.989224 -0.14641
    outer loop
      vertex 64.7 59.6961 10.5216
      vertex 72.7 59.6846 10.4439
      vertex 64.7 59.6846 10.4439
    endloop
  endfacet
  facet normal 0 0.941309 -0.337546
    outer loop
      vertex 72.7 59.6391 10.2939
      vertex 64.7 59.6656 10.3678
      vertex 72.7 59.6656 10.3678
    endloop
  endfacet
  facet normal 0 0.941309 -0.337546
    outer loop
      vertex 64.7 59.6656 10.3678
      vertex 72.7 59.6391 10.2939
      vertex 64.7 59.6391 10.2939
    endloop
  endfacet
  facet normal -0 0.14641 0.989224
    outer loop
      vertex 64.7 59.0561 11.3846
      vertex 72.7 58.9784 11.3961
      vertex 72.7 59.0561 11.3846
    endloop
  endfacet
  facet normal 0 0.14641 0.989224
    outer loop
      vertex 72.7 58.9784 11.3961
      vertex 64.7 59.0561 11.3846
      vertex 64.7 58.9784 11.3961
    endloop
  endfacet
  facet normal 0 0.146659 -0.989187
    outer loop
      vertex 64.7 58.9784 9.80385
      vertex 72.7 59.0561 9.81537
      vertex 72.7 58.9784 9.80385
    endloop
  endfacet
  facet normal 0 0.146659 -0.989187
    outer loop
      vertex 72.7 59.0561 9.81537
      vertex 64.7 58.9784 9.80385
      vertex 64.7 59.0561 9.81537
    endloop
  endfacet
  facet normal -0 0.242236 0.970217
    outer loop
      vertex 64.7 59.1322 11.3656
      vertex 72.7 59.0561 11.3846
      vertex 72.7 59.1322 11.3656
    endloop
  endfacet
  facet normal 0 0.242236 0.970217
    outer loop
      vertex 72.7 59.0561 11.3846
      vertex 64.7 59.1322 11.3656
      vertex 64.7 59.0561 11.3846
    endloop
  endfacet
  facet normal 0 0.970217 0.242236
    outer loop
      vertex 72.7 59.6846 10.7561
      vertex 64.7 59.6656 10.8322
      vertex 72.7 59.6656 10.8322
    endloop
  endfacet
  facet normal 0 0.970217 0.242236
    outer loop
      vertex 64.7 59.6656 10.8322
      vertex 72.7 59.6846 10.7561
      vertex 64.7 59.6846 10.7561
    endloop
  endfacet
  facet normal 0 0.998765 0.0496835
    outer loop
      vertex 72.7 59.7 10.6
      vertex 64.7 59.6961 10.6784
      vertex 72.7 59.6961 10.6784
    endloop
  endfacet
  facet normal 0 0.998765 0.0496835
    outer loop
      vertex 64.7 59.6961 10.6784
      vertex 72.7 59.7 10.6
      vertex 64.7 59.7 10.6
    endloop
  endfacet
  facet normal 1 0 0
    outer loop
      vertex 72.7 59.6961 10.6784
      vertex 72.7 59.6961 10.5216
      vertex 72.7 59.7 10.6
    endloop
  endfacet
  facet normal 1 0 0
    outer loop
      vertex 72.7 59.6846 10.7561
      vertex 72.7 59.6961 10.5216
      vertex 72.7 59.6961 10.6784
    endloop
  endfacet
  facet normal 1 0 0
    outer loop
      vertex 72.7 59.6846 10.7561
      vertex 72.7 59.6846 10.4439
      vertex 72.7 59.6961 10.5216
    endloop
  endfacet
  facet normal 1 0 0
    outer loop
      vertex 72.7 59.6656 10.8322
      vertex 72.7 59.6846 10.4439
      vertex 72.7 59.6846 10.7561
    endloop
  endfacet
  facet normal 1 0 0
    outer loop
      vertex 72.7 59.6656 10.8322
      vertex 72.7 59.6656 10.3678
      vertex 72.7 59.6846 10.4439
    endloop
  endfacet
  facet normal 1 0 0
    outer loop
      vertex 72.7 59.6391 10.9061
      vertex 72.7 59.6656 10.3678
      vertex 72.7 59.6656 10.8322
    endloop
  endfacet
  facet normal 1 0 0
    outer loop
      vertex 72.7 59.6391 10.9061
      vertex 72.7 59.6391 10.2939
      vertex 72.7 59.6656 10.3678
    endloop
  endfacet
  facet normal 1 0 0
    outer loop
      vertex 72.7 59.6055 10.9771
      vertex 72.7 59.6391 10.2939
      vertex 72.7 59.6391 10.9061
    endloop
  endfacet
  facet normal 1 0 0
    outer loop
      vertex 72.7 59.6055 10.9771
      vertex 72.7 59.6055 10.2229
      vertex 72.7 59.6391 10.2939
    endloop
  endfacet
  facet normal 1 0 0
    outer loop
      vertex 72.7 59.5652 11.0445
      vertex 72.7 59.6055 10.2229
      vertex 72.7 59.6055 10.9771
    endloop
  endfacet
  facet normal 1 0 0
    outer loop
      vertex 72.7 59.5652 11.0445
      vertex 72.7 59.5652 10.1555
      vertex 72.7 59.6055 10.2229
    endloop
  endfacet
  facet normal 1 0 0
    outer loop
      vertex 72.7 59.5184 11.1075
      vertex 72.7 59.5652 10.1555
      vertex 72.7 59.5652 11.0445
    endloop
  endfacet
  facet normal 1 0 0
    outer loop
      vertex 72.7 59.5184 11.1075
      vertex 72.7 59.5184 10.0925
      vertex 72.7 59.5652 10.1555
    endloop
  endfacet
  facet normal 1 0 0
    outer loop
      vertex 72.7 59.4657 11.1657
      vertex 72.7 59.5184 10.0925
      vertex 72.7 59.5184 11.1075
    endloop
  endfacet
  facet normal 1 0 0
    outer loop
      vertex 72.7 59.4657 11.1657
      vertex 72.7 59.4657 10.0343
      vertex 72.7 59.5184 10.0925
    endloop
  endfacet
  facet normal 1 0 0
    outer loop
      vertex 72.7 59.4075 11.2184
      vertex 72.7 59.4657 10.0343
      vertex 72.7 59.4657 11.1657
    endloop
  endfacet
  facet normal 1 0 0
    outer loop
      vertex 72.7 59.4075 11.2184
      vertex 72.7 59.4075 9.98159
      vertex 72.7 59.4657 10.0343
    endloop
  endfacet
  facet normal 1 0 0
    outer loop
      vertex 72.7 59.3445 11.2652
      vertex 72.7 59.4075 9.98159
      vertex 72.7 59.4075 11.2184
    endloop
  endfacet
  facet normal 1 0 0
    outer loop
      vertex 72.7 59.3445 11.2652
      vertex 72.7 59.3445 9.93482
      vertex 72.7 59.4075 9.98159
    endloop
  endfacet
  facet normal 1 0 0
    outer loop
      vertex 72.7 59.2771 11.3055
      vertex 72.7 59.3445 9.93482
      vertex 72.7 59.3445 11.2652
    endloop
  endfacet
  facet normal 1 0 0
    outer loop
      vertex 72.7 59.2771 11.3055
      vertex 72.7 59.2771 9.89446
      vertex 72.7 59.3445 9.93482
    endloop
  endfacet
  facet normal 1 0 0
    outer loop
      vertex 72.7 59.2061 11.3391
      vertex 72.7 59.2771 9.89446
      vertex 72.7 59.2771 11.3055
    endloop
  endfacet
  facet normal 1 0 0
    outer loop
      vertex 72.7 59.2061 11.3391
      vertex 72.7 59.2061 9.8609
      vertex 72.7 59.2771 9.89446
    endloop
  endfacet
  facet normal 1 0 0
    outer loop
      vertex 72.7 59.1322 11.3656
      vertex 72.7 59.2061 9.8609
      vertex 72.7 59.2061 11.3391
    endloop
  endfacet
  facet normal 1 0 0
    outer loop
      vertex 72.7 59.1322 11.3656
      vertex 72.7 59.1322 9.83445
      vertex 72.7 59.2061 9.8609
    endloop
  endfacet
  facet normal 1 0 0
    outer loop
      vertex 72.7 59.0561 11.3846
      vertex 72.7 59.1322 9.83445
      vertex 72.7 59.1322 11.3656
    endloop
  endfacet
  facet normal 1 0 0
    outer loop
      vertex 72.7 59.0561 11.3846
      vertex 72.7 59.0561 9.81537
      vertex 72.7 59.1322 9.83445
    endloop
  endfacet
  facet normal 1 0 0
    outer loop
      vertex 72.7 58.9784 11.3961
      vertex 72.7 59.0561 9.81537
      vertex 72.7 59.0561 11.3846
    endloop
  endfacet
  facet normal 1 0 0
    outer loop
      vertex 72.7 58.9784 11.3961
      vertex 72.7 58.9784 9.80385
      vertex 72.7 59.0561 9.81537
    endloop
  endfacet
  facet normal 1 0 0
    outer loop
      vertex 72.7 58.9 11.4
      vertex 72.7 58.9784 9.80385
      vertex 72.7 58.9784 11.3961
    endloop
  endfacet
  facet normal 1 0 0
    outer loop
      vertex 72.7 58.9784 9.80385
      vertex 72.7 58.9 11.4
      vertex 72.7 58.9 9.8
    endloop
  endfacet
  facet normal 0 0.336982 -0.941511
    outer loop
      vertex 64.7 59.1322 9.83445
      vertex 72.7 59.2061 9.8609
      vertex 72.7 59.1322 9.83445
    endloop
  endfacet
  facet normal 0 0.336982 -0.941511
    outer loop
      vertex 72.7 59.2061 9.8609
      vertex 64.7 59.1322 9.83445
      vertex 64.7 59.2061 9.8609
    endloop
  endfacet
  facet normal 0 0.741264 -0.671213
    outer loop
      vertex 72.7 59.4657 10.0343
      vertex 64.7 59.5184 10.0925
      vertex 72.7 59.5184 10.0925
    endloop
  endfacet
  facet normal 0 0.741264 -0.671213
    outer loop
      vertex 64.7 59.5184 10.0925
      vertex 72.7 59.4657 10.0343
      vertex 64.7 59.4657 10.0343
    endloop
  endfacet
  facet normal 0 0.802744 0.596324
    outer loop
      vertex 72.7 59.5652 11.0445
      vertex 64.7 59.5184 11.1075
      vertex 72.7 59.5184 11.1075
    endloop
  endfacet
  facet normal 0 0.802744 0.596324
    outer loop
      vertex 64.7 59.5184 11.1075
      vertex 72.7 59.5652 11.0445
      vertex 64.7 59.5652 11.0445
    endloop
  endfacet
  facet normal -0 0.337546 0.941309
    outer loop
      vertex 64.7 59.2061 11.3391
      vertex 72.7 59.1322 11.3656
      vertex 72.7 59.2061 11.3391
    endloop
  endfacet
  facet normal 0 0.337546 0.941309
    outer loop
      vertex 72.7 59.1322 11.3656
      vertex 64.7 59.2061 11.3391
      vertex 64.7 59.1322 11.3656
    endloop
  endfacet
  facet normal 0 0.998765 -0.0496835
    outer loop
      vertex 72.7 59.6961 10.5216
      vertex 64.7 59.7 10.6
      vertex 72.7 59.7 10.6
    endloop
  endfacet
  facet normal 0 0.998765 -0.0496835
    outer loop
      vertex 64.7 59.7 10.6
      vertex 72.7 59.6961 10.5216
      vertex 64.7 59.6961 10.5216
    endloop
  endfacet
  facet normal 0 0.513747 -0.857942
    outer loop
      vertex 64.7 59.2771 9.89446
      vertex 72.7 59.3445 9.93482
      vertex 72.7 59.2771 9.89446
    endloop
  endfacet
  facet normal 0 0.513747 -0.857942
    outer loop
      vertex 72.7 59.3445 9.93482
      vertex 64.7 59.2771 9.89446
      vertex 64.7 59.3445 9.93482
    endloop
  endfacet
  facet normal -0 0.671213 0.741264
    outer loop
      vertex 64.7 59.4657 11.1657
      vertex 72.7 59.4075 11.2184
      vertex 72.7 59.4657 11.1657
    endloop
  endfacet
  facet normal 0 0.671213 0.741264
    outer loop
      vertex 72.7 59.4075 11.2184
      vertex 64.7 59.4657 11.1657
      vertex 64.7 59.4075 11.2184
    endloop
  endfacet
  facet normal 0 0.741264 0.671213
    outer loop
      vertex 72.7 59.5184 11.1075
      vertex 64.7 59.4657 11.1657
      vertex 72.7 59.4657 11.1657
    endloop
  endfacet
  facet normal 0 0.741264 0.671213
    outer loop
      vertex 64.7 59.4657 11.1657
      vertex 72.7 59.5184 11.1075
      vertex 64.7 59.5184 11.1075
    endloop
  endfacet
  facet normal 0 0.596078 -0.802927
    outer loop
      vertex 64.7 59.3445 9.93482
      vertex 72.7 59.4075 9.98159
      vertex 72.7 59.3445 9.93482
    endloop
  endfacet
  facet normal 0 0.596078 -0.802927
    outer loop
      vertex 72.7 59.4075 9.98159
      vertex 64.7 59.3445 9.93482
      vertex 64.7 59.4075 9.98159
    endloop
  endfacet
  facet normal 0 -0.242056 0.970262
    outer loop
      vertex 64.7 2.34393 11.3846
      vertex 72.7 2.26777 11.3656
      vertex 72.7 2.34393 11.3846
    endloop
  endfacet
  facet normal 0 -0.242056 0.970262
    outer loop
      vertex 72.7 2.26777 11.3656
      vertex 64.7 2.34393 11.3846
      vertex 64.7 2.26777 11.3656
    endloop
  endfacet
  facet normal 0 -0.90409 0.427342
    outer loop
      vertex 64.7 1.7609 10.9061
      vertex 72.7 1.79446 10.9771
      vertex 64.7 1.79446 10.9771
    endloop
  endfacet
  facet normal 0 -0.90409 0.427342
    outer loop
      vertex 72.7 1.79446 10.9771
      vertex 64.7 1.7609 10.9061
      vertex 72.7 1.7609 10.9061
    endloop
  endfacet
  facet normal 0 -0.989187 -0.146659
    outer loop
      vertex 64.7 1.71537 10.4439
      vertex 72.7 1.70385 10.5216
      vertex 64.7 1.70385 10.5216
    endloop
  endfacet
  facet normal 0 -0.989187 -0.146659
    outer loop
      vertex 72.7 1.70385 10.5216
      vertex 64.7 1.71537 10.4439
      vertex 72.7 1.71537 10.4439
    endloop
  endfacet
  facet normal 0 -0.998796 -0.049048
    outer loop
      vertex 64.7 1.70385 10.5216
      vertex 72.7 1.7 10.6
      vertex 64.7 1.7 10.6
    endloop
  endfacet
  facet normal 0 -0.998796 -0.049048
    outer loop
      vertex 72.7 1.7 10.6
      vertex 64.7 1.70385 10.5216
      vertex 72.7 1.70385 10.5216
    endloop
  endfacet
  facet normal -0 0 1
    outer loop
      vertex 64.7 2.50001 11.4
      vertex 72.7 2.5 11.4
      vertex 72.7 2.50001 11.4
    endloop
  endfacet
  facet normal 0 0 1
    outer loop
      vertex 72.7 2.5 11.4
      vertex 64.7 2.50001 11.4
      vertex 64.7 2.5 11.4
    endloop
  endfacet
  facet normal 1 -0 0
    outer loop
      vertex 72.7 2.5 11.4
      vertex 72.7 2.50001 9.8
      vertex 72.7 2.50001 11.4
    endloop
  endfacet
  facet normal 1 0 0
    outer loop
      vertex 72.7 2.5 11.4
      vertex 72.7 2.5 9.8
      vertex 72.7 2.50001 9.8
    endloop
  endfacet
  facet normal 1 -0 0
    outer loop
      vertex 72.7 2.42159 11.3961
      vertex 72.7 2.5 9.8
      vertex 72.7 2.5 11.4
    endloop
  endfacet
  facet normal 1 0 0
    outer loop
      vertex 72.7 2.42159 11.3961
      vertex 72.7 2.42159 9.80385
      vertex 72.7 2.5 9.8
    endloop
  endfacet
  facet normal 1 -0 0
    outer loop
      vertex 72.7 2.34393 11.3846
      vertex 72.7 2.42159 9.80385
      vertex 72.7 2.42159 11.3961
    endloop
  endfacet
  facet normal 1 0 0
    outer loop
      vertex 72.7 2.34393 11.3846
      vertex 72.7 2.34393 9.81537
      vertex 72.7 2.42159 9.80385
    endloop
  endfacet
  facet normal 1 -0 0
    outer loop
      vertex 72.7 2.26777 11.3656
      vertex 72.7 2.34393 9.81537
      vertex 72.7 2.34393 11.3846
    endloop
  endfacet
  facet normal 1 0 0
    outer loop
      vertex 72.7 2.26777 11.3656
      vertex 72.7 2.26777 9.83445
      vertex 72.7 2.34393 9.81537
    endloop
  endfacet
  facet normal 1 -0 0
    outer loop
      vertex 72.7 2.19385 11.3391
      vertex 72.7 2.26777 9.83445
      vertex 72.7 2.26777 11.3656
    endloop
  endfacet
  facet normal 1 0 0
    outer loop
      vertex 72.7 2.19385 11.3391
      vertex 72.7 2.19385 9.8609
      vertex 72.7 2.26777 9.83445
    endloop
  endfacet
  facet normal 1 -0 0
    outer loop
      vertex 72.7 2.12288 11.3055
      vertex 72.7 2.19385 9.8609
      vertex 72.7 2.19385 11.3391
    endloop
  endfacet
  facet normal 1 0 0
    outer loop
      vertex 72.7 2.12288 11.3055
      vertex 72.7 2.12288 9.89446
      vertex 72.7 2.19385 9.8609
    endloop
  endfacet
  facet normal 1 -0 0
    outer loop
      vertex 72.7 2.05554 11.2652
      vertex 72.7 2.12288 9.89446
      vertex 72.7 2.12288 11.3055
    endloop
  endfacet
  facet normal 1 0 0
    outer loop
      vertex 72.7 2.05554 11.2652
      vertex 72.7 2.05554 9.93482
      vertex 72.7 2.12288 9.89446
    endloop
  endfacet
  facet normal 1 -0 0
    outer loop
      vertex 72.7 1.99249 11.2184
      vertex 72.7 2.05554 9.93482
      vertex 72.7 2.05554 11.2652
    endloop
  endfacet
  facet normal 1 0 0
    outer loop
      vertex 72.7 1.99249 11.2184
      vertex 72.7 1.99249 9.98159
      vertex 72.7 2.05554 9.93482
    endloop
  endfacet
  facet normal 1 -0 0
    outer loop
      vertex 72.7 1.93432 11.1657
      vertex 72.7 1.99249 9.98159
      vertex 72.7 1.99249 11.2184
    endloop
  endfacet
  facet normal 1 0 0
    outer loop
      vertex 72.7 1.93432 11.1657
      vertex 72.7 1.93432 10.0343
      vertex 72.7 1.99249 9.98159
    endloop
  endfacet
  facet normal 1 -0 0
    outer loop
      vertex 72.7 1.88159 11.1075
      vertex 72.7 1.93432 10.0343
      vertex 72.7 1.93432 11.1657
    endloop
  endfacet
  facet normal 1 0 0
    outer loop
      vertex 72.7 1.88159 11.1075
      vertex 72.7 1.88159 10.0925
      vertex 72.7 1.93432 10.0343
    endloop
  endfacet
  facet normal 1 -0 0
    outer loop
      vertex 72.7 1.83482 11.0445
      vertex 72.7 1.88159 10.0925
      vertex 72.7 1.88159 11.1075
    endloop
  endfacet
  facet normal 1 0 0
    outer loop
      vertex 72.7 1.83482 11.0445
      vertex 72.7 1.83482 10.1555
      vertex 72.7 1.88159 10.0925
    endloop
  endfacet
  facet normal 1 -0 0
    outer loop
      vertex 72.7 1.79446 10.9771
      vertex 72.7 1.83482 10.1555
      vertex 72.7 1.83482 11.0445
    endloop
  endfacet
  facet normal 1 0 0
    outer loop
      vertex 72.7 1.79446 10.9771
      vertex 72.7 1.79446 10.2229
      vertex 72.7 1.83482 10.1555
    endloop
  endfacet
  facet normal 1 -0 0
    outer loop
      vertex 72.7 1.7609 10.9061
      vertex 72.7 1.79446 10.2229
      vertex 72.7 1.79446 10.9771
    endloop
  endfacet
  facet normal 1 0 0
    outer loop
      vertex 72.7 1.7609 10.9061
      vertex 72.7 1.7609 10.2939
      vertex 72.7 1.79446 10.2229
    endloop
  endfacet
  facet normal 1 -0 0
    outer loop
      vertex 72.7 1.73445 10.8322
      vertex 72.7 1.7609 10.2939
      vertex 72.7 1.7609 10.9061
    endloop
  endfacet
  facet normal 1 0 0
    outer loop
      vertex 72.7 1.73445 10.8322
      vertex 72.7 1.73445 10.3678
      vertex 72.7 1.7609 10.2939
    endloop
  endfacet
  facet normal 1 -0 0
    outer loop
      vertex 72.7 1.71537 10.7561
      vertex 72.7 1.73445 10.3678
      vertex 72.7 1.73445 10.8322
    endloop
  endfacet
  facet normal 1 0 0
    outer loop
      vertex 72.7 1.71537 10.7561
      vertex 72.7 1.71537 10.4439
      vertex 72.7 1.73445 10.3678
    endloop
  endfacet
  facet normal 1 -0 0
    outer loop
      vertex 72.7 1.70385 10.6784
      vertex 72.7 1.71537 10.4439
      vertex 72.7 1.71537 10.7561
    endloop
  endfacet
  facet normal 1 0 0
    outer loop
      vertex 72.7 1.70385 10.6784
      vertex 72.7 1.70385 10.5216
      vertex 72.7 1.71537 10.4439
    endloop
  endfacet
  facet normal 1 0 -0
    outer loop
      vertex 72.7 1.70385 10.5216
      vertex 72.7 1.70385 10.6784
      vertex 72.7 1.7 10.6
    endloop
  endfacet
  facet normal 0 -0.0496771 0.998765
    outer loop
      vertex 64.7 2.5 11.4
      vertex 72.7 2.42159 11.3961
      vertex 72.7 2.5 11.4
    endloop
  endfacet
  facet normal 0 -0.0496771 0.998765
    outer loop
      vertex 72.7 2.42159 11.3961
      vertex 64.7 2.5 11.4
      vertex 64.7 2.42159 11.3961
    endloop
  endfacet
  facet normal 0 -0.989187 0.146659
    outer loop
      vertex 64.7 1.70385 10.6784
      vertex 72.7 1.71537 10.7561
      vertex 64.7 1.71537 10.7561
    endloop
  endfacet
  facet normal 0 -0.989187 0.146659
    outer loop
      vertex 72.7 1.71537 10.7561
      vertex 64.7 1.70385 10.6784
      vertex 72.7 1.70385 10.6784
    endloop
  endfacet
  facet normal 0 -0.146733 -0.989176
    outer loop
      vertex 64.7 2.34393 9.81537
      vertex 72.7 2.42159 9.80385
      vertex 72.7 2.34393 9.81537
    endloop
  endfacet
  facet normal -0 -0.146733 -0.989176
    outer loop
      vertex 72.7 2.42159 9.80385
      vertex 64.7 2.34393 9.81537
      vertex 64.7 2.42159 9.80385
    endloop
  endfacet
  facet normal 0 -0.427489 -0.90402
    outer loop
      vertex 64.7 2.12288 9.89446
      vertex 72.7 2.19385 9.8609
      vertex 72.7 2.12288 9.89446
    endloop
  endfacet
  facet normal -0 -0.427489 -0.90402
    outer loop
      vertex 72.7 2.19385 9.8609
      vertex 64.7 2.12288 9.89446
      vertex 64.7 2.19385 9.8609
    endloop
  endfacet
  facet normal 0 -0.857942 0.513747
    outer loop
      vertex 64.7 1.79446 10.9771
      vertex 72.7 1.83482 11.0445
      vertex 64.7 1.83482 11.0445
    endloop
  endfacet
  facet normal 0 -0.857942 0.513747
    outer loop
      vertex 72.7 1.83482 11.0445
      vertex 64.7 1.79446 10.9771
      vertex 72.7 1.79446 10.9771
    endloop
  endfacet
  facet normal 0 -0.596019 0.80297
    outer loop
      vertex 64.7 2.05554 11.2652
      vertex 72.7 1.99249 11.2184
      vertex 72.7 2.05554 11.2652
    endloop
  endfacet
  facet normal 0 -0.596019 0.80297
    outer loop
      vertex 72.7 1.99249 11.2184
      vertex 64.7 2.05554 11.2652
      vertex 64.7 1.99249 11.2184
    endloop
  endfacet
  facet normal 0 -0.336901 -0.94154
    outer loop
      vertex 64.7 2.19385 9.8609
      vertex 72.7 2.26777 9.83445
      vertex 72.7 2.19385 9.8609
    endloop
  endfacet
  facet normal -0 -0.336901 -0.94154
    outer loop
      vertex 72.7 2.26777 9.83445
      vertex 64.7 2.19385 9.8609
      vertex 64.7 2.26777 9.83445
    endloop
  endfacet
  facet normal 0 -0.514084 -0.85774
    outer loop
      vertex 64.7 2.05554 9.93482
      vertex 72.7 2.12288 9.89446
      vertex 72.7 2.05554 9.93482
    endloop
  endfacet
  facet normal -0 -0.514084 -0.85774
    outer loop
      vertex 72.7 2.12288 9.89446
      vertex 64.7 2.05554 9.93482
      vertex 64.7 2.12288 9.89446
    endloop
  endfacet
  facet normal 0 -0.969977 -0.243195
    outer loop
      vertex 64.7 1.73445 10.3678
      vertex 72.7 1.71537 10.4439
      vertex 64.7 1.71537 10.4439
    endloop
  endfacet
  facet normal 0 -0.969977 -0.243195
    outer loop
      vertex 72.7 1.71537 10.4439
      vertex 64.7 1.73445 10.3678
      vertex 72.7 1.73445 10.3678
    endloop
  endfacet
  facet normal 0 -0.941511 0.336982
    outer loop
      vertex 64.7 1.73445 10.8322
      vertex 72.7 1.7609 10.9061
      vertex 64.7 1.7609 10.9061
    endloop
  endfacet
  facet normal 0 -0.941511 0.336982
    outer loop
      vertex 72.7 1.7609 10.9061
      vertex 64.7 1.73445 10.8322
      vertex 72.7 1.73445 10.8322
    endloop
  endfacet
  facet normal 0 0 -1
    outer loop
      vertex 64.7 2.5 9.8
      vertex 72.7 2.50001 9.8
      vertex 72.7 2.5 9.8
    endloop
  endfacet
  facet normal -0 0 -1
    outer loop
      vertex 72.7 2.50001 9.8
      vertex 64.7 2.5 9.8
      vertex 64.7 2.50001 9.8
    endloop
  endfacet
  facet normal 0 -0.146484 0.989213
    outer loop
      vertex 64.7 2.42159 11.3961
      vertex 72.7 2.34393 11.3846
      vertex 72.7 2.42159 11.3961
    endloop
  endfacet
  facet normal 0 -0.146484 0.989213
    outer loop
      vertex 72.7 2.34393 11.3846
      vertex 64.7 2.42159 11.3961
      vertex 64.7 2.34393 11.3846
    endloop
  endfacet
  facet normal 0 -0.243015 -0.970023
    outer loop
      vertex 64.7 2.26777 9.83445
      vertex 72.7 2.34393 9.81537
      vertex 72.7 2.26777 9.83445
    endloop
  endfacet
  facet normal -0 -0.243015 -0.970023
    outer loop
      vertex 72.7 2.34393 9.81537
      vertex 64.7 2.26777 9.83445
      vertex 64.7 2.34393 9.81537
    endloop
  endfacet
  facet normal 0 -0.857942 -0.513747
    outer loop
      vertex 64.7 1.83482 10.1555
      vertex 72.7 1.79446 10.2229
      vertex 64.7 1.79446 10.2229
    endloop
  endfacet
  facet normal 0 -0.857942 -0.513747
    outer loop
      vertex 72.7 1.79446 10.2229
      vertex 64.7 1.83482 10.1555
      vertex 72.7 1.83482 10.1555
    endloop
  endfacet
  facet normal 0 -0.969977 0.243195
    outer loop
      vertex 64.7 1.71537 10.7561
      vertex 72.7 1.73445 10.8322
      vertex 64.7 1.73445 10.8322
    endloop
  endfacet
  facet normal 0 -0.969977 0.243195
    outer loop
      vertex 72.7 1.73445 10.8322
      vertex 64.7 1.71537 10.7561
      vertex 72.7 1.71537 10.7561
    endloop
  endfacet
  facet normal 0 -0.337466 0.941338
    outer loop
      vertex 64.7 2.26777 11.3656
      vertex 72.7 2.19385 11.3391
      vertex 72.7 2.26777 11.3656
    endloop
  endfacet
  facet normal 0 -0.337466 0.941338
    outer loop
      vertex 72.7 2.19385 11.3391
      vertex 64.7 2.26777 11.3656
      vertex 64.7 2.19385 11.3391
    endloop
  endfacet
  facet normal 0 -0.941511 -0.336982
    outer loop
      vertex 64.7 1.7609 10.2939
      vertex 72.7 1.73445 10.3678
      vertex 64.7 1.73445 10.3678
    endloop
  endfacet
  facet normal 0 -0.941511 -0.336982
    outer loop
      vertex 72.7 1.73445 10.3678
      vertex 64.7 1.7609 10.2939
      vertex 72.7 1.7609 10.2939
    endloop
  endfacet
  facet normal 0 -0.802927 0.596078
    outer loop
      vertex 64.7 1.83482 11.0445
      vertex 72.7 1.88159 11.1075
      vertex 64.7 1.88159 11.1075
    endloop
  endfacet
  facet normal 0 -0.802927 0.596078
    outer loop
      vertex 72.7 1.88159 11.1075
      vertex 64.7 1.83482 11.0445
      vertex 72.7 1.83482 11.0445
    endloop
  endfacet
  facet normal 0 -0.427906 0.903823
    outer loop
      vertex 64.7 2.19385 11.3391
      vertex 72.7 2.12288 11.3055
      vertex 72.7 2.19385 11.3391
    endloop
  endfacet
  facet normal 0 -0.427906 0.903823
    outer loop
      vertex 72.7 2.12288 11.3055
      vertex 64.7 2.19385 11.3391
      vertex 64.7 2.12288 11.3055
    endloop
  endfacet
  facet normal 0 -0.513521 0.858077
    outer loop
      vertex 64.7 2.12288 11.3055
      vertex 72.7 2.05554 11.2652
      vertex 72.7 2.12288 11.3055
    endloop
  endfacet
  facet normal 0 -0.513521 0.858077
    outer loop
      vertex 72.7 2.05554 11.2652
      vertex 64.7 2.12288 11.3055
      vertex 64.7 2.05554 11.2652
    endloop
  endfacet
  facet normal -1 0 0
    outer loop
      vertex 64.7 2.5 9.8
      vertex 64.7 2.50001 11.4
      vertex 64.7 2.50001 9.8
    endloop
  endfacet
  facet normal -1 0 0
    outer loop
      vertex 64.7 2.5 9.8
      vertex 64.7 2.5 11.4
      vertex 64.7 2.50001 11.4
    endloop
  endfacet
  facet normal -1 0 0
    outer loop
      vertex 64.7 2.42159 9.80385
      vertex 64.7 2.5 11.4
      vertex 64.7 2.5 9.8
    endloop
  endfacet
  facet normal -1 0 0
    outer loop
      vertex 64.7 2.42159 9.80385
      vertex 64.7 2.42159 11.3961
      vertex 64.7 2.5 11.4
    endloop
  endfacet
  facet normal -1 0 0
    outer loop
      vertex 64.7 2.34393 9.81537
      vertex 64.7 2.42159 11.3961
      vertex 64.7 2.42159 9.80385
    endloop
  endfacet
  facet normal -1 0 0
    outer loop
      vertex 64.7 2.34393 9.81537
      vertex 64.7 2.34393 11.3846
      vertex 64.7 2.42159 11.3961
    endloop
  endfacet
  facet normal -1 0 0
    outer loop
      vertex 64.7 2.26777 9.83445
      vertex 64.7 2.34393 11.3846
      vertex 64.7 2.34393 9.81537
    endloop
  endfacet
  facet normal -1 0 0
    outer loop
      vertex 64.7 2.26777 9.83445
      vertex 64.7 2.26777 11.3656
      vertex 64.7 2.34393 11.3846
    endloop
  endfacet
  facet normal -1 0 0
    outer loop
      vertex 64.7 2.19385 9.8609
      vertex 64.7 2.26777 11.3656
      vertex 64.7 2.26777 9.83445
    endloop
  endfacet
  facet normal -1 0 0
    outer loop
      vertex 64.7 2.19385 9.8609
      vertex 64.7 2.19385 11.3391
      vertex 64.7 2.26777 11.3656
    endloop
  endfacet
  facet normal -1 0 0
    outer loop
      vertex 64.7 2.12288 9.89446
      vertex 64.7 2.19385 11.3391
      vertex 64.7 2.19385 9.8609
    endloop
  endfacet
  facet normal -1 0 0
    outer loop
      vertex 64.7 2.12288 9.89446
      vertex 64.7 2.12288 11.3055
      vertex 64.7 2.19385 11.3391
    endloop
  endfacet
  facet normal -1 0 0
    outer loop
      vertex 64.7 2.05554 9.93482
      vertex 64.7 2.12288 11.3055
      vertex 64.7 2.12288 9.89446
    endloop
  endfacet
  facet normal -1 0 0
    outer loop
      vertex 64.7 2.05554 9.93482
      vertex 64.7 2.05554 11.2652
      vertex 64.7 2.12288 11.3055
    endloop
  endfacet
  facet normal -1 0 0
    outer loop
      vertex 64.7 1.99249 9.98159
      vertex 64.7 2.05554 11.2652
      vertex 64.7 2.05554 9.93482
    endloop
  endfacet
  facet normal -1 0 0
    outer loop
      vertex 64.7 1.99249 9.98159
      vertex 64.7 1.99249 11.2184
      vertex 64.7 2.05554 11.2652
    endloop
  endfacet
  facet normal -1 0 0
    outer loop
      vertex 64.7 1.93432 10.0343
      vertex 64.7 1.99249 11.2184
      vertex 64.7 1.99249 9.98159
    endloop
  endfacet
  facet normal -1 0 0
    outer loop
      vertex 64.7 1.93432 10.0343
      vertex 64.7 1.93432 11.1657
      vertex 64.7 1.99249 11.2184
    endloop
  endfacet
  facet normal -1 0 0
    outer loop
      vertex 64.7 1.88159 10.0925
      vertex 64.7 1.93432 11.1657
      vertex 64.7 1.93432 10.0343
    endloop
  endfacet
  facet normal -1 0 0
    outer loop
      vertex 64.7 1.88159 10.0925
      vertex 64.7 1.88159 11.1075
      vertex 64.7 1.93432 11.1657
    endloop
  endfacet
  facet normal -1 0 0
    outer loop
      vertex 64.7 1.83482 10.1555
      vertex 64.7 1.88159 11.1075
      vertex 64.7 1.88159 10.0925
    endloop
  endfacet
  facet normal -1 0 0
    outer loop
      vertex 64.7 1.83482 10.1555
      vertex 64.7 1.83482 11.0445
      vertex 64.7 1.88159 11.1075
    endloop
  endfacet
  facet normal -1 0 0
    outer loop
      vertex 64.7 1.79446 10.2229
      vertex 64.7 1.83482 11.0445
      vertex 64.7 1.83482 10.1555
    endloop
  endfacet
  facet normal -1 0 0
    outer loop
      vertex 64.7 1.79446 10.2229
      vertex 64.7 1.79446 10.9771
      vertex 64.7 1.83482 11.0445
    endloop
  endfacet
  facet normal -1 0 0
    outer loop
      vertex 64.7 1.7609 10.2939
      vertex 64.7 1.79446 10.9771
      vertex 64.7 1.79446 10.2229
    endloop
  endfacet
  facet normal -1 0 0
    outer loop
      vertex 64.7 1.7609 10.2939
      vertex 64.7 1.7609 10.9061
      vertex 64.7 1.79446 10.9771
    endloop
  endfacet
  facet normal -1 0 0
    outer loop
      vertex 64.7 1.73445 10.3678
      vertex 64.7 1.7609 10.9061
      vertex 64.7 1.7609 10.2939
    endloop
  endfacet
  facet normal -1 0 0
    outer loop
      vertex 64.7 1.73445 10.3678
      vertex 64.7 1.73445 10.8322
      vertex 64.7 1.7609 10.9061
    endloop
  endfacet
  facet normal -1 0 0
    outer loop
      vertex 64.7 1.71537 10.4439
      vertex 64.7 1.73445 10.8322
      vertex 64.7 1.73445 10.3678
    endloop
  endfacet
  facet normal -1 0 0
    outer loop
      vertex 64.7 1.71537 10.4439
      vertex 64.7 1.71537 10.7561
      vertex 64.7 1.73445 10.8322
    endloop
  endfacet
  facet normal -1 0 0
    outer loop
      vertex 64.7 1.70385 10.5216
      vertex 64.7 1.71537 10.7561
      vertex 64.7 1.71537 10.4439
    endloop
  endfacet
  facet normal -1 0 0
    outer loop
      vertex 64.7 1.70385 10.5216
      vertex 64.7 1.70385 10.6784
      vertex 64.7 1.71537 10.7561
    endloop
  endfacet
  facet normal -1 0 -0
    outer loop
      vertex 64.7 1.70385 10.6784
      vertex 64.7 1.70385 10.5216
      vertex 64.7 1.7 10.6
    endloop
  endfacet
  facet normal 0 -0.802927 -0.596078
    outer loop
      vertex 64.7 1.88159 10.0925
      vertex 72.7 1.83482 10.1555
      vertex 64.7 1.83482 10.1555
    endloop
  endfacet
  facet normal 0 -0.802927 -0.596078
    outer loop
      vertex 72.7 1.83482 10.1555
      vertex 64.7 1.88159 10.0925
      vertex 72.7 1.88159 10.0925
    endloop
  endfacet
  facet normal 0 -0.741074 -0.671423
    outer loop
      vertex 64.7 1.93432 10.0343
      vertex 72.7 1.88159 10.0925
      vertex 64.7 1.88159 10.0925
    endloop
  endfacet
  facet normal 0 -0.741074 -0.671423
    outer loop
      vertex 72.7 1.88159 10.0925
      vertex 64.7 1.93432 10.0343
      vertex 72.7 1.93432 10.0343
    endloop
  endfacet
  facet normal 0 -0.90409 -0.427342
    outer loop
      vertex 64.7 1.79446 10.2229
      vertex 72.7 1.7609 10.2939
      vertex 64.7 1.7609 10.2939
    endloop
  endfacet
  facet normal 0 -0.90409 -0.427342
    outer loop
      vertex 72.7 1.7609 10.2939
      vertex 64.7 1.79446 10.2229
      vertex 72.7 1.79446 10.2229
    endloop
  endfacet
  facet normal 0 -0.671474 -0.741029
    outer loop
      vertex 64.7 1.93432 10.0343
      vertex 72.7 1.99249 9.98159
      vertex 72.7 1.93432 10.0343
    endloop
  endfacet
  facet normal -0 -0.671474 -0.741029
    outer loop
      vertex 72.7 1.99249 9.98159
      vertex 64.7 1.93432 10.0343
      vertex 64.7 1.99249 9.98159
    endloop
  endfacet
  facet normal 0 -0.671404 0.741092
    outer loop
      vertex 64.7 1.99249 11.2184
      vertex 72.7 1.93432 11.1657
      vertex 72.7 1.99249 11.2184
    endloop
  endfacet
  facet normal 0 -0.671404 0.741092
    outer loop
      vertex 72.7 1.93432 11.1657
      vertex 64.7 1.99249 11.2184
      vertex 64.7 1.93432 11.1657
    endloop
  endfacet
  facet normal 0 -0.741074 0.671423
    outer loop
      vertex 64.7 1.88159 11.1075
      vertex 72.7 1.93432 11.1657
      vertex 64.7 1.93432 11.1657
    endloop
  endfacet
  facet normal 0 -0.741074 0.671423
    outer loop
      vertex 72.7 1.93432 11.1657
      vertex 64.7 1.88159 11.1075
      vertex 72.7 1.88159 11.1075
    endloop
  endfacet
  facet normal 0 -0.998796 0.049048
    outer loop
      vertex 64.7 1.7 10.6
      vertex 72.7 1.70385 10.6784
      vertex 64.7 1.70385 10.6784
    endloop
  endfacet
  facet normal 0 -0.998796 0.049048
    outer loop
      vertex 72.7 1.70385 10.6784
      vertex 64.7 1.7 10.6
      vertex 72.7 1.7 10.6
    endloop
  endfacet
  facet normal 0 -0.0490418 -0.998797
    outer loop
      vertex 64.7 2.42159 9.80385
      vertex 72.7 2.5 9.8
      vertex 72.7 2.42159 9.80385
    endloop
  endfacet
  facet normal -0 -0.0490418 -0.998797
    outer loop
      vertex 72.7 2.5 9.8
      vertex 64.7 2.42159 9.80385
      vertex 64.7 2.5 9.8
    endloop
  endfacet
  facet normal 0 -0.595773 -0.803153
    outer loop
      vertex 64.7 1.99249 9.98159
      vertex 72.7 2.05554 9.93482
      vertex 72.7 1.99249 9.98159
    endloop
  endfacet
  facet normal -0 -0.595773 -0.803153
    outer loop
      vertex 72.7 2.05554 9.93482
      vertex 64.7 1.99249 9.98159
      vertex 64.7 2.05554 9.93482
    endloop
  endfacet
  facet normal 0.989174 -0.146746 0
    outer loop
      vertex 7.67118 54.9074 22
      vertex 7.69278 55.053 2
      vertex 7.69278 55.053 22
    endloop
  endfacet
  facet normal 0.989174 -0.146746 0
    outer loop
      vertex 7.69278 55.053 2
      vertex 7.67118 54.9074 22
      vertex 7.67118 54.9074 2
    endloop
  endfacet
  facet normal 0.998796 -0.0490565 0
    outer loop
      vertex 7.69278 55.053 22
      vertex 7.7 55.2 2
      vertex 7.7 55.2 22
    endloop
  endfacet
  facet normal 0.998796 -0.0490565 0
    outer loop
      vertex 7.7 55.2 2
      vertex 7.69278 55.053 22
      vertex 7.69278 55.053 2
    endloop
  endfacet
  facet normal 0.970031 -0.242983 0
    outer loop
      vertex 7.63541 54.7646 22
      vertex 7.67118 54.9074 2
      vertex 7.67118 54.9074 22
    endloop
  endfacet
  facet normal 0.970031 -0.242983 0
    outer loop
      vertex 7.67118 54.9074 2
      vertex 7.63541 54.7646 22
      vertex 7.63541 54.7646 2
    endloop
  endfacet
  facet normal -0.243191 -0.969978 0
    outer loop
      vertex 5.76457 53.7646 2
      vertex 5.90736 53.7288 22
      vertex 5.76457 53.7646 22
    endloop
  endfacet
  facet normal -0.243191 -0.969978 -0
    outer loop
      vertex 5.90736 53.7288 22
      vertex 5.76457 53.7646 2
      vertex 5.90736 53.7288 2
    endloop
  endfacet
  facet normal -0.90402 0.427491 0
    outer loop
      vertex 4.81418 55.774 2
      vertex 4.87712 55.9071 22
      vertex 4.87712 55.9071 2
    endloop
  endfacet
  facet normal -0.90402 0.427491 0
    outer loop
      vertex 4.87712 55.9071 22
      vertex 4.81418 55.774 2
      vertex 4.81418 55.774 22
    endloop
  endfacet
  facet normal 0.514216 -0.857661 0
    outer loop
      vertex 6.90709 53.8771 2
      vertex 7.03335 53.9528 22
      vertex 6.90709 53.8771 22
    endloop
  endfacet
  facet normal 0.514216 -0.857661 0
    outer loop
      vertex 7.03335 53.9528 22
      vertex 6.90709 53.8771 2
      vertex 7.03335 53.9528 2
    endloop
  endfacet
  facet normal 0.514216 0.857661 -0
    outer loop
      vertex 7.03335 56.4472 2
      vertex 6.90709 56.5229 22
      vertex 7.03335 56.4472 22
    endloop
  endfacet
  facet normal 0.514216 0.857661 0
    outer loop
      vertex 6.90709 56.5229 22
      vertex 7.03335 56.4472 2
      vertex 6.90709 56.5229 2
    endloop
  endfacet
  facet normal 0.33696 0.941519 -0
    outer loop
      vertex 6.77402 56.5858 2
      vertex 6.63543 56.6354 22
      vertex 6.77402 56.5858 22
    endloop
  endfacet
  facet normal 0.33696 0.941519 0
    outer loop
      vertex 6.63543 56.6354 22
      vertex 6.77402 56.5858 2
      vertex 6.63543 56.6354 2
    endloop
  endfacet
  facet normal -0.970031 -0.242983 0
    outer loop
      vertex 4.76459 54.7646 2
      vertex 4.72882 54.9074 22
      vertex 4.72882 54.9074 2
    endloop
  endfacet
  facet normal -0.970031 -0.242983 0
    outer loop
      vertex 4.72882 54.9074 22
      vertex 4.76459 54.7646 2
      vertex 4.76459 54.7646 22
    endloop
  endfacet
  facet normal -0.671353 -0.741138 0
    outer loop
      vertex 5.13934 54.1393 2
      vertex 5.24841 54.0405 22
      vertex 5.13934 54.1393 22
    endloop
  endfacet
  facet normal -0.671353 -0.741138 -0
    outer loop
      vertex 5.24841 54.0405 22
      vertex 5.13934 54.1393 2
      vertex 5.24841 54.0405 2
    endloop
  endfacet
  facet normal -0.514216 -0.857661 0
    outer loop
      vertex 5.36664 53.9528 2
      vertex 5.4929 53.8771 22
      vertex 5.36664 53.9528 22
    endloop
  endfacet
  facet normal -0.514216 -0.857661 -0
    outer loop
      vertex 5.4929 53.8771 22
      vertex 5.36664 53.9528 2
      vertex 5.4929 53.8771 2
    endloop
  endfacet
  facet normal 0.146736 0.989176 -0
    outer loop
      vertex 6.49263 56.6712 2
      vertex 6.34702 56.6928 22
      vertex 6.49263 56.6712 22
    endloop
  endfacet
  facet normal 0.146736 0.989176 0
    outer loop
      vertex 6.34702 56.6928 22
      vertex 6.49263 56.6712 2
      vertex 6.34702 56.6928 2
    endloop
  endfacet
  facet normal -0.803153 -0.595773 0
    outer loop
      vertex 5.04048 54.2484 2
      vertex 4.9528 54.3666 22
      vertex 4.9528 54.3666 2
    endloop
  endfacet
  facet normal -0.803153 -0.595773 0
    outer loop
      vertex 4.9528 54.3666 22
      vertex 5.04048 54.2484 2
      vertex 5.04048 54.2484 22
    endloop
  endfacet
  facet normal 0.90402 -0.427491 0
    outer loop
      vertex 7.52288 54.4929 22
      vertex 7.58582 54.626 2
      vertex 7.58582 54.626 22
    endloop
  endfacet
  facet normal 0.90402 -0.427491 0
    outer loop
      vertex 7.58582 54.626 2
      vertex 7.52288 54.4929 22
      vertex 7.52288 54.4929 2
    endloop
  endfacet
  facet normal -0.941548 -0.336879 0
    outer loop
      vertex 4.81418 54.626 2
      vertex 4.76459 54.7646 22
      vertex 4.76459 54.7646 2
    endloop
  endfacet
  facet normal -0.941548 -0.336879 0
    outer loop
      vertex 4.76459 54.7646 22
      vertex 4.81418 54.626 2
      vertex 4.81418 54.626 22
    endloop
  endfacet
  facet normal -0.336939 0.941527 0
    outer loop
      vertex 5.76457 56.6354 2
      vertex 5.62597 56.5858 22
      vertex 5.76457 56.6354 22
    endloop
  endfacet
  facet normal -0.336939 0.941527 0
    outer loop
      vertex 5.62597 56.5858 22
      vertex 5.76457 56.6354 2
      vertex 5.62597 56.5858 2
    endloop
  endfacet
  facet normal 0.595731 -0.803184 0
    outer loop
      vertex 7.03335 53.9528 2
      vertex 7.15159 54.0405 22
      vertex 7.03335 53.9528 22
    endloop
  endfacet
  facet normal 0.595731 -0.803184 0
    outer loop
      vertex 7.15159 54.0405 22
      vertex 7.03335 53.9528 2
      vertex 7.15159 54.0405 2
    endloop
  endfacet
  facet normal -0.90402 -0.427491 0
    outer loop
      vertex 4.87712 54.4929 2
      vertex 4.81418 54.626 22
      vertex 4.81418 54.626 2
    endloop
  endfacet
  facet normal -0.90402 -0.427491 0
    outer loop
      vertex 4.81418 54.626 22
      vertex 4.87712 54.4929 2
      vertex 4.87712 54.4929 22
    endloop
  endfacet
  facet normal 0.803153 0.595773 0
    outer loop
      vertex 7.4472 56.0334 22
      vertex 7.35952 56.1516 2
      vertex 7.35952 56.1516 22
    endloop
  endfacet
  facet normal 0.803153 0.595773 0
    outer loop
      vertex 7.35952 56.1516 2
      vertex 7.4472 56.0334 22
      vertex 7.4472 56.0334 2
    endloop
  endfacet
  facet normal 0.146736 -0.989176 0
    outer loop
      vertex 6.34702 53.7072 2
      vertex 6.49263 53.7288 22
      vertex 6.34702 53.7072 22
    endloop
  endfacet
  facet normal 0.146736 -0.989176 0
    outer loop
      vertex 6.49263 53.7288 22
      vertex 6.34702 53.7072 2
      vertex 6.49263 53.7288 2
    endloop
  endfacet
  facet normal -0.989174 -0.146746 0
    outer loop
      vertex 4.72882 54.9074 2
      vertex 4.70722 55.053 22
      vertex 4.70722 55.053 2
    endloop
  endfacet
  facet normal -0.989174 -0.146746 0
    outer loop
      vertex 4.70722 55.053 22
      vertex 4.72882 54.9074 2
      vertex 4.72882 54.9074 22
    endloop
  endfacet
  facet normal 0.803153 -0.595773 0
    outer loop
      vertex 7.35952 54.2484 22
      vertex 7.4472 54.3666 2
      vertex 7.4472 54.3666 22
    endloop
  endfacet
  facet normal 0.803153 -0.595773 0
    outer loop
      vertex 7.4472 54.3666 2
      vertex 7.35952 54.2484 22
      vertex 7.35952 54.2484 2
    endloop
  endfacet
  facet normal 0.0489143 -0.998803 0
    outer loop
      vertex 6.2 53.7 2
      vertex 6.34702 53.7072 22
      vertex 6.2 53.7 22
    endloop
  endfacet
  facet normal 0.0489143 -0.998803 0
    outer loop
      vertex 6.34702 53.7072 22
      vertex 6.2 53.7 2
      vertex 6.34702 53.7072 2
    endloop
  endfacet
  facet normal -0.857792 0.513996 0
    outer loop
      vertex 4.87712 55.9071 2
      vertex 4.9528 56.0334 22
      vertex 4.9528 56.0334 2
    endloop
  endfacet
  facet normal -0.857792 0.513996 0
    outer loop
      vertex 4.9528 56.0334 22
      vertex 4.87712 55.9071 2
      vertex 4.87712 55.9071 22
    endloop
  endfacet
  facet normal -0.941548 0.336879 0
    outer loop
      vertex 4.76459 55.6354 2
      vertex 4.81418 55.774 22
      vertex 4.81418 55.774 2
    endloop
  endfacet
  facet normal -0.941548 0.336879 0
    outer loop
      vertex 4.81418 55.774 22
      vertex 4.76459 55.6354 2
      vertex 4.76459 55.6354 22
    endloop
  endfacet
  facet normal -0.427347 -0.904088 0
    outer loop
      vertex 5.4929 53.8771 2
      vertex 5.62597 53.8142 22
      vertex 5.4929 53.8771 22
    endloop
  endfacet
  facet normal -0.427347 -0.904088 -0
    outer loop
      vertex 5.62597 53.8142 22
      vertex 5.4929 53.8771 2
      vertex 5.62597 53.8142 2
    endloop
  endfacet
  facet normal 0.90402 0.427491 0
    outer loop
      vertex 7.58582 55.774 22
      vertex 7.52288 55.9071 2
      vertex 7.52288 55.9071 22
    endloop
  endfacet
  facet normal 0.90402 0.427491 0
    outer loop
      vertex 7.52288 55.9071 2
      vertex 7.58582 55.774 22
      vertex 7.58582 55.774 2
    endloop
  endfacet
  facet normal -0.595764 0.80316 0
    outer loop
      vertex 5.36664 56.4472 2
      vertex 5.24841 56.3595 22
      vertex 5.36664 56.4472 22
    endloop
  endfacet
  facet normal -0.595764 0.80316 0
    outer loop
      vertex 5.24841 56.3595 22
      vertex 5.36664 56.4472 2
      vertex 5.24841 56.3595 2
    endloop
  endfacet
  facet normal -0.857792 -0.513996 0
    outer loop
      vertex 4.9528 54.3666 2
      vertex 4.87712 54.4929 22
      vertex 4.87712 54.4929 2
    endloop
  endfacet
  facet normal -0.857792 -0.513996 0
    outer loop
      vertex 4.87712 54.4929 22
      vertex 4.9528 54.3666 2
      vertex 4.9528 54.3666 22
    endloop
  endfacet
  facet normal 0.998796 0.0490565 0
    outer loop
      vertex 7.7 55.2 22
      vertex 7.69278 55.347 2
      vertex 7.69278 55.347 22
    endloop
  endfacet
  facet normal 0.998796 0.0490565 0
    outer loop
      vertex 7.69278 55.347 2
      vertex 7.7 55.2 22
      vertex 7.7 55.2 2
    endloop
  endfacet
  facet normal 0.941548 0.336879 0
    outer loop
      vertex 7.63541 55.6354 22
      vertex 7.58582 55.774 2
      vertex 7.58582 55.774 22
    endloop
  endfacet
  facet normal 0.941548 0.336879 0
    outer loop
      vertex 7.58582 55.774 2
      vertex 7.63541 55.6354 22
      vertex 7.63541 55.6354 2
    endloop
  endfacet
  facet normal 0.243175 0.969982 -0
    outer loop
      vertex 6.63543 56.6354 2
      vertex 6.49263 56.6712 22
      vertex 6.63543 56.6354 22
    endloop
  endfacet
  facet normal 0.243175 0.969982 0
    outer loop
      vertex 6.49263 56.6712 22
      vertex 6.63543 56.6354 2
      vertex 6.49263 56.6712 2
    endloop
  endfacet
  facet normal 0.857792 -0.513996 0
    outer loop
      vertex 7.4472 54.3666 22
      vertex 7.52288 54.4929 2
      vertex 7.52288 54.4929 22
    endloop
  endfacet
  facet normal 0.857792 -0.513996 0
    outer loop
      vertex 7.52288 54.4929 2
      vertex 7.4472 54.3666 22
      vertex 7.4472 54.3666 2
    endloop
  endfacet
  facet normal 0.941548 -0.336879 0
    outer loop
      vertex 7.58582 54.626 22
      vertex 7.63541 54.7646 2
      vertex 7.63541 54.7646 22
    endloop
  endfacet
  facet normal 0.941548 -0.336879 0
    outer loop
      vertex 7.63541 54.7646 2
      vertex 7.58582 54.626 22
      vertex 7.58582 54.626 2
    endloop
  endfacet
  facet normal -0.998796 0.0490565 0
    outer loop
      vertex 4.7 55.2 2
      vertex 4.70722 55.347 22
      vertex 4.70722 55.347 2
    endloop
  endfacet
  facet normal -0.998796 0.0490565 0
    outer loop
      vertex 4.70722 55.347 22
      vertex 4.7 55.2 2
      vertex 4.7 55.2 22
    endloop
  endfacet
  facet normal 0.989174 0.146746 0
    outer loop
      vertex 7.69278 55.347 22
      vertex 7.67118 55.4926 2
      vertex 7.67118 55.4926 22
    endloop
  endfacet
  facet normal 0.989174 0.146746 0
    outer loop
      vertex 7.67118 55.4926 2
      vertex 7.69278 55.347 22
      vertex 7.69278 55.347 2
    endloop
  endfacet
  facet normal -0.671353 0.741138 0
    outer loop
      vertex 5.24841 56.3595 2
      vertex 5.13934 56.2607 22
      vertex 5.24841 56.3595 22
    endloop
  endfacet
  facet normal -0.671353 0.741138 0
    outer loop
      vertex 5.13934 56.2607 22
      vertex 5.24841 56.3595 2
      vertex 5.13934 56.2607 2
    endloop
  endfacet
  facet normal 0.970031 0.242983 0
    outer loop
      vertex 7.67118 55.4926 22
      vertex 7.63541 55.6354 2
      vertex 7.63541 55.6354 22
    endloop
  endfacet
  facet normal 0.970031 0.242983 0
    outer loop
      vertex 7.63541 55.6354 2
      vertex 7.67118 55.4926 22
      vertex 7.67118 55.4926 2
    endloop
  endfacet
  facet normal 0.671353 -0.741138 0
    outer loop
      vertex 7.15159 54.0405 2
      vertex 7.26066 54.1393 22
      vertex 7.15159 54.0405 22
    endloop
  endfacet
  facet normal 0.671353 -0.741138 0
    outer loop
      vertex 7.26066 54.1393 22
      vertex 7.15159 54.0405 2
      vertex 7.26066 54.1393 2
    endloop
  endfacet
  facet normal 0.33696 -0.941519 0
    outer loop
      vertex 6.63543 53.7646 2
      vertex 6.77402 53.8142 22
      vertex 6.63543 53.7646 22
    endloop
  endfacet
  facet normal 0.33696 -0.941519 0
    outer loop
      vertex 6.77402 53.8142 22
      vertex 6.63543 53.7646 2
      vertex 6.77402 53.8142 2
    endloop
  endfacet
  facet normal -0.336939 -0.941527 0
    outer loop
      vertex 5.62597 53.8142 2
      vertex 5.76457 53.7646 22
      vertex 5.62597 53.8142 22
    endloop
  endfacet
  facet normal -0.336939 -0.941527 -0
    outer loop
      vertex 5.76457 53.7646 22
      vertex 5.62597 53.8142 2
      vertex 5.76457 53.7646 2
    endloop
  endfacet
  facet normal -0.514216 0.857661 0
    outer loop
      vertex 5.4929 56.5229 2
      vertex 5.36664 56.4472 22
      vertex 5.4929 56.5229 22
    endloop
  endfacet
  facet normal -0.514216 0.857661 0
    outer loop
      vertex 5.36664 56.4472 22
      vertex 5.4929 56.5229 2
      vertex 5.36664 56.4472 2
    endloop
  endfacet
  facet normal 0.857792 0.513996 0
    outer loop
      vertex 7.52288 55.9071 22
      vertex 7.4472 56.0334 2
      vertex 7.4472 56.0334 22
    endloop
  endfacet
  facet normal 0.857792 0.513996 0
    outer loop
      vertex 7.4472 56.0334 2
      vertex 7.52288 55.9071 22
      vertex 7.52288 55.9071 2
    endloop
  endfacet
  facet normal 0.427347 -0.904088 0
    outer loop
      vertex 6.77402 53.8142 2
      vertex 6.90709 53.8771 22
      vertex 6.77402 53.8142 22
    endloop
  endfacet
  facet normal 0.427347 -0.904088 0
    outer loop
      vertex 6.90709 53.8771 22
      vertex 6.77402 53.8142 2
      vertex 6.90709 53.8771 2
    endloop
  endfacet
  facet normal -0.146736 0.989176 0
    outer loop
      vertex 6.05297 56.6928 2
      vertex 5.90736 56.6712 22
      vertex 6.05297 56.6928 22
    endloop
  endfacet
  facet normal -0.146736 0.989176 0
    outer loop
      vertex 5.90736 56.6712 22
      vertex 6.05297 56.6928 2
      vertex 5.90736 56.6712 2
    endloop
  endfacet
  facet normal -0.595764 -0.80316 0
    outer loop
      vertex 5.24841 54.0405 2
      vertex 5.36664 53.9528 22
      vertex 5.24841 54.0405 22
    endloop
  endfacet
  facet normal -0.595764 -0.80316 -0
    outer loop
      vertex 5.36664 53.9528 22
      vertex 5.24841 54.0405 2
      vertex 5.36664 53.9528 2
    endloop
  endfacet
  facet normal -0.048911 0.998803 0
    outer loop
      vertex 6.2 56.7 2
      vertex 6.05297 56.6928 22
      vertex 6.2 56.7 22
    endloop
  endfacet
  facet normal -0.048911 0.998803 0
    outer loop
      vertex 6.05297 56.6928 22
      vertex 6.2 56.7 2
      vertex 6.05297 56.6928 2
    endloop
  endfacet
  facet normal -0.741027 -0.671475 0
    outer loop
      vertex 5.13934 54.1393 2
      vertex 5.04048 54.2484 22
      vertex 5.04048 54.2484 2
    endloop
  endfacet
  facet normal -0.741027 -0.671475 0
    outer loop
      vertex 5.04048 54.2484 22
      vertex 5.13934 54.1393 2
      vertex 5.13934 54.1393 22
    endloop
  endfacet
  facet normal 0.0489143 0.998803 -0
    outer loop
      vertex 6.34702 56.6928 2
      vertex 6.2 56.7 22
      vertex 6.34702 56.6928 22
    endloop
  endfacet
  facet normal 0.0489143 0.998803 0
    outer loop
      vertex 6.2 56.7 22
      vertex 6.34702 56.6928 2
      vertex 6.2 56.7 2
    endloop
  endfacet
  facet normal -0.146736 -0.989176 0
    outer loop
      vertex 5.90736 53.7288 2
      vertex 6.05297 53.7072 22
      vertex 5.90736 53.7288 22
    endloop
  endfacet
  facet normal -0.146736 -0.989176 -0
    outer loop
      vertex 6.05297 53.7072 22
      vertex 5.90736 53.7288 2
      vertex 6.05297 53.7072 2
    endloop
  endfacet
  facet normal -0.243191 0.969978 0
    outer loop
      vertex 5.90736 56.6712 2
      vertex 5.76457 56.6354 22
      vertex 5.90736 56.6712 22
    endloop
  endfacet
  facet normal -0.243191 0.969978 0
    outer loop
      vertex 5.76457 56.6354 22
      vertex 5.90736 56.6712 2
      vertex 5.76457 56.6354 2
    endloop
  endfacet
  facet normal 0.671353 0.741138 -0
    outer loop
      vertex 7.26066 56.2607 2
      vertex 7.15159 56.3595 22
      vertex 7.26066 56.2607 22
    endloop
  endfacet
  facet normal 0.671353 0.741138 0
    outer loop
      vertex 7.15159 56.3595 22
      vertex 7.26066 56.2607 2
      vertex 7.15159 56.3595 2
    endloop
  endfacet
  facet normal 0.243175 -0.969982 0
    outer loop
      vertex 6.49263 53.7288 2
      vertex 6.63543 53.7646 22
      vertex 6.49263 53.7288 22
    endloop
  endfacet
  facet normal 0.243175 -0.969982 0
    outer loop
      vertex 6.63543 53.7646 22
      vertex 6.49263 53.7288 2
      vertex 6.63543 53.7646 2
    endloop
  endfacet
  facet normal -0.970031 0.242983 0
    outer loop
      vertex 4.72882 55.4926 2
      vertex 4.76459 55.6354 22
      vertex 4.76459 55.6354 2
    endloop
  endfacet
  facet normal -0.970031 0.242983 0
    outer loop
      vertex 4.76459 55.6354 22
      vertex 4.72882 55.4926 2
      vertex 4.72882 55.4926 22
    endloop
  endfacet
  facet normal -0.427347 0.904088 0
    outer loop
      vertex 5.62597 56.5858 2
      vertex 5.4929 56.5229 22
      vertex 5.62597 56.5858 22
    endloop
  endfacet
  facet normal -0.427347 0.904088 0
    outer loop
      vertex 5.4929 56.5229 22
      vertex 5.62597 56.5858 2
      vertex 5.4929 56.5229 2
    endloop
  endfacet
  facet normal -0.741027 0.671475 0
    outer loop
      vertex 5.04048 56.1516 2
      vertex 5.13934 56.2607 22
      vertex 5.13934 56.2607 2
    endloop
  endfacet
  facet normal -0.741027 0.671475 0
    outer loop
      vertex 5.13934 56.2607 22
      vertex 5.04048 56.1516 2
      vertex 5.04048 56.1516 22
    endloop
  endfacet
  facet normal 0.427347 0.904088 -0
    outer loop
      vertex 6.90709 56.5229 2
      vertex 6.77402 56.5858 22
      vertex 6.90709 56.5229 22
    endloop
  endfacet
  facet normal 0.427347 0.904088 0
    outer loop
      vertex 6.77402 56.5858 22
      vertex 6.90709 56.5229 2
      vertex 6.77402 56.5858 2
    endloop
  endfacet
  facet normal -0.048911 -0.998803 0
    outer loop
      vertex 6.05297 53.7072 2
      vertex 6.2 53.7 22
      vertex 6.05297 53.7072 22
    endloop
  endfacet
  facet normal -0.048911 -0.998803 -0
    outer loop
      vertex 6.2 53.7 22
      vertex 6.05297 53.7072 2
      vertex 6.2 53.7 2
    endloop
  endfacet
  facet normal -0.989174 0.146746 0
    outer loop
      vertex 4.70722 55.347 2
      vertex 4.72882 55.4926 22
      vertex 4.72882 55.4926 2
    endloop
  endfacet
  facet normal -0.989174 0.146746 0
    outer loop
      vertex 4.72882 55.4926 22
      vertex 4.70722 55.347 2
      vertex 4.70722 55.347 22
    endloop
  endfacet
  facet normal 0.741027 -0.671475 0
    outer loop
      vertex 7.26066 54.1393 22
      vertex 7.35952 54.2484 2
      vertex 7.35952 54.2484 22
    endloop
  endfacet
  facet normal 0.741027 -0.671475 0
    outer loop
      vertex 7.35952 54.2484 2
      vertex 7.26066 54.1393 22
      vertex 7.26066 54.1393 2
    endloop
  endfacet
  facet normal 0.595731 0.803184 -0
    outer loop
      vertex 7.15159 56.3595 2
      vertex 7.03335 56.4472 22
      vertex 7.15159 56.3595 22
    endloop
  endfacet
  facet normal 0.595731 0.803184 0
    outer loop
      vertex 7.03335 56.4472 22
      vertex 7.15159 56.3595 2
      vertex 7.03335 56.4472 2
    endloop
  endfacet
  facet normal 0 0 1
    outer loop
      vertex 7.69278 55.347 22
      vertex 7.69278 55.053 22
      vertex 7.7 55.2 22
    endloop
  endfacet
  facet normal 0 0 1
    outer loop
      vertex 7.67118 55.4926 22
      vertex 7.69278 55.053 22
      vertex 7.69278 55.347 22
    endloop
  endfacet
  facet normal 0 0 1
    outer loop
      vertex 7.67118 55.4926 22
      vertex 7.67118 54.9074 22
      vertex 7.69278 55.053 22
    endloop
  endfacet
  facet normal 0 0 1
    outer loop
      vertex 7.63541 55.6354 22
      vertex 7.67118 54.9074 22
      vertex 7.67118 55.4926 22
    endloop
  endfacet
  facet normal 0 0 1
    outer loop
      vertex 7.63541 55.6354 22
      vertex 7.63541 54.7646 22
      vertex 7.67118 54.9074 22
    endloop
  endfacet
  facet normal 0 0 1
    outer loop
      vertex 7.58582 55.774 22
      vertex 7.63541 54.7646 22
      vertex 7.63541 55.6354 22
    endloop
  endfacet
  facet normal 0 0 1
    outer loop
      vertex 7.58582 55.774 22
      vertex 7.58582 54.626 22
      vertex 7.63541 54.7646 22
    endloop
  endfacet
  facet normal 0 0 1
    outer loop
      vertex 7.52288 55.9071 22
      vertex 7.58582 54.626 22
      vertex 7.58582 55.774 22
    endloop
  endfacet
  facet normal 0 0 1
    outer loop
      vertex 7.52288 55.9071 22
      vertex 7.52288 54.4929 22
      vertex 7.58582 54.626 22
    endloop
  endfacet
  facet normal 0 0 1
    outer loop
      vertex 7.4472 56.0334 22
      vertex 7.52288 54.4929 22
      vertex 7.52288 55.9071 22
    endloop
  endfacet
  facet normal 0 0 1
    outer loop
      vertex 7.4472 56.0334 22
      vertex 7.4472 54.3666 22
      vertex 7.52288 54.4929 22
    endloop
  endfacet
  facet normal 0 0 1
    outer loop
      vertex 7.35952 56.1516 22
      vertex 7.4472 54.3666 22
      vertex 7.4472 56.0334 22
    endloop
  endfacet
  facet normal 0 0 1
    outer loop
      vertex 7.35952 56.1516 22
      vertex 7.35952 54.2484 22
      vertex 7.4472 54.3666 22
    endloop
  endfacet
  facet normal 0 0 1
    outer loop
      vertex 7.26066 56.2607 22
      vertex 7.35952 54.2484 22
      vertex 7.35952 56.1516 22
    endloop
  endfacet
  facet normal 0 0 1
    outer loop
      vertex 7.26066 56.2607 22
      vertex 7.26066 54.1393 22
      vertex 7.35952 54.2484 22
    endloop
  endfacet
  facet normal 0 0 1
    outer loop
      vertex 7.15159 56.3595 22
      vertex 7.26066 54.1393 22
      vertex 7.26066 56.2607 22
    endloop
  endfacet
  facet normal 0 0 1
    outer loop
      vertex 7.15159 56.3595 22
      vertex 7.15159 54.0405 22
      vertex 7.26066 54.1393 22
    endloop
  endfacet
  facet normal 0 0 1
    outer loop
      vertex 7.03335 56.4472 22
      vertex 7.15159 54.0405 22
      vertex 7.15159 56.3595 22
    endloop
  endfacet
  facet normal 0 0 1
    outer loop
      vertex 7.03335 56.4472 22
      vertex 7.03335 53.9528 22
      vertex 7.15159 54.0405 22
    endloop
  endfacet
  facet normal 0 0 1
    outer loop
      vertex 6.90709 56.5229 22
      vertex 7.03335 53.9528 22
      vertex 7.03335 56.4472 22
    endloop
  endfacet
  facet normal 0 0 1
    outer loop
      vertex 6.90709 56.5229 22
      vertex 6.90709 53.8771 22
      vertex 7.03335 53.9528 22
    endloop
  endfacet
  facet normal 0 0 1
    outer loop
      vertex 6.77402 56.5858 22
      vertex 6.90709 53.8771 22
      vertex 6.90709 56.5229 22
    endloop
  endfacet
  facet normal 0 0 1
    outer loop
      vertex 6.77402 56.5858 22
      vertex 6.77402 53.8142 22
      vertex 6.90709 53.8771 22
    endloop
  endfacet
  facet normal 0 0 1
    outer loop
      vertex 6.63543 56.6354 22
      vertex 6.77402 53.8142 22
      vertex 6.77402 56.5858 22
    endloop
  endfacet
  facet normal 0 0 1
    outer loop
      vertex 6.63543 56.6354 22
      vertex 6.63543 53.7646 22
      vertex 6.77402 53.8142 22
    endloop
  endfacet
  facet normal 0 0 1
    outer loop
      vertex 6.49263 56.6712 22
      vertex 6.63543 53.7646 22
      vertex 6.63543 56.6354 22
    endloop
  endfacet
  facet normal 0 0 1
    outer loop
      vertex 6.49263 56.6712 22
      vertex 6.49263 53.7288 22
      vertex 6.63543 53.7646 22
    endloop
  endfacet
  facet normal 0 0 1
    outer loop
      vertex 6.34702 56.6928 22
      vertex 6.49263 53.7288 22
      vertex 6.49263 56.6712 22
    endloop
  endfacet
  facet normal 0 0 1
    outer loop
      vertex 6.34702 56.6928 22
      vertex 6.34702 53.7072 22
      vertex 6.49263 53.7288 22
    endloop
  endfacet
  facet normal 0 0 1
    outer loop
      vertex 6.2 56.7 22
      vertex 6.34702 53.7072 22
      vertex 6.34702 56.6928 22
    endloop
  endfacet
  facet normal 0 0 1
    outer loop
      vertex 6.2 56.7 22
      vertex 6.2 53.7 22
      vertex 6.34702 53.7072 22
    endloop
  endfacet
  facet normal -0 0 1
    outer loop
      vertex 6.05297 56.6928 22
      vertex 6.2 53.7 22
      vertex 6.2 56.7 22
    endloop
  endfacet
  facet normal 0 0 1
    outer loop
      vertex 6.05297 56.6928 22
      vertex 6.05297 53.7072 22
      vertex 6.2 53.7 22
    endloop
  endfacet
  facet normal -0 0 1
    outer loop
      vertex 5.90736 56.6712 22
      vertex 6.05297 53.7072 22
      vertex 6.05297 56.6928 22
    endloop
  endfacet
  facet normal 0 0 1
    outer loop
      vertex 5.90736 56.6712 22
      vertex 5.90736 53.7288 22
      vertex 6.05297 53.7072 22
    endloop
  endfacet
  facet normal -0 0 1
    outer loop
      vertex 5.76457 56.6354 22
      vertex 5.90736 53.7288 22
      vertex 5.90736 56.6712 22
    endloop
  endfacet
  facet normal 0 0 1
    outer loop
      vertex 5.76457 56.6354 22
      vertex 5.76457 53.7646 22
      vertex 5.90736 53.7288 22
    endloop
  endfacet
  facet normal -0 0 1
    outer loop
      vertex 5.62597 56.5858 22
      vertex 5.76457 53.7646 22
      vertex 5.76457 56.6354 22
    endloop
  endfacet
  facet normal 0 0 1
    outer loop
      vertex 5.62597 56.5858 22
      vertex 5.62597 53.8142 22
      vertex 5.76457 53.7646 22
    endloop
  endfacet
  facet normal -0 0 1
    outer loop
      vertex 5.4929 56.5229 22
      vertex 5.62597 53.8142 22
      vertex 5.62597 56.5858 22
    endloop
  endfacet
  facet normal 0 0 1
    outer loop
      vertex 5.4929 56.5229 22
      vertex 5.4929 53.8771 22
      vertex 5.62597 53.8142 22
    endloop
  endfacet
  facet normal -0 0 1
    outer loop
      vertex 5.36664 56.4472 22
      vertex 5.4929 53.8771 22
      vertex 5.4929 56.5229 22
    endloop
  endfacet
  facet normal 0 0 1
    outer loop
      vertex 5.36664 56.4472 22
      vertex 5.36664 53.9528 22
      vertex 5.4929 53.8771 22
    endloop
  endfacet
  facet normal -0 0 1
    outer loop
      vertex 5.24841 56.3595 22
      vertex 5.36664 53.9528 22
      vertex 5.36664 56.4472 22
    endloop
  endfacet
  facet normal 0 0 1
    outer loop
      vertex 5.24841 56.3595 22
      vertex 5.24841 54.0405 22
      vertex 5.36664 53.9528 22
    endloop
  endfacet
  facet normal -0 0 1
    outer loop
      vertex 5.13934 56.2607 22
      vertex 5.24841 54.0405 22
      vertex 5.24841 56.3595 22
    endloop
  endfacet
  facet normal 0 0 1
    outer loop
      vertex 5.13934 56.2607 22
      vertex 5.13934 54.1393 22
      vertex 5.24841 54.0405 22
    endloop
  endfacet
  facet normal -0 0 1
    outer loop
      vertex 5.04048 56.1516 22
      vertex 5.13934 54.1393 22
      vertex 5.13934 56.2607 22
    endloop
  endfacet
  facet normal 0 0 1
    outer loop
      vertex 5.04048 56.1516 22
      vertex 5.04048 54.2484 22
      vertex 5.13934 54.1393 22
    endloop
  endfacet
  facet normal -0 0 1
    outer loop
      vertex 4.9528 56.0334 22
      vertex 5.04048 54.2484 22
      vertex 5.04048 56.1516 22
    endloop
  endfacet
  facet normal 0 0 1
    outer loop
      vertex 4.9528 56.0334 22
      vertex 4.9528 54.3666 22
      vertex 5.04048 54.2484 22
    endloop
  endfacet
  facet normal -0 0 1
    outer loop
      vertex 4.87712 55.9071 22
      vertex 4.9528 54.3666 22
      vertex 4.9528 56.0334 22
    endloop
  endfacet
  facet normal 0 0 1
    outer loop
      vertex 4.87712 55.9071 22
      vertex 4.87712 54.4929 22
      vertex 4.9528 54.3666 22
    endloop
  endfacet
  facet normal -0 0 1
    outer loop
      vertex 4.81418 55.774 22
      vertex 4.87712 54.4929 22
      vertex 4.87712 55.9071 22
    endloop
  endfacet
  facet normal 0 0 1
    outer loop
      vertex 4.81418 55.774 22
      vertex 4.81418 54.626 22
      vertex 4.87712 54.4929 22
    endloop
  endfacet
  facet normal -0 0 1
    outer loop
      vertex 4.76459 55.6354 22
      vertex 4.81418 54.626 22
      vertex 4.81418 55.774 22
    endloop
  endfacet
  facet normal 0 0 1
    outer loop
      vertex 4.76459 55.6354 22
      vertex 4.76459 54.7646 22
      vertex 4.81418 54.626 22
    endloop
  endfacet
  facet normal -0 0 1
    outer loop
      vertex 4.72882 55.4926 22
      vertex 4.76459 54.7646 22
      vertex 4.76459 55.6354 22
    endloop
  endfacet
  facet normal 0 0 1
    outer loop
      vertex 4.72882 55.4926 22
      vertex 4.72882 54.9074 22
      vertex 4.76459 54.7646 22
    endloop
  endfacet
  facet normal -0 0 1
    outer loop
      vertex 4.70722 55.347 22
      vertex 4.72882 54.9074 22
      vertex 4.72882 55.4926 22
    endloop
  endfacet
  facet normal 0 0 1
    outer loop
      vertex 4.70722 55.347 22
      vertex 4.70722 55.053 22
      vertex 4.72882 54.9074 22
    endloop
  endfacet
  facet normal 0 -0 1
    outer loop
      vertex 4.70722 55.053 22
      vertex 4.70722 55.347 22
      vertex 4.7 55.2 22
    endloop
  endfacet
  facet normal -0.803153 0.595773 0
    outer loop
      vertex 4.9528 56.0334 2
      vertex 5.04048 56.1516 22
      vertex 5.04048 56.1516 2
    endloop
  endfacet
  facet normal -0.803153 0.595773 0
    outer loop
      vertex 5.04048 56.1516 22
      vertex 4.9528 56.0334 2
      vertex 4.9528 56.0334 22
    endloop
  endfacet
  facet normal -0.998796 -0.0490565 0
    outer loop
      vertex 4.70722 55.053 2
      vertex 4.7 55.2 22
      vertex 4.7 55.2 2
    endloop
  endfacet
  facet normal -0.998796 -0.0490565 0
    outer loop
      vertex 4.7 55.2 22
      vertex 4.70722 55.053 2
      vertex 4.70722 55.053 22
    endloop
  endfacet
  facet normal 0.741027 0.671475 0
    outer loop
      vertex 7.35952 56.1516 22
      vertex 7.26066 56.2607 2
      vertex 7.26066 56.2607 22
    endloop
  endfacet
  facet normal 0.741027 0.671475 0
    outer loop
      vertex 7.26066 56.2607 2
      vertex 7.35952 56.1516 22
      vertex 7.35952 56.1516 2
    endloop
  endfacet
  facet normal 0.989176 -0.146736 0
    outer loop
      vertex 7.67118 5.90737 22
      vertex 7.69278 6.05298 2
      vertex 7.69278 6.05298 22
    endloop
  endfacet
  facet normal 0.989176 -0.146736 0
    outer loop
      vertex 7.69278 6.05298 2
      vertex 7.67118 5.90737 22
      vertex 7.67118 5.90737 2
    endloop
  endfacet
  facet normal 0.998796 -0.0490499 0
    outer loop
      vertex 7.69278 6.05298 22
      vertex 7.7 6.2 2
      vertex 7.7 6.2 22
    endloop
  endfacet
  facet normal 0.998796 -0.0490499 0
    outer loop
      vertex 7.7 6.2 2
      vertex 7.69278 6.05298 22
      vertex 7.69278 6.05298 2
    endloop
  endfacet
  facet normal 0.970031 -0.242983 0
    outer loop
      vertex 7.63541 5.76457 22
      vertex 7.67118 5.90737 2
      vertex 7.67118 5.90737 22
    endloop
  endfacet
  facet normal 0.970031 -0.242983 0
    outer loop
      vertex 7.67118 5.90737 2
      vertex 7.63541 5.76457 22
      vertex 7.63541 5.76457 2
    endloop
  endfacet
  facet normal -0.242999 -0.970027 0
    outer loop
      vertex 5.76457 4.76459 2
      vertex 5.90736 4.72882 22
      vertex 5.76457 4.76459 22
    endloop
  endfacet
  facet normal -0.242999 -0.970027 -0
    outer loop
      vertex 5.90736 4.72882 22
      vertex 5.76457 4.76459 2
      vertex 5.90736 4.72882 2
    endloop
  endfacet
  facet normal -0.903983 0.427569 0
    outer loop
      vertex 4.81418 6.77403 2
      vertex 4.87712 6.9071 22
      vertex 4.87712 6.9071 2
    endloop
  endfacet
  facet normal -0.903983 0.427569 0
    outer loop
      vertex 4.87712 6.9071 22
      vertex 4.81418 6.77403 2
      vertex 4.81418 6.77403 22
    endloop
  endfacet
  facet normal 0.514116 -0.857721 0
    outer loop
      vertex 6.90709 4.87712 2
      vertex 7.03335 4.9528 22
      vertex 6.90709 4.87712 22
    endloop
  endfacet
  facet normal 0.514116 -0.857721 0
    outer loop
      vertex 7.03335 4.9528 22
      vertex 6.90709 4.87712 2
      vertex 7.03335 4.9528 2
    endloop
  endfacet
  facet normal 0.514066 0.857751 -0
    outer loop
      vertex 7.03335 7.44721 2
      vertex 6.90709 7.52288 22
      vertex 7.03335 7.44721 22
    endloop
  endfacet
  facet normal 0.514066 0.857751 0
    outer loop
      vertex 6.90709 7.52288 22
      vertex 7.03335 7.44721 2
      vertex 6.90709 7.52288 2
    endloop
  endfacet
  facet normal 0.3369 0.94154 -0
    outer loop
      vertex 6.77402 7.58582 2
      vertex 6.63543 7.63541 22
      vertex 6.77402 7.58582 22
    endloop
  endfacet
  facet normal 0.3369 0.94154 0
    outer loop
      vertex 6.63543 7.63541 22
      vertex 6.77402 7.58582 2
      vertex 6.63543 7.63541 2
    endloop
  endfacet
  facet normal -0.970031 -0.242983 0
    outer loop
      vertex 4.76459 5.76457 2
      vertex 4.72882 5.90737 22
      vertex 4.72882 5.90737 2
    endloop
  endfacet
  facet normal -0.970031 -0.242983 0
    outer loop
      vertex 4.72882 5.90737 22
      vertex 4.76459 5.76457 2
      vertex 4.76459 5.76457 22
    endloop
  endfacet
  facet normal -0.671577 -0.740935 0
    outer loop
      vertex 5.13934 5.13934 2
      vertex 5.24841 5.04048 22
      vertex 5.13934 5.13934 22
    endloop
  endfacet
  facet normal -0.671577 -0.740935 -0
    outer loop
      vertex 5.24841 5.04048 22
      vertex 5.13934 5.13934 2
      vertex 5.24841 5.04048 2
    endloop
  endfacet
  facet normal -0.514116 -0.857721 0
    outer loop
      vertex 5.36664 4.9528 2
      vertex 5.4929 4.87712 22
      vertex 5.36664 4.9528 22
    endloop
  endfacet
  facet normal -0.514116 -0.857721 -0
    outer loop
      vertex 5.4929 4.87712 22
      vertex 5.36664 4.9528 2
      vertex 5.4929 4.87712 2
    endloop
  endfacet
  facet normal 0.146736 0.989176 -0
    outer loop
      vertex 6.49263 7.67118 2
      vertex 6.34702 7.69278 22
      vertex 6.49263 7.67118 22
    endloop
  endfacet
  facet normal 0.146736 0.989176 0
    outer loop
      vertex 6.34702 7.69278 22
      vertex 6.49263 7.67118 2
      vertex 6.34702 7.69278 2
    endloop
  endfacet
  facet normal -0.803249 -0.595643 0
    outer loop
      vertex 5.04048 5.24841 2
      vertex 4.9528 5.36665 22
      vertex 4.9528 5.36665 2
    endloop
  endfacet
  facet normal -0.803249 -0.595643 0
    outer loop
      vertex 4.9528 5.36665 22
      vertex 5.04048 5.24841 2
      vertex 5.04048 5.24841 22
    endloop
  endfacet
  facet normal 0.903983 -0.427569 0
    outer loop
      vertex 7.52288 5.49291 22
      vertex 7.58582 5.62598 2
      vertex 7.58582 5.62598 22
    endloop
  endfacet
  facet normal 0.903983 -0.427569 0
    outer loop
      vertex 7.58582 5.62598 2
      vertex 7.52288 5.49291 22
      vertex 7.52288 5.49291 2
    endloop
  endfacet
  facet normal -0.94154 -0.3369 0
    outer loop
      vertex 4.81418 5.62598 2
      vertex 4.76459 5.76457 22
      vertex 4.76459 5.76457 2
    endloop
  endfacet
  facet normal -0.94154 -0.3369 0
    outer loop
      vertex 4.76459 5.76457 22
      vertex 4.81418 5.62598 2
      vertex 4.81418 5.62598 22
    endloop
  endfacet
  facet normal -0.336879 0.941548 0
    outer loop
      vertex 5.76457 7.63541 2
      vertex 5.62597 7.58582 22
      vertex 5.76457 7.63541 22
    endloop
  endfacet
  facet normal -0.336879 0.941548 0
    outer loop
      vertex 5.62597 7.58582 22
      vertex 5.76457 7.63541 2
      vertex 5.62597 7.58582 2
    endloop
  endfacet
  facet normal 0.595643 -0.803249 0
    outer loop
      vertex 7.03335 4.9528 2
      vertex 7.15159 5.04048 22
      vertex 7.03335 4.9528 22
    endloop
  endfacet
  facet normal 0.595643 -0.803249 0
    outer loop
      vertex 7.15159 5.04048 22
      vertex 7.03335 4.9528 2
      vertex 7.15159 5.04048 2
    endloop
  endfacet
  facet normal -0.903983 -0.427569 0
    outer loop
      vertex 4.87712 5.49291 2
      vertex 4.81418 5.62598 22
      vertex 4.81418 5.62598 2
    endloop
  endfacet
  facet normal -0.903983 -0.427569 0
    outer loop
      vertex 4.81418 5.62598 22
      vertex 4.87712 5.49291 2
      vertex 4.87712 5.49291 22
    endloop
  endfacet
  facet normal 0.803225 0.595676 0
    outer loop
      vertex 7.4472 7.03336 22
      vertex 7.35952 7.15159 2
      vertex 7.35952 7.15159 22
    endloop
  endfacet
  facet normal 0.803225 0.595676 0
    outer loop
      vertex 7.35952 7.15159 2
      vertex 7.4472 7.03336 22
      vertex 7.4472 7.03336 2
    endloop
  endfacet
  facet normal 0.146736 -0.989176 0
    outer loop
      vertex 6.34702 4.70722 2
      vertex 6.49263 4.72882 22
      vertex 6.34702 4.70722 22
    endloop
  endfacet
  facet normal 0.146736 -0.989176 0
    outer loop
      vertex 6.49263 4.72882 22
      vertex 6.34702 4.70722 2
      vertex 6.49263 4.72882 2
    endloop
  endfacet
  facet normal -0.989176 -0.146736 0
    outer loop
      vertex 4.72882 5.90737 2
      vertex 4.70722 6.05298 22
      vertex 4.70722 6.05298 2
    endloop
  endfacet
  facet normal -0.989176 -0.146736 0
    outer loop
      vertex 4.70722 6.05298 22
      vertex 4.72882 5.90737 2
      vertex 4.72882 5.90737 22
    endloop
  endfacet
  facet normal 0.803249 -0.595643 0
    outer loop
      vertex 7.35952 5.24841 22
      vertex 7.4472 5.36665 2
      vertex 7.4472 5.36665 22
    endloop
  endfacet
  facet normal 0.803249 -0.595643 0
    outer loop
      vertex 7.4472 5.36665 2
      vertex 7.35952 5.24841 22
      vertex 7.35952 5.24841 2
    endloop
  endfacet
  facet normal 0.0490499 -0.998796 0
    outer loop
      vertex 6.2 4.7 2
      vertex 6.34702 4.70722 22
      vertex 6.2 4.7 22
    endloop
  endfacet
  facet normal 0.0490499 -0.998796 0
    outer loop
      vertex 6.34702 4.70722 22
      vertex 6.2 4.7 2
      vertex 6.34702 4.70722 2
    endloop
  endfacet
  facet normal -0.857721 0.514116 0
    outer loop
      vertex 4.87712 6.9071 2
      vertex 4.9528 7.03336 22
      vertex 4.9528 7.03336 2
    endloop
  endfacet
  facet normal -0.857721 0.514116 0
    outer loop
      vertex 4.9528 7.03336 22
      vertex 4.87712 6.9071 2
      vertex 4.87712 6.9071 22
    endloop
  endfacet
  facet normal -0.941548 0.336879 0
    outer loop
      vertex 4.76459 6.63543 2
      vertex 4.81418 6.77403 22
      vertex 4.81418 6.77403 2
    endloop
  endfacet
  facet normal -0.941548 0.336879 0
    outer loop
      vertex 4.81418 6.77403 22
      vertex 4.76459 6.63543 2
      vertex 4.76459 6.63543 22
    endloop
  endfacet
  facet normal -0.427569 -0.903983 0
    outer loop
      vertex 5.4929 4.87712 2
      vertex 5.62597 4.81418 22
      vertex 5.4929 4.87712 22
    endloop
  endfacet
  facet normal -0.427569 -0.903983 -0
    outer loop
      vertex 5.62597 4.81418 22
      vertex 5.4929 4.87712 2
      vertex 5.62597 4.81418 2
    endloop
  endfacet
  facet normal 0.903983 0.427569 0
    outer loop
      vertex 7.58582 6.77403 22
      vertex 7.52288 6.9071 2
      vertex 7.52288 6.9071 22
    endloop
  endfacet
  facet normal 0.903983 0.427569 0
    outer loop
      vertex 7.52288 6.9071 2
      vertex 7.58582 6.77403 22
      vertex 7.58582 6.77403 2
    endloop
  endfacet
  facet normal -0.59572 0.803192 0
    outer loop
      vertex 5.36664 7.44721 2
      vertex 5.24841 7.35952 22
      vertex 5.36664 7.44721 22
    endloop
  endfacet
  facet normal -0.59572 0.803192 0
    outer loop
      vertex 5.24841 7.35952 22
      vertex 5.36664 7.44721 2
      vertex 5.24841 7.35952 2
    endloop
  endfacet
  facet normal -0.857721 -0.514116 0
    outer loop
      vertex 4.9528 5.36665 2
      vertex 4.87712 5.49291 22
      vertex 4.87712 5.49291 2
    endloop
  endfacet
  facet normal -0.857721 -0.514116 0
    outer loop
      vertex 4.87712 5.49291 22
      vertex 4.9528 5.36665 2
      vertex 4.9528 5.36665 22
    endloop
  endfacet
  facet normal 0.998796 0.0490465 0
    outer loop
      vertex 7.7 6.2 22
      vertex 7.69278 6.34703 2
      vertex 7.69278 6.34703 22
    endloop
  endfacet
  facet normal 0.998796 0.0490465 0
    outer loop
      vertex 7.69278 6.34703 2
      vertex 7.7 6.2 22
      vertex 7.7 6.2 2
    endloop
  endfacet
  facet normal 0.941548 0.336879 0
    outer loop
      vertex 7.63541 6.63543 22
      vertex 7.58582 6.77403 2
      vertex 7.58582 6.77403 22
    endloop
  endfacet
  facet normal 0.941548 0.336879 0
    outer loop
      vertex 7.58582 6.77403 2
      vertex 7.63541 6.63543 22
      vertex 7.63541 6.63543 2
    endloop
  endfacet
  facet normal 0.242983 0.970031 -0
    outer loop
      vertex 6.63543 7.63541 2
      vertex 6.49263 7.67118 22
      vertex 6.63543 7.63541 22
    endloop
  endfacet
  facet normal 0.242983 0.970031 0
    outer loop
      vertex 6.49263 7.67118 22
      vertex 6.63543 7.63541 2
      vertex 6.49263 7.67118 2
    endloop
  endfacet
  facet normal 0.94154 -0.3369 0
    outer loop
      vertex 7.58582 5.62598 22
      vertex 7.63541 5.76457 2
      vertex 7.63541 5.76457 22
    endloop
  endfacet
  facet normal 0.94154 -0.3369 0
    outer loop
      vertex 7.63541 5.76457 2
      vertex 7.58582 5.62598 22
      vertex 7.58582 5.62598 2
    endloop
  endfacet
  facet normal -0.998796 0.0490465 0
    outer loop
      vertex 4.7 6.2 2
      vertex 4.70722 6.34703 22
      vertex 4.70722 6.34703 2
    endloop
  endfacet
  facet normal -0.998796 0.0490465 0
    outer loop
      vertex 4.70722 6.34703 22
      vertex 4.7 6.2 2
      vertex 4.7 6.2 22
    endloop
  endfacet
  facet normal 0.989176 0.146736 0
    outer loop
      vertex 7.69278 6.34703 22
      vertex 7.67118 6.49264 2
      vertex 7.67118 6.49264 22
    endloop
  endfacet
  facet normal 0.989176 0.146736 0
    outer loop
      vertex 7.67118 6.49264 2
      vertex 7.69278 6.34703 22
      vertex 7.69278 6.34703 2
    endloop
  endfacet
  facet normal -0.671577 0.740935 0
    outer loop
      vertex 5.24841 7.35952 2
      vertex 5.13934 7.26066 22
      vertex 5.24841 7.35952 22
    endloop
  endfacet
  facet normal -0.671577 0.740935 0
    outer loop
      vertex 5.13934 7.26066 22
      vertex 5.24841 7.35952 2
      vertex 5.13934 7.26066 2
    endloop
  endfacet
  facet normal 0.970027 0.242999 0
    outer loop
      vertex 7.67118 6.49264 22
      vertex 7.63541 6.63543 2
      vertex 7.63541 6.63543 22
    endloop
  endfacet
  facet normal 0.970027 0.242999 0
    outer loop
      vertex 7.63541 6.63543 2
      vertex 7.67118 6.49264 22
      vertex 7.67118 6.49264 2
    endloop
  endfacet
  facet normal 0.671577 -0.740935 0
    outer loop
      vertex 7.15159 5.04048 2
      vertex 7.26066 5.13934 22
      vertex 7.15159 5.04048 22
    endloop
  endfacet
  facet normal 0.671577 -0.740935 0
    outer loop
      vertex 7.26066 5.13934 22
      vertex 7.15159 5.04048 2
      vertex 7.26066 5.13934 2
    endloop
  endfacet
  facet normal 0.3369 -0.94154 0
    outer loop
      vertex 6.63543 4.76459 2
      vertex 6.77402 4.81418 22
      vertex 6.63543 4.76459 22
    endloop
  endfacet
  facet normal 0.3369 -0.94154 0
    outer loop
      vertex 6.77402 4.81418 22
      vertex 6.63543 4.76459 2
      vertex 6.77402 4.81418 2
    endloop
  endfacet
  facet normal -0.336879 -0.941548 0
    outer loop
      vertex 5.62597 4.81418 2
      vertex 5.76457 4.76459 22
      vertex 5.62597 4.81418 22
    endloop
  endfacet
  facet normal -0.336879 -0.941548 -0
    outer loop
      vertex 5.76457 4.76459 22
      vertex 5.62597 4.81418 2
      vertex 5.76457 4.76459 2
    endloop
  endfacet
  facet normal -0.514066 0.857751 0
    outer loop
      vertex 5.4929 7.52288 2
      vertex 5.36664 7.44721 22
      vertex 5.4929 7.52288 22
    endloop
  endfacet
  facet normal -0.514066 0.857751 0
    outer loop
      vertex 5.36664 7.44721 22
      vertex 5.4929 7.52288 2
      vertex 5.36664 7.44721 2
    endloop
  endfacet
  facet normal 0.857721 0.514116 0
    outer loop
      vertex 7.52288 6.9071 22
      vertex 7.4472 7.03336 2
      vertex 7.4472 7.03336 22
    endloop
  endfacet
  facet normal 0.857721 0.514116 0
    outer loop
      vertex 7.4472 7.03336 2
      vertex 7.52288 6.9071 22
      vertex 7.52288 6.9071 2
    endloop
  endfacet
  facet normal 0.427569 -0.903983 0
    outer loop
      vertex 6.77402 4.81418 2
      vertex 6.90709 4.87712 22
      vertex 6.77402 4.81418 22
    endloop
  endfacet
  facet normal 0.427569 -0.903983 0
    outer loop
      vertex 6.90709 4.87712 22
      vertex 6.77402 4.81418 2
      vertex 6.90709 4.87712 2
    endloop
  endfacet
  facet normal -0.146736 0.989176 0
    outer loop
      vertex 6.05297 7.69278 2
      vertex 5.90736 7.67118 22
      vertex 6.05297 7.69278 22
    endloop
  endfacet
  facet normal -0.146736 0.989176 0
    outer loop
      vertex 5.90736 7.67118 22
      vertex 6.05297 7.69278 2
      vertex 5.90736 7.67118 2
    endloop
  endfacet
  facet normal -0.595676 -0.803225 0
    outer loop
      vertex 5.24841 5.04048 2
      vertex 5.36664 4.9528 22
      vertex 5.24841 5.04048 22
    endloop
  endfacet
  facet normal -0.595676 -0.803225 -0
    outer loop
      vertex 5.36664 4.9528 22
      vertex 5.24841 5.04048 2
      vertex 5.36664 4.9528 2
    endloop
  endfacet
  facet normal 0.857721 -0.514116 0
    outer loop
      vertex 7.4472 5.36665 22
      vertex 7.52288 5.49291 2
      vertex 7.52288 5.49291 22
    endloop
  endfacet
  facet normal 0.857721 -0.514116 0
    outer loop
      vertex 7.52288 5.49291 2
      vertex 7.4472 5.36665 22
      vertex 7.4472 5.36665 2
    endloop
  endfacet
  facet normal -0.0490465 -0.998796 0
    outer loop
      vertex 6.05297 4.70722 2
      vertex 6.2 4.7 22
      vertex 6.05297 4.70722 22
    endloop
  endfacet
  facet normal -0.0490465 -0.998796 -0
    outer loop
      vertex 6.2 4.7 22
      vertex 6.05297 4.70722 2
      vertex 6.2 4.7 2
    endloop
  endfacet
  facet normal -0.0490465 0.998796 0
    outer loop
      vertex 6.2 7.7 2
      vertex 6.05297 7.69278 22
      vertex 6.2 7.7 22
    endloop
  endfacet
  facet normal -0.0490465 0.998796 0
    outer loop
      vertex 6.05297 7.69278 22
      vertex 6.2 7.7 2
      vertex 6.05297 7.69278 2
    endloop
  endfacet
  facet normal -0.740935 -0.671577 0
    outer loop
      vertex 5.13934 5.13934 2
      vertex 5.04048 5.24841 22
      vertex 5.04048 5.24841 2
    endloop
  endfacet
  facet normal -0.740935 -0.671577 0
    outer loop
      vertex 5.04048 5.24841 22
      vertex 5.13934 5.13934 2
      vertex 5.13934 5.13934 22
    endloop
  endfacet
  facet normal 0.0490499 0.998796 -0
    outer loop
      vertex 6.34702 7.69278 2
      vertex 6.2 7.7 22
      vertex 6.34702 7.69278 22
    endloop
  endfacet
  facet normal 0.0490499 0.998796 0
    outer loop
      vertex 6.2 7.7 22
      vertex 6.34702 7.69278 2
      vertex 6.2 7.7 2
    endloop
  endfacet
  facet normal -0.146736 -0.989176 0
    outer loop
      vertex 5.90736 4.72882 2
      vertex 6.05297 4.70722 22
      vertex 5.90736 4.72882 22
    endloop
  endfacet
  facet normal -0.146736 -0.989176 -0
    outer loop
      vertex 6.05297 4.70722 22
      vertex 5.90736 4.72882 2
      vertex 6.05297 4.70722 2
    endloop
  endfacet
  facet normal -0.242999 0.970027 0
    outer loop
      vertex 5.90736 7.67118 2
      vertex 5.76457 7.63541 22
      vertex 5.90736 7.67118 22
    endloop
  endfacet
  facet normal -0.242999 0.970027 0
    outer loop
      vertex 5.76457 7.63541 22
      vertex 5.90736 7.67118 2
      vertex 5.76457 7.63541 2
    endloop
  endfacet
  facet normal 0.671577 0.740935 -0
    outer loop
      vertex 7.26066 7.26066 2
      vertex 7.15159 7.35952 22
      vertex 7.26066 7.26066 22
    endloop
  endfacet
  facet normal 0.671577 0.740935 0
    outer loop
      vertex 7.15159 7.35952 22
      vertex 7.26066 7.26066 2
      vertex 7.15159 7.35952 2
    endloop
  endfacet
  facet normal 0.242983 -0.970031 0
    outer loop
      vertex 6.49263 4.72882 2
      vertex 6.63543 4.76459 22
      vertex 6.49263 4.72882 22
    endloop
  endfacet
  facet normal 0.242983 -0.970031 0
    outer loop
      vertex 6.63543 4.76459 22
      vertex 6.49263 4.72882 2
      vertex 6.63543 4.76459 2
    endloop
  endfacet
  facet normal -0.970027 0.242999 0
    outer loop
      vertex 4.72882 6.49264 2
      vertex 4.76459 6.63543 22
      vertex 4.76459 6.63543 2
    endloop
  endfacet
  facet normal -0.970027 0.242999 0
    outer loop
      vertex 4.76459 6.63543 22
      vertex 4.72882 6.49264 2
      vertex 4.72882 6.49264 22
    endloop
  endfacet
  facet normal -0.427569 0.903983 0
    outer loop
      vertex 5.62597 7.58582 2
      vertex 5.4929 7.52288 22
      vertex 5.62597 7.58582 22
    endloop
  endfacet
  facet normal -0.427569 0.903983 0
    outer loop
      vertex 5.4929 7.52288 22
      vertex 5.62597 7.58582 2
      vertex 5.4929 7.52288 2
    endloop
  endfacet
  facet normal -0.740935 0.671577 0
    outer loop
      vertex 5.04048 7.15159 2
      vertex 5.13934 7.26066 22
      vertex 5.13934 7.26066 2
    endloop
  endfacet
  facet normal -0.740935 0.671577 0
    outer loop
      vertex 5.13934 7.26066 22
      vertex 5.04048 7.15159 2
      vertex 5.04048 7.15159 22
    endloop
  endfacet
  facet normal 0.427569 0.903983 -0
    outer loop
      vertex 6.90709 7.52288 2
      vertex 6.77402 7.58582 22
      vertex 6.90709 7.52288 22
    endloop
  endfacet
  facet normal 0.427569 0.903983 0
    outer loop
      vertex 6.77402 7.58582 22
      vertex 6.90709 7.52288 2
      vertex 6.77402 7.58582 2
    endloop
  endfacet
  facet normal -0.989176 0.146736 0
    outer loop
      vertex 4.70722 6.34703 2
      vertex 4.72882 6.49264 22
      vertex 4.72882 6.49264 2
    endloop
  endfacet
  facet normal -0.989176 0.146736 0
    outer loop
      vertex 4.72882 6.49264 22
      vertex 4.70722 6.34703 2
      vertex 4.70722 6.34703 22
    endloop
  endfacet
  facet normal 0.740935 -0.671577 0
    outer loop
      vertex 7.26066 5.13934 22
      vertex 7.35952 5.24841 2
      vertex 7.35952 5.24841 22
    endloop
  endfacet
  facet normal 0.740935 -0.671577 0
    outer loop
      vertex 7.35952 5.24841 2
      vertex 7.26066 5.13934 22
      vertex 7.26066 5.13934 2
    endloop
  endfacet
  facet normal 0.595687 0.803217 -0
    outer loop
      vertex 7.15159 7.35952 2
      vertex 7.03335 7.44721 22
      vertex 7.15159 7.35952 22
    endloop
  endfacet
  facet normal 0.595687 0.803217 0
    outer loop
      vertex 7.03335 7.44721 22
      vertex 7.15159 7.35952 2
      vertex 7.03335 7.44721 2
    endloop
  endfacet
  facet normal 0 0 1
    outer loop
      vertex 7.69278 6.34703 22
      vertex 7.69278 6.05298 22
      vertex 7.7 6.2 22
    endloop
  endfacet
  facet normal 0 0 1
    outer loop
      vertex 7.67118 6.49264 22
      vertex 7.69278 6.05298 22
      vertex 7.69278 6.34703 22
    endloop
  endfacet
  facet normal 0 0 1
    outer loop
      vertex 7.67118 6.49264 22
      vertex 7.67118 5.90737 22
      vertex 7.69278 6.05298 22
    endloop
  endfacet
  facet normal 0 0 1
    outer loop
      vertex 7.63541 6.63543 22
      vertex 7.67118 5.90737 22
      vertex 7.67118 6.49264 22
    endloop
  endfacet
  facet normal 0 0 1
    outer loop
      vertex 7.63541 6.63543 22
      vertex 7.63541 5.76457 22
      vertex 7.67118 5.90737 22
    endloop
  endfacet
  facet normal 0 0 1
    outer loop
      vertex 7.58582 6.77403 22
      vertex 7.63541 5.76457 22
      vertex 7.63541 6.63543 22
    endloop
  endfacet
  facet normal 0 0 1
    outer loop
      vertex 7.58582 6.77403 22
      vertex 7.58582 5.62598 22
      vertex 7.63541 5.76457 22
    endloop
  endfacet
  facet normal 0 0 1
    outer loop
      vertex 7.52288 6.9071 22
      vertex 7.58582 5.62598 22
      vertex 7.58582 6.77403 22
    endloop
  endfacet
  facet normal 0 0 1
    outer loop
      vertex 7.52288 6.9071 22
      vertex 7.52288 5.49291 22
      vertex 7.58582 5.62598 22
    endloop
  endfacet
  facet normal 0 0 1
    outer loop
      vertex 7.4472 7.03336 22
      vertex 7.52288 5.49291 22
      vertex 7.52288 6.9071 22
    endloop
  endfacet
  facet normal 0 0 1
    outer loop
      vertex 7.4472 7.03336 22
      vertex 7.4472 5.36665 22
      vertex 7.52288 5.49291 22
    endloop
  endfacet
  facet normal 0 0 1
    outer loop
      vertex 7.35952 7.15159 22
      vertex 7.4472 5.36665 22
      vertex 7.4472 7.03336 22
    endloop
  endfacet
  facet normal 0 0 1
    outer loop
      vertex 7.35952 7.15159 22
      vertex 7.35952 5.24841 22
      vertex 7.4472 5.36665 22
    endloop
  endfacet
  facet normal 0 0 1
    outer loop
      vertex 7.26066 7.26066 22
      vertex 7.35952 5.24841 22
      vertex 7.35952 7.15159 22
    endloop
  endfacet
  facet normal 0 0 1
    outer loop
      vertex 7.26066 7.26066 22
      vertex 7.26066 5.13934 22
      vertex 7.35952 5.24841 22
    endloop
  endfacet
  facet normal 0 0 1
    outer loop
      vertex 7.15159 7.35952 22
      vertex 7.26066 5.13934 22
      vertex 7.26066 7.26066 22
    endloop
  endfacet
  facet normal 0 0 1
    outer loop
      vertex 7.15159 7.35952 22
      vertex 7.15159 5.04048 22
      vertex 7.26066 5.13934 22
    endloop
  endfacet
  facet normal 0 0 1
    outer loop
      vertex 7.03335 7.44721 22
      vertex 7.15159 5.04048 22
      vertex 7.15159 7.35952 22
    endloop
  endfacet
  facet normal 0 0 1
    outer loop
      vertex 7.03335 7.44721 22
      vertex 7.03335 4.9528 22
      vertex 7.15159 5.04048 22
    endloop
  endfacet
  facet normal 0 0 1
    outer loop
      vertex 6.90709 7.52288 22
      vertex 7.03335 4.9528 22
      vertex 7.03335 7.44721 22
    endloop
  endfacet
  facet normal 0 0 1
    outer loop
      vertex 6.90709 7.52288 22
      vertex 6.90709 4.87712 22
      vertex 7.03335 4.9528 22
    endloop
  endfacet
  facet normal 0 0 1
    outer loop
      vertex 6.77402 7.58582 22
      vertex 6.90709 4.87712 22
      vertex 6.90709 7.52288 22
    endloop
  endfacet
  facet normal 0 0 1
    outer loop
      vertex 6.77402 7.58582 22
      vertex 6.77402 4.81418 22
      vertex 6.90709 4.87712 22
    endloop
  endfacet
  facet normal 0 0 1
    outer loop
      vertex 6.63543 7.63541 22
      vertex 6.77402 4.81418 22
      vertex 6.77402 7.58582 22
    endloop
  endfacet
  facet normal 0 0 1
    outer loop
      vertex 6.63543 7.63541 22
      vertex 6.63543 4.76459 22
      vertex 6.77402 4.81418 22
    endloop
  endfacet
  facet normal 0 0 1
    outer loop
      vertex 6.49263 7.67118 22
      vertex 6.63543 4.76459 22
      vertex 6.63543 7.63541 22
    endloop
  endfacet
  facet normal 0 0 1
    outer loop
      vertex 6.49263 7.67118 22
      vertex 6.49263 4.72882 22
      vertex 6.63543 4.76459 22
    endloop
  endfacet
  facet normal 0 0 1
    outer loop
      vertex 6.34702 7.69278 22
      vertex 6.49263 4.72882 22
      vertex 6.49263 7.67118 22
    endloop
  endfacet
  facet normal 0 0 1
    outer loop
      vertex 6.34702 7.69278 22
      vertex 6.34702 4.70722 22
      vertex 6.49263 4.72882 22
    endloop
  endfacet
  facet normal 0 0 1
    outer loop
      vertex 6.2 7.7 22
      vertex 6.34702 4.70722 22
      vertex 6.34702 7.69278 22
    endloop
  endfacet
  facet normal 0 0 1
    outer loop
      vertex 6.2 7.7 22
      vertex 6.2 4.7 22
      vertex 6.34702 4.70722 22
    endloop
  endfacet
  facet normal -0 0 1
    outer loop
      vertex 6.05297 7.69278 22
      vertex 6.2 4.7 22
      vertex 6.2 7.7 22
    endloop
  endfacet
  facet normal 0 0 1
    outer loop
      vertex 6.05297 7.69278 22
      vertex 6.05297 4.70722 22
      vertex 6.2 4.7 22
    endloop
  endfacet
  facet normal -0 0 1
    outer loop
      vertex 5.90736 7.67118 22
      vertex 6.05297 4.70722 22
      vertex 6.05297 7.69278 22
    endloop
  endfacet
  facet normal 0 0 1
    outer loop
      vertex 5.90736 7.67118 22
      vertex 5.90736 4.72882 22
      vertex 6.05297 4.70722 22
    endloop
  endfacet
  facet normal -0 0 1
    outer loop
      vertex 5.76457 7.63541 22
      vertex 5.90736 4.72882 22
      vertex 5.90736 7.67118 22
    endloop
  endfacet
  facet normal 0 0 1
    outer loop
      vertex 5.76457 7.63541 22
      vertex 5.76457 4.76459 22
      vertex 5.90736 4.72882 22
    endloop
  endfacet
  facet normal -0 0 1
    outer loop
      vertex 5.62597 7.58582 22
      vertex 5.76457 4.76459 22
      vertex 5.76457 7.63541 22
    endloop
  endfacet
  facet normal 0 0 1
    outer loop
      vertex 5.62597 7.58582 22
      vertex 5.62597 4.81418 22
      vertex 5.76457 4.76459 22
    endloop
  endfacet
  facet normal -0 0 1
    outer loop
      vertex 5.4929 7.52288 22
      vertex 5.62597 4.81418 22
      vertex 5.62597 7.58582 22
    endloop
  endfacet
  facet normal 0 0 1
    outer loop
      vertex 5.4929 7.52288 22
      vertex 5.4929 4.87712 22
      vertex 5.62597 4.81418 22
    endloop
  endfacet
  facet normal -0 0 1
    outer loop
      vertex 5.36664 7.44721 22
      vertex 5.4929 4.87712 22
      vertex 5.4929 7.52288 22
    endloop
  endfacet
  facet normal 0 0 1
    outer loop
      vertex 5.36664 7.44721 22
      vertex 5.36664 4.9528 22
      vertex 5.4929 4.87712 22
    endloop
  endfacet
  facet normal -0 0 1
    outer loop
      vertex 5.24841 7.35952 22
      vertex 5.36664 4.9528 22
      vertex 5.36664 7.44721 22
    endloop
  endfacet
  facet normal 0 0 1
    outer loop
      vertex 5.24841 7.35952 22
      vertex 5.24841 5.04048 22
      vertex 5.36664 4.9528 22
    endloop
  endfacet
  facet normal -0 0 1
    outer loop
      vertex 5.13934 7.26066 22
      vertex 5.24841 5.04048 22
      vertex 5.24841 7.35952 22
    endloop
  endfacet
  facet normal 0 0 1
    outer loop
      vertex 5.13934 7.26066 22
      vertex 5.13934 5.13934 22
      vertex 5.24841 5.04048 22
    endloop
  endfacet
  facet normal -0 0 1
    outer loop
      vertex 5.04048 7.15159 22
      vertex 5.13934 5.13934 22
      vertex 5.13934 7.26066 22
    endloop
  endfacet
  facet normal 0 0 1
    outer loop
      vertex 5.04048 7.15159 22
      vertex 5.04048 5.24841 22
      vertex 5.13934 5.13934 22
    endloop
  endfacet
  facet normal -0 0 1
    outer loop
      vertex 4.9528 7.03336 22
      vertex 5.04048 5.24841 22
      vertex 5.04048 7.15159 22
    endloop
  endfacet
  facet normal 0 0 1
    outer loop
      vertex 4.9528 7.03336 22
      vertex 4.9528 5.36665 22
      vertex 5.04048 5.24841 22
    endloop
  endfacet
  facet normal -0 0 1
    outer loop
      vertex 4.87712 6.9071 22
      vertex 4.9528 5.36665 22
      vertex 4.9528 7.03336 22
    endloop
  endfacet
  facet normal 0 0 1
    outer loop
      vertex 4.87712 6.9071 22
      vertex 4.87712 5.49291 22
      vertex 4.9528 5.36665 22
    endloop
  endfacet
  facet normal -0 0 1
    outer loop
      vertex 4.81418 6.77403 22
      vertex 4.87712 5.49291 22
      vertex 4.87712 6.9071 22
    endloop
  endfacet
  facet normal 0 0 1
    outer loop
      vertex 4.81418 6.77403 22
      vertex 4.81418 5.62598 22
      vertex 4.87712 5.49291 22
    endloop
  endfacet
  facet normal -0 0 1
    outer loop
      vertex 4.76459 6.63543 22
      vertex 4.81418 5.62598 22
      vertex 4.81418 6.77403 22
    endloop
  endfacet
  facet normal 0 0 1
    outer loop
      vertex 4.76459 6.63543 22
      vertex 4.76459 5.76457 22
      vertex 4.81418 5.62598 22
    endloop
  endfacet
  facet normal -0 0 1
    outer loop
      vertex 4.72882 6.49264 22
      vertex 4.76459 5.76457 22
      vertex 4.76459 6.63543 22
    endloop
  endfacet
  facet normal 0 0 1
    outer loop
      vertex 4.72882 6.49264 22
      vertex 4.72882 5.90737 22
      vertex 4.76459 5.76457 22
    endloop
  endfacet
  facet normal -0 0 1
    outer loop
      vertex 4.70722 6.34703 22
      vertex 4.72882 5.90737 22
      vertex 4.72882 6.49264 22
    endloop
  endfacet
  facet normal 0 0 1
    outer loop
      vertex 4.70722 6.34703 22
      vertex 4.70722 6.05298 22
      vertex 4.72882 5.90737 22
    endloop
  endfacet
  facet normal 0 -0 1
    outer loop
      vertex 4.70722 6.05298 22
      vertex 4.70722 6.34703 22
      vertex 4.7 6.2 22
    endloop
  endfacet
  facet normal -0.803225 0.595676 0
    outer loop
      vertex 4.9528 7.03336 2
      vertex 5.04048 7.15159 22
      vertex 5.04048 7.15159 2
    endloop
  endfacet
  facet normal -0.803225 0.595676 0
    outer loop
      vertex 5.04048 7.15159 22
      vertex 4.9528 7.03336 2
      vertex 4.9528 7.03336 22
    endloop
  endfacet
  facet normal -0.998796 -0.0490499 0
    outer loop
      vertex 4.70722 6.05298 2
      vertex 4.7 6.2 22
      vertex 4.7 6.2 2
    endloop
  endfacet
  facet normal -0.998796 -0.0490499 0
    outer loop
      vertex 4.7 6.2 22
      vertex 4.70722 6.05298 2
      vertex 4.70722 6.05298 22
    endloop
  endfacet
  facet normal 0.740935 0.671577 0
    outer loop
      vertex 7.35952 7.15159 22
      vertex 7.26066 7.26066 2
      vertex 7.26066 7.26066 22
    endloop
  endfacet
  facet normal 0.740935 0.671577 0
    outer loop
      vertex 7.26066 7.26066 2
      vertex 7.35952 7.15159 22
      vertex 7.35952 7.15159 2
    endloop
  endfacet
  facet normal 0.989174 -0.146746 0
    outer loop
      vertex 91.6712 54.9074 4.9
      vertex 91.6928 55.053 2
      vertex 91.6928 55.053 4.9
    endloop
  endfacet
  facet normal 0.989174 -0.146746 0
    outer loop
      vertex 91.6928 55.053 2
      vertex 91.6712 54.9074 4.9
      vertex 91.6712 54.9074 2
    endloop
  endfacet
  facet normal 0.998803 -0.0489209 0
    outer loop
      vertex 91.6928 55.053 4.9
      vertex 91.7 55.2 2
      vertex 91.7 55.2 4.9
    endloop
  endfacet
  facet normal 0.998803 -0.0489209 0
    outer loop
      vertex 91.7 55.2 2
      vertex 91.6928 55.053 4.9
      vertex 91.6928 55.053 2
    endloop
  endfacet
  facet normal 0.969982 -0.243175 0
    outer loop
      vertex 91.6354 54.7646 4.9
      vertex 91.6712 54.9074 2
      vertex 91.6712 54.9074 4.9
    endloop
  endfacet
  facet normal 0.969982 -0.243175 0
    outer loop
      vertex 91.6712 54.9074 2
      vertex 91.6354 54.7646 4.9
      vertex 91.6354 54.7646 2
    endloop
  endfacet
  facet normal -0.243175 -0.969982 0
    outer loop
      vertex 89.7646 53.7646 2
      vertex 89.9074 53.7288 22
      vertex 89.7646 53.7646 22
    endloop
  endfacet
  facet normal -0.243175 -0.969982 -0
    outer loop
      vertex 89.9074 53.7288 22
      vertex 89.7646 53.7646 2
      vertex 89.9074 53.7288 2
    endloop
  endfacet
  facet normal -0.904125 0.427269 0
    outer loop
      vertex 88.8142 55.774 2
      vertex 88.8771 55.9071 22
      vertex 88.8771 55.9071 2
    endloop
  endfacet
  facet normal -0.904125 0.427269 0
    outer loop
      vertex 88.8771 55.9071 22
      vertex 88.8142 55.774 2
      vertex 88.8142 55.774 22
    endloop
  endfacet
  facet normal 0.427179 0.904167 0
    outer loop
      vertex 90.9071 56.5229 4.9
      vertex 90.9071 56.5229 2
      vertex 90.8 56.5735 4.9
    endloop
  endfacet
  facet normal 0.427638 0.90395 -0
    outer loop
      vertex 90.8 56.5735 4.9
      vertex 90.774 56.5858 22
      vertex 90.8 56.5735 22
    endloop
  endfacet
  facet normal 0.427638 0.90395 0
    outer loop
      vertex 90.8 56.5735 4.9
      vertex 90.774 56.5858 2
      vertex 90.774 56.5858 22
    endloop
  endfacet
  facet normal 0.427269 0.904125 4.05227e-06
    outer loop
      vertex 90.774 56.5858 2
      vertex 90.8 56.5735 4.9
      vertex 90.9071 56.5229 2
    endloop
  endfacet
  facet normal 0.514096 -0.857733 0
    outer loop
      vertex 90.9071 53.8771 2
      vertex 91.0334 53.9528 4.9
      vertex 90.9071 53.8771 4.9
    endloop
  endfacet
  facet normal 0.514096 -0.857733 0
    outer loop
      vertex 91.0334 53.9528 4.9
      vertex 90.9071 53.8771 2
      vertex 91.0334 53.9528 2
    endloop
  endfacet
  facet normal 0.514096 0.857733 -0
    outer loop
      vertex 91.0334 56.4472 2
      vertex 90.9071 56.5229 4.9
      vertex 91.0334 56.4472 4.9
    endloop
  endfacet
  facet normal 0.514096 0.857733 0
    outer loop
      vertex 90.9071 56.5229 4.9
      vertex 91.0334 56.4472 2
      vertex 90.9071 56.5229 2
    endloop
  endfacet
  facet normal 0.336939 0.941527 -0
    outer loop
      vertex 90.774 56.5858 2
      vertex 90.6354 56.6354 22
      vertex 90.774 56.5858 22
    endloop
  endfacet
  facet normal 0.336939 0.941527 0
    outer loop
      vertex 90.6354 56.6354 22
      vertex 90.774 56.5858 2
      vertex 90.6354 56.6354 2
    endloop
  endfacet
  facet normal -0.969982 -0.243175 0
    outer loop
      vertex 88.7646 54.7646 2
      vertex 88.7288 54.9074 22
      vertex 88.7288 54.9074 2
    endloop
  endfacet
  facet normal -0.969982 -0.243175 0
    outer loop
      vertex 88.7288 54.9074 22
      vertex 88.7646 54.7646 2
      vertex 88.7646 54.7646 22
    endloop
  endfacet
  facet normal -0.671251 -0.74123 0
    outer loop
      vertex 89.1393 54.1393 2
      vertex 89.2484 54.0405 22
      vertex 89.1393 54.1393 22
    endloop
  endfacet
  facet normal -0.671251 -0.74123 -0
    outer loop
      vertex 89.2484 54.0405 22
      vertex 89.1393 54.1393 2
      vertex 89.2484 54.0405 2
    endloop
  endfacet
  facet normal -0.514096 -0.857733 0
    outer loop
      vertex 89.3666 53.9528 2
      vertex 89.4929 53.8771 22
      vertex 89.3666 53.9528 22
    endloop
  endfacet
  facet normal -0.514096 -0.857733 -0
    outer loop
      vertex 89.4929 53.8771 22
      vertex 89.3666 53.9528 2
      vertex 89.4929 53.8771 2
    endloop
  endfacet
  facet normal 0.146746 0.989174 -0
    outer loop
      vertex 90.4926 56.6712 2
      vertex 90.347 56.6928 22
      vertex 90.4926 56.6712 22
    endloop
  endfacet
  facet normal 0.146746 0.989174 0
    outer loop
      vertex 90.347 56.6928 22
      vertex 90.4926 56.6712 2
      vertex 90.347 56.6928 2
    endloop
  endfacet
  facet normal -0.803088 -0.595861 0
    outer loop
      vertex 89.0405 54.2484 2
      vertex 88.9528 54.3666 22
      vertex 88.9528 54.3666 2
    endloop
  endfacet
  facet normal -0.803088 -0.595861 0
    outer loop
      vertex 88.9528 54.3666 22
      vertex 89.0405 54.2484 2
      vertex 89.0405 54.2484 22
    endloop
  endfacet
  facet normal 0.904125 -0.427269 0
    outer loop
      vertex 91.5229 54.4929 4.9
      vertex 91.5858 54.626 2
      vertex 91.5858 54.626 4.9
    endloop
  endfacet
  facet normal 0.904125 -0.427269 0
    outer loop
      vertex 91.5858 54.626 2
      vertex 91.5229 54.4929 4.9
      vertex 91.5229 54.4929 2
    endloop
  endfacet
  facet normal -0.941527 -0.336939 0
    outer loop
      vertex 88.8142 54.626 2
      vertex 88.7646 54.7646 22
      vertex 88.7646 54.7646 2
    endloop
  endfacet
  facet normal -0.941527 -0.336939 0
    outer loop
      vertex 88.7646 54.7646 22
      vertex 88.8142 54.626 2
      vertex 88.8142 54.626 22
    endloop
  endfacet
  facet normal -0.336939 0.941527 0
    outer loop
      vertex 89.7646 56.6354 2
      vertex 89.626 56.5858 22
      vertex 89.7646 56.6354 22
    endloop
  endfacet
  facet normal -0.336939 0.941527 0
    outer loop
      vertex 89.626 56.5858 22
      vertex 89.7646 56.6354 2
      vertex 89.626 56.5858 2
    endloop
  endfacet
  facet normal 0.595861 -0.803088 0
    outer loop
      vertex 91.0334 53.9528 2
      vertex 91.1516 54.0405 4.9
      vertex 91.0334 53.9528 4.9
    endloop
  endfacet
  facet normal 0.595861 -0.803088 0
    outer loop
      vertex 91.1516 54.0405 4.9
      vertex 91.0334 53.9528 2
      vertex 91.1516 54.0405 2
    endloop
  endfacet
  facet normal -0.904125 -0.427269 0
    outer loop
      vertex 88.8771 54.4929 2
      vertex 88.8142 54.626 22
      vertex 88.8142 54.626 2
    endloop
  endfacet
  facet normal -0.904125 -0.427269 0
    outer loop
      vertex 88.8142 54.626 22
      vertex 88.8771 54.4929 2
      vertex 88.8771 54.4929 22
    endloop
  endfacet
  facet normal 0.803088 0.595861 0
    outer loop
      vertex 91.4472 56.0334 4.9
      vertex 91.3595 56.1516 2
      vertex 91.3595 56.1516 4.9
    endloop
  endfacet
  facet normal 0.803088 0.595861 0
    outer loop
      vertex 91.3595 56.1516 2
      vertex 91.4472 56.0334 4.9
      vertex 91.4472 56.0334 2
    endloop
  endfacet
  facet normal 0.146746 -0.989174 0
    outer loop
      vertex 90.347 53.7072 2
      vertex 90.4926 53.7288 22
      vertex 90.347 53.7072 22
    endloop
  endfacet
  facet normal 0.146746 -0.989174 0
    outer loop
      vertex 90.4926 53.7288 22
      vertex 90.347 53.7072 2
      vertex 90.4926 53.7288 2
    endloop
  endfacet
  facet normal -0.989174 -0.146746 0
    outer loop
      vertex 88.7288 54.9074 2
      vertex 88.7072 55.053 22
      vertex 88.7072 55.053 2
    endloop
  endfacet
  facet normal -0.989174 -0.146746 0
    outer loop
      vertex 88.7072 55.053 22
      vertex 88.7288 54.9074 2
      vertex 88.7288 54.9074 22
    endloop
  endfacet
  facet normal 0.803088 -0.595861 0
    outer loop
      vertex 91.3595 54.2484 4.9
      vertex 91.4472 54.3666 2
      vertex 91.4472 54.3666 4.9
    endloop
  endfacet
  facet normal 0.803088 -0.595861 0
    outer loop
      vertex 91.4472 54.3666 2
      vertex 91.3595 54.2484 4.9
      vertex 91.3595 54.2484 2
    endloop
  endfacet
  facet normal 0.0489209 -0.998803 0
    outer loop
      vertex 90.2 53.7 2
      vertex 90.347 53.7072 22
      vertex 90.2 53.7 22
    endloop
  endfacet
  facet normal 0.0489209 -0.998803 0
    outer loop
      vertex 90.347 53.7072 22
      vertex 90.2 53.7 2
      vertex 90.347 53.7072 2
    endloop
  endfacet
  facet normal -0.857733 0.514096 0
    outer loop
      vertex 88.8771 55.9071 2
      vertex 88.9528 56.0334 22
      vertex 88.9528 56.0334 2
    endloop
  endfacet
  facet normal -0.857733 0.514096 0
    outer loop
      vertex 88.9528 56.0334 22
      vertex 88.8771 55.9071 2
      vertex 88.8771 55.9071 22
    endloop
  endfacet
  facet normal -0.941527 0.336939 0
    outer loop
      vertex 88.7646 55.6354 2
      vertex 88.8142 55.774 22
      vertex 88.8142 55.774 2
    endloop
  endfacet
  facet normal -0.941527 0.336939 0
    outer loop
      vertex 88.8142 55.774 22
      vertex 88.7646 55.6354 2
      vertex 88.7646 55.6354 22
    endloop
  endfacet
  facet normal -0.427269 -0.904125 0
    outer loop
      vertex 89.4929 53.8771 2
      vertex 89.626 53.8142 22
      vertex 89.4929 53.8771 22
    endloop
  endfacet
  facet normal -0.427269 -0.904125 -0
    outer loop
      vertex 89.626 53.8142 22
      vertex 89.4929 53.8771 2
      vertex 89.626 53.8142 2
    endloop
  endfacet
  facet normal 0.904125 0.427269 0
    outer loop
      vertex 91.5858 55.774 4.9
      vertex 91.5229 55.9071 2
      vertex 91.5229 55.9071 4.9
    endloop
  endfacet
  facet normal 0.904125 0.427269 0
    outer loop
      vertex 91.5229 55.9071 2
      vertex 91.5858 55.774 4.9
      vertex 91.5858 55.774 2
    endloop
  endfacet
  facet normal -0.595861 0.803088 0
    outer loop
      vertex 89.3666 56.4472 2
      vertex 89.2484 56.3595 22
      vertex 89.3666 56.4472 22
    endloop
  endfacet
  facet normal -0.595861 0.803088 0
    outer loop
      vertex 89.2484 56.3595 22
      vertex 89.3666 56.4472 2
      vertex 89.2484 56.3595 2
    endloop
  endfacet
  facet normal -0.857733 -0.514096 0
    outer loop
      vertex 88.9528 54.3666 2
      vertex 88.8771 54.4929 22
      vertex 88.8771 54.4929 2
    endloop
  endfacet
  facet normal -0.857733 -0.514096 0
    outer loop
      vertex 88.8771 54.4929 22
      vertex 88.9528 54.3666 2
      vertex 88.9528 54.3666 22
    endloop
  endfacet
  facet normal 0.998803 0.0489209 0
    outer loop
      vertex 91.7 55.2 4.9
      vertex 91.6928 55.347 2
      vertex 91.6928 55.347 4.9
    endloop
  endfacet
  facet normal 0.998803 0.0489209 0
    outer loop
      vertex 91.6928 55.347 2
      vertex 91.7 55.2 4.9
      vertex 91.7 55.2 2
    endloop
  endfacet
  facet normal 0.941527 0.336939 0
    outer loop
      vertex 91.6354 55.6354 4.9
      vertex 91.5858 55.774 2
      vertex 91.5858 55.774 4.9
    endloop
  endfacet
  facet normal 0.941527 0.336939 0
    outer loop
      vertex 91.5858 55.774 2
      vertex 91.6354 55.6354 4.9
      vertex 91.6354 55.6354 2
    endloop
  endfacet
  facet normal 0.243175 0.969982 -0
    outer loop
      vertex 90.6354 56.6354 2
      vertex 90.4926 56.6712 22
      vertex 90.6354 56.6354 22
    endloop
  endfacet
  facet normal 0.243175 0.969982 0
    outer loop
      vertex 90.4926 56.6712 22
      vertex 90.6354 56.6354 2
      vertex 90.4926 56.6712 2
    endloop
  endfacet
  facet normal 0.941527 -0.336939 0
    outer loop
      vertex 91.5858 54.626 4.9
      vertex 91.6354 54.7646 2
      vertex 91.6354 54.7646 4.9
    endloop
  endfacet
  facet normal 0.941527 -0.336939 0
    outer loop
      vertex 91.6354 54.7646 2
      vertex 91.5858 54.626 4.9
      vertex 91.5858 54.626 2
    endloop
  endfacet
  facet normal -0.998803 0.0489209 0
    outer loop
      vertex 88.7 55.2 2
      vertex 88.7072 55.347 22
      vertex 88.7072 55.347 2
    endloop
  endfacet
  facet normal -0.998803 0.0489209 0
    outer loop
      vertex 88.7072 55.347 22
      vertex 88.7 55.2 2
      vertex 88.7 55.2 22
    endloop
  endfacet
  facet normal 0.989174 0.146746 0
    outer loop
      vertex 91.6928 55.347 4.9
      vertex 91.6712 55.4926 2
      vertex 91.6712 55.4926 4.9
    endloop
  endfacet
  facet normal 0.989174 0.146746 0
    outer loop
      vertex 91.6712 55.4926 2
      vertex 91.6928 55.347 4.9
      vertex 91.6928 55.347 2
    endloop
  endfacet
  facet normal -0.671251 0.74123 0
    outer loop
      vertex 89.2484 56.3595 2
      vertex 89.1393 56.2607 22
      vertex 89.2484 56.3595 22
    endloop
  endfacet
  facet normal -0.671251 0.74123 0
    outer loop
      vertex 89.1393 56.2607 22
      vertex 89.2484 56.3595 2
      vertex 89.1393 56.2607 2
    endloop
  endfacet
  facet normal 0.969982 0.243175 0
    outer loop
      vertex 91.6712 55.4926 4.9
      vertex 91.6354 55.6354 2
      vertex 91.6354 55.6354 4.9
    endloop
  endfacet
  facet normal 0.969982 0.243175 0
    outer loop
      vertex 91.6354 55.6354 2
      vertex 91.6712 55.4926 4.9
      vertex 91.6712 55.4926 2
    endloop
  endfacet
  facet normal 0.671251 -0.74123 0
    outer loop
      vertex 91.1516 54.0405 2
      vertex 91.2607 54.1393 4.9
      vertex 91.1516 54.0405 4.9
    endloop
  endfacet
  facet normal 0.671251 -0.74123 0
    outer loop
      vertex 91.2607 54.1393 4.9
      vertex 91.1516 54.0405 2
      vertex 91.2607 54.1393 2
    endloop
  endfacet
  facet normal 0.336939 -0.941527 0
    outer loop
      vertex 90.6354 53.7646 2
      vertex 90.774 53.8142 22
      vertex 90.6354 53.7646 22
    endloop
  endfacet
  facet normal 0.336939 -0.941527 0
    outer loop
      vertex 90.774 53.8142 22
      vertex 90.6354 53.7646 2
      vertex 90.774 53.8142 2
    endloop
  endfacet
  facet normal -0.336939 -0.941527 0
    outer loop
      vertex 89.626 53.8142 2
      vertex 89.7646 53.7646 22
      vertex 89.626 53.8142 22
    endloop
  endfacet
  facet normal -0.336939 -0.941527 -0
    outer loop
      vertex 89.7646 53.7646 22
      vertex 89.626 53.8142 2
      vertex 89.7646 53.7646 2
    endloop
  endfacet
  facet normal -0.514096 0.857733 0
    outer loop
      vertex 89.4929 56.5229 2
      vertex 89.3666 56.4472 22
      vertex 89.4929 56.5229 22
    endloop
  endfacet
  facet normal -0.514096 0.857733 0
    outer loop
      vertex 89.3666 56.4472 22
      vertex 89.4929 56.5229 2
      vertex 89.3666 56.4472 2
    endloop
  endfacet
  facet normal 0.857733 0.514096 0
    outer loop
      vertex 91.5229 55.9071 4.9
      vertex 91.4472 56.0334 2
      vertex 91.4472 56.0334 4.9
    endloop
  endfacet
  facet normal 0.857733 0.514096 0
    outer loop
      vertex 91.4472 56.0334 2
      vertex 91.5229 55.9071 4.9
      vertex 91.5229 55.9071 2
    endloop
  endfacet
  facet normal 0.427638 -0.90395 0
    outer loop
      vertex 90.774 53.8142 22
      vertex 90.8 53.8265 4.9
      vertex 90.8 53.8265 22
    endloop
  endfacet
  facet normal 0.427638 -0.90395 0
    outer loop
      vertex 90.774 53.8142 2
      vertex 90.8 53.8265 4.9
      vertex 90.774 53.8142 22
    endloop
  endfacet
  facet normal 0.427179 -0.904167 5.03625e-06
    outer loop
      vertex 90.774 53.8142 2
      vertex 90.9071 53.8771 4.9
      vertex 90.8 53.8265 4.9
    endloop
  endfacet
  facet normal 0.427269 -0.904125 0
    outer loop
      vertex 90.9071 53.8771 4.9
      vertex 90.774 53.8142 2
      vertex 90.9071 53.8771 2
    endloop
  endfacet
  facet normal -0.146746 0.989174 0
    outer loop
      vertex 90.053 56.6928 2
      vertex 89.9074 56.6712 22
      vertex 90.053 56.6928 22
    endloop
  endfacet
  facet normal -0.146746 0.989174 0
    outer loop
      vertex 89.9074 56.6712 22
      vertex 90.053 56.6928 2
      vertex 89.9074 56.6712 2
    endloop
  endfacet
  facet normal -0.595861 -0.803088 0
    outer loop
      vertex 89.2484 54.0405 2
      vertex 89.3666 53.9528 22
      vertex 89.2484 54.0405 22
    endloop
  endfacet
  facet normal -0.595861 -0.803088 -0
    outer loop
      vertex 89.3666 53.9528 22
      vertex 89.2484 54.0405 2
      vertex 89.3666 53.9528 2
    endloop
  endfacet
  facet normal 0.857733 -0.514096 0
    outer loop
      vertex 91.4472 54.3666 4.9
      vertex 91.5229 54.4929 2
      vertex 91.5229 54.4929 4.9
    endloop
  endfacet
  facet normal 0.857733 -0.514096 0
    outer loop
      vertex 91.5229 54.4929 2
      vertex 91.4472 54.3666 4.9
      vertex 91.4472 54.3666 2
    endloop
  endfacet
  facet normal -0.0489209 -0.998803 0
    outer loop
      vertex 90.053 53.7072 2
      vertex 90.2 53.7 22
      vertex 90.053 53.7072 22
    endloop
  endfacet
  facet normal -0.0489209 -0.998803 -0
    outer loop
      vertex 90.2 53.7 22
      vertex 90.053 53.7072 2
      vertex 90.2 53.7 2
    endloop
  endfacet
  facet normal -0.0489209 0.998803 0
    outer loop
      vertex 90.2 56.7 2
      vertex 90.053 56.6928 22
      vertex 90.2 56.7 22
    endloop
  endfacet
  facet normal -0.0489209 0.998803 0
    outer loop
      vertex 90.053 56.6928 22
      vertex 90.2 56.7 2
      vertex 90.053 56.6928 2
    endloop
  endfacet
  facet normal -0.74123 -0.671251 0
    outer loop
      vertex 89.1393 54.1393 2
      vertex 89.0405 54.2484 22
      vertex 89.0405 54.2484 2
    endloop
  endfacet
  facet normal -0.74123 -0.671251 0
    outer loop
      vertex 89.0405 54.2484 22
      vertex 89.1393 54.1393 2
      vertex 89.1393 54.1393 22
    endloop
  endfacet
  facet normal 0.0489209 0.998803 -0
    outer loop
      vertex 90.347 56.6928 2
      vertex 90.2 56.7 22
      vertex 90.347 56.6928 22
    endloop
  endfacet
  facet normal 0.0489209 0.998803 0
    outer loop
      vertex 90.2 56.7 22
      vertex 90.347 56.6928 2
      vertex 90.2 56.7 2
    endloop
  endfacet
  facet normal -0.146746 -0.989174 0
    outer loop
      vertex 89.9074 53.7288 2
      vertex 90.053 53.7072 22
      vertex 89.9074 53.7288 22
    endloop
  endfacet
  facet normal -0.146746 -0.989174 -0
    outer loop
      vertex 90.053 53.7072 22
      vertex 89.9074 53.7288 2
      vertex 90.053 53.7072 2
    endloop
  endfacet
  facet normal -0.243175 0.969982 0
    outer loop
      vertex 89.9074 56.6712 2
      vertex 89.7646 56.6354 22
      vertex 89.9074 56.6712 22
    endloop
  endfacet
  facet normal -0.243175 0.969982 0
    outer loop
      vertex 89.7646 56.6354 22
      vertex 89.9074 56.6712 2
      vertex 89.7646 56.6354 2
    endloop
  endfacet
  facet normal 0.671251 0.74123 -0
    outer loop
      vertex 91.2607 56.2607 2
      vertex 91.1516 56.3595 4.9
      vertex 91.2607 56.2607 4.9
    endloop
  endfacet
  facet normal 0.671251 0.74123 0
    outer loop
      vertex 91.1516 56.3595 4.9
      vertex 91.2607 56.2607 2
      vertex 91.1516 56.3595 2
    endloop
  endfacet
  facet normal 0.243175 -0.969982 0
    outer loop
      vertex 90.4926 53.7288 2
      vertex 90.6354 53.7646 22
      vertex 90.4926 53.7288 22
    endloop
  endfacet
  facet normal 0.243175 -0.969982 0
    outer loop
      vertex 90.6354 53.7646 22
      vertex 90.4926 53.7288 2
      vertex 90.6354 53.7646 2
    endloop
  endfacet
  facet normal -0.969982 0.243175 0
    outer loop
      vertex 88.7288 55.4926 2
      vertex 88.7646 55.6354 22
      vertex 88.7646 55.6354 2
    endloop
  endfacet
  facet normal -0.969982 0.243175 0
    outer loop
      vertex 88.7646 55.6354 22
      vertex 88.7288 55.4926 2
      vertex 88.7288 55.4926 22
    endloop
  endfacet
  facet normal -0.427269 0.904125 0
    outer loop
      vertex 89.626 56.5858 2
      vertex 89.4929 56.5229 22
      vertex 89.626 56.5858 22
    endloop
  endfacet
  facet normal -0.427269 0.904125 0
    outer loop
      vertex 89.4929 56.5229 22
      vertex 89.626 56.5858 2
      vertex 89.4929 56.5229 2
    endloop
  endfacet
  facet normal -0.74123 0.671251 0
    outer loop
      vertex 89.0405 56.1516 2
      vertex 89.1393 56.2607 22
      vertex 89.1393 56.2607 2
    endloop
  endfacet
  facet normal -0.74123 0.671251 0
    outer loop
      vertex 89.1393 56.2607 22
      vertex 89.0405 56.1516 2
      vertex 89.0405 56.1516 22
    endloop
  endfacet
  facet normal -0.989174 0.146746 0
    outer loop
      vertex 88.7072 55.347 2
      vertex 88.7288 55.4926 22
      vertex 88.7288 55.4926 2
    endloop
  endfacet
  facet normal -0.989174 0.146746 0
    outer loop
      vertex 88.7288 55.4926 22
      vertex 88.7072 55.347 2
      vertex 88.7072 55.347 22
    endloop
  endfacet
  facet normal 0.74123 -0.671251 0
    outer loop
      vertex 91.2607 54.1393 4.9
      vertex 91.3595 54.2484 2
      vertex 91.3595 54.2484 4.9
    endloop
  endfacet
  facet normal 0.74123 -0.671251 0
    outer loop
      vertex 91.3595 54.2484 2
      vertex 91.2607 54.1393 4.9
      vertex 91.2607 54.1393 2
    endloop
  endfacet
  facet normal 0.595861 0.803088 -0
    outer loop
      vertex 91.1516 56.3595 2
      vertex 91.0334 56.4472 4.9
      vertex 91.1516 56.3595 4.9
    endloop
  endfacet
  facet normal 0.595861 0.803088 0
    outer loop
      vertex 91.0334 56.4472 4.9
      vertex 91.1516 56.3595 2
      vertex 91.0334 56.4472 2
    endloop
  endfacet
  facet normal 0 0 1
    outer loop
      vertex 90.6354 56.6354 22
      vertex 90.8 56.5735 22
      vertex 90.774 56.5858 22
    endloop
  endfacet
  facet normal 0 0 1
    outer loop
      vertex 90.8 56.5735 22
      vertex 90.6354 56.6354 22
      vertex 90.8 53.8265 22
    endloop
  endfacet
  facet normal 0 0 1
    outer loop
      vertex 90.6354 53.7646 22
      vertex 90.8 53.8265 22
      vertex 90.6354 56.6354 22
    endloop
  endfacet
  facet normal 0 0 1
    outer loop
      vertex 90.8 53.8265 22
      vertex 90.6354 53.7646 22
      vertex 90.774 53.8142 22
    endloop
  endfacet
  facet normal 0 0 1
    outer loop
      vertex 90.4926 56.6712 22
      vertex 90.6354 53.7646 22
      vertex 90.6354 56.6354 22
    endloop
  endfacet
  facet normal 0 0 1
    outer loop
      vertex 90.4926 56.6712 22
      vertex 90.4926 53.7288 22
      vertex 90.6354 53.7646 22
    endloop
  endfacet
  facet normal 0 0 1
    outer loop
      vertex 90.347 56.6928 22
      vertex 90.4926 53.7288 22
      vertex 90.4926 56.6712 22
    endloop
  endfacet
  facet normal 0 0 1
    outer loop
      vertex 90.347 56.6928 22
      vertex 90.347 53.7072 22
      vertex 90.4926 53.7288 22
    endloop
  endfacet
  facet normal 0 0 1
    outer loop
      vertex 90.2 56.7 22
      vertex 90.347 53.7072 22
      vertex 90.347 56.6928 22
    endloop
  endfacet
  facet normal 0 0 1
    outer loop
      vertex 90.2 56.7 22
      vertex 90.2 53.7 22
      vertex 90.347 53.7072 22
    endloop
  endfacet
  facet normal -0 0 1
    outer loop
      vertex 90.053 56.6928 22
      vertex 90.2 53.7 22
      vertex 90.2 56.7 22
    endloop
  endfacet
  facet normal 0 0 1
    outer loop
      vertex 90.053 56.6928 22
      vertex 90.053 53.7072 22
      vertex 90.2 53.7 22
    endloop
  endfacet
  facet normal -0 0 1
    outer loop
      vertex 89.9074 56.6712 22
      vertex 90.053 53.7072 22
      vertex 90.053 56.6928 22
    endloop
  endfacet
  facet normal 0 0 1
    outer loop
      vertex 89.9074 56.6712 22
      vertex 89.9074 53.7288 22
      vertex 90.053 53.7072 22
    endloop
  endfacet
  facet normal -0 0 1
    outer loop
      vertex 89.7646 56.6354 22
      vertex 89.9074 53.7288 22
      vertex 89.9074 56.6712 22
    endloop
  endfacet
  facet normal 0 0 1
    outer loop
      vertex 89.7646 56.6354 22
      vertex 89.7646 53.7646 22
      vertex 89.9074 53.7288 22
    endloop
  endfacet
  facet normal -0 0 1
    outer loop
      vertex 89.626 56.5858 22
      vertex 89.7646 53.7646 22
      vertex 89.7646 56.6354 22
    endloop
  endfacet
  facet normal 0 0 1
    outer loop
      vertex 89.626 56.5858 22
      vertex 89.626 53.8142 22
      vertex 89.7646 53.7646 22
    endloop
  endfacet
  facet normal -0 0 1
    outer loop
      vertex 89.4929 56.5229 22
      vertex 89.626 53.8142 22
      vertex 89.626 56.5858 22
    endloop
  endfacet
  facet normal 0 0 1
    outer loop
      vertex 89.4929 56.5229 22
      vertex 89.4929 53.8771 22
      vertex 89.626 53.8142 22
    endloop
  endfacet
  facet normal -0 0 1
    outer loop
      vertex 89.3666 56.4472 22
      vertex 89.4929 53.8771 22
      vertex 89.4929 56.5229 22
    endloop
  endfacet
  facet normal 0 0 1
    outer loop
      vertex 89.3666 56.4472 22
      vertex 89.3666 53.9528 22
      vertex 89.4929 53.8771 22
    endloop
  endfacet
  facet normal -0 0 1
    outer loop
      vertex 89.2484 56.3595 22
      vertex 89.3666 53.9528 22
      vertex 89.3666 56.4472 22
    endloop
  endfacet
  facet normal 0 0 1
    outer loop
      vertex 89.2484 56.3595 22
      vertex 89.2484 54.0405 22
      vertex 89.3666 53.9528 22
    endloop
  endfacet
  facet normal -0 0 1
    outer loop
      vertex 89.1393 56.2607 22
      vertex 89.2484 54.0405 22
      vertex 89.2484 56.3595 22
    endloop
  endfacet
  facet normal 0 0 1
    outer loop
      vertex 89.1393 56.2607 22
      vertex 89.1393 54.1393 22
      vertex 89.2484 54.0405 22
    endloop
  endfacet
  facet normal -0 0 1
    outer loop
      vertex 89.0405 56.1516 22
      vertex 89.1393 54.1393 22
      vertex 89.1393 56.2607 22
    endloop
  endfacet
  facet normal 0 0 1
    outer loop
      vertex 89.0405 56.1516 22
      vertex 89.0405 54.2484 22
      vertex 89.1393 54.1393 22
    endloop
  endfacet
  facet normal -0 0 1
    outer loop
      vertex 88.9528 56.0334 22
      vertex 89.0405 54.2484 22
      vertex 89.0405 56.1516 22
    endloop
  endfacet
  facet normal 0 0 1
    outer loop
      vertex 88.9528 56.0334 22
      vertex 88.9528 54.3666 22
      vertex 89.0405 54.2484 22
    endloop
  endfacet
  facet normal -0 0 1
    outer loop
      vertex 88.8771 55.9071 22
      vertex 88.9528 54.3666 22
      vertex 88.9528 56.0334 22
    endloop
  endfacet
  facet normal 0 0 1
    outer loop
      vertex 88.8771 55.9071 22
      vertex 88.8771 54.4929 22
      vertex 88.9528 54.3666 22
    endloop
  endfacet
  facet normal -0 0 1
    outer loop
      vertex 88.8142 55.774 22
      vertex 88.8771 54.4929 22
      vertex 88.8771 55.9071 22
    endloop
  endfacet
  facet normal 0 0 1
    outer loop
      vertex 88.8142 55.774 22
      vertex 88.8142 54.626 22
      vertex 88.8771 54.4929 22
    endloop
  endfacet
  facet normal -0 0 1
    outer loop
      vertex 88.7646 55.6354 22
      vertex 88.8142 54.626 22
      vertex 88.8142 55.774 22
    endloop
  endfacet
  facet normal 0 0 1
    outer loop
      vertex 88.7646 55.6354 22
      vertex 88.7646 54.7646 22
      vertex 88.8142 54.626 22
    endloop
  endfacet
  facet normal -0 0 1
    outer loop
      vertex 88.7288 55.4926 22
      vertex 88.7646 54.7646 22
      vertex 88.7646 55.6354 22
    endloop
  endfacet
  facet normal 0 0 1
    outer loop
      vertex 88.7288 55.4926 22
      vertex 88.7288 54.9074 22
      vertex 88.7646 54.7646 22
    endloop
  endfacet
  facet normal -0 0 1
    outer loop
      vertex 88.7072 55.347 22
      vertex 88.7288 54.9074 22
      vertex 88.7288 55.4926 22
    endloop
  endfacet
  facet normal 0 0 1
    outer loop
      vertex 88.7072 55.347 22
      vertex 88.7072 55.053 22
      vertex 88.7288 54.9074 22
    endloop
  endfacet
  facet normal 0 -0 1
    outer loop
      vertex 88.7072 55.053 22
      vertex 88.7072 55.347 22
      vertex 88.7 55.2 22
    endloop
  endfacet
  facet normal -0.803088 0.595861 0
    outer loop
      vertex 88.9528 56.0334 2
      vertex 89.0405 56.1516 22
      vertex 89.0405 56.1516 2
    endloop
  endfacet
  facet normal -0.803088 0.595861 0
    outer loop
      vertex 89.0405 56.1516 22
      vertex 88.9528 56.0334 2
      vertex 88.9528 56.0334 22
    endloop
  endfacet
  facet normal -0.998803 -0.0489209 0
    outer loop
      vertex 88.7072 55.053 2
      vertex 88.7 55.2 22
      vertex 88.7 55.2 2
    endloop
  endfacet
  facet normal -0.998803 -0.0489209 0
    outer loop
      vertex 88.7 55.2 22
      vertex 88.7072 55.053 2
      vertex 88.7072 55.053 22
    endloop
  endfacet
  facet normal 0.74123 0.671251 0
    outer loop
      vertex 91.3595 56.1516 4.9
      vertex 91.2607 56.2607 2
      vertex 91.2607 56.2607 4.9
    endloop
  endfacet
  facet normal 0.74123 0.671251 0
    outer loop
      vertex 91.2607 56.2607 2
      vertex 91.3595 56.1516 4.9
      vertex 91.3595 56.1516 2
    endloop
  endfacet
  facet normal 0.989176 -0.146736 0
    outer loop
      vertex 91.6712 5.90737 4.9
      vertex 91.6928 6.05298 2
      vertex 91.6928 6.05298 4.9
    endloop
  endfacet
  facet normal 0.989176 -0.146736 0
    outer loop
      vertex 91.6928 6.05298 2
      vertex 91.6712 5.90737 4.9
      vertex 91.6712 5.90737 2
    endloop
  endfacet
  facet normal 0.998803 -0.0489143 0
    outer loop
      vertex 91.6928 6.05298 4.9
      vertex 91.7 6.2 2
      vertex 91.7 6.2 4.9
    endloop
  endfacet
  facet normal 0.998803 -0.0489143 0
    outer loop
      vertex 91.7 6.2 2
      vertex 91.6928 6.05298 4.9
      vertex 91.6928 6.05298 2
    endloop
  endfacet
  facet normal 0.969982 -0.243175 0
    outer loop
      vertex 91.6354 5.76457 4.9
      vertex 91.6712 5.90737 2
      vertex 91.6712 5.90737 4.9
    endloop
  endfacet
  facet normal 0.969982 -0.243175 0
    outer loop
      vertex 91.6712 5.90737 2
      vertex 91.6354 5.76457 4.9
      vertex 91.6354 5.76457 2
    endloop
  endfacet
  facet normal -0.242983 -0.970031 0
    outer loop
      vertex 89.7646 4.76459 2
      vertex 89.9074 4.72882 22
      vertex 89.7646 4.76459 22
    endloop
  endfacet
  facet normal -0.242983 -0.970031 -0
    outer loop
      vertex 89.9074 4.72882 22
      vertex 89.7646 4.76459 2
      vertex 89.9074 4.72882 2
    endloop
  endfacet
  facet normal -0.904088 0.427347 0
    outer loop
      vertex 88.8142 6.77403 2
      vertex 88.8771 6.9071 22
      vertex 88.8771 6.9071 2
    endloop
  endfacet
  facet normal -0.904088 0.427347 0
    outer loop
      vertex 88.8771 6.9071 22
      vertex 88.8142 6.77403 2
      vertex 88.8142 6.77403 22
    endloop
  endfacet
  facet normal 0.427524 0.904004 0
    outer loop
      vertex 90.9071 7.52288 4.9
      vertex 90.9071 7.52288 2
      vertex 90.8 7.57353 4.9
    endloop
  endfacet
  facet normal 0.427354 0.904084 -0
    outer loop
      vertex 90.8 7.57353 4.9
      vertex 90.774 7.58582 22
      vertex 90.8 7.57353 22
    endloop
  endfacet
  facet normal 0.427354 0.904084 0
    outer loop
      vertex 90.8 7.57353 4.9
      vertex 90.774 7.58582 2
      vertex 90.774 7.58582 22
    endloop
  endfacet
  facet normal 0.427491 0.90402 -1.50127e-06
    outer loop
      vertex 90.774 7.58582 2
      vertex 90.8 7.57353 4.9
      vertex 90.9071 7.52288 2
    endloop
  endfacet
  facet normal 0.513996 -0.857792 0
    outer loop
      vertex 90.9071 4.87712 2
      vertex 91.0334 4.9528 4.9
      vertex 90.9071 4.87712 4.9
    endloop
  endfacet
  facet normal 0.513996 -0.857792 0
    outer loop
      vertex 91.0334 4.9528 4.9
      vertex 90.9071 4.87712 2
      vertex 91.0334 4.9528 2
    endloop
  endfacet
  facet normal 0.513946 0.857822 -0
    outer loop
      vertex 91.0334 7.44721 2
      vertex 90.9071 7.52288 4.9
      vertex 91.0334 7.44721 4.9
    endloop
  endfacet
  facet normal 0.513946 0.857822 0
    outer loop
      vertex 90.9071 7.52288 4.9
      vertex 91.0334 7.44721 2
      vertex 90.9071 7.52288 2
    endloop
  endfacet
  facet normal 0.336879 0.941548 -0
    outer loop
      vertex 90.774 7.58582 2
      vertex 90.6354 7.63541 22
      vertex 90.774 7.58582 22
    endloop
  endfacet
  facet normal 0.336879 0.941548 0
    outer loop
      vertex 90.6354 7.63541 22
      vertex 90.774 7.58582 2
      vertex 90.6354 7.63541 2
    endloop
  endfacet
  facet normal -0.969982 -0.243175 0
    outer loop
      vertex 88.7646 5.76457 2
      vertex 88.7288 5.90737 22
      vertex 88.7288 5.90737 2
    endloop
  endfacet
  facet normal -0.969982 -0.243175 0
    outer loop
      vertex 88.7288 5.90737 22
      vertex 88.7646 5.76457 2
      vertex 88.7646 5.76457 22
    endloop
  endfacet
  facet normal -0.671475 -0.741027 0
    outer loop
      vertex 89.1393 5.13934 2
      vertex 89.2484 5.04048 22
      vertex 89.1393 5.13934 22
    endloop
  endfacet
  facet normal -0.671475 -0.741027 -0
    outer loop
      vertex 89.2484 5.04048 22
      vertex 89.1393 5.13934 2
      vertex 89.2484 5.04048 2
    endloop
  endfacet
  facet normal -0.513996 -0.857792 0
    outer loop
      vertex 89.3666 4.9528 2
      vertex 89.4929 4.87712 22
      vertex 89.3666 4.9528 22
    endloop
  endfacet
  facet normal -0.513996 -0.857792 -0
    outer loop
      vertex 89.4929 4.87712 22
      vertex 89.3666 4.9528 2
      vertex 89.4929 4.87712 2
    endloop
  endfacet
  facet normal 0.146746 0.989174 -0
    outer loop
      vertex 90.4926 7.67118 2
      vertex 90.347 7.69278 22
      vertex 90.4926 7.67118 22
    endloop
  endfacet
  facet normal 0.146746 0.989174 0
    outer loop
      vertex 90.347 7.69278 22
      vertex 90.4926 7.67118 2
      vertex 90.347 7.69278 2
    endloop
  endfacet
  facet normal -0.803184 -0.595731 0
    outer loop
      vertex 89.0405 5.24841 2
      vertex 88.9528 5.36665 22
      vertex 88.9528 5.36665 2
    endloop
  endfacet
  facet normal -0.803184 -0.595731 0
    outer loop
      vertex 88.9528 5.36665 22
      vertex 89.0405 5.24841 2
      vertex 89.0405 5.24841 22
    endloop
  endfacet
  facet normal 0.904088 -0.427347 0
    outer loop
      vertex 91.5229 5.49291 4.9
      vertex 91.5858 5.62598 2
      vertex 91.5858 5.62598 4.9
    endloop
  endfacet
  facet normal 0.904088 -0.427347 0
    outer loop
      vertex 91.5858 5.62598 2
      vertex 91.5229 5.49291 4.9
      vertex 91.5229 5.49291 2
    endloop
  endfacet
  facet normal -0.941519 -0.33696 0
    outer loop
      vertex 88.8142 5.62598 2
      vertex 88.7646 5.76457 22
      vertex 88.7646 5.76457 2
    endloop
  endfacet
  facet normal -0.941519 -0.33696 0
    outer loop
      vertex 88.7646 5.76457 22
      vertex 88.8142 5.62598 2
      vertex 88.8142 5.62598 22
    endloop
  endfacet
  facet normal -0.336879 0.941548 0
    outer loop
      vertex 89.7646 7.63541 2
      vertex 89.626 7.58582 22
      vertex 89.7646 7.63541 22
    endloop
  endfacet
  facet normal -0.336879 0.941548 0
    outer loop
      vertex 89.626 7.58582 22
      vertex 89.7646 7.63541 2
      vertex 89.626 7.58582 2
    endloop
  endfacet
  facet normal 0.595773 -0.803153 0
    outer loop
      vertex 91.0334 4.9528 2
      vertex 91.1516 5.04048 4.9
      vertex 91.0334 4.9528 4.9
    endloop
  endfacet
  facet normal 0.595773 -0.803153 0
    outer loop
      vertex 91.1516 5.04048 4.9
      vertex 91.0334 4.9528 2
      vertex 91.1516 5.04048 2
    endloop
  endfacet
  facet normal -0.904088 -0.427347 0
    outer loop
      vertex 88.8771 5.49291 2
      vertex 88.8142 5.62598 22
      vertex 88.8142 5.62598 2
    endloop
  endfacet
  facet normal -0.904088 -0.427347 0
    outer loop
      vertex 88.8142 5.62598 22
      vertex 88.8771 5.49291 2
      vertex 88.8771 5.49291 22
    endloop
  endfacet
  facet normal 0.80316 0.595764 0
    outer loop
      vertex 91.4472 7.03336 4.9
      vertex 91.3595 7.15159 2
      vertex 91.3595 7.15159 4.9
    endloop
  endfacet
  facet normal 0.80316 0.595764 0
    outer loop
      vertex 91.3595 7.15159 2
      vertex 91.4472 7.03336 4.9
      vertex 91.4472 7.03336 2
    endloop
  endfacet
  facet normal 0.146746 -0.989174 0
    outer loop
      vertex 90.347 4.70722 2
      vertex 90.4926 4.72882 22
      vertex 90.347 4.70722 22
    endloop
  endfacet
  facet normal 0.146746 -0.989174 0
    outer loop
      vertex 90.4926 4.72882 22
      vertex 90.347 4.70722 2
      vertex 90.4926 4.72882 2
    endloop
  endfacet
  facet normal -0.989176 -0.146736 0
    outer loop
      vertex 88.7288 5.90737 2
      vertex 88.7072 6.05298 22
      vertex 88.7072 6.05298 2
    endloop
  endfacet
  facet normal -0.989176 -0.146736 0
    outer loop
      vertex 88.7072 6.05298 22
      vertex 88.7288 5.90737 2
      vertex 88.7288 5.90737 22
    endloop
  endfacet
  facet normal 0.803184 -0.595731 0
    outer loop
      vertex 91.3595 5.24841 4.9
      vertex 91.4472 5.36665 2
      vertex 91.4472 5.36665 4.9
    endloop
  endfacet
  facet normal 0.803184 -0.595731 0
    outer loop
      vertex 91.4472 5.36665 2
      vertex 91.3595 5.24841 4.9
      vertex 91.3595 5.24841 2
    endloop
  endfacet
  facet normal 0.0490565 -0.998796 0
    outer loop
      vertex 90.2 4.7 2
      vertex 90.347 4.70722 22
      vertex 90.2 4.7 22
    endloop
  endfacet
  facet normal 0.0490565 -0.998796 0
    outer loop
      vertex 90.347 4.70722 22
      vertex 90.2 4.7 2
      vertex 90.347 4.70722 2
    endloop
  endfacet
  facet normal -0.857661 0.514216 0
    outer loop
      vertex 88.8771 6.9071 2
      vertex 88.9528 7.03336 22
      vertex 88.9528 7.03336 2
    endloop
  endfacet
  facet normal -0.857661 0.514216 0
    outer loop
      vertex 88.9528 7.03336 22
      vertex 88.8771 6.9071 2
      vertex 88.8771 6.9071 22
    endloop
  endfacet
  facet normal -0.941527 0.336939 0
    outer loop
      vertex 88.7646 6.63543 2
      vertex 88.8142 6.77403 22
      vertex 88.8142 6.77403 2
    endloop
  endfacet
  facet normal -0.941527 0.336939 0
    outer loop
      vertex 88.8142 6.77403 22
      vertex 88.7646 6.63543 2
      vertex 88.7646 6.63543 22
    endloop
  endfacet
  facet normal -0.427491 -0.90402 0
    outer loop
      vertex 89.4929 4.87712 2
      vertex 89.626 4.81418 22
      vertex 89.4929 4.87712 22
    endloop
  endfacet
  facet normal -0.427491 -0.90402 -0
    outer loop
      vertex 89.626 4.81418 22
      vertex 89.4929 4.87712 2
      vertex 89.626 4.81418 2
    endloop
  endfacet
  facet normal 0.904088 0.427347 0
    outer loop
      vertex 91.5858 6.77403 4.9
      vertex 91.5229 6.9071 2
      vertex 91.5229 6.9071 4.9
    endloop
  endfacet
  facet normal 0.904088 0.427347 0
    outer loop
      vertex 91.5229 6.9071 2
      vertex 91.5858 6.77403 4.9
      vertex 91.5858 6.77403 2
    endloop
  endfacet
  facet normal -0.595817 0.80312 0
    outer loop
      vertex 89.3666 7.44721 2
      vertex 89.2484 7.35952 22
      vertex 89.3666 7.44721 22
    endloop
  endfacet
  facet normal -0.595817 0.80312 0
    outer loop
      vertex 89.2484 7.35952 22
      vertex 89.3666 7.44721 2
      vertex 89.2484 7.35952 2
    endloop
  endfacet
  facet normal -0.857661 -0.514216 0
    outer loop
      vertex 88.9528 5.36665 2
      vertex 88.8771 5.49291 22
      vertex 88.8771 5.49291 2
    endloop
  endfacet
  facet normal -0.857661 -0.514216 0
    outer loop
      vertex 88.8771 5.49291 22
      vertex 88.9528 5.36665 2
      vertex 88.9528 5.36665 22
    endloop
  endfacet
  facet normal 0.998803 0.048911 0
    outer loop
      vertex 91.7 6.2 4.9
      vertex 91.6928 6.34703 2
      vertex 91.6928 6.34703 4.9
    endloop
  endfacet
  facet normal 0.998803 0.048911 0
    outer loop
      vertex 91.6928 6.34703 2
      vertex 91.7 6.2 4.9
      vertex 91.7 6.2 2
    endloop
  endfacet
  facet normal 0.941527 0.336939 0
    outer loop
      vertex 91.6354 6.63543 4.9
      vertex 91.5858 6.77403 2
      vertex 91.5858 6.77403 4.9
    endloop
  endfacet
  facet normal 0.941527 0.336939 0
    outer loop
      vertex 91.5858 6.77403 2
      vertex 91.6354 6.63543 4.9
      vertex 91.6354 6.63543 2
    endloop
  endfacet
  facet normal 0.242983 0.970031 -0
    outer loop
      vertex 90.6354 7.63541 2
      vertex 90.4926 7.67118 22
      vertex 90.6354 7.63541 22
    endloop
  endfacet
  facet normal 0.242983 0.970031 0
    outer loop
      vertex 90.4926 7.67118 22
      vertex 90.6354 7.63541 2
      vertex 90.4926 7.67118 2
    endloop
  endfacet
  facet normal 0.941519 -0.33696 0
    outer loop
      vertex 91.5858 5.62598 4.9
      vertex 91.6354 5.76457 2
      vertex 91.6354 5.76457 4.9
    endloop
  endfacet
  facet normal 0.941519 -0.33696 0
    outer loop
      vertex 91.6354 5.76457 2
      vertex 91.5858 5.62598 4.9
      vertex 91.5858 5.62598 2
    endloop
  endfacet
  facet normal -0.998803 0.048911 0
    outer loop
      vertex 88.7 6.2 2
      vertex 88.7072 6.34703 22
      vertex 88.7072 6.34703 2
    endloop
  endfacet
  facet normal -0.998803 0.048911 0
    outer loop
      vertex 88.7072 6.34703 22
      vertex 88.7 6.2 2
      vertex 88.7 6.2 22
    endloop
  endfacet
  facet normal 0.989176 0.146736 0
    outer loop
      vertex 91.6928 6.34703 4.9
      vertex 91.6712 6.49264 2
      vertex 91.6712 6.49264 4.9
    endloop
  endfacet
  facet normal 0.989176 0.146736 0
    outer loop
      vertex 91.6712 6.49264 2
      vertex 91.6928 6.34703 4.9
      vertex 91.6928 6.34703 2
    endloop
  endfacet
  facet normal -0.671475 0.741027 0
    outer loop
      vertex 89.2484 7.35952 2
      vertex 89.1393 7.26066 22
      vertex 89.2484 7.35952 22
    endloop
  endfacet
  facet normal -0.671475 0.741027 0
    outer loop
      vertex 89.1393 7.26066 22
      vertex 89.2484 7.35952 2
      vertex 89.1393 7.26066 2
    endloop
  endfacet
  facet normal 0.969978 0.243191 0
    outer loop
      vertex 91.6712 6.49264 4.9
      vertex 91.6354 6.63543 2
      vertex 91.6354 6.63543 4.9
    endloop
  endfacet
  facet normal 0.969978 0.243191 0
    outer loop
      vertex 91.6354 6.63543 2
      vertex 91.6712 6.49264 4.9
      vertex 91.6712 6.49264 2
    endloop
  endfacet
  facet normal 0.671475 -0.741027 0
    outer loop
      vertex 91.1516 5.04048 2
      vertex 91.2607 5.13934 4.9
      vertex 91.1516 5.04048 4.9
    endloop
  endfacet
  facet normal 0.671475 -0.741027 0
    outer loop
      vertex 91.2607 5.13934 4.9
      vertex 91.1516 5.04048 2
      vertex 91.2607 5.13934 2
    endloop
  endfacet
  facet normal 0.336879 -0.941548 0
    outer loop
      vertex 90.6354 4.76459 2
      vertex 90.774 4.81418 22
      vertex 90.6354 4.76459 22
    endloop
  endfacet
  facet normal 0.336879 -0.941548 0
    outer loop
      vertex 90.774 4.81418 22
      vertex 90.6354 4.76459 2
      vertex 90.774 4.81418 2
    endloop
  endfacet
  facet normal -0.336879 -0.941548 0
    outer loop
      vertex 89.626 4.81418 2
      vertex 89.7646 4.76459 22
      vertex 89.626 4.81418 22
    endloop
  endfacet
  facet normal -0.336879 -0.941548 -0
    outer loop
      vertex 89.7646 4.76459 22
      vertex 89.626 4.81418 2
      vertex 89.7646 4.76459 2
    endloop
  endfacet
  facet normal -0.513946 0.857822 0
    outer loop
      vertex 89.4929 7.52288 2
      vertex 89.3666 7.44721 22
      vertex 89.4929 7.52288 22
    endloop
  endfacet
  facet normal -0.513946 0.857822 0
    outer loop
      vertex 89.3666 7.44721 22
      vertex 89.4929 7.52288 2
      vertex 89.3666 7.44721 2
    endloop
  endfacet
  facet normal 0.857661 0.514216 0
    outer loop
      vertex 91.5229 6.9071 4.9
      vertex 91.4472 7.03336 2
      vertex 91.4472 7.03336 4.9
    endloop
  endfacet
  facet normal 0.857661 0.514216 0
    outer loop
      vertex 91.4472 7.03336 2
      vertex 91.5229 6.9071 4.9
      vertex 91.5229 6.9071 2
    endloop
  endfacet
  facet normal 0.427354 -0.904084 0
    outer loop
      vertex 90.774 4.81418 22
      vertex 90.8 4.82647 4.9
      vertex 90.8 4.82647 22
    endloop
  endfacet
  facet normal 0.427354 -0.904084 0
    outer loop
      vertex 90.774 4.81418 2
      vertex 90.8 4.82647 4.9
      vertex 90.774 4.81418 22
    endloop
  endfacet
  facet normal 0.427524 -0.904004 -1.8657e-06
    outer loop
      vertex 90.774 4.81418 2
      vertex 90.9071 4.87712 4.9
      vertex 90.8 4.82647 4.9
    endloop
  endfacet
  facet normal 0.427491 -0.90402 0
    outer loop
      vertex 90.9071 4.87712 4.9
      vertex 90.774 4.81418 2
      vertex 90.9071 4.87712 2
    endloop
  endfacet
  facet normal -0.146746 0.989174 0
    outer loop
      vertex 90.053 7.69278 2
      vertex 89.9074 7.67118 22
      vertex 90.053 7.69278 22
    endloop
  endfacet
  facet normal -0.146746 0.989174 0
    outer loop
      vertex 89.9074 7.67118 22
      vertex 90.053 7.69278 2
      vertex 89.9074 7.67118 2
    endloop
  endfacet
  facet normal -0.595773 -0.803153 0
    outer loop
      vertex 89.2484 5.04048 2
      vertex 89.3666 4.9528 22
      vertex 89.2484 5.04048 22
    endloop
  endfacet
  facet normal -0.595773 -0.803153 -0
    outer loop
      vertex 89.3666 4.9528 22
      vertex 89.2484 5.04048 2
      vertex 89.3666 4.9528 2
    endloop
  endfacet
  facet normal 0.857661 -0.514216 0
    outer loop
      vertex 91.4472 5.36665 4.9
      vertex 91.5229 5.49291 2
      vertex 91.5229 5.49291 4.9
    endloop
  endfacet
  facet normal 0.857661 -0.514216 0
    outer loop
      vertex 91.5229 5.49291 2
      vertex 91.4472 5.36665 4.9
      vertex 91.4472 5.36665 2
    endloop
  endfacet
  facet normal -0.0490565 0.998796 0
    outer loop
      vertex 90.2 7.7 2
      vertex 90.053 7.69278 22
      vertex 90.2 7.7 22
    endloop
  endfacet
  facet normal -0.0490565 0.998796 0
    outer loop
      vertex 90.053 7.69278 22
      vertex 90.2 7.7 2
      vertex 90.053 7.69278 2
    endloop
  endfacet
  facet normal -0.741138 -0.671353 0
    outer loop
      vertex 89.1393 5.13934 2
      vertex 89.0405 5.24841 22
      vertex 89.0405 5.24841 2
    endloop
  endfacet
  facet normal -0.741138 -0.671353 0
    outer loop
      vertex 89.0405 5.24841 22
      vertex 89.1393 5.13934 2
      vertex 89.1393 5.13934 22
    endloop
  endfacet
  facet normal 0.0490565 0.998796 -0
    outer loop
      vertex 90.347 7.69278 2
      vertex 90.2 7.7 22
      vertex 90.347 7.69278 22
    endloop
  endfacet
  facet normal 0.0490565 0.998796 0
    outer loop
      vertex 90.2 7.7 22
      vertex 90.347 7.69278 2
      vertex 90.2 7.7 2
    endloop
  endfacet
  facet normal -0.146746 -0.989174 0
    outer loop
      vertex 89.9074 4.72882 2
      vertex 90.053 4.70722 22
      vertex 89.9074 4.72882 22
    endloop
  endfacet
  facet normal -0.146746 -0.989174 -0
    outer loop
      vertex 90.053 4.70722 22
      vertex 89.9074 4.72882 2
      vertex 90.053 4.70722 2
    endloop
  endfacet
  facet normal -0.242983 0.970031 0
    outer loop
      vertex 89.9074 7.67118 2
      vertex 89.7646 7.63541 22
      vertex 89.9074 7.67118 22
    endloop
  endfacet
  facet normal -0.242983 0.970031 0
    outer loop
      vertex 89.7646 7.63541 22
      vertex 89.9074 7.67118 2
      vertex 89.7646 7.63541 2
    endloop
  endfacet
  facet normal 0.671475 0.741027 -0
    outer loop
      vertex 91.2607 7.26066 2
      vertex 91.1516 7.35952 4.9
      vertex 91.2607 7.26066 4.9
    endloop
  endfacet
  facet normal 0.671475 0.741027 0
    outer loop
      vertex 91.1516 7.35952 4.9
      vertex 91.2607 7.26066 2
      vertex 91.1516 7.35952 2
    endloop
  endfacet
  facet normal 0.242983 -0.970031 0
    outer loop
      vertex 90.4926 4.72882 2
      vertex 90.6354 4.76459 22
      vertex 90.4926 4.72882 22
    endloop
  endfacet
  facet normal 0.242983 -0.970031 0
    outer loop
      vertex 90.6354 4.76459 22
      vertex 90.4926 4.72882 2
      vertex 90.6354 4.76459 2
    endloop
  endfacet
  facet normal -0.969978 0.243191 0
    outer loop
      vertex 88.7288 6.49264 2
      vertex 88.7646 6.63543 22
      vertex 88.7646 6.63543 2
    endloop
  endfacet
  facet normal -0.969978 0.243191 0
    outer loop
      vertex 88.7646 6.63543 22
      vertex 88.7288 6.49264 2
      vertex 88.7288 6.49264 22
    endloop
  endfacet
  facet normal -0.427491 0.90402 0
    outer loop
      vertex 89.626 7.58582 2
      vertex 89.4929 7.52288 22
      vertex 89.626 7.58582 22
    endloop
  endfacet
  facet normal -0.427491 0.90402 0
    outer loop
      vertex 89.4929 7.52288 22
      vertex 89.626 7.58582 2
      vertex 89.4929 7.52288 2
    endloop
  endfacet
  facet normal -0.741138 0.671353 0
    outer loop
      vertex 89.0405 7.15159 2
      vertex 89.1393 7.26066 22
      vertex 89.1393 7.26066 2
    endloop
  endfacet
  facet normal -0.741138 0.671353 0
    outer loop
      vertex 89.1393 7.26066 22
      vertex 89.0405 7.15159 2
      vertex 89.0405 7.15159 22
    endloop
  endfacet
  facet normal -0.0490565 -0.998796 0
    outer loop
      vertex 90.053 4.70722 2
      vertex 90.2 4.7 22
      vertex 90.053 4.70722 22
    endloop
  endfacet
  facet normal -0.0490565 -0.998796 -0
    outer loop
      vertex 90.2 4.7 22
      vertex 90.053 4.70722 2
      vertex 90.2 4.7 2
    endloop
  endfacet
  facet normal -0.989176 0.146736 0
    outer loop
      vertex 88.7072 6.34703 2
      vertex 88.7288 6.49264 22
      vertex 88.7288 6.49264 2
    endloop
  endfacet
  facet normal -0.989176 0.146736 0
    outer loop
      vertex 88.7288 6.49264 22
      vertex 88.7072 6.34703 2
      vertex 88.7072 6.34703 22
    endloop
  endfacet
  facet normal 0.741138 -0.671353 0
    outer loop
      vertex 91.2607 5.13934 4.9
      vertex 91.3595 5.24841 2
      vertex 91.3595 5.24841 4.9
    endloop
  endfacet
  facet normal 0.741138 -0.671353 0
    outer loop
      vertex 91.3595 5.24841 2
      vertex 91.2607 5.13934 4.9
      vertex 91.2607 5.13934 2
    endloop
  endfacet
  facet normal 0.595817 0.80312 -0
    outer loop
      vertex 91.1516 7.35952 2
      vertex 91.0334 7.44721 4.9
      vertex 91.1516 7.35952 4.9
    endloop
  endfacet
  facet normal 0.595817 0.80312 0
    outer loop
      vertex 91.0334 7.44721 4.9
      vertex 91.1516 7.35952 2
      vertex 91.0334 7.44721 2
    endloop
  endfacet
  facet normal 0 0 1
    outer loop
      vertex 90.6354 7.63541 22
      vertex 90.8 7.57353 22
      vertex 90.774 7.58582 22
    endloop
  endfacet
  facet normal 0 0 1
    outer loop
      vertex 90.8 7.57353 22
      vertex 90.6354 7.63541 22
      vertex 90.8 4.82647 22
    endloop
  endfacet
  facet normal 0 0 1
    outer loop
      vertex 90.6354 4.76459 22
      vertex 90.8 4.82647 22
      vertex 90.6354 7.63541 22
    endloop
  endfacet
  facet normal 0 0 1
    outer loop
      vertex 90.8 4.82647 22
      vertex 90.6354 4.76459 22
      vertex 90.774 4.81418 22
    endloop
  endfacet
  facet normal 0 0 1
    outer loop
      vertex 90.4926 7.67118 22
      vertex 90.6354 4.76459 22
      vertex 90.6354 7.63541 22
    endloop
  endfacet
  facet normal 0 0 1
    outer loop
      vertex 90.4926 7.67118 22
      vertex 90.4926 4.72882 22
      vertex 90.6354 4.76459 22
    endloop
  endfacet
  facet normal 0 0 1
    outer loop
      vertex 90.347 7.69278 22
      vertex 90.4926 4.72882 22
      vertex 90.4926 7.67118 22
    endloop
  endfacet
  facet normal 0 0 1
    outer loop
      vertex 90.347 7.69278 22
      vertex 90.347 4.70722 22
      vertex 90.4926 4.72882 22
    endloop
  endfacet
  facet normal 0 0 1
    outer loop
      vertex 90.2 7.7 22
      vertex 90.347 4.70722 22
      vertex 90.347 7.69278 22
    endloop
  endfacet
  facet normal 0 0 1
    outer loop
      vertex 90.2 7.7 22
      vertex 90.2 4.7 22
      vertex 90.347 4.70722 22
    endloop
  endfacet
  facet normal -0 0 1
    outer loop
      vertex 90.053 7.69278 22
      vertex 90.2 4.7 22
      vertex 90.2 7.7 22
    endloop
  endfacet
  facet normal 0 0 1
    outer loop
      vertex 90.053 7.69278 22
      vertex 90.053 4.70722 22
      vertex 90.2 4.7 22
    endloop
  endfacet
  facet normal -0 0 1
    outer loop
      vertex 89.9074 7.67118 22
      vertex 90.053 4.70722 22
      vertex 90.053 7.69278 22
    endloop
  endfacet
  facet normal 0 0 1
    outer loop
      vertex 89.9074 7.67118 22
      vertex 89.9074 4.72882 22
      vertex 90.053 4.70722 22
    endloop
  endfacet
  facet normal -0 0 1
    outer loop
      vertex 89.7646 7.63541 22
      vertex 89.9074 4.72882 22
      vertex 89.9074 7.67118 22
    endloop
  endfacet
  facet normal 0 0 1
    outer loop
      vertex 89.7646 7.63541 22
      vertex 89.7646 4.76459 22
      vertex 89.9074 4.72882 22
    endloop
  endfacet
  facet normal -0 0 1
    outer loop
      vertex 89.626 7.58582 22
      vertex 89.7646 4.76459 22
      vertex 89.7646 7.63541 22
    endloop
  endfacet
  facet normal 0 0 1
    outer loop
      vertex 89.626 7.58582 22
      vertex 89.626 4.81418 22
      vertex 89.7646 4.76459 22
    endloop
  endfacet
  facet normal -0 0 1
    outer loop
      vertex 89.4929 7.52288 22
      vertex 89.626 4.81418 22
      vertex 89.626 7.58582 22
    endloop
  endfacet
  facet normal 0 0 1
    outer loop
      vertex 89.4929 7.52288 22
      vertex 89.4929 4.87712 22
      vertex 89.626 4.81418 22
    endloop
  endfacet
  facet normal -0 0 1
    outer loop
      vertex 89.3666 7.44721 22
      vertex 89.4929 4.87712 22
      vertex 89.4929 7.52288 22
    endloop
  endfacet
  facet normal 0 0 1
    outer loop
      vertex 89.3666 7.44721 22
      vertex 89.3666 4.9528 22
      vertex 89.4929 4.87712 22
    endloop
  endfacet
  facet normal -0 0 1
    outer loop
      vertex 89.2484 7.35952 22
      vertex 89.3666 4.9528 22
      vertex 89.3666 7.44721 22
    endloop
  endfacet
  facet normal 0 0 1
    outer loop
      vertex 89.2484 7.35952 22
      vertex 89.2484 5.04048 22
      vertex 89.3666 4.9528 22
    endloop
  endfacet
  facet normal -0 0 1
    outer loop
      vertex 89.1393 7.26066 22
      vertex 89.2484 5.04048 22
      vertex 89.2484 7.35952 22
    endloop
  endfacet
  facet normal 0 0 1
    outer loop
      vertex 89.1393 7.26066 22
      vertex 89.1393 5.13934 22
      vertex 89.2484 5.04048 22
    endloop
  endfacet
  facet normal -0 0 1
    outer loop
      vertex 89.0405 7.15159 22
      vertex 89.1393 5.13934 22
      vertex 89.1393 7.26066 22
    endloop
  endfacet
  facet normal 0 0 1
    outer loop
      vertex 89.0405 7.15159 22
      vertex 89.0405 5.24841 22
      vertex 89.1393 5.13934 22
    endloop
  endfacet
  facet normal -0 0 1
    outer loop
      vertex 88.9528 7.03336 22
      vertex 89.0405 5.24841 22
      vertex 89.0405 7.15159 22
    endloop
  endfacet
  facet normal 0 0 1
    outer loop
      vertex 88.9528 7.03336 22
      vertex 88.9528 5.36665 22
      vertex 89.0405 5.24841 22
    endloop
  endfacet
  facet normal -0 0 1
    outer loop
      vertex 88.8771 6.9071 22
      vertex 88.9528 5.36665 22
      vertex 88.9528 7.03336 22
    endloop
  endfacet
  facet normal 0 0 1
    outer loop
      vertex 88.8771 6.9071 22
      vertex 88.8771 5.49291 22
      vertex 88.9528 5.36665 22
    endloop
  endfacet
  facet normal -0 0 1
    outer loop
      vertex 88.8142 6.77403 22
      vertex 88.8771 5.49291 22
      vertex 88.8771 6.9071 22
    endloop
  endfacet
  facet normal 0 0 1
    outer loop
      vertex 88.8142 6.77403 22
      vertex 88.8142 5.62598 22
      vertex 88.8771 5.49291 22
    endloop
  endfacet
  facet normal -0 0 1
    outer loop
      vertex 88.7646 6.63543 22
      vertex 88.8142 5.62598 22
      vertex 88.8142 6.77403 22
    endloop
  endfacet
  facet normal 0 0 1
    outer loop
      vertex 88.7646 6.63543 22
      vertex 88.7646 5.76457 22
      vertex 88.8142 5.62598 22
    endloop
  endfacet
  facet normal -0 0 1
    outer loop
      vertex 88.7288 6.49264 22
      vertex 88.7646 5.76457 22
      vertex 88.7646 6.63543 22
    endloop
  endfacet
  facet normal 0 0 1
    outer loop
      vertex 88.7288 6.49264 22
      vertex 88.7288 5.90737 22
      vertex 88.7646 5.76457 22
    endloop
  endfacet
  facet normal -0 0 1
    outer loop
      vertex 88.7072 6.34703 22
      vertex 88.7288 5.90737 22
      vertex 88.7288 6.49264 22
    endloop
  endfacet
  facet normal 0 0 1
    outer loop
      vertex 88.7072 6.34703 22
      vertex 88.7072 6.05298 22
      vertex 88.7288 5.90737 22
    endloop
  endfacet
  facet normal 0 -0 1
    outer loop
      vertex 88.7072 6.05298 22
      vertex 88.7072 6.34703 22
      vertex 88.7 6.2 22
    endloop
  endfacet
  facet normal -0.80316 0.595764 0
    outer loop
      vertex 88.9528 7.03336 2
      vertex 89.0405 7.15159 22
      vertex 89.0405 7.15159 2
    endloop
  endfacet
  facet normal -0.80316 0.595764 0
    outer loop
      vertex 89.0405 7.15159 22
      vertex 88.9528 7.03336 2
      vertex 88.9528 7.03336 22
    endloop
  endfacet
  facet normal -0.998803 -0.0489143 0
    outer loop
      vertex 88.7072 6.05298 2
      vertex 88.7 6.2 22
      vertex 88.7 6.2 2
    endloop
  endfacet
  facet normal -0.998803 -0.0489143 0
    outer loop
      vertex 88.7 6.2 22
      vertex 88.7072 6.05298 2
      vertex 88.7072 6.05298 22
    endloop
  endfacet
  facet normal 0.741138 0.671353 0
    outer loop
      vertex 91.3595 7.15159 4.9
      vertex 91.2607 7.26066 2
      vertex 91.2607 7.26066 4.9
    endloop
  endfacet
  facet normal 0.741138 0.671353 0
    outer loop
      vertex 91.2607 7.26066 2
      vertex 91.3595 7.15159 4.9
      vertex 91.3595 7.15159 2
    endloop
  endfacet
  facet normal 0 0 1
    outer loop
      vertex 91.6928 55.347 4.9
      vertex 91.6928 55.053 4.9
      vertex 91.7 55.2 4.9
    endloop
  endfacet
  facet normal 0 0 1
    outer loop
      vertex 91.6712 55.4926 4.9
      vertex 91.6928 55.053 4.9
      vertex 91.6928 55.347 4.9
    endloop
  endfacet
  facet normal 0 0 1
    outer loop
      vertex 91.6712 55.4926 4.9
      vertex 91.6712 54.9074 4.9
      vertex 91.6928 55.053 4.9
    endloop
  endfacet
  facet normal 0 0 1
    outer loop
      vertex 91.6354 55.6354 4.9
      vertex 91.6712 54.9074 4.9
      vertex 91.6712 55.4926 4.9
    endloop
  endfacet
  facet normal 0 0 1
    outer loop
      vertex 91.6354 55.6354 4.9
      vertex 91.6354 54.7646 4.9
      vertex 91.6712 54.9074 4.9
    endloop
  endfacet
  facet normal 0 0 1
    outer loop
      vertex 91.5858 55.774 4.9
      vertex 91.6354 54.7646 4.9
      vertex 91.6354 55.6354 4.9
    endloop
  endfacet
  facet normal 0 0 1
    outer loop
      vertex 91.5858 55.774 4.9
      vertex 91.5858 54.626 4.9
      vertex 91.6354 54.7646 4.9
    endloop
  endfacet
  facet normal 0 0 1
    outer loop
      vertex 91.5229 55.9071 4.9
      vertex 91.5858 54.626 4.9
      vertex 91.5858 55.774 4.9
    endloop
  endfacet
  facet normal 0 0 1
    outer loop
      vertex 91.5229 55.9071 4.9
      vertex 91.5229 54.4929 4.9
      vertex 91.5858 54.626 4.9
    endloop
  endfacet
  facet normal 0 0 1
    outer loop
      vertex 91.4472 56.0334 4.9
      vertex 91.5229 54.4929 4.9
      vertex 91.5229 55.9071 4.9
    endloop
  endfacet
  facet normal 0 0 1
    outer loop
      vertex 91.4472 56.0334 4.9
      vertex 91.4472 54.3666 4.9
      vertex 91.5229 54.4929 4.9
    endloop
  endfacet
  facet normal 0 0 1
    outer loop
      vertex 91.3595 56.1516 4.9
      vertex 91.4472 54.3666 4.9
      vertex 91.4472 56.0334 4.9
    endloop
  endfacet
  facet normal 0 0 1
    outer loop
      vertex 91.3595 56.1516 4.9
      vertex 91.3595 54.2484 4.9
      vertex 91.4472 54.3666 4.9
    endloop
  endfacet
  facet normal 0 0 1
    outer loop
      vertex 91.2607 56.2607 4.9
      vertex 91.3595 54.2484 4.9
      vertex 91.3595 56.1516 4.9
    endloop
  endfacet
  facet normal 0 0 1
    outer loop
      vertex 91.2607 56.2607 4.9
      vertex 91.2607 54.1393 4.9
      vertex 91.3595 54.2484 4.9
    endloop
  endfacet
  facet normal 0 0 1
    outer loop
      vertex 91.1516 56.3595 4.9
      vertex 91.2607 54.1393 4.9
      vertex 91.2607 56.2607 4.9
    endloop
  endfacet
  facet normal 0 0 1
    outer loop
      vertex 91.1516 56.3595 4.9
      vertex 91.1516 54.0405 4.9
      vertex 91.2607 54.1393 4.9
    endloop
  endfacet
  facet normal 0 0 1
    outer loop
      vertex 91.0334 56.4472 4.9
      vertex 91.1516 54.0405 4.9
      vertex 91.1516 56.3595 4.9
    endloop
  endfacet
  facet normal 0 0 1
    outer loop
      vertex 91.0334 56.4472 4.9
      vertex 91.0334 53.9528 4.9
      vertex 91.1516 54.0405 4.9
    endloop
  endfacet
  facet normal 0 0 1
    outer loop
      vertex 90.9071 56.5229 4.9
      vertex 91.0334 53.9528 4.9
      vertex 91.0334 56.4472 4.9
    endloop
  endfacet
  facet normal 0 0 1
    outer loop
      vertex 90.9071 56.5229 4.9
      vertex 90.9071 53.8771 4.9
      vertex 91.0334 53.9528 4.9
    endloop
  endfacet
  facet normal 0 0 1
    outer loop
      vertex 90.8 56.5735 4.9
      vertex 90.9071 53.8771 4.9
      vertex 90.9071 56.5229 4.9
    endloop
  endfacet
  facet normal 0 0 1
    outer loop
      vertex 90.9071 53.8771 4.9
      vertex 90.8 56.5735 4.9
      vertex 90.8 53.8265 4.9
    endloop
  endfacet
  facet normal 0 0 1
    outer loop
      vertex 91.6928 6.34703 4.9
      vertex 91.6928 6.05298 4.9
      vertex 91.7 6.2 4.9
    endloop
  endfacet
  facet normal 0 0 1
    outer loop
      vertex 91.6712 6.49264 4.9
      vertex 91.6928 6.05298 4.9
      vertex 91.6928 6.34703 4.9
    endloop
  endfacet
  facet normal 0 0 1
    outer loop
      vertex 91.6712 6.49264 4.9
      vertex 91.6712 5.90737 4.9
      vertex 91.6928 6.05298 4.9
    endloop
  endfacet
  facet normal 0 0 1
    outer loop
      vertex 91.6354 6.63543 4.9
      vertex 91.6712 5.90737 4.9
      vertex 91.6712 6.49264 4.9
    endloop
  endfacet
  facet normal 0 0 1
    outer loop
      vertex 91.6354 6.63543 4.9
      vertex 91.6354 5.76457 4.9
      vertex 91.6712 5.90737 4.9
    endloop
  endfacet
  facet normal 0 0 1
    outer loop
      vertex 91.5858 6.77403 4.9
      vertex 91.6354 5.76457 4.9
      vertex 91.6354 6.63543 4.9
    endloop
  endfacet
  facet normal 0 0 1
    outer loop
      vertex 91.5858 6.77403 4.9
      vertex 91.5858 5.62598 4.9
      vertex 91.6354 5.76457 4.9
    endloop
  endfacet
  facet normal 0 0 1
    outer loop
      vertex 91.5229 6.9071 4.9
      vertex 91.5858 5.62598 4.9
      vertex 91.5858 6.77403 4.9
    endloop
  endfacet
  facet normal 0 0 1
    outer loop
      vertex 91.5229 6.9071 4.9
      vertex 91.5229 5.49291 4.9
      vertex 91.5858 5.62598 4.9
    endloop
  endfacet
  facet normal 0 0 1
    outer loop
      vertex 91.4472 7.03336 4.9
      vertex 91.5229 5.49291 4.9
      vertex 91.5229 6.9071 4.9
    endloop
  endfacet
  facet normal 0 0 1
    outer loop
      vertex 91.4472 7.03336 4.9
      vertex 91.4472 5.36665 4.9
      vertex 91.5229 5.49291 4.9
    endloop
  endfacet
  facet normal 0 0 1
    outer loop
      vertex 91.3595 7.15159 4.9
      vertex 91.4472 5.36665 4.9
      vertex 91.4472 7.03336 4.9
    endloop
  endfacet
  facet normal 0 0 1
    outer loop
      vertex 91.3595 7.15159 4.9
      vertex 91.3595 5.24841 4.9
      vertex 91.4472 5.36665 4.9
    endloop
  endfacet
  facet normal 0 0 1
    outer loop
      vertex 91.2607 7.26066 4.9
      vertex 91.3595 5.24841 4.9
      vertex 91.3595 7.15159 4.9
    endloop
  endfacet
  facet normal 0 0 1
    outer loop
      vertex 91.2607 7.26066 4.9
      vertex 91.2607 5.13934 4.9
      vertex 91.3595 5.24841 4.9
    endloop
  endfacet
  facet normal 0 0 1
    outer loop
      vertex 91.1516 7.35952 4.9
      vertex 91.2607 5.13934 4.9
      vertex 91.2607 7.26066 4.9
    endloop
  endfacet
  facet normal 0 0 1
    outer loop
      vertex 91.1516 7.35952 4.9
      vertex 91.1516 5.04048 4.9
      vertex 91.2607 5.13934 4.9
    endloop
  endfacet
  facet normal 0 0 1
    outer loop
      vertex 91.0334 7.44721 4.9
      vertex 91.1516 5.04048 4.9
      vertex 91.1516 7.35952 4.9
    endloop
  endfacet
  facet normal 0 0 1
    outer loop
      vertex 91.0334 7.44721 4.9
      vertex 91.0334 4.9528 4.9
      vertex 91.1516 5.04048 4.9
    endloop
  endfacet
  facet normal 0 0 1
    outer loop
      vertex 90.9071 7.52288 4.9
      vertex 91.0334 4.9528 4.9
      vertex 91.0334 7.44721 4.9
    endloop
  endfacet
  facet normal 0 0 1
    outer loop
      vertex 90.9071 7.52288 4.9
      vertex 90.9071 4.87712 4.9
      vertex 91.0334 4.9528 4.9
    endloop
  endfacet
  facet normal 0 0 1
    outer loop
      vertex 90.8 7.57353 4.9
      vertex 90.9071 4.87712 4.9
      vertex 90.9071 7.52288 4.9
    endloop
  endfacet
  facet normal 0 0 1
    outer loop
      vertex 90.9071 4.87712 4.9
      vertex 90.8 7.57353 4.9
      vertex 90.8 4.82647 4.9
    endloop
  endfacet
  facet normal 0 0 1
    outer loop
      vertex 94.2 55.4 4.9
      vertex 96.4 55.4 4.9
      vertex 96.3711 55.9881 4.9
    endloop
  endfacet
  facet normal 0 0 1
    outer loop
      vertex 96.4 55.4 4.9
      vertex 94.2 55.4 4.9
      vertex 96.4 6.00001 4.9
    endloop
  endfacet
  facet normal 0 0 1
    outer loop
      vertex 94.1817 55.7725 4.9
      vertex 96.3711 55.9881 4.9
      vertex 96.2847 56.5705 4.9
    endloop
  endfacet
  facet normal 0 0 1
    outer loop
      vertex 94.2 6.00001 4.9
      vertex 96.4 6.00001 4.9
      vertex 94.2 55.4 4.9
    endloop
  endfacet
  facet normal 0 0 1
    outer loop
      vertex 94.127 56.1413 4.9
      vertex 96.2847 56.5705 4.9
      vertex 96.2523 56.7 4.9
    endloop
  endfacet
  facet normal 0 0 1
    outer loop
      vertex 96.4 6.00001 4.9
      vertex 94.2 6.00001 4.9
      vertex 96.3711 5.4119 4.9
    endloop
  endfacet
  facet normal -0 0 1
    outer loop
      vertex 94.1817 5.62754 4.9
      vertex 96.3711 5.4119 4.9
      vertex 94.2 6.00001 4.9
    endloop
  endfacet
  facet normal 0 0 1
    outer loop
      vertex 96.3711 55.9881 4.9
      vertex 94.1817 55.7725 4.9
      vertex 94.2 55.4 4.9
    endloop
  endfacet
  facet normal 0 0 1
    outer loop
      vertex 96.2847 56.5705 4.9
      vertex 94.127 56.1413 4.9
      vertex 94.1817 55.7725 4.9
    endloop
  endfacet
  facet normal 0 0 1
    outer loop
      vertex 96.2523 56.7 4.9
      vertex 94.0364 56.5031 4.9
      vertex 94.127 56.1413 4.9
    endloop
  endfacet
  facet normal 0 -0 1
    outer loop
      vertex 94.0364 56.5031 4.9
      vertex 96.2523 56.7 4.9
      vertex 93.9659 56.7 4.9
    endloop
  endfacet
  facet normal 0 0 1
    outer loop
      vertex 96.3711 5.4119 4.9
      vertex 94.1817 5.62754 4.9
      vertex 96.2847 4.82946 4.9
    endloop
  endfacet
  facet normal -0 0 1
    outer loop
      vertex 94.127 5.25866 4.9
      vertex 96.2847 4.82946 4.9
      vertex 94.1817 5.62754 4.9
    endloop
  endfacet
  facet normal 0 0 1
    outer loop
      vertex 96.2847 4.82946 4.9
      vertex 94.127 5.25866 4.9
      vertex 96.2523 4.7 4.9
    endloop
  endfacet
  facet normal -0 0 1
    outer loop
      vertex 94.0364 4.89692 4.9
      vertex 96.2523 4.7 4.9
      vertex 94.127 5.25866 4.9
    endloop
  endfacet
  facet normal 0 0 1
    outer loop
      vertex 96.2523 4.7 4.9
      vertex 94.0364 4.89692 4.9
      vertex 93.9659 4.7 4.9
    endloop
  endfacet
  facet normal 1 -0 0
    outer loop
      vertex 90.8 53.8265 22
      vertex 90.8 56.5735 4.9
      vertex 90.8 56.5735 22
    endloop
  endfacet
  facet normal 1 0 0
    outer loop
      vertex 90.8 56.5735 4.9
      vertex 90.8 53.8265 22
      vertex 90.8 53.8265 4.9
    endloop
  endfacet
  facet normal 1 -0 0
    outer loop
      vertex 90.8 4.82647 22
      vertex 90.8 7.57353 4.9
      vertex 90.8 7.57353 22
    endloop
  endfacet
  facet normal 1 0 0
    outer loop
      vertex 90.8 7.57353 4.9
      vertex 90.8 4.82647 22
      vertex 90.8 4.82647 4.9
    endloop
  endfacet
  facet normal 0 1 -0
    outer loop
      vertex 93.6477 4.7 8
      vertex 91.7829 4.7 13
      vertex 93.6477 4.7 13
    endloop
  endfacet
  facet normal 0 1 0
    outer loop
      vertex 91.7829 4.7 13
      vertex 93.6477 4.7 8
      vertex 91.7829 4.7 8
    endloop
  endfacet
  facet normal 0 1 -0
    outer loop
      vertex 96.2523 4.7 4.9
      vertex 93.9659 4.7 8
      vertex 96.2523 4.7 8
    endloop
  endfacet
  facet normal 0 1 0
    outer loop
      vertex 93.9659 4.7 8
      vertex 96.2523 4.7 4.9
      vertex 93.9659 4.7 4.9
    endloop
  endfacet
  facet normal 0 -1 0
    outer loop
      vertex 91.7829 56.7 8
      vertex 93.6477 56.7 13
      vertex 91.7829 56.7 13
    endloop
  endfacet
  facet normal 0 -1 -0
    outer loop
      vertex 93.6477 56.7 13
      vertex 91.7829 56.7 8
      vertex 93.6477 56.7 8
    endloop
  endfacet
  facet normal 0 -1 0
    outer loop
      vertex 93.9659 56.7 4.9
      vertex 96.2523 56.7 8
      vertex 93.9659 56.7 8
    endloop
  endfacet
  facet normal 0 -1 -0
    outer loop
      vertex 96.2523 56.7 8
      vertex 93.9659 56.7 4.9
      vertex 96.2523 56.7 4.9
    endloop
  endfacet
  facet normal -1 0 0
    outer loop
      vertex 29.6 25.8055 0
      vertex 29.6 35.5945 2
      vertex 29.6 35.5945 0
    endloop
  endfacet
  facet normal -1 -0 0
    outer loop
      vertex 29.6 35.5945 2
      vertex 29.6 25.8055 0
      vertex 29.6 25.8055 2
    endloop
  endfacet
  facet normal -1 0 0
    outer loop
      vertex 32.8 20.8011 0
      vertex 32.8 40.5989 2
      vertex 32.8 40.5989 0
    endloop
  endfacet
  facet normal -1 -0 0
    outer loop
      vertex 32.8 40.5989 2
      vertex 32.8 20.8011 0
      vertex 32.8 20.8011 2
    endloop
  endfacet
  facet normal 1 -0 0
    outer loop
      vertex 31 23.0212 2
      vertex 31 38.3788 0
      vertex 31 38.3788 2
    endloop
  endfacet
  facet normal 1 0 0
    outer loop
      vertex 31 38.3788 0
      vertex 31 23.0212 2
      vertex 31 23.0212 0
    endloop
  endfacet
  facet normal -1 0 0
    outer loop
      vertex 36 18.4133 0
      vertex 36 42.9867 2
      vertex 36 42.9867 0
    endloop
  endfacet
  facet normal -1 -0 0
    outer loop
      vertex 36 42.9867 2
      vertex 36 18.4133 0
      vertex 36 18.4133 2
    endloop
  endfacet
  facet normal 1 -0 0
    outer loop
      vertex 34.2 19.5949 2
      vertex 34.2 41.8051 0
      vertex 34.2 41.8051 2
    endloop
  endfacet
  facet normal 1 0 0
    outer loop
      vertex 34.2 41.8051 0
      vertex 34.2 19.5949 2
      vertex 34.2 19.5949 0
    endloop
  endfacet
  facet normal -1 0 0
    outer loop
      vertex 39.2 17.1616 0
      vertex 39.2 44.2384 2
      vertex 39.2 44.2384 0
    endloop
  endfacet
  facet normal -1 -0 0
    outer loop
      vertex 39.2 44.2384 2
      vertex 39.2 17.1616 0
      vertex 39.2 17.1616 2
    endloop
  endfacet
  facet normal 1 -0 0
    outer loop
      vertex 37.4 17.7451 2
      vertex 37.4 43.6549 0
      vertex 37.4 43.6549 2
    endloop
  endfacet
  facet normal 1 0 0
    outer loop
      vertex 37.4 43.6549 0
      vertex 37.4 17.7451 2
      vertex 37.4 17.7451 0
    endloop
  endfacet
  facet normal -1 0 0
    outer loop
      vertex 42.4 16.7147 0
      vertex 42.4 44.6853 2
      vertex 42.4 44.6853 0
    endloop
  endfacet
  facet normal -1 -0 0
    outer loop
      vertex 42.4 44.6853 2
      vertex 42.4 16.7147 0
      vertex 42.4 16.7147 2
    endloop
  endfacet
  facet normal 1 -0 0
    outer loop
      vertex 40.6 16.8754 2
      vertex 40.6 44.5246 0
      vertex 40.6 44.5246 2
    endloop
  endfacet
  facet normal 1 0 0
    outer loop
      vertex 40.6 44.5246 0
      vertex 40.6 16.8754 2
      vertex 40.6 16.8754 0
    endloop
  endfacet
  facet normal -1 0 0
    outer loop
      vertex 45.6 17.0113 0
      vertex 45.6 44.3887 2
      vertex 45.6 44.3887 0
    endloop
  endfacet
  facet normal -1 -0 0
    outer loop
      vertex 45.6 44.3887 2
      vertex 45.6 17.0113 0
      vertex 45.6 17.0113 2
    endloop
  endfacet
  facet normal 1 -0 0
    outer loop
      vertex 43.8 16.754 2
      vertex 43.8 44.646 0
      vertex 43.8 44.646 2
    endloop
  endfacet
  facet normal 1 0 0
    outer loop
      vertex 43.8 44.646 0
      vertex 43.8 16.754 2
      vertex 43.8 16.754 0
    endloop
  endfacet
  facet normal -1 0 0
    outer loop
      vertex 48.8 18.1168 0
      vertex 48.8 43.2832 2
      vertex 48.8 43.2832 0
    endloop
  endfacet
  facet normal -1 -0 0
    outer loop
      vertex 48.8 43.2832 2
      vertex 48.8 18.1168 0
      vertex 48.8 18.1168 2
    endloop
  endfacet
  facet normal 1 -0 0
    outer loop
      vertex 47 17.3873 2
      vertex 47 44.0127 0
      vertex 47 44.0127 2
    endloop
  endfacet
  facet normal 1 0 0
    outer loop
      vertex 47 44.0127 0
      vertex 47 17.3873 2
      vertex 47 17.3873 0
    endloop
  endfacet
  facet normal -1 0 0
    outer loop
      vertex 52 20.2572 0
      vertex 52 41.1428 2
      vertex 52 41.1428 0
    endloop
  endfacet
  facet normal -1 -0 0
    outer loop
      vertex 52 41.1428 2
      vertex 52 20.2572 0
      vertex 52 20.2572 2
    endloop
  endfacet
  facet normal 1 -0 0
    outer loop
      vertex 50.2 18.8928 2
      vertex 50.2 42.5072 0
      vertex 50.2 42.5072 2
    endloop
  endfacet
  facet normal 1 0 0
    outer loop
      vertex 50.2 42.5072 0
      vertex 50.2 18.8928 2
      vertex 50.2 18.8928 0
    endloop
  endfacet
  facet normal -1 0 0
    outer loop
      vertex 55.2 24.4242 0
      vertex 55.2 36.9758 2
      vertex 55.2 36.9758 0
    endloop
  endfacet
  facet normal -1 -0 0
    outer loop
      vertex 55.2 36.9758 2
      vertex 55.2 24.4242 0
      vertex 55.2 24.4242 2
    endloop
  endfacet
  facet normal 1 -0 0
    outer loop
      vertex 53.4 21.6837 2
      vertex 53.4 39.7163 0
      vertex 53.4 39.7163 2
    endloop
  endfacet
  facet normal 1 0 0
    outer loop
      vertex 53.4 39.7163 0
      vertex 53.4 21.6837 2
      vertex 53.4 21.6837 0
    endloop
  endfacet
  facet normal -0.336878 -0.941548 0
    outer loop
      vertex 47 44.0127 0
      vertex 48.0576 43.6343 2
      vertex 47 44.0127 2
    endloop
  endfacet
  facet normal -0.336878 -0.941548 -0
    outer loop
      vertex 48.0576 43.6343 2
      vertex 47 44.0127 0
      vertex 48.0576 43.6343 0
    endloop
  endfacet
  facet normal -0.671553 0.740957 0
    outer loop
      vertex 52 20.2572 0
      vertex 51.5815 19.8779 2
      vertex 52 20.2572 2
    endloop
  endfacet
  facet normal -0.671553 0.740957 0
    outer loop
      vertex 51.5815 19.8779 2
      vertex 52 20.2572 0
      vertex 51.5815 19.8779 0
    endloop
  endfacet
  facet normal 0.514086 -0.857739 0
    outer loop
      vertex 34.922 42.3406 0
      vertex 36 42.9867 2
      vertex 34.922 42.3406 2
    endloop
  endfacet
  facet normal 0.514086 -0.857739 0
    outer loop
      vertex 36 42.9867 2
      vertex 34.922 42.3406 0
      vertex 36 42.9867 0
    endloop
  endfacet
  facet normal -0.741158 0.671331 0
    outer loop
      vertex 53.4 21.6837 0
      vertex 53.5221 21.8185 2
      vertex 53.5221 21.8185 0
    endloop
  endfacet
  facet normal -0.741158 0.671331 0
    outer loop
      vertex 53.5221 21.8185 2
      vertex 53.4 21.6837 0
      vertex 53.4 21.6837 2
    endloop
  endfacet
  facet normal -0.514042 -0.857765 0
    outer loop
      vertex 50.2 42.5072 0
      vertex 50.478 42.3406 2
      vertex 50.2 42.5072 2
    endloop
  endfacet
  facet normal -0.514042 -0.857765 -0
    outer loop
      vertex 50.478 42.3406 2
      vertex 50.2 42.5072 0
      vertex 50.478 42.3406 0
    endloop
  endfacet
  facet normal -0.243212 -0.969973 0
    outer loop
      vertex 45.4313 44.431 0
      vertex 45.6 44.3887 2
      vertex 45.4313 44.431 2
    endloop
  endfacet
  facet normal -0.243212 -0.969973 -0
    outer loop
      vertex 45.6 44.3887 2
      vertex 45.4313 44.431 0
      vertex 45.6 44.3887 0
    endloop
  endfacet
  facet normal 0.242859 0.970062 -0
    outer loop
      vertex 39.2 17.1616 0
      vertex 38.636 17.3028 2
      vertex 39.2 17.1616 2
    endloop
  endfacet
  facet normal 0.242859 0.970062 0
    outer loop
      vertex 38.636 17.3028 2
      vertex 39.2 17.1616 0
      vertex 38.636 17.3028 0
    endloop
  endfacet
  facet normal 0.941529 -0.336932 0
    outer loop
      vertex 29.3028 34.764 2
      vertex 29.6 35.5945 0
      vertex 29.6 35.5945 2
    endloop
  endfacet
  facet normal 0.941529 -0.336932 0
    outer loop
      vertex 29.6 35.5945 0
      vertex 29.3028 34.764 2
      vertex 29.3028 34.764 0
    endloop
  endfacet
  facet normal -0.803177 -0.595741 0
    outer loop
      vertex 54.3406 38.478 0
      vertex 53.5221 39.5815 2
      vertex 53.5221 39.5815 0
    endloop
  endfacet
  facet normal -0.803177 -0.595741 0
    outer loop
      vertex 53.5221 39.5815 2
      vertex 54.3406 38.478 0
      vertex 54.3406 38.478 2
    endloop
  endfacet
  facet normal 0.514086 0.857739 -0
    outer loop
      vertex 36 18.4133 0
      vertex 34.922 19.0594 2
      vertex 36 18.4133 2
    endloop
  endfacet
  facet normal 0.514086 0.857739 0
    outer loop
      vertex 34.922 19.0594 2
      vertex 36 18.4133 0
      vertex 34.922 19.0594 0
    endloop
  endfacet
  facet normal 0.146785 -0.989168 0
    outer loop
      vertex 40.6 44.5246 0
      vertex 41.3278 44.6326 2
      vertex 40.6 44.5246 2
    endloop
  endfacet
  facet normal 0.146785 -0.989168 0
    outer loop
      vertex 41.3278 44.6326 2
      vertex 40.6 44.5246 0
      vertex 41.3278 44.6326 0
    endloop
  endfacet
  facet normal -0.595741 -0.803177 0
    outer loop
      vertex 50.478 42.3406 0
      vertex 51.5815 41.5221 2
      vertex 50.478 42.3406 2
    endloop
  endfacet
  facet normal -0.595741 -0.803177 -0
    outer loop
      vertex 51.5815 41.5221 2
      vertex 50.478 42.3406 0
      vertex 51.5815 41.5221 0
    endloop
  endfacet
  facet normal 0.242859 -0.970062 0
    outer loop
      vertex 38.636 44.0972 0
      vertex 39.2 44.2384 2
      vertex 38.636 44.0972 2
    endloop
  endfacet
  facet normal 0.242859 -0.970062 0
    outer loop
      vertex 39.2 44.2384 2
      vertex 38.636 44.0972 0
      vertex 39.2 44.2384 0
    endloop
  endfacet
  facet normal -0.904039 -0.42745 0
    outer loop
      vertex 55.2 36.9758 0
      vertex 55.0469 37.2996 2
      vertex 55.0469 37.2996 0
    endloop
  endfacet
  facet normal -0.904039 -0.42745 0
    outer loop
      vertex 55.0469 37.2996 2
      vertex 55.2 36.9758 0
      vertex 55.2 36.9758 2
    endloop
  endfacet
  facet normal -0.514042 0.857765 0
    outer loop
      vertex 50.478 19.0594 0
      vertex 50.2 18.8928 2
      vertex 50.478 19.0594 2
    endloop
  endfacet
  facet normal -0.514042 0.857765 0
    outer loop
      vertex 50.2 18.8928 2
      vertex 50.478 19.0594 0
      vertex 50.2 18.8928 0
    endloop
  endfacet
  facet normal 0.85795 -0.513732 0
    outer loop
      vertex 31 38.3788 2
      vertex 31.0594 38.478 0
      vertex 31.0594 38.478 2
    endloop
  endfacet
  facet normal 0.85795 -0.513732 0
    outer loop
      vertex 31.0594 38.478 0
      vertex 31 38.3788 2
      vertex 31 38.3788 0
    endloop
  endfacet
  facet normal 0.85795 0.513732 0
    outer loop
      vertex 31.0594 22.922 2
      vertex 31 23.0212 0
      vertex 31 23.0212 2
    endloop
  endfacet
  facet normal 0.85795 0.513732 0
    outer loop
      vertex 31 23.0212 0
      vertex 31.0594 22.922 2
      vertex 31.0594 22.922 0
    endloop
  endfacet
  facet normal 0.59572 0.803192 -0
    outer loop
      vertex 34.922 19.0594 0
      vertex 34.2 19.5949 2
      vertex 34.922 19.0594 2
    endloop
  endfacet
  facet normal 0.59572 0.803192 0
    outer loop
      vertex 34.2 19.5949 2
      vertex 34.922 19.0594 0
      vertex 34.2 19.5949 0
    endloop
  endfacet
  facet normal 0.803177 -0.595741 0
    outer loop
      vertex 31.0594 38.478 2
      vertex 31.8779 39.5815 0
      vertex 31.8779 39.5815 2
    endloop
  endfacet
  facet normal 0.803177 -0.595741 0
    outer loop
      vertex 31.8779 39.5815 0
      vertex 31.0594 38.478 2
      vertex 31.0594 38.478 0
    endloop
  endfacet
  facet normal -0.427526 0.904003 0
    outer loop
      vertex 48.8 18.1168 0
      vertex 48.0576 17.7657 2
      vertex 48.8 18.1168 2
    endloop
  endfacet
  facet normal -0.427526 0.904003 0
    outer loop
      vertex 48.0576 17.7657 2
      vertex 48.8 18.1168 0
      vertex 48.0576 17.7657 0
    endloop
  endfacet
  facet normal -0.146728 -0.989177 0
    outer loop
      vertex 44.0722 44.6326 0
      vertex 45.4313 44.431 2
      vertex 44.0722 44.6326 2
    endloop
  endfacet
  facet normal -0.146728 -0.989177 -0
    outer loop
      vertex 45.4313 44.431 2
      vertex 44.0722 44.6326 0
      vertex 45.4313 44.431 0
    endloop
  endfacet
  facet normal 0.146785 0.989168 -0
    outer loop
      vertex 41.3278 16.7674 0
      vertex 40.6 16.8754 2
      vertex 41.3278 16.7674 2
    endloop
  endfacet
  facet normal 0.146785 0.989168 0
    outer loop
      vertex 40.6 16.8754 2
      vertex 41.3278 16.7674 0
      vertex 40.6 16.8754 0
    endloop
  endfacet
  facet normal -0.595741 0.803177 0
    outer loop
      vertex 51.5815 19.8779 0
      vertex 50.478 19.0594 2
      vertex 51.5815 19.8779 2
    endloop
  endfacet
  facet normal -0.595741 0.803177 0
    outer loop
      vertex 50.478 19.0594 2
      vertex 51.5815 19.8779 0
      vertex 50.478 19.0594 0
    endloop
  endfacet
  facet normal -0.243212 0.969973 0
    outer loop
      vertex 45.6 17.0113 0
      vertex 45.4313 16.969 2
      vertex 45.6 17.0113 2
    endloop
  endfacet
  facet normal -0.243212 0.969973 0
    outer loop
      vertex 45.4313 16.969 2
      vertex 45.6 17.0113 0
      vertex 45.4313 16.969 0
    endloop
  endfacet
  facet normal 0.970035 0.242964 0
    outer loop
      vertex 29.3028 26.636 2
      vertex 28.969 27.9687 0
      vertex 28.969 27.9687 2
    endloop
  endfacet
  facet normal 0.970035 0.242964 0
    outer loop
      vertex 28.969 27.9687 0
      vertex 29.3028 26.636 2
      vertex 29.3028 26.636 0
    endloop
  endfacet
  facet normal 0.59572 -0.803192 0
    outer loop
      vertex 34.2 41.8051 0
      vertex 34.922 42.3406 2
      vertex 34.2 41.8051 2
    endloop
  endfacet
  facet normal 0.59572 -0.803192 0
    outer loop
      vertex 34.922 42.3406 2
      vertex 34.2 41.8051 0
      vertex 34.922 42.3406 0
    endloop
  endfacet
  facet normal 0.740958 0.671552 0
    outer loop
      vertex 32.8 20.8011 2
      vertex 31.8779 21.8185 0
      vertex 31.8779 21.8185 2
    endloop
  endfacet
  facet normal 0.740958 0.671552 0
    outer loop
      vertex 31.8779 21.8185 0
      vertex 32.8 20.8011 2
      vertex 32.8 20.8011 0
    endloop
  endfacet
  facet normal -0.85773 -0.5141 0
    outer loop
      vertex 55.0469 37.2996 0
      vertex 54.3406 38.478 2
      vertex 54.3406 38.478 0
    endloop
  endfacet
  facet normal -0.85773 -0.5141 0
    outer loop
      vertex 54.3406 38.478 2
      vertex 55.0469 37.2996 0
      vertex 55.0469 37.2996 2
    endloop
  endfacet
  facet normal -0.336878 0.941548 0
    outer loop
      vertex 48.0576 17.7657 0
      vertex 47 17.3873 2
      vertex 48.0576 17.7657 2
    endloop
  endfacet
  facet normal -0.336878 0.941548 0
    outer loop
      vertex 47 17.3873 2
      vertex 48.0576 17.7657 0
      vertex 47 17.3873 0
    endloop
  endfacet
  facet normal -0.803177 0.595741 0
    outer loop
      vertex 53.5221 21.8185 0
      vertex 54.3406 22.922 2
      vertex 54.3406 22.922 0
    endloop
  endfacet
  facet normal -0.803177 0.595741 0
    outer loop
      vertex 54.3406 22.922 2
      vertex 53.5221 21.8185 0
      vertex 53.5221 21.8185 2
    endloop
  endfacet
  facet normal -0.85773 0.5141 0
    outer loop
      vertex 54.3406 22.922 0
      vertex 55.0469 24.1004 2
      vertex 55.0469 24.1004 0
    endloop
  endfacet
  facet normal -0.85773 0.5141 0
    outer loop
      vertex 55.0469 24.1004 2
      vertex 54.3406 22.922 0
      vertex 54.3406 22.922 2
    endloop
  endfacet
  facet normal 0.970035 -0.242964 0
    outer loop
      vertex 28.969 33.4313 2
      vertex 29.3028 34.764 0
      vertex 29.3028 34.764 2
    endloop
  endfacet
  facet normal 0.970035 -0.242964 0
    outer loop
      vertex 29.3028 34.764 0
      vertex 28.969 33.4313 2
      vertex 28.969 33.4313 0
    endloop
  endfacet
  facet normal -0.904039 0.42745 0
    outer loop
      vertex 55.0469 24.1004 0
      vertex 55.2 24.4242 2
      vertex 55.2 24.4242 0
    endloop
  endfacet
  facet normal -0.904039 0.42745 0
    outer loop
      vertex 55.2 24.4242 2
      vertex 55.0469 24.1004 0
      vertex 55.0469 24.1004 2
    endloop
  endfacet
  facet normal -0.427526 -0.904003 0
    outer loop
      vertex 48.0576 43.6343 0
      vertex 48.8 43.2832 2
      vertex 48.0576 43.6343 2
    endloop
  endfacet
  facet normal -0.427526 -0.904003 -0
    outer loop
      vertex 48.8 43.2832 2
      vertex 48.0576 43.6343 0
      vertex 48.8 43.2832 0
    endloop
  endfacet
  facet normal -0.146728 0.989177 0
    outer loop
      vertex 45.4313 16.969 0
      vertex 44.0722 16.7674 2
      vertex 45.4313 16.969 2
    endloop
  endfacet
  facet normal -0.146728 0.989177 0
    outer loop
      vertex 44.0722 16.7674 2
      vertex 45.4313 16.969 0
      vertex 44.0722 16.7674 0
    endloop
  endfacet
  facet normal 0.989177 0.146728 0
    outer loop
      vertex 28.969 27.9687 2
      vertex 28.7674 29.3278 0
      vertex 28.7674 29.3278 2
    endloop
  endfacet
  facet normal 0.989177 0.146728 0
    outer loop
      vertex 28.7674 29.3278 0
      vertex 28.969 27.9687 2
      vertex 28.969 27.9687 0
    endloop
  endfacet
  facet normal 0.941529 0.336932 0
    outer loop
      vertex 29.6 25.8055 2
      vertex 29.3028 26.636 0
      vertex 29.3028 26.636 2
    endloop
  endfacet
  facet normal 0.941529 0.336932 0
    outer loop
      vertex 29.3028 26.636 0
      vertex 29.6 25.8055 2
      vertex 29.6 25.8055 0
    endloop
  endfacet
  facet normal 0.336925 0.941531 -0
    outer loop
      vertex 38.636 17.3028 0
      vertex 37.4 17.7451 2
      vertex 38.636 17.3028 2
    endloop
  endfacet
  facet normal 0.336925 0.941531 0
    outer loop
      vertex 37.4 17.7451 2
      vertex 38.636 17.3028 0
      vertex 37.4 17.7451 0
    endloop
  endfacet
  facet normal 0.998796 -0.0490591 0
    outer loop
      vertex 28.7 30.7 2
      vertex 28.7674 32.0722 0
      vertex 28.7674 32.0722 2
    endloop
  endfacet
  facet normal 0.998796 -0.0490591 0
    outer loop
      vertex 28.7674 32.0722 0
      vertex 28.7 30.7 2
      vertex 28.7 30.7 0
    endloop
  endfacet
  facet normal -0.671553 -0.740957 0
    outer loop
      vertex 51.5815 41.5221 0
      vertex 52 41.1428 2
      vertex 51.5815 41.5221 2
    endloop
  endfacet
  facet normal -0.671553 -0.740957 -0
    outer loop
      vertex 52 41.1428 2
      vertex 51.5815 41.5221 0
      vertex 52 41.1428 0
    endloop
  endfacet
  facet normal 0.049092 0.998794 -0
    outer loop
      vertex 42.4 16.7147 0
      vertex 41.3278 16.7674 2
      vertex 42.4 16.7147 2
    endloop
  endfacet
  facet normal 0.049092 0.998794 0
    outer loop
      vertex 41.3278 16.7674 2
      vertex 42.4 16.7147 0
      vertex 41.3278 16.7674 0
    endloop
  endfacet
  facet normal 0.803177 0.595741 0
    outer loop
      vertex 31.8779 21.8185 2
      vertex 31.0594 22.922 0
      vertex 31.0594 22.922 2
    endloop
  endfacet
  facet normal 0.803177 0.595741 0
    outer loop
      vertex 31.0594 22.922 0
      vertex 31.8779 21.8185 2
      vertex 31.8779 21.8185 0
    endloop
  endfacet
  facet normal 0.740958 -0.671552 0
    outer loop
      vertex 31.8779 39.5815 2
      vertex 32.8 40.5989 0
      vertex 32.8 40.5989 2
    endloop
  endfacet
  facet normal 0.740958 -0.671552 0
    outer loop
      vertex 32.8 40.5989 0
      vertex 31.8779 39.5815 2
      vertex 31.8779 39.5815 0
    endloop
  endfacet
  facet normal -0.049169 -0.99879 0
    outer loop
      vertex 43.8 44.646 0
      vertex 44.0722 44.6326 2
      vertex 43.8 44.646 2
    endloop
  endfacet
  facet normal -0.049169 -0.99879 -0
    outer loop
      vertex 44.0722 44.6326 2
      vertex 43.8 44.646 0
      vertex 44.0722 44.6326 0
    endloop
  endfacet
  facet normal 0.989177 -0.146728 0
    outer loop
      vertex 28.7674 32.0722 2
      vertex 28.969 33.4313 0
      vertex 28.969 33.4313 2
    endloop
  endfacet
  facet normal 0.989177 -0.146728 0
    outer loop
      vertex 28.969 33.4313 0
      vertex 28.7674 32.0722 2
      vertex 28.7674 32.0722 0
    endloop
  endfacet
  facet normal -0.049169 0.99879 0
    outer loop
      vertex 44.0722 16.7674 0
      vertex 43.8 16.754 2
      vertex 44.0722 16.7674 2
    endloop
  endfacet
  facet normal -0.049169 0.99879 0
    outer loop
      vertex 43.8 16.754 2
      vertex 44.0722 16.7674 0
      vertex 43.8 16.754 0
    endloop
  endfacet
  facet normal 0.336925 -0.941531 0
    outer loop
      vertex 37.4 43.6549 0
      vertex 38.636 44.0972 2
      vertex 37.4 43.6549 2
    endloop
  endfacet
  facet normal 0.336925 -0.941531 0
    outer loop
      vertex 38.636 44.0972 2
      vertex 37.4 43.6549 0
      vertex 38.636 44.0972 0
    endloop
  endfacet
  facet normal 0.049092 -0.998794 0
    outer loop
      vertex 41.3278 44.6326 0
      vertex 42.4 44.6853 2
      vertex 41.3278 44.6326 2
    endloop
  endfacet
  facet normal 0.049092 -0.998794 0
    outer loop
      vertex 42.4 44.6853 2
      vertex 41.3278 44.6326 0
      vertex 42.4 44.6853 0
    endloop
  endfacet
  facet normal 0.998796 0.0490591 0
    outer loop
      vertex 28.7674 29.3278 2
      vertex 28.7 30.7 0
      vertex 28.7 30.7 2
    endloop
  endfacet
  facet normal 0.998796 0.0490591 0
    outer loop
      vertex 28.7 30.7 0
      vertex 28.7674 29.3278 2
      vertex 28.7674 29.3278 0
    endloop
  endfacet
  facet normal -0.741158 -0.671331 0
    outer loop
      vertex 53.5221 39.5815 0
      vertex 53.4 39.7163 2
      vertex 53.4 39.7163 0
    endloop
  endfacet
  facet normal -0.741158 -0.671331 0
    outer loop
      vertex 53.4 39.7163 2
      vertex 53.5221 39.5815 0
      vertex 53.5221 39.5815 2
    endloop
  endfacet
  facet normal 0.998796 -0.049048 0
    outer loop
      vertex 29.1 42.7 2
      vertex 29.1077 42.8568 0
      vertex 29.1077 42.8568 2
    endloop
  endfacet
  facet normal 0.998796 -0.049048 0
    outer loop
      vertex 29.1077 42.8568 0
      vertex 29.1 42.7 2
      vertex 29.1 42.7 0
    endloop
  endfacet
  facet normal -0.98921 0.146502 0
    outer loop
      vertex 32.2693 42.3879 0
      vertex 32.2923 42.5432 2
      vertex 32.2923 42.5432 0
    endloop
  endfacet
  facet normal -0.98921 0.146502 0
    outer loop
      vertex 32.2923 42.5432 2
      vertex 32.2693 42.3879 0
      vertex 32.2693 42.3879 2
    endloop
  endfacet
  facet normal -0.998796 0.049048 0
    outer loop
      vertex 32.2923 42.5432 0
      vertex 32.3 42.7 2
      vertex 32.3 42.7 0
    endloop
  endfacet
  facet normal -0.998796 0.049048 0
    outer loop
      vertex 32.3 42.7 2
      vertex 32.2923 42.5432 0
      vertex 32.2923 42.5432 2
    endloop
  endfacet
  facet normal -0.969993 0.243135 0
    outer loop
      vertex 32.2311 42.2355 0
      vertex 32.2693 42.3879 2
      vertex 32.2693 42.3879 0
    endloop
  endfacet
  facet normal -0.969993 0.243135 0
    outer loop
      vertex 32.2693 42.3879 2
      vertex 32.2311 42.2355 0
      vertex 32.2311 42.2355 2
    endloop
  endfacet
  facet normal 0.513934 0.85783 -0
    outer loop
      vertex 29.9458 41.2889 0
      vertex 29.8111 41.3696 2
      vertex 29.9458 41.2889 2
    endloop
  endfacet
  facet normal 0.513934 0.85783 0
    outer loop
      vertex 29.8111 41.3696 2
      vertex 29.9458 41.2889 0
      vertex 29.8111 41.3696 0
    endloop
  endfacet
  facet normal 0.596019 0.80297 -0
    outer loop
      vertex 29.8111 41.3696 0
      vertex 29.685 41.4632 2
      vertex 29.8111 41.3696 2
    endloop
  endfacet
  facet normal 0.596019 0.80297 0
    outer loop
      vertex 29.685 41.4632 2
      vertex 29.8111 41.3696 0
      vertex 29.685 41.4632 0
    endloop
  endfacet
  facet normal -0.243135 -0.969993 0
    outer loop
      vertex 31.0121 44.2693 0
      vertex 31.1645 44.2311 2
      vertex 31.0121 44.2693 2
    endloop
  endfacet
  facet normal -0.243135 -0.969993 -0
    outer loop
      vertex 31.1645 44.2311 2
      vertex 31.0121 44.2693 0
      vertex 31.1645 44.2311 0
    endloop
  endfacet
  facet normal -0.427484 -0.904023 0
    outer loop
      vertex 31.3123 44.1782 0
      vertex 31.4542 44.1111 2
      vertex 31.3123 44.1782 2
    endloop
  endfacet
  facet normal -0.427484 -0.904023 -0
    outer loop
      vertex 31.4542 44.1111 2
      vertex 31.3123 44.1782 0
      vertex 31.4542 44.1111 0
    endloop
  endfacet
  facet normal -0.146502 -0.98921 0
    outer loop
      vertex 30.8568 44.2923 0
      vertex 31.0121 44.2693 2
      vertex 30.8568 44.2923 2
    endloop
  endfacet
  facet normal -0.146502 -0.98921 -0
    outer loop
      vertex 31.0121 44.2693 2
      vertex 30.8568 44.2923 0
      vertex 31.0121 44.2693 0
    endloop
  endfacet
  facet normal 0.998796 0.049048 0
    outer loop
      vertex 29.1077 42.5432 2
      vertex 29.1 42.7 0
      vertex 29.1 42.7 2
    endloop
  endfacet
  facet normal 0.998796 0.049048 0
    outer loop
      vertex 29.1 42.7 0
      vertex 29.1077 42.5432 2
      vertex 29.1077 42.5432 0
    endloop
  endfacet
  facet normal 0.243135 -0.969993 0
    outer loop
      vertex 30.2355 44.2311 0
      vertex 30.3879 44.2693 2
      vertex 30.2355 44.2311 2
    endloop
  endfacet
  facet normal 0.243135 -0.969993 0
    outer loop
      vertex 30.3879 44.2693 2
      vertex 30.2355 44.2311 0
      vertex 30.3879 44.2693 0
    endloop
  endfacet
  facet normal -0.513934 -0.85783 0
    outer loop
      vertex 31.4542 44.1111 0
      vertex 31.5889 44.0304 2
      vertex 31.4542 44.1111 2
    endloop
  endfacet
  facet normal -0.513934 -0.85783 -0
    outer loop
      vertex 31.5889 44.0304 2
      vertex 31.4542 44.1111 0
      vertex 31.5889 44.0304 0
    endloop
  endfacet
  facet normal 0.049048 0.998796 -0
    outer loop
      vertex 30.7 41.1 0
      vertex 30.5432 41.1077 2
      vertex 30.7 41.1 2
    endloop
  endfacet
  facet normal 0.049048 0.998796 0
    outer loop
      vertex 30.5432 41.1077 2
      vertex 30.7 41.1 0
      vertex 30.5432 41.1077 0
    endloop
  endfacet
  facet normal -0.904023 0.427484 0
    outer loop
      vertex 32.1111 41.9458 0
      vertex 32.1782 42.0877 2
      vertex 32.1782 42.0877 0
    endloop
  endfacet
  facet normal -0.904023 0.427484 0
    outer loop
      vertex 32.1782 42.0877 2
      vertex 32.1111 41.9458 0
      vertex 32.1111 41.9458 2
    endloop
  endfacet
  facet normal -0.741264 -0.671213 0
    outer loop
      vertex 31.9368 43.715 0
      vertex 31.8314 43.8314 2
      vertex 31.8314 43.8314 0
    endloop
  endfacet
  facet normal -0.741264 -0.671213 0
    outer loop
      vertex 31.8314 43.8314 2
      vertex 31.9368 43.715 0
      vertex 31.9368 43.715 2
    endloop
  endfacet
  facet normal -0.596019 0.80297 0
    outer loop
      vertex 31.715 41.4632 0
      vertex 31.5889 41.3696 2
      vertex 31.715 41.4632 2
    endloop
  endfacet
  facet normal -0.596019 0.80297 0
    outer loop
      vertex 31.5889 41.3696 2
      vertex 31.715 41.4632 0
      vertex 31.5889 41.3696 0
    endloop
  endfacet
  facet normal 0.904023 0.427484 0
    outer loop
      vertex 29.2889 41.9458 2
      vertex 29.2218 42.0877 0
      vertex 29.2218 42.0877 2
    endloop
  endfacet
  facet normal 0.904023 0.427484 0
    outer loop
      vertex 29.2218 42.0877 0
      vertex 29.2889 41.9458 2
      vertex 29.2889 41.9458 0
    endloop
  endfacet
  facet normal -0.336982 -0.941511 0
    outer loop
      vertex 31.1645 44.2311 0
      vertex 31.3123 44.1782 2
      vertex 31.1645 44.2311 2
    endloop
  endfacet
  facet normal -0.336982 -0.941511 -0
    outer loop
      vertex 31.3123 44.1782 2
      vertex 31.1645 44.2311 0
      vertex 31.3123 44.1782 0
    endloop
  endfacet
  facet normal 0.969993 -0.243135 0
    outer loop
      vertex 29.1307 43.0121 2
      vertex 29.1689 43.1645 0
      vertex 29.1689 43.1645 2
    endloop
  endfacet
  facet normal 0.969993 -0.243135 0
    outer loop
      vertex 29.1689 43.1645 0
      vertex 29.1307 43.0121 2
      vertex 29.1307 43.0121 0
    endloop
  endfacet
  facet normal -0.803275 0.595608 0
    outer loop
      vertex 31.9368 41.685 0
      vertex 32.0303 41.8111 2
      vertex 32.0303 41.8111 0
    endloop
  endfacet
  facet normal -0.803275 0.595608 0
    outer loop
      vertex 32.0303 41.8111 2
      vertex 31.9368 41.685 0
      vertex 31.9368 41.685 2
    endloop
  endfacet
  facet normal -0.513934 0.85783 0
    outer loop
      vertex 31.5889 41.3696 0
      vertex 31.4542 41.2889 2
      vertex 31.5889 41.3696 2
    endloop
  endfacet
  facet normal -0.513934 0.85783 0
    outer loop
      vertex 31.4542 41.2889 2
      vertex 31.5889 41.3696 0
      vertex 31.4542 41.2889 0
    endloop
  endfacet
  facet normal 0.427484 0.904023 -0
    outer loop
      vertex 30.0877 41.2218 0
      vertex 29.9458 41.2889 2
      vertex 30.0877 41.2218 2
    endloop
  endfacet
  facet normal 0.427484 0.904023 0
    outer loop
      vertex 29.9458 41.2889 2
      vertex 30.0877 41.2218 0
      vertex 29.9458 41.2889 0
    endloop
  endfacet
  facet normal -0.998796 -0.049048 0
    outer loop
      vertex 32.3 42.7 0
      vertex 32.2923 42.8568 2
      vertex 32.2923 42.8568 0
    endloop
  endfacet
  facet normal -0.998796 -0.049048 0
    outer loop
      vertex 32.2923 42.8568 2
      vertex 32.3 42.7 0
      vertex 32.3 42.7 2
    endloop
  endfacet
  facet normal -0.98921 -0.146502 0
    outer loop
      vertex 32.2923 42.8568 0
      vertex 32.2693 43.0121 2
      vertex 32.2693 43.0121 0
    endloop
  endfacet
  facet normal -0.98921 -0.146502 0
    outer loop
      vertex 32.2693 43.0121 2
      vertex 32.2923 42.8568 0
      vertex 32.2923 42.8568 2
    endloop
  endfacet
  facet normal 0.146502 0.98921 -0
    outer loop
      vertex 30.5432 41.1077 0
      vertex 30.3879 41.1307 2
      vertex 30.5432 41.1077 2
    endloop
  endfacet
  facet normal 0.146502 0.98921 0
    outer loop
      vertex 30.3879 41.1307 2
      vertex 30.5432 41.1077 0
      vertex 30.3879 41.1307 0
    endloop
  endfacet
  facet normal -0.857549 -0.514402 0
    outer loop
      vertex 32.1111 43.4542 0
      vertex 32.0303 43.5889 2
      vertex 32.0303 43.5889 0
    endloop
  endfacet
  facet normal -0.857549 -0.514402 0
    outer loop
      vertex 32.0303 43.5889 2
      vertex 32.1111 43.4542 0
      vertex 32.1111 43.4542 2
    endloop
  endfacet
  facet normal 0.969993 0.243135 0
    outer loop
      vertex 29.1689 42.2355 2
      vertex 29.1307 42.3879 0
      vertex 29.1307 42.3879 2
    endloop
  endfacet
  facet normal 0.969993 0.243135 0
    outer loop
      vertex 29.1307 42.3879 0
      vertex 29.1689 42.2355 2
      vertex 29.1689 42.2355 0
    endloop
  endfacet
  facet normal 0.146502 -0.98921 0
    outer loop
      vertex 30.3879 44.2693 0
      vertex 30.5432 44.2923 2
      vertex 30.3879 44.2693 2
    endloop
  endfacet
  facet normal 0.146502 -0.98921 0
    outer loop
      vertex 30.5432 44.2923 2
      vertex 30.3879 44.2693 0
      vertex 30.5432 44.2923 0
    endloop
  endfacet
  facet normal -0.969993 -0.243135 0
    outer loop
      vertex 32.2693 43.0121 0
      vertex 32.2311 43.1645 2
      vertex 32.2311 43.1645 0
    endloop
  endfacet
  facet normal -0.969993 -0.243135 0
    outer loop
      vertex 32.2311 43.1645 2
      vertex 32.2693 43.0121 0
      vertex 32.2693 43.0121 2
    endloop
  endfacet
  facet normal -0.941511 0.336982 0
    outer loop
      vertex 32.1782 42.0877 0
      vertex 32.2311 42.2355 2
      vertex 32.2311 42.2355 0
    endloop
  endfacet
  facet normal -0.941511 0.336982 0
    outer loop
      vertex 32.2311 42.2355 2
      vertex 32.1782 42.0877 0
      vertex 32.1782 42.0877 2
    endloop
  endfacet
  facet normal 0.671213 -0.741264 0
    outer loop
      vertex 29.5686 43.8314 0
      vertex 29.685 43.9368 2
      vertex 29.5686 43.8314 2
    endloop
  endfacet
  facet normal 0.671213 -0.741264 0
    outer loop
      vertex 29.685 43.9368 2
      vertex 29.5686 43.8314 0
      vertex 29.685 43.9368 0
    endloop
  endfacet
  facet normal 0.98921 0.146502 0
    outer loop
      vertex 29.1307 42.3879 2
      vertex 29.1077 42.5432 0
      vertex 29.1077 42.5432 2
    endloop
  endfacet
  facet normal 0.98921 0.146502 0
    outer loop
      vertex 29.1077 42.5432 0
      vertex 29.1307 42.3879 2
      vertex 29.1307 42.3879 0
    endloop
  endfacet
  facet normal 0.513934 -0.85783 0
    outer loop
      vertex 29.8111 44.0304 0
      vertex 29.9458 44.1111 2
      vertex 29.8111 44.0304 2
    endloop
  endfacet
  facet normal 0.513934 -0.85783 0
    outer loop
      vertex 29.9458 44.1111 2
      vertex 29.8111 44.0304 0
      vertex 29.9458 44.1111 0
    endloop
  endfacet
  facet normal -0.146502 0.98921 0
    outer loop
      vertex 31.0121 41.1307 0
      vertex 30.8568 41.1077 2
      vertex 31.0121 41.1307 2
    endloop
  endfacet
  facet normal -0.146502 0.98921 0
    outer loop
      vertex 30.8568 41.1077 2
      vertex 31.0121 41.1307 0
      vertex 30.8568 41.1077 0
    endloop
  endfacet
  facet normal -0.941511 -0.336982 0
    outer loop
      vertex 32.2311 43.1645 0
      vertex 32.1782 43.3123 2
      vertex 32.1782 43.3123 0
    endloop
  endfacet
  facet normal -0.941511 -0.336982 0
    outer loop
      vertex 32.1782 43.3123 2
      vertex 32.2311 43.1645 0
      vertex 32.2311 43.1645 2
    endloop
  endfacet
  facet normal 0.904023 -0.427484 0
    outer loop
      vertex 29.2218 43.3123 2
      vertex 29.2889 43.4542 0
      vertex 29.2889 43.4542 2
    endloop
  endfacet
  facet normal 0.904023 -0.427484 0
    outer loop
      vertex 29.2889 43.4542 0
      vertex 29.2218 43.3123 2
      vertex 29.2218 43.3123 0
    endloop
  endfacet
  facet normal -0.671213 0.741264 0
    outer loop
      vertex 31.8314 41.5686 0
      vertex 31.715 41.4632 2
      vertex 31.8314 41.5686 2
    endloop
  endfacet
  facet normal -0.671213 0.741264 0
    outer loop
      vertex 31.715 41.4632 2
      vertex 31.8314 41.5686 0
      vertex 31.715 41.4632 0
    endloop
  endfacet
  facet normal -0.741264 0.671213 0
    outer loop
      vertex 31.8314 41.5686 0
      vertex 31.9368 41.685 2
      vertex 31.9368 41.685 0
    endloop
  endfacet
  facet normal -0.741264 0.671213 0
    outer loop
      vertex 31.9368 41.685 2
      vertex 31.8314 41.5686 0
      vertex 31.8314 41.5686 2
    endloop
  endfacet
  facet normal 0.741264 -0.671213 0
    outer loop
      vertex 29.4632 43.715 2
      vertex 29.5686 43.8314 0
      vertex 29.5686 43.8314 2
    endloop
  endfacet
  facet normal 0.741264 -0.671213 0
    outer loop
      vertex 29.5686 43.8314 0
      vertex 29.4632 43.715 2
      vertex 29.4632 43.715 0
    endloop
  endfacet
  facet normal -0.336982 0.941511 0
    outer loop
      vertex 31.3123 41.2218 0
      vertex 31.1645 41.1689 2
      vertex 31.3123 41.2218 2
    endloop
  endfacet
  facet normal -0.336982 0.941511 0
    outer loop
      vertex 31.1645 41.1689 2
      vertex 31.3123 41.2218 0
      vertex 31.1645 41.1689 0
    endloop
  endfacet
  facet normal -0.049048 -0.998796 0
    outer loop
      vertex 30.7 44.3 0
      vertex 30.8568 44.2923 2
      vertex 30.7 44.3 2
    endloop
  endfacet
  facet normal -0.049048 -0.998796 -0
    outer loop
      vertex 30.8568 44.2923 2
      vertex 30.7 44.3 0
      vertex 30.8568 44.2923 0
    endloop
  endfacet
  facet normal -0.803275 -0.595608 0
    outer loop
      vertex 32.0303 43.5889 0
      vertex 31.9368 43.715 2
      vertex 31.9368 43.715 0
    endloop
  endfacet
  facet normal -0.803275 -0.595608 0
    outer loop
      vertex 31.9368 43.715 2
      vertex 32.0303 43.5889 0
      vertex 32.0303 43.5889 2
    endloop
  endfacet
  facet normal -0.243135 0.969993 0
    outer loop
      vertex 31.1645 41.1689 0
      vertex 31.0121 41.1307 2
      vertex 31.1645 41.1689 2
    endloop
  endfacet
  facet normal -0.243135 0.969993 0
    outer loop
      vertex 31.0121 41.1307 2
      vertex 31.1645 41.1689 0
      vertex 31.0121 41.1307 0
    endloop
  endfacet
  facet normal -0.904023 -0.427484 0
    outer loop
      vertex 32.1782 43.3123 0
      vertex 32.1111 43.4542 2
      vertex 32.1111 43.4542 0
    endloop
  endfacet
  facet normal -0.904023 -0.427484 0
    outer loop
      vertex 32.1111 43.4542 2
      vertex 32.1782 43.3123 0
      vertex 32.1782 43.3123 2
    endloop
  endfacet
  facet normal -0.427484 0.904023 0
    outer loop
      vertex 31.4542 41.2889 0
      vertex 31.3123 41.2218 2
      vertex 31.4542 41.2889 2
    endloop
  endfacet
  facet normal -0.427484 0.904023 0
    outer loop
      vertex 31.3123 41.2218 2
      vertex 31.4542 41.2889 0
      vertex 31.3123 41.2218 0
    endloop
  endfacet
  facet normal -0.857549 0.514402 0
    outer loop
      vertex 32.0303 41.8111 0
      vertex 32.1111 41.9458 2
      vertex 32.1111 41.9458 0
    endloop
  endfacet
  facet normal -0.857549 0.514402 0
    outer loop
      vertex 32.1111 41.9458 2
      vertex 32.0303 41.8111 0
      vertex 32.0303 41.8111 2
    endloop
  endfacet
  facet normal -0.049048 0.998796 0
    outer loop
      vertex 30.8568 41.1077 0
      vertex 30.7 41.1 2
      vertex 30.8568 41.1077 2
    endloop
  endfacet
  facet normal -0.049048 0.998796 0
    outer loop
      vertex 30.7 41.1 2
      vertex 30.8568 41.1077 0
      vertex 30.7 41.1 0
    endloop
  endfacet
  facet normal -0.596019 -0.80297 0
    outer loop
      vertex 31.5889 44.0304 0
      vertex 31.715 43.9368 2
      vertex 31.5889 44.0304 2
    endloop
  endfacet
  facet normal -0.596019 -0.80297 -0
    outer loop
      vertex 31.715 43.9368 2
      vertex 31.5889 44.0304 0
      vertex 31.715 43.9368 0
    endloop
  endfacet
  facet normal 0.941511 0.336982 0
    outer loop
      vertex 29.2218 42.0877 2
      vertex 29.1689 42.2355 0
      vertex 29.1689 42.2355 2
    endloop
  endfacet
  facet normal 0.941511 0.336982 0
    outer loop
      vertex 29.1689 42.2355 0
      vertex 29.2218 42.0877 2
      vertex 29.2218 42.0877 0
    endloop
  endfacet
  facet normal 0.941511 -0.336982 0
    outer loop
      vertex 29.1689 43.1645 2
      vertex 29.2218 43.3123 0
      vertex 29.2218 43.3123 2
    endloop
  endfacet
  facet normal 0.941511 -0.336982 0
    outer loop
      vertex 29.2218 43.3123 0
      vertex 29.1689 43.1645 2
      vertex 29.1689 43.1645 0
    endloop
  endfacet
  facet normal 0.671213 0.741264 -0
    outer loop
      vertex 29.685 41.4632 0
      vertex 29.5686 41.5686 2
      vertex 29.685 41.4632 2
    endloop
  endfacet
  facet normal 0.671213 0.741264 0
    outer loop
      vertex 29.5686 41.5686 2
      vertex 29.685 41.4632 0
      vertex 29.5686 41.5686 0
    endloop
  endfacet
  facet normal 0.336982 0.941511 -0
    outer loop
      vertex 30.2355 41.1689 0
      vertex 30.0877 41.2218 2
      vertex 30.2355 41.1689 2
    endloop
  endfacet
  facet normal 0.336982 0.941511 0
    outer loop
      vertex 30.0877 41.2218 2
      vertex 30.2355 41.1689 0
      vertex 30.0877 41.2218 0
    endloop
  endfacet
  facet normal 0.85783 -0.513934 0
    outer loop
      vertex 29.2889 43.4542 2
      vertex 29.3696 43.5889 0
      vertex 29.3696 43.5889 2
    endloop
  endfacet
  facet normal 0.85783 -0.513934 0
    outer loop
      vertex 29.3696 43.5889 0
      vertex 29.2889 43.4542 2
      vertex 29.2889 43.4542 0
    endloop
  endfacet
  facet normal 0.243135 0.969993 -0
    outer loop
      vertex 30.3879 41.1307 0
      vertex 30.2355 41.1689 2
      vertex 30.3879 41.1307 2
    endloop
  endfacet
  facet normal 0.243135 0.969993 0
    outer loop
      vertex 30.2355 41.1689 2
      vertex 30.3879 41.1307 0
      vertex 30.2355 41.1689 0
    endloop
  endfacet
  facet normal 0.741264 0.671213 0
    outer loop
      vertex 29.5686 41.5686 2
      vertex 29.4632 41.685 0
      vertex 29.4632 41.685 2
    endloop
  endfacet
  facet normal 0.741264 0.671213 0
    outer loop
      vertex 29.4632 41.685 0
      vertex 29.5686 41.5686 2
      vertex 29.5686 41.5686 0
    endloop
  endfacet
  facet normal 0.427484 -0.904023 0
    outer loop
      vertex 29.9458 44.1111 0
      vertex 30.0877 44.1782 2
      vertex 29.9458 44.1111 2
    endloop
  endfacet
  facet normal 0.427484 -0.904023 0
    outer loop
      vertex 30.0877 44.1782 2
      vertex 29.9458 44.1111 0
      vertex 30.0877 44.1782 0
    endloop
  endfacet
  facet normal 0.80297 -0.596019 0
    outer loop
      vertex 29.3696 43.5889 2
      vertex 29.4632 43.715 0
      vertex 29.4632 43.715 2
    endloop
  endfacet
  facet normal 0.80297 -0.596019 0
    outer loop
      vertex 29.4632 43.715 0
      vertex 29.3696 43.5889 2
      vertex 29.3696 43.5889 0
    endloop
  endfacet
  facet normal 0.98921 -0.146502 0
    outer loop
      vertex 29.1077 42.8568 2
      vertex 29.1307 43.0121 0
      vertex 29.1307 43.0121 2
    endloop
  endfacet
  facet normal 0.98921 -0.146502 0
    outer loop
      vertex 29.1307 43.0121 0
      vertex 29.1077 42.8568 2
      vertex 29.1077 42.8568 0
    endloop
  endfacet
  facet normal 0.85783 0.513934 0
    outer loop
      vertex 29.3696 41.8111 2
      vertex 29.2889 41.9458 0
      vertex 29.2889 41.9458 2
    endloop
  endfacet
  facet normal 0.85783 0.513934 0
    outer loop
      vertex 29.2889 41.9458 0
      vertex 29.3696 41.8111 2
      vertex 29.3696 41.8111 0
    endloop
  endfacet
  facet normal 0.80297 0.596019 0
    outer loop
      vertex 29.4632 41.685 2
      vertex 29.3696 41.8111 0
      vertex 29.3696 41.8111 2
    endloop
  endfacet
  facet normal 0.80297 0.596019 0
    outer loop
      vertex 29.3696 41.8111 0
      vertex 29.4632 41.685 2
      vertex 29.4632 41.685 0
    endloop
  endfacet
  facet normal 0.596019 -0.80297 0
    outer loop
      vertex 29.685 43.9368 0
      vertex 29.8111 44.0304 2
      vertex 29.685 43.9368 2
    endloop
  endfacet
  facet normal 0.596019 -0.80297 0
    outer loop
      vertex 29.8111 44.0304 2
      vertex 29.685 43.9368 0
      vertex 29.8111 44.0304 0
    endloop
  endfacet
  facet normal 0.049048 -0.998796 0
    outer loop
      vertex 30.5432 44.2923 0
      vertex 30.7 44.3 2
      vertex 30.5432 44.2923 2
    endloop
  endfacet
  facet normal 0.049048 -0.998796 0
    outer loop
      vertex 30.7 44.3 2
      vertex 30.5432 44.2923 0
      vertex 30.7 44.3 0
    endloop
  endfacet
  facet normal 0.336982 -0.941511 0
    outer loop
      vertex 30.0877 44.1782 0
      vertex 30.2355 44.2311 2
      vertex 30.0877 44.1782 2
    endloop
  endfacet
  facet normal 0.336982 -0.941511 0
    outer loop
      vertex 30.2355 44.2311 2
      vertex 30.0877 44.1782 0
      vertex 30.2355 44.2311 0
    endloop
  endfacet
  facet normal -0.671213 -0.741264 0
    outer loop
      vertex 31.715 43.9368 0
      vertex 31.8314 43.8314 2
      vertex 31.715 43.9368 2
    endloop
  endfacet
  facet normal -0.671213 -0.741264 -0
    outer loop
      vertex 31.8314 43.8314 2
      vertex 31.715 43.9368 0
      vertex 31.8314 43.8314 0
    endloop
  endfacet
  facet normal 0.998796 -0.049048 0
    outer loop
      vertex 29.1 18.7 2
      vertex 29.1077 18.8568 0
      vertex 29.1077 18.8568 2
    endloop
  endfacet
  facet normal 0.998796 -0.049048 0
    outer loop
      vertex 29.1077 18.8568 0
      vertex 29.1 18.7 2
      vertex 29.1 18.7 0
    endloop
  endfacet
  facet normal -0.98921 0.146502 0
    outer loop
      vertex 32.2693 18.3879 0
      vertex 32.2923 18.5432 2
      vertex 32.2923 18.5432 0
    endloop
  endfacet
  facet normal -0.98921 0.146502 0
    outer loop
      vertex 32.2923 18.5432 2
      vertex 32.2693 18.3879 0
      vertex 32.2693 18.3879 2
    endloop
  endfacet
  facet normal -0.998796 0.049048 0
    outer loop
      vertex 32.2923 18.5432 0
      vertex 32.3 18.7 2
      vertex 32.3 18.7 0
    endloop
  endfacet
  facet normal -0.998796 0.049048 0
    outer loop
      vertex 32.3 18.7 2
      vertex 32.2923 18.5432 0
      vertex 32.2923 18.5432 2
    endloop
  endfacet
  facet normal -0.969993 0.243135 0
    outer loop
      vertex 32.2311 18.2355 0
      vertex 32.2693 18.3879 2
      vertex 32.2693 18.3879 0
    endloop
  endfacet
  facet normal -0.969993 0.243135 0
    outer loop
      vertex 32.2693 18.3879 2
      vertex 32.2311 18.2355 0
      vertex 32.2311 18.2355 2
    endloop
  endfacet
  facet normal 0.513934 0.85783 -0
    outer loop
      vertex 29.9458 17.2889 0
      vertex 29.8111 17.3696 2
      vertex 29.9458 17.2889 2
    endloop
  endfacet
  facet normal 0.513934 0.85783 0
    outer loop
      vertex 29.8111 17.3696 2
      vertex 29.9458 17.2889 0
      vertex 29.8111 17.3696 0
    endloop
  endfacet
  facet normal 0.336982 -0.941511 0
    outer loop
      vertex 30.0877 20.1782 0
      vertex 30.2355 20.2311 2
      vertex 30.0877 20.1782 2
    endloop
  endfacet
  facet normal 0.336982 -0.941511 0
    outer loop
      vertex 30.2355 20.2311 2
      vertex 30.0877 20.1782 0
      vertex 30.2355 20.2311 0
    endloop
  endfacet
  facet normal 0.596019 0.80297 -0
    outer loop
      vertex 29.8111 17.3696 0
      vertex 29.685 17.4632 2
      vertex 29.8111 17.3696 2
    endloop
  endfacet
  facet normal 0.596019 0.80297 0
    outer loop
      vertex 29.685 17.4632 2
      vertex 29.8111 17.3696 0
      vertex 29.685 17.4632 0
    endloop
  endfacet
  facet normal -0.243135 -0.969993 0
    outer loop
      vertex 31.0121 20.2693 0
      vertex 31.1645 20.2311 2
      vertex 31.0121 20.2693 2
    endloop
  endfacet
  facet normal -0.243135 -0.969993 -0
    outer loop
      vertex 31.1645 20.2311 2
      vertex 31.0121 20.2693 0
      vertex 31.1645 20.2311 0
    endloop
  endfacet
  facet normal -0.427484 -0.904023 0
    outer loop
      vertex 31.3123 20.1782 0
      vertex 31.4542 20.1111 2
      vertex 31.3123 20.1782 2
    endloop
  endfacet
  facet normal -0.427484 -0.904023 -0
    outer loop
      vertex 31.4542 20.1111 2
      vertex 31.3123 20.1782 0
      vertex 31.4542 20.1111 0
    endloop
  endfacet
  facet normal 0.336982 0.941511 -0
    outer loop
      vertex 30.2355 17.1689 0
      vertex 30.0877 17.2218 2
      vertex 30.2355 17.1689 2
    endloop
  endfacet
  facet normal 0.336982 0.941511 0
    outer loop
      vertex 30.0877 17.2218 2
      vertex 30.2355 17.1689 0
      vertex 30.0877 17.2218 0
    endloop
  endfacet
  facet normal -0.146502 -0.98921 0
    outer loop
      vertex 30.8568 20.2923 0
      vertex 31.0121 20.2693 2
      vertex 30.8568 20.2923 2
    endloop
  endfacet
  facet normal -0.146502 -0.98921 -0
    outer loop
      vertex 31.0121 20.2693 2
      vertex 30.8568 20.2923 0
      vertex 31.0121 20.2693 0
    endloop
  endfacet
  facet normal 0.998796 0.049048 0
    outer loop
      vertex 29.1077 18.5432 2
      vertex 29.1 18.7 0
      vertex 29.1 18.7 2
    endloop
  endfacet
  facet normal 0.998796 0.049048 0
    outer loop
      vertex 29.1 18.7 0
      vertex 29.1077 18.5432 2
      vertex 29.1077 18.5432 0
    endloop
  endfacet
  facet normal 0.243135 -0.969993 0
    outer loop
      vertex 30.2355 20.2311 0
      vertex 30.3879 20.2693 2
      vertex 30.2355 20.2311 2
    endloop
  endfacet
  facet normal 0.243135 -0.969993 0
    outer loop
      vertex 30.3879 20.2693 2
      vertex 30.2355 20.2311 0
      vertex 30.3879 20.2693 0
    endloop
  endfacet
  facet normal -0.513934 -0.85783 0
    outer loop
      vertex 31.4542 20.1111 0
      vertex 31.5889 20.0304 2
      vertex 31.4542 20.1111 2
    endloop
  endfacet
  facet normal -0.513934 -0.85783 -0
    outer loop
      vertex 31.5889 20.0304 2
      vertex 31.4542 20.1111 0
      vertex 31.5889 20.0304 0
    endloop
  endfacet
  facet normal 0.049048 0.998796 -0
    outer loop
      vertex 30.7 17.1 0
      vertex 30.5432 17.1077 2
      vertex 30.7 17.1 2
    endloop
  endfacet
  facet normal 0.049048 0.998796 0
    outer loop
      vertex 30.5432 17.1077 2
      vertex 30.7 17.1 0
      vertex 30.5432 17.1077 0
    endloop
  endfacet
  facet normal -0.904023 0.427484 0
    outer loop
      vertex 32.1111 17.9458 0
      vertex 32.1782 18.0877 2
      vertex 32.1782 18.0877 0
    endloop
  endfacet
  facet normal -0.904023 0.427484 0
    outer loop
      vertex 32.1782 18.0877 2
      vertex 32.1111 17.9458 0
      vertex 32.1111 17.9458 2
    endloop
  endfacet
  facet normal -0.741264 -0.671213 0
    outer loop
      vertex 31.9368 19.715 0
      vertex 31.8314 19.8314 2
      vertex 31.8314 19.8314 0
    endloop
  endfacet
  facet normal -0.741264 -0.671213 0
    outer loop
      vertex 31.8314 19.8314 2
      vertex 31.9368 19.715 0
      vertex 31.9368 19.715 2
    endloop
  endfacet
  facet normal -0.596019 0.80297 0
    outer loop
      vertex 31.715 17.4632 0
      vertex 31.5889 17.3696 2
      vertex 31.715 17.4632 2
    endloop
  endfacet
  facet normal -0.596019 0.80297 0
    outer loop
      vertex 31.5889 17.3696 2
      vertex 31.715 17.4632 0
      vertex 31.5889 17.3696 0
    endloop
  endfacet
  facet normal 0.904023 0.427484 0
    outer loop
      vertex 29.2889 17.9458 2
      vertex 29.2218 18.0877 0
      vertex 29.2218 18.0877 2
    endloop
  endfacet
  facet normal 0.904023 0.427484 0
    outer loop
      vertex 29.2218 18.0877 0
      vertex 29.2889 17.9458 2
      vertex 29.2889 17.9458 0
    endloop
  endfacet
  facet normal -0.336982 -0.941511 0
    outer loop
      vertex 31.1645 20.2311 0
      vertex 31.3123 20.1782 2
      vertex 31.1645 20.2311 2
    endloop
  endfacet
  facet normal -0.336982 -0.941511 -0
    outer loop
      vertex 31.3123 20.1782 2
      vertex 31.1645 20.2311 0
      vertex 31.3123 20.1782 0
    endloop
  endfacet
  facet normal 0.969993 -0.243135 0
    outer loop
      vertex 29.1307 19.0121 2
      vertex 29.1689 19.1645 0
      vertex 29.1689 19.1645 2
    endloop
  endfacet
  facet normal 0.969993 -0.243135 0
    outer loop
      vertex 29.1689 19.1645 0
      vertex 29.1307 19.0121 2
      vertex 29.1307 19.0121 0
    endloop
  endfacet
  facet normal -0.803275 0.595608 0
    outer loop
      vertex 31.9368 17.685 0
      vertex 32.0303 17.8111 2
      vertex 32.0303 17.8111 0
    endloop
  endfacet
  facet normal -0.803275 0.595608 0
    outer loop
      vertex 32.0303 17.8111 2
      vertex 31.9368 17.685 0
      vertex 31.9368 17.685 2
    endloop
  endfacet
  facet normal -0.513934 0.85783 0
    outer loop
      vertex 31.5889 17.3696 0
      vertex 31.4542 17.2889 2
      vertex 31.5889 17.3696 2
    endloop
  endfacet
  facet normal -0.513934 0.85783 0
    outer loop
      vertex 31.4542 17.2889 2
      vertex 31.5889 17.3696 0
      vertex 31.4542 17.2889 0
    endloop
  endfacet
  facet normal 0.427484 0.904023 -0
    outer loop
      vertex 30.0877 17.2218 0
      vertex 29.9458 17.2889 2
      vertex 30.0877 17.2218 2
    endloop
  endfacet
  facet normal 0.427484 0.904023 0
    outer loop
      vertex 29.9458 17.2889 2
      vertex 30.0877 17.2218 0
      vertex 29.9458 17.2889 0
    endloop
  endfacet
  facet normal -0.998796 -0.049048 0
    outer loop
      vertex 32.3 18.7 0
      vertex 32.2923 18.8568 2
      vertex 32.2923 18.8568 0
    endloop
  endfacet
  facet normal -0.998796 -0.049048 0
    outer loop
      vertex 32.2923 18.8568 2
      vertex 32.3 18.7 0
      vertex 32.3 18.7 2
    endloop
  endfacet
  facet normal -0.98921 -0.146502 0
    outer loop
      vertex 32.2923 18.8568 0
      vertex 32.2693 19.0121 2
      vertex 32.2693 19.0121 0
    endloop
  endfacet
  facet normal -0.98921 -0.146502 0
    outer loop
      vertex 32.2693 19.0121 2
      vertex 32.2923 18.8568 0
      vertex 32.2923 18.8568 2
    endloop
  endfacet
  facet normal 0.146502 0.98921 -0
    outer loop
      vertex 30.5432 17.1077 0
      vertex 30.3879 17.1307 2
      vertex 30.5432 17.1077 2
    endloop
  endfacet
  facet normal 0.146502 0.98921 0
    outer loop
      vertex 30.3879 17.1307 2
      vertex 30.5432 17.1077 0
      vertex 30.3879 17.1307 0
    endloop
  endfacet
  facet normal -0.857549 -0.514402 0
    outer loop
      vertex 32.1111 19.4542 0
      vertex 32.0303 19.5889 2
      vertex 32.0303 19.5889 0
    endloop
  endfacet
  facet normal -0.857549 -0.514402 0
    outer loop
      vertex 32.0303 19.5889 2
      vertex 32.1111 19.4542 0
      vertex 32.1111 19.4542 2
    endloop
  endfacet
  facet normal 0.969993 0.243135 0
    outer loop
      vertex 29.1689 18.2355 2
      vertex 29.1307 18.3879 0
      vertex 29.1307 18.3879 2
    endloop
  endfacet
  facet normal 0.969993 0.243135 0
    outer loop
      vertex 29.1307 18.3879 0
      vertex 29.1689 18.2355 2
      vertex 29.1689 18.2355 0
    endloop
  endfacet
  facet normal 0.146502 -0.98921 0
    outer loop
      vertex 30.3879 20.2693 0
      vertex 30.5432 20.2923 2
      vertex 30.3879 20.2693 2
    endloop
  endfacet
  facet normal 0.146502 -0.98921 0
    outer loop
      vertex 30.5432 20.2923 2
      vertex 30.3879 20.2693 0
      vertex 30.5432 20.2923 0
    endloop
  endfacet
  facet normal -0.969993 -0.243135 0
    outer loop
      vertex 32.2693 19.0121 0
      vertex 32.2311 19.1645 2
      vertex 32.2311 19.1645 0
    endloop
  endfacet
  facet normal -0.969993 -0.243135 0
    outer loop
      vertex 32.2311 19.1645 2
      vertex 32.2693 19.0121 0
      vertex 32.2693 19.0121 2
    endloop
  endfacet
  facet normal -0.941511 0.336982 0
    outer loop
      vertex 32.1782 18.0877 0
      vertex 32.2311 18.2355 2
      vertex 32.2311 18.2355 0
    endloop
  endfacet
  facet normal -0.941511 0.336982 0
    outer loop
      vertex 32.2311 18.2355 2
      vertex 32.1782 18.0877 0
      vertex 32.1782 18.0877 2
    endloop
  endfacet
  facet normal 0.671213 -0.741264 0
    outer loop
      vertex 29.5686 19.8314 0
      vertex 29.685 19.9368 2
      vertex 29.5686 19.8314 2
    endloop
  endfacet
  facet normal 0.671213 -0.741264 0
    outer loop
      vertex 29.685 19.9368 2
      vertex 29.5686 19.8314 0
      vertex 29.685 19.9368 0
    endloop
  endfacet
  facet normal 0.98921 0.146502 0
    outer loop
      vertex 29.1307 18.3879 2
      vertex 29.1077 18.5432 0
      vertex 29.1077 18.5432 2
    endloop
  endfacet
  facet normal 0.98921 0.146502 0
    outer loop
      vertex 29.1077 18.5432 0
      vertex 29.1307 18.3879 2
      vertex 29.1307 18.3879 0
    endloop
  endfacet
  facet normal -0.146502 0.98921 0
    outer loop
      vertex 31.0121 17.1307 0
      vertex 30.8568 17.1077 2
      vertex 31.0121 17.1307 2
    endloop
  endfacet
  facet normal -0.146502 0.98921 0
    outer loop
      vertex 30.8568 17.1077 2
      vertex 31.0121 17.1307 0
      vertex 30.8568 17.1077 0
    endloop
  endfacet
  facet normal -0.941511 -0.336982 0
    outer loop
      vertex 32.2311 19.1645 0
      vertex 32.1782 19.3123 2
      vertex 32.1782 19.3123 0
    endloop
  endfacet
  facet normal -0.941511 -0.336982 0
    outer loop
      vertex 32.1782 19.3123 2
      vertex 32.2311 19.1645 0
      vertex 32.2311 19.1645 2
    endloop
  endfacet
  facet normal 0.904023 -0.427484 0
    outer loop
      vertex 29.2218 19.3123 2
      vertex 29.2889 19.4542 0
      vertex 29.2889 19.4542 2
    endloop
  endfacet
  facet normal 0.904023 -0.427484 0
    outer loop
      vertex 29.2889 19.4542 0
      vertex 29.2218 19.3123 2
      vertex 29.2218 19.3123 0
    endloop
  endfacet
  facet normal -0.671213 0.741264 0
    outer loop
      vertex 31.8314 17.5686 0
      vertex 31.715 17.4632 2
      vertex 31.8314 17.5686 2
    endloop
  endfacet
  facet normal -0.671213 0.741264 0
    outer loop
      vertex 31.715 17.4632 2
      vertex 31.8314 17.5686 0
      vertex 31.715 17.4632 0
    endloop
  endfacet
  facet normal -0.741264 0.671213 0
    outer loop
      vertex 31.8314 17.5686 0
      vertex 31.9368 17.685 2
      vertex 31.9368 17.685 0
    endloop
  endfacet
  facet normal -0.741264 0.671213 0
    outer loop
      vertex 31.9368 17.685 2
      vertex 31.8314 17.5686 0
      vertex 31.8314 17.5686 2
    endloop
  endfacet
  facet normal 0.741264 -0.671213 0
    outer loop
      vertex 29.4632 19.715 2
      vertex 29.5686 19.8314 0
      vertex 29.5686 19.8314 2
    endloop
  endfacet
  facet normal 0.741264 -0.671213 0
    outer loop
      vertex 29.5686 19.8314 0
      vertex 29.4632 19.715 2
      vertex 29.4632 19.715 0
    endloop
  endfacet
  facet normal -0.336982 0.941511 0
    outer loop
      vertex 31.3123 17.2218 0
      vertex 31.1645 17.1689 2
      vertex 31.3123 17.2218 2
    endloop
  endfacet
  facet normal -0.336982 0.941511 0
    outer loop
      vertex 31.1645 17.1689 2
      vertex 31.3123 17.2218 0
      vertex 31.1645 17.1689 0
    endloop
  endfacet
  facet normal -0.049048 -0.998796 0
    outer loop
      vertex 30.7 20.3 0
      vertex 30.8568 20.2923 2
      vertex 30.7 20.3 2
    endloop
  endfacet
  facet normal -0.049048 -0.998796 -0
    outer loop
      vertex 30.8568 20.2923 2
      vertex 30.7 20.3 0
      vertex 30.8568 20.2923 0
    endloop
  endfacet
  facet normal -0.803275 -0.595608 0
    outer loop
      vertex 32.0303 19.5889 0
      vertex 31.9368 19.715 2
      vertex 31.9368 19.715 0
    endloop
  endfacet
  facet normal -0.803275 -0.595608 0
    outer loop
      vertex 31.9368 19.715 2
      vertex 32.0303 19.5889 0
      vertex 32.0303 19.5889 2
    endloop
  endfacet
  facet normal -0.243135 0.969993 0
    outer loop
      vertex 31.1645 17.1689 0
      vertex 31.0121 17.1307 2
      vertex 31.1645 17.1689 2
    endloop
  endfacet
  facet normal -0.243135 0.969993 0
    outer loop
      vertex 31.0121 17.1307 2
      vertex 31.1645 17.1689 0
      vertex 31.0121 17.1307 0
    endloop
  endfacet
  facet normal -0.904023 -0.427484 0
    outer loop
      vertex 32.1782 19.3123 0
      vertex 32.1111 19.4542 2
      vertex 32.1111 19.4542 0
    endloop
  endfacet
  facet normal -0.904023 -0.427484 0
    outer loop
      vertex 32.1111 19.4542 2
      vertex 32.1782 19.3123 0
      vertex 32.1782 19.3123 2
    endloop
  endfacet
  facet normal -0.427484 0.904023 0
    outer loop
      vertex 31.4542 17.2889 0
      vertex 31.3123 17.2218 2
      vertex 31.4542 17.2889 2
    endloop
  endfacet
  facet normal -0.427484 0.904023 0
    outer loop
      vertex 31.3123 17.2218 2
      vertex 31.4542 17.2889 0
      vertex 31.3123 17.2218 0
    endloop
  endfacet
  facet normal -0.857549 0.514402 0
    outer loop
      vertex 32.0303 17.8111 0
      vertex 32.1111 17.9458 2
      vertex 32.1111 17.9458 0
    endloop
  endfacet
  facet normal -0.857549 0.514402 0
    outer loop
      vertex 32.1111 17.9458 2
      vertex 32.0303 17.8111 0
      vertex 32.0303 17.8111 2
    endloop
  endfacet
  facet normal -0.049048 0.998796 0
    outer loop
      vertex 30.8568 17.1077 0
      vertex 30.7 17.1 2
      vertex 30.8568 17.1077 2
    endloop
  endfacet
  facet normal -0.049048 0.998796 0
    outer loop
      vertex 30.7 17.1 2
      vertex 30.8568 17.1077 0
      vertex 30.7 17.1 0
    endloop
  endfacet
  facet normal -0.596019 -0.80297 0
    outer loop
      vertex 31.5889 20.0304 0
      vertex 31.715 19.9368 2
      vertex 31.5889 20.0304 2
    endloop
  endfacet
  facet normal -0.596019 -0.80297 -0
    outer loop
      vertex 31.715 19.9368 2
      vertex 31.5889 20.0304 0
      vertex 31.715 19.9368 0
    endloop
  endfacet
  facet normal 0.941511 0.336982 0
    outer loop
      vertex 29.2218 18.0877 2
      vertex 29.1689 18.2355 0
      vertex 29.1689 18.2355 2
    endloop
  endfacet
  facet normal 0.941511 0.336982 0
    outer loop
      vertex 29.1689 18.2355 0
      vertex 29.2218 18.0877 2
      vertex 29.2218 18.0877 0
    endloop
  endfacet
  facet normal 0.941511 -0.336982 0
    outer loop
      vertex 29.1689 19.1645 2
      vertex 29.2218 19.3123 0
      vertex 29.2218 19.3123 2
    endloop
  endfacet
  facet normal 0.941511 -0.336982 0
    outer loop
      vertex 29.2218 19.3123 0
      vertex 29.1689 19.1645 2
      vertex 29.1689 19.1645 0
    endloop
  endfacet
  facet normal 0.671213 0.741264 -0
    outer loop
      vertex 29.685 17.4632 0
      vertex 29.5686 17.5686 2
      vertex 29.685 17.4632 2
    endloop
  endfacet
  facet normal 0.671213 0.741264 0
    outer loop
      vertex 29.5686 17.5686 2
      vertex 29.685 17.4632 0
      vertex 29.5686 17.5686 0
    endloop
  endfacet
  facet normal 0.85783 -0.513934 0
    outer loop
      vertex 29.2889 19.4542 2
      vertex 29.3696 19.5889 0
      vertex 29.3696 19.5889 2
    endloop
  endfacet
  facet normal 0.85783 -0.513934 0
    outer loop
      vertex 29.3696 19.5889 0
      vertex 29.2889 19.4542 2
      vertex 29.2889 19.4542 0
    endloop
  endfacet
  facet normal 0.243135 0.969993 -0
    outer loop
      vertex 30.3879 17.1307 0
      vertex 30.2355 17.1689 2
      vertex 30.3879 17.1307 2
    endloop
  endfacet
  facet normal 0.243135 0.969993 0
    outer loop
      vertex 30.2355 17.1689 2
      vertex 30.3879 17.1307 0
      vertex 30.2355 17.1689 0
    endloop
  endfacet
  facet normal 0.741264 0.671213 0
    outer loop
      vertex 29.5686 17.5686 2
      vertex 29.4632 17.685 0
      vertex 29.4632 17.685 2
    endloop
  endfacet
  facet normal 0.741264 0.671213 0
    outer loop
      vertex 29.4632 17.685 0
      vertex 29.5686 17.5686 2
      vertex 29.5686 17.5686 0
    endloop
  endfacet
  facet normal 0.427484 -0.904023 0
    outer loop
      vertex 29.9458 20.1111 0
      vertex 30.0877 20.1782 2
      vertex 29.9458 20.1111 2
    endloop
  endfacet
  facet normal 0.427484 -0.904023 0
    outer loop
      vertex 30.0877 20.1782 2
      vertex 29.9458 20.1111 0
      vertex 30.0877 20.1782 0
    endloop
  endfacet
  facet normal 0.513934 -0.85783 0
    outer loop
      vertex 29.8111 20.0304 0
      vertex 29.9458 20.1111 2
      vertex 29.8111 20.0304 2
    endloop
  endfacet
  facet normal 0.513934 -0.85783 0
    outer loop
      vertex 29.9458 20.1111 2
      vertex 29.8111 20.0304 0
      vertex 29.9458 20.1111 0
    endloop
  endfacet
  facet normal 0.80297 -0.596019 0
    outer loop
      vertex 29.3696 19.5889 2
      vertex 29.4632 19.715 0
      vertex 29.4632 19.715 2
    endloop
  endfacet
  facet normal 0.80297 -0.596019 0
    outer loop
      vertex 29.4632 19.715 0
      vertex 29.3696 19.5889 2
      vertex 29.3696 19.5889 0
    endloop
  endfacet
  facet normal 0.98921 -0.146502 0
    outer loop
      vertex 29.1077 18.8568 2
      vertex 29.1307 19.0121 0
      vertex 29.1307 19.0121 2
    endloop
  endfacet
  facet normal 0.98921 -0.146502 0
    outer loop
      vertex 29.1307 19.0121 0
      vertex 29.1077 18.8568 2
      vertex 29.1077 18.8568 0
    endloop
  endfacet
  facet normal 0.85783 0.513934 0
    outer loop
      vertex 29.3696 17.8111 2
      vertex 29.2889 17.9458 0
      vertex 29.2889 17.9458 2
    endloop
  endfacet
  facet normal 0.85783 0.513934 0
    outer loop
      vertex 29.2889 17.9458 0
      vertex 29.3696 17.8111 2
      vertex 29.3696 17.8111 0
    endloop
  endfacet
  facet normal 0.80297 0.596019 0
    outer loop
      vertex 29.4632 17.685 2
      vertex 29.3696 17.8111 0
      vertex 29.3696 17.8111 2
    endloop
  endfacet
  facet normal 0.80297 0.596019 0
    outer loop
      vertex 29.3696 17.8111 0
      vertex 29.4632 17.685 2
      vertex 29.4632 17.685 0
    endloop
  endfacet
  facet normal 0.596019 -0.80297 0
    outer loop
      vertex 29.685 19.9368 0
      vertex 29.8111 20.0304 2
      vertex 29.685 19.9368 2
    endloop
  endfacet
  facet normal 0.596019 -0.80297 0
    outer loop
      vertex 29.8111 20.0304 2
      vertex 29.685 19.9368 0
      vertex 29.8111 20.0304 0
    endloop
  endfacet
  facet normal 0.049048 -0.998796 0
    outer loop
      vertex 30.5432 20.2923 0
      vertex 30.7 20.3 2
      vertex 30.5432 20.2923 2
    endloop
  endfacet
  facet normal 0.049048 -0.998796 0
    outer loop
      vertex 30.7 20.3 2
      vertex 30.5432 20.2923 0
      vertex 30.7 20.3 0
    endloop
  endfacet
  facet normal -0.671213 -0.741264 0
    outer loop
      vertex 31.715 19.9368 0
      vertex 31.8314 19.8314 2
      vertex 31.715 19.9368 2
    endloop
  endfacet
  facet normal -0.671213 -0.741264 -0
    outer loop
      vertex 31.8314 19.8314 2
      vertex 31.715 19.9368 0
      vertex 31.8314 19.8314 0
    endloop
  endfacet
  facet normal 0.998796 -0.049048 0
    outer loop
      vertex 53.1 42.7 2
      vertex 53.1077 42.8568 0
      vertex 53.1077 42.8568 2
    endloop
  endfacet
  facet normal 0.998796 -0.049048 0
    outer loop
      vertex 53.1077 42.8568 0
      vertex 53.1 42.7 2
      vertex 53.1 42.7 0
    endloop
  endfacet
  facet normal -0.98921 0.146502 0
    outer loop
      vertex 56.2693 42.3879 0
      vertex 56.2923 42.5432 2
      vertex 56.2923 42.5432 0
    endloop
  endfacet
  facet normal -0.98921 0.146502 0
    outer loop
      vertex 56.2923 42.5432 2
      vertex 56.2693 42.3879 0
      vertex 56.2693 42.3879 2
    endloop
  endfacet
  facet normal -0.998796 0.049048 0
    outer loop
      vertex 56.2923 42.5432 0
      vertex 56.3 42.7 2
      vertex 56.3 42.7 0
    endloop
  endfacet
  facet normal -0.998796 0.049048 0
    outer loop
      vertex 56.3 42.7 2
      vertex 56.2923 42.5432 0
      vertex 56.2923 42.5432 2
    endloop
  endfacet
  facet normal -0.969993 0.243135 0
    outer loop
      vertex 56.2311 42.2355 0
      vertex 56.2693 42.3879 2
      vertex 56.2693 42.3879 0
    endloop
  endfacet
  facet normal -0.969993 0.243135 0
    outer loop
      vertex 56.2693 42.3879 2
      vertex 56.2311 42.2355 0
      vertex 56.2311 42.2355 2
    endloop
  endfacet
  facet normal 0.513934 0.85783 -0
    outer loop
      vertex 53.9458 41.2889 0
      vertex 53.8111 41.3696 2
      vertex 53.9458 41.2889 2
    endloop
  endfacet
  facet normal 0.513934 0.85783 0
    outer loop
      vertex 53.8111 41.3696 2
      vertex 53.9458 41.2889 0
      vertex 53.8111 41.3696 0
    endloop
  endfacet
  facet normal 0.596019 0.80297 -0
    outer loop
      vertex 53.8111 41.3696 0
      vertex 53.685 41.4632 2
      vertex 53.8111 41.3696 2
    endloop
  endfacet
  facet normal 0.596019 0.80297 0
    outer loop
      vertex 53.685 41.4632 2
      vertex 53.8111 41.3696 0
      vertex 53.685 41.4632 0
    endloop
  endfacet
  facet normal -0.243135 -0.969993 0
    outer loop
      vertex 55.0121 44.2693 0
      vertex 55.1645 44.2311 2
      vertex 55.0121 44.2693 2
    endloop
  endfacet
  facet normal -0.243135 -0.969993 -0
    outer loop
      vertex 55.1645 44.2311 2
      vertex 55.0121 44.2693 0
      vertex 55.1645 44.2311 0
    endloop
  endfacet
  facet normal -0.427484 -0.904023 0
    outer loop
      vertex 55.3123 44.1782 0
      vertex 55.4542 44.1111 2
      vertex 55.3123 44.1782 2
    endloop
  endfacet
  facet normal -0.427484 -0.904023 -0
    outer loop
      vertex 55.4542 44.1111 2
      vertex 55.3123 44.1782 0
      vertex 55.4542 44.1111 0
    endloop
  endfacet
  facet normal -0.146502 -0.98921 0
    outer loop
      vertex 54.8568 44.2923 0
      vertex 55.0121 44.2693 2
      vertex 54.8568 44.2923 2
    endloop
  endfacet
  facet normal -0.146502 -0.98921 -0
    outer loop
      vertex 55.0121 44.2693 2
      vertex 54.8568 44.2923 0
      vertex 55.0121 44.2693 0
    endloop
  endfacet
  facet normal 0.998796 0.049048 0
    outer loop
      vertex 53.1077 42.5432 2
      vertex 53.1 42.7 0
      vertex 53.1 42.7 2
    endloop
  endfacet
  facet normal 0.998796 0.049048 0
    outer loop
      vertex 53.1 42.7 0
      vertex 53.1077 42.5432 2
      vertex 53.1077 42.5432 0
    endloop
  endfacet
  facet normal 0.243135 -0.969993 0
    outer loop
      vertex 54.2355 44.2311 0
      vertex 54.3879 44.2693 2
      vertex 54.2355 44.2311 2
    endloop
  endfacet
  facet normal 0.243135 -0.969993 0
    outer loop
      vertex 54.3879 44.2693 2
      vertex 54.2355 44.2311 0
      vertex 54.3879 44.2693 0
    endloop
  endfacet
  facet normal -0.513934 -0.85783 0
    outer loop
      vertex 55.4542 44.1111 0
      vertex 55.5889 44.0304 2
      vertex 55.4542 44.1111 2
    endloop
  endfacet
  facet normal -0.513934 -0.85783 -0
    outer loop
      vertex 55.5889 44.0304 2
      vertex 55.4542 44.1111 0
      vertex 55.5889 44.0304 0
    endloop
  endfacet
  facet normal 0.049048 0.998796 -0
    outer loop
      vertex 54.7 41.1 0
      vertex 54.5432 41.1077 2
      vertex 54.7 41.1 2
    endloop
  endfacet
  facet normal 0.049048 0.998796 0
    outer loop
      vertex 54.5432 41.1077 2
      vertex 54.7 41.1 0
      vertex 54.5432 41.1077 0
    endloop
  endfacet
  facet normal -0.904023 0.427484 0
    outer loop
      vertex 56.1111 41.9458 0
      vertex 56.1782 42.0877 2
      vertex 56.1782 42.0877 0
    endloop
  endfacet
  facet normal -0.904023 0.427484 0
    outer loop
      vertex 56.1782 42.0877 2
      vertex 56.1111 41.9458 0
      vertex 56.1111 41.9458 2
    endloop
  endfacet
  facet normal -0.741264 -0.671213 0
    outer loop
      vertex 55.9368 43.715 0
      vertex 55.8314 43.8314 2
      vertex 55.8314 43.8314 0
    endloop
  endfacet
  facet normal -0.741264 -0.671213 0
    outer loop
      vertex 55.8314 43.8314 2
      vertex 55.9368 43.715 0
      vertex 55.9368 43.715 2
    endloop
  endfacet
  facet normal -0.596019 0.80297 0
    outer loop
      vertex 55.715 41.4632 0
      vertex 55.5889 41.3696 2
      vertex 55.715 41.4632 2
    endloop
  endfacet
  facet normal -0.596019 0.80297 0
    outer loop
      vertex 55.5889 41.3696 2
      vertex 55.715 41.4632 0
      vertex 55.5889 41.3696 0
    endloop
  endfacet
  facet normal 0.904023 0.427484 0
    outer loop
      vertex 53.2889 41.9458 2
      vertex 53.2218 42.0877 0
      vertex 53.2218 42.0877 2
    endloop
  endfacet
  facet normal 0.904023 0.427484 0
    outer loop
      vertex 53.2218 42.0877 0
      vertex 53.2889 41.9458 2
      vertex 53.2889 41.9458 0
    endloop
  endfacet
  facet normal -0.336982 -0.941511 0
    outer loop
      vertex 55.1645 44.2311 0
      vertex 55.3123 44.1782 2
      vertex 55.1645 44.2311 2
    endloop
  endfacet
  facet normal -0.336982 -0.941511 -0
    outer loop
      vertex 55.3123 44.1782 2
      vertex 55.1645 44.2311 0
      vertex 55.3123 44.1782 0
    endloop
  endfacet
  facet normal 0.969993 -0.243135 0
    outer loop
      vertex 53.1307 43.0121 2
      vertex 53.1689 43.1645 0
      vertex 53.1689 43.1645 2
    endloop
  endfacet
  facet normal 0.969993 -0.243135 0
    outer loop
      vertex 53.1689 43.1645 0
      vertex 53.1307 43.0121 2
      vertex 53.1307 43.0121 0
    endloop
  endfacet
  facet normal -0.803275 0.595608 0
    outer loop
      vertex 55.9368 41.685 0
      vertex 56.0303 41.8111 2
      vertex 56.0303 41.8111 0
    endloop
  endfacet
  facet normal -0.803275 0.595608 0
    outer loop
      vertex 56.0303 41.8111 2
      vertex 55.9368 41.685 0
      vertex 55.9368 41.685 2
    endloop
  endfacet
  facet normal -0.513934 0.85783 0
    outer loop
      vertex 55.5889 41.3696 0
      vertex 55.4542 41.2889 2
      vertex 55.5889 41.3696 2
    endloop
  endfacet
  facet normal -0.513934 0.85783 0
    outer loop
      vertex 55.4542 41.2889 2
      vertex 55.5889 41.3696 0
      vertex 55.4542 41.2889 0
    endloop
  endfacet
  facet normal 0.427484 0.904023 -0
    outer loop
      vertex 54.0877 41.2218 0
      vertex 53.9458 41.2889 2
      vertex 54.0877 41.2218 2
    endloop
  endfacet
  facet normal 0.427484 0.904023 0
    outer loop
      vertex 53.9458 41.2889 2
      vertex 54.0877 41.2218 0
      vertex 53.9458 41.2889 0
    endloop
  endfacet
  facet normal -0.998796 -0.049048 0
    outer loop
      vertex 56.3 42.7 0
      vertex 56.2923 42.8568 2
      vertex 56.2923 42.8568 0
    endloop
  endfacet
  facet normal -0.998796 -0.049048 0
    outer loop
      vertex 56.2923 42.8568 2
      vertex 56.3 42.7 0
      vertex 56.3 42.7 2
    endloop
  endfacet
  facet normal -0.98921 -0.146502 0
    outer loop
      vertex 56.2923 42.8568 0
      vertex 56.2693 43.0121 2
      vertex 56.2693 43.0121 0
    endloop
  endfacet
  facet normal -0.98921 -0.146502 0
    outer loop
      vertex 56.2693 43.0121 2
      vertex 56.2923 42.8568 0
      vertex 56.2923 42.8568 2
    endloop
  endfacet
  facet normal 0.146502 0.98921 -0
    outer loop
      vertex 54.5432 41.1077 0
      vertex 54.3879 41.1307 2
      vertex 54.5432 41.1077 2
    endloop
  endfacet
  facet normal 0.146502 0.98921 0
    outer loop
      vertex 54.3879 41.1307 2
      vertex 54.5432 41.1077 0
      vertex 54.3879 41.1307 0
    endloop
  endfacet
  facet normal -0.857549 -0.514402 0
    outer loop
      vertex 56.1111 43.4542 0
      vertex 56.0303 43.5889 2
      vertex 56.0303 43.5889 0
    endloop
  endfacet
  facet normal -0.857549 -0.514402 0
    outer loop
      vertex 56.0303 43.5889 2
      vertex 56.1111 43.4542 0
      vertex 56.1111 43.4542 2
    endloop
  endfacet
  facet normal 0.969993 0.243135 0
    outer loop
      vertex 53.1689 42.2355 2
      vertex 53.1307 42.3879 0
      vertex 53.1307 42.3879 2
    endloop
  endfacet
  facet normal 0.969993 0.243135 0
    outer loop
      vertex 53.1307 42.3879 0
      vertex 53.1689 42.2355 2
      vertex 53.1689 42.2355 0
    endloop
  endfacet
  facet normal 0.146502 -0.98921 0
    outer loop
      vertex 54.3879 44.2693 0
      vertex 54.5432 44.2923 2
      vertex 54.3879 44.2693 2
    endloop
  endfacet
  facet normal 0.146502 -0.98921 0
    outer loop
      vertex 54.5432 44.2923 2
      vertex 54.3879 44.2693 0
      vertex 54.5432 44.2923 0
    endloop
  endfacet
  facet normal -0.969993 -0.243135 0
    outer loop
      vertex 56.2693 43.0121 0
      vertex 56.2311 43.1645 2
      vertex 56.2311 43.1645 0
    endloop
  endfacet
  facet normal -0.969993 -0.243135 0
    outer loop
      vertex 56.2311 43.1645 2
      vertex 56.2693 43.0121 0
      vertex 56.2693 43.0121 2
    endloop
  endfacet
  facet normal -0.941511 0.336982 0
    outer loop
      vertex 56.1782 42.0877 0
      vertex 56.2311 42.2355 2
      vertex 56.2311 42.2355 0
    endloop
  endfacet
  facet normal -0.941511 0.336982 0
    outer loop
      vertex 56.2311 42.2355 2
      vertex 56.1782 42.0877 0
      vertex 56.1782 42.0877 2
    endloop
  endfacet
  facet normal 0.671213 -0.741264 0
    outer loop
      vertex 53.5686 43.8314 0
      vertex 53.685 43.9368 2
      vertex 53.5686 43.8314 2
    endloop
  endfacet
  facet normal 0.671213 -0.741264 0
    outer loop
      vertex 53.685 43.9368 2
      vertex 53.5686 43.8314 0
      vertex 53.685 43.9368 0
    endloop
  endfacet
  facet normal 0.98921 0.146502 0
    outer loop
      vertex 53.1307 42.3879 2
      vertex 53.1077 42.5432 0
      vertex 53.1077 42.5432 2
    endloop
  endfacet
  facet normal 0.98921 0.146502 0
    outer loop
      vertex 53.1077 42.5432 0
      vertex 53.1307 42.3879 2
      vertex 53.1307 42.3879 0
    endloop
  endfacet
  facet normal -0.146502 0.98921 0
    outer loop
      vertex 55.0121 41.1307 0
      vertex 54.8568 41.1077 2
      vertex 55.0121 41.1307 2
    endloop
  endfacet
  facet normal -0.146502 0.98921 0
    outer loop
      vertex 54.8568 41.1077 2
      vertex 55.0121 41.1307 0
      vertex 54.8568 41.1077 0
    endloop
  endfacet
  facet normal -0.941511 -0.336982 0
    outer loop
      vertex 56.2311 43.1645 0
      vertex 56.1782 43.3123 2
      vertex 56.1782 43.3123 0
    endloop
  endfacet
  facet normal -0.941511 -0.336982 0
    outer loop
      vertex 56.1782 43.3123 2
      vertex 56.2311 43.1645 0
      vertex 56.2311 43.1645 2
    endloop
  endfacet
  facet normal 0.904023 -0.427484 0
    outer loop
      vertex 53.2218 43.3123 2
      vertex 53.2889 43.4542 0
      vertex 53.2889 43.4542 2
    endloop
  endfacet
  facet normal 0.904023 -0.427484 0
    outer loop
      vertex 53.2889 43.4542 0
      vertex 53.2218 43.3123 2
      vertex 53.2218 43.3123 0
    endloop
  endfacet
  facet normal -0.671213 0.741264 0
    outer loop
      vertex 55.8314 41.5686 0
      vertex 55.715 41.4632 2
      vertex 55.8314 41.5686 2
    endloop
  endfacet
  facet normal -0.671213 0.741264 0
    outer loop
      vertex 55.715 41.4632 2
      vertex 55.8314 41.5686 0
      vertex 55.715 41.4632 0
    endloop
  endfacet
  facet normal -0.741264 0.671213 0
    outer loop
      vertex 55.8314 41.5686 0
      vertex 55.9368 41.685 2
      vertex 55.9368 41.685 0
    endloop
  endfacet
  facet normal -0.741264 0.671213 0
    outer loop
      vertex 55.9368 41.685 2
      vertex 55.8314 41.5686 0
      vertex 55.8314 41.5686 2
    endloop
  endfacet
  facet normal 0.741264 -0.671213 0
    outer loop
      vertex 53.4632 43.715 2
      vertex 53.5686 43.8314 0
      vertex 53.5686 43.8314 2
    endloop
  endfacet
  facet normal 0.741264 -0.671213 0
    outer loop
      vertex 53.5686 43.8314 0
      vertex 53.4632 43.715 2
      vertex 53.4632 43.715 0
    endloop
  endfacet
  facet normal -0.336982 0.941511 0
    outer loop
      vertex 55.3123 41.2218 0
      vertex 55.1645 41.1689 2
      vertex 55.3123 41.2218 2
    endloop
  endfacet
  facet normal -0.336982 0.941511 0
    outer loop
      vertex 55.1645 41.1689 2
      vertex 55.3123 41.2218 0
      vertex 55.1645 41.1689 0
    endloop
  endfacet
  facet normal -0.049048 -0.998796 0
    outer loop
      vertex 54.7 44.3 0
      vertex 54.8568 44.2923 2
      vertex 54.7 44.3 2
    endloop
  endfacet
  facet normal -0.049048 -0.998796 -0
    outer loop
      vertex 54.8568 44.2923 2
      vertex 54.7 44.3 0
      vertex 54.8568 44.2923 0
    endloop
  endfacet
  facet normal -0.803275 -0.595608 0
    outer loop
      vertex 56.0303 43.5889 0
      vertex 55.9368 43.715 2
      vertex 55.9368 43.715 0
    endloop
  endfacet
  facet normal -0.803275 -0.595608 0
    outer loop
      vertex 55.9368 43.715 2
      vertex 56.0303 43.5889 0
      vertex 56.0303 43.5889 2
    endloop
  endfacet
  facet normal -0.243135 0.969993 0
    outer loop
      vertex 55.1645 41.1689 0
      vertex 55.0121 41.1307 2
      vertex 55.1645 41.1689 2
    endloop
  endfacet
  facet normal -0.243135 0.969993 0
    outer loop
      vertex 55.0121 41.1307 2
      vertex 55.1645 41.1689 0
      vertex 55.0121 41.1307 0
    endloop
  endfacet
  facet normal -0.904023 -0.427484 0
    outer loop
      vertex 56.1782 43.3123 0
      vertex 56.1111 43.4542 2
      vertex 56.1111 43.4542 0
    endloop
  endfacet
  facet normal -0.904023 -0.427484 0
    outer loop
      vertex 56.1111 43.4542 2
      vertex 56.1782 43.3123 0
      vertex 56.1782 43.3123 2
    endloop
  endfacet
  facet normal -0.427484 0.904023 0
    outer loop
      vertex 55.4542 41.2889 0
      vertex 55.3123 41.2218 2
      vertex 55.4542 41.2889 2
    endloop
  endfacet
  facet normal -0.427484 0.904023 0
    outer loop
      vertex 55.3123 41.2218 2
      vertex 55.4542 41.2889 0
      vertex 55.3123 41.2218 0
    endloop
  endfacet
  facet normal -0.857549 0.514402 0
    outer loop
      vertex 56.0303 41.8111 0
      vertex 56.1111 41.9458 2
      vertex 56.1111 41.9458 0
    endloop
  endfacet
  facet normal -0.857549 0.514402 0
    outer loop
      vertex 56.1111 41.9458 2
      vertex 56.0303 41.8111 0
      vertex 56.0303 41.8111 2
    endloop
  endfacet
  facet normal -0.049048 0.998796 0
    outer loop
      vertex 54.8568 41.1077 0
      vertex 54.7 41.1 2
      vertex 54.8568 41.1077 2
    endloop
  endfacet
  facet normal -0.049048 0.998796 0
    outer loop
      vertex 54.7 41.1 2
      vertex 54.8568 41.1077 0
      vertex 54.7 41.1 0
    endloop
  endfacet
  facet normal -0.596019 -0.80297 0
    outer loop
      vertex 55.5889 44.0304 0
      vertex 55.715 43.9368 2
      vertex 55.5889 44.0304 2
    endloop
  endfacet
  facet normal -0.596019 -0.80297 -0
    outer loop
      vertex 55.715 43.9368 2
      vertex 55.5889 44.0304 0
      vertex 55.715 43.9368 0
    endloop
  endfacet
  facet normal 0.941511 0.336982 0
    outer loop
      vertex 53.2218 42.0877 2
      vertex 53.1689 42.2355 0
      vertex 53.1689 42.2355 2
    endloop
  endfacet
  facet normal 0.941511 0.336982 0
    outer loop
      vertex 53.1689 42.2355 0
      vertex 53.2218 42.0877 2
      vertex 53.2218 42.0877 0
    endloop
  endfacet
  facet normal 0.941511 -0.336982 0
    outer loop
      vertex 53.1689 43.1645 2
      vertex 53.2218 43.3123 0
      vertex 53.2218 43.3123 2
    endloop
  endfacet
  facet normal 0.941511 -0.336982 0
    outer loop
      vertex 53.2218 43.3123 0
      vertex 53.1689 43.1645 2
      vertex 53.1689 43.1645 0
    endloop
  endfacet
  facet normal 0.671213 0.741264 -0
    outer loop
      vertex 53.685 41.4632 0
      vertex 53.5686 41.5686 2
      vertex 53.685 41.4632 2
    endloop
  endfacet
  facet normal 0.671213 0.741264 0
    outer loop
      vertex 53.5686 41.5686 2
      vertex 53.685 41.4632 0
      vertex 53.5686 41.5686 0
    endloop
  endfacet
  facet normal 0.336982 0.941511 -0
    outer loop
      vertex 54.2355 41.1689 0
      vertex 54.0877 41.2218 2
      vertex 54.2355 41.1689 2
    endloop
  endfacet
  facet normal 0.336982 0.941511 0
    outer loop
      vertex 54.0877 41.2218 2
      vertex 54.2355 41.1689 0
      vertex 54.0877 41.2218 0
    endloop
  endfacet
  facet normal 0.85783 -0.513934 0
    outer loop
      vertex 53.2889 43.4542 2
      vertex 53.3696 43.5889 0
      vertex 53.3696 43.5889 2
    endloop
  endfacet
  facet normal 0.85783 -0.513934 0
    outer loop
      vertex 53.3696 43.5889 0
      vertex 53.2889 43.4542 2
      vertex 53.2889 43.4542 0
    endloop
  endfacet
  facet normal 0.243135 0.969993 -0
    outer loop
      vertex 54.3879 41.1307 0
      vertex 54.2355 41.1689 2
      vertex 54.3879 41.1307 2
    endloop
  endfacet
  facet normal 0.243135 0.969993 0
    outer loop
      vertex 54.2355 41.1689 2
      vertex 54.3879 41.1307 0
      vertex 54.2355 41.1689 0
    endloop
  endfacet
  facet normal 0.741264 0.671213 0
    outer loop
      vertex 53.5686 41.5686 2
      vertex 53.4632 41.685 0
      vertex 53.4632 41.685 2
    endloop
  endfacet
  facet normal 0.741264 0.671213 0
    outer loop
      vertex 53.4632 41.685 0
      vertex 53.5686 41.5686 2
      vertex 53.5686 41.5686 0
    endloop
  endfacet
  facet normal 0.427484 -0.904023 0
    outer loop
      vertex 53.9458 44.1111 0
      vertex 54.0877 44.1782 2
      vertex 53.9458 44.1111 2
    endloop
  endfacet
  facet normal 0.427484 -0.904023 0
    outer loop
      vertex 54.0877 44.1782 2
      vertex 53.9458 44.1111 0
      vertex 54.0877 44.1782 0
    endloop
  endfacet
  facet normal 0.513934 -0.85783 0
    outer loop
      vertex 53.8111 44.0304 0
      vertex 53.9458 44.1111 2
      vertex 53.8111 44.0304 2
    endloop
  endfacet
  facet normal 0.513934 -0.85783 0
    outer loop
      vertex 53.9458 44.1111 2
      vertex 53.8111 44.0304 0
      vertex 53.9458 44.1111 0
    endloop
  endfacet
  facet normal 0.80297 -0.596019 0
    outer loop
      vertex 53.3696 43.5889 2
      vertex 53.4632 43.715 0
      vertex 53.4632 43.715 2
    endloop
  endfacet
  facet normal 0.80297 -0.596019 0
    outer loop
      vertex 53.4632 43.715 0
      vertex 53.3696 43.5889 2
      vertex 53.3696 43.5889 0
    endloop
  endfacet
  facet normal 0.98921 -0.146502 0
    outer loop
      vertex 53.1077 42.8568 2
      vertex 53.1307 43.0121 0
      vertex 53.1307 43.0121 2
    endloop
  endfacet
  facet normal 0.98921 -0.146502 0
    outer loop
      vertex 53.1307 43.0121 0
      vertex 53.1077 42.8568 2
      vertex 53.1077 42.8568 0
    endloop
  endfacet
  facet normal 0.85783 0.513934 0
    outer loop
      vertex 53.3696 41.8111 2
      vertex 53.2889 41.9458 0
      vertex 53.2889 41.9458 2
    endloop
  endfacet
  facet normal 0.85783 0.513934 0
    outer loop
      vertex 53.2889 41.9458 0
      vertex 53.3696 41.8111 2
      vertex 53.3696 41.8111 0
    endloop
  endfacet
  facet normal 0.80297 0.596019 0
    outer loop
      vertex 53.4632 41.685 2
      vertex 53.3696 41.8111 0
      vertex 53.3696 41.8111 2
    endloop
  endfacet
  facet normal 0.80297 0.596019 0
    outer loop
      vertex 53.3696 41.8111 0
      vertex 53.4632 41.685 2
      vertex 53.4632 41.685 0
    endloop
  endfacet
  facet normal 0.596019 -0.80297 0
    outer loop
      vertex 53.685 43.9368 0
      vertex 53.8111 44.0304 2
      vertex 53.685 43.9368 2
    endloop
  endfacet
  facet normal 0.596019 -0.80297 0
    outer loop
      vertex 53.8111 44.0304 2
      vertex 53.685 43.9368 0
      vertex 53.8111 44.0304 0
    endloop
  endfacet
  facet normal 0.049048 -0.998796 0
    outer loop
      vertex 54.5432 44.2923 0
      vertex 54.7 44.3 2
      vertex 54.5432 44.2923 2
    endloop
  endfacet
  facet normal 0.049048 -0.998796 0
    outer loop
      vertex 54.7 44.3 2
      vertex 54.5432 44.2923 0
      vertex 54.7 44.3 0
    endloop
  endfacet
  facet normal 0.336982 -0.941511 0
    outer loop
      vertex 54.0877 44.1782 0
      vertex 54.2355 44.2311 2
      vertex 54.0877 44.1782 2
    endloop
  endfacet
  facet normal 0.336982 -0.941511 0
    outer loop
      vertex 54.2355 44.2311 2
      vertex 54.0877 44.1782 0
      vertex 54.2355 44.2311 0
    endloop
  endfacet
  facet normal -0.671213 -0.741264 0
    outer loop
      vertex 55.715 43.9368 0
      vertex 55.8314 43.8314 2
      vertex 55.715 43.9368 2
    endloop
  endfacet
  facet normal -0.671213 -0.741264 -0
    outer loop
      vertex 55.8314 43.8314 2
      vertex 55.715 43.9368 0
      vertex 55.8314 43.8314 0
    endloop
  endfacet
  facet normal 0.998796 -0.049048 0
    outer loop
      vertex 53.1 18.7 2
      vertex 53.1077 18.8568 0
      vertex 53.1077 18.8568 2
    endloop
  endfacet
  facet normal 0.998796 -0.049048 0
    outer loop
      vertex 53.1077 18.8568 0
      vertex 53.1 18.7 2
      vertex 53.1 18.7 0
    endloop
  endfacet
  facet normal -0.98921 0.146502 0
    outer loop
      vertex 56.2693 18.3879 0
      vertex 56.2923 18.5432 2
      vertex 56.2923 18.5432 0
    endloop
  endfacet
  facet normal -0.98921 0.146502 0
    outer loop
      vertex 56.2923 18.5432 2
      vertex 56.2693 18.3879 0
      vertex 56.2693 18.3879 2
    endloop
  endfacet
  facet normal -0.998796 0.049048 0
    outer loop
      vertex 56.2923 18.5432 0
      vertex 56.3 18.7 2
      vertex 56.3 18.7 0
    endloop
  endfacet
  facet normal -0.998796 0.049048 0
    outer loop
      vertex 56.3 18.7 2
      vertex 56.2923 18.5432 0
      vertex 56.2923 18.5432 2
    endloop
  endfacet
  facet normal -0.969993 0.243135 0
    outer loop
      vertex 56.2311 18.2355 0
      vertex 56.2693 18.3879 2
      vertex 56.2693 18.3879 0
    endloop
  endfacet
  facet normal -0.969993 0.243135 0
    outer loop
      vertex 56.2693 18.3879 2
      vertex 56.2311 18.2355 0
      vertex 56.2311 18.2355 2
    endloop
  endfacet
  facet normal 0.513934 0.85783 -0
    outer loop
      vertex 53.9458 17.2889 0
      vertex 53.8111 17.3696 2
      vertex 53.9458 17.2889 2
    endloop
  endfacet
  facet normal 0.513934 0.85783 0
    outer loop
      vertex 53.8111 17.3696 2
      vertex 53.9458 17.2889 0
      vertex 53.8111 17.3696 0
    endloop
  endfacet
  facet normal 0.596019 0.80297 -0
    outer loop
      vertex 53.8111 17.3696 0
      vertex 53.685 17.4632 2
      vertex 53.8111 17.3696 2
    endloop
  endfacet
  facet normal 0.596019 0.80297 0
    outer loop
      vertex 53.685 17.4632 2
      vertex 53.8111 17.3696 0
      vertex 53.685 17.4632 0
    endloop
  endfacet
  facet normal -0.243135 -0.969993 0
    outer loop
      vertex 55.0121 20.2693 0
      vertex 55.1645 20.2311 2
      vertex 55.0121 20.2693 2
    endloop
  endfacet
  facet normal -0.243135 -0.969993 -0
    outer loop
      vertex 55.1645 20.2311 2
      vertex 55.0121 20.2693 0
      vertex 55.1645 20.2311 0
    endloop
  endfacet
  facet normal -0.427484 -0.904023 0
    outer loop
      vertex 55.3123 20.1782 0
      vertex 55.4542 20.1111 2
      vertex 55.3123 20.1782 2
    endloop
  endfacet
  facet normal -0.427484 -0.904023 -0
    outer loop
      vertex 55.4542 20.1111 2
      vertex 55.3123 20.1782 0
      vertex 55.4542 20.1111 0
    endloop
  endfacet
  facet normal -0.146502 -0.98921 0
    outer loop
      vertex 54.8568 20.2923 0
      vertex 55.0121 20.2693 2
      vertex 54.8568 20.2923 2
    endloop
  endfacet
  facet normal -0.146502 -0.98921 -0
    outer loop
      vertex 55.0121 20.2693 2
      vertex 54.8568 20.2923 0
      vertex 55.0121 20.2693 0
    endloop
  endfacet
  facet normal 0.998796 0.049048 0
    outer loop
      vertex 53.1077 18.5432 2
      vertex 53.1 18.7 0
      vertex 53.1 18.7 2
    endloop
  endfacet
  facet normal 0.998796 0.049048 0
    outer loop
      vertex 53.1 18.7 0
      vertex 53.1077 18.5432 2
      vertex 53.1077 18.5432 0
    endloop
  endfacet
  facet normal 0.243135 -0.969993 0
    outer loop
      vertex 54.2355 20.2311 0
      vertex 54.3879 20.2693 2
      vertex 54.2355 20.2311 2
    endloop
  endfacet
  facet normal 0.243135 -0.969993 0
    outer loop
      vertex 54.3879 20.2693 2
      vertex 54.2355 20.2311 0
      vertex 54.3879 20.2693 0
    endloop
  endfacet
  facet normal -0.513934 -0.85783 0
    outer loop
      vertex 55.4542 20.1111 0
      vertex 55.5889 20.0304 2
      vertex 55.4542 20.1111 2
    endloop
  endfacet
  facet normal -0.513934 -0.85783 -0
    outer loop
      vertex 55.5889 20.0304 2
      vertex 55.4542 20.1111 0
      vertex 55.5889 20.0304 0
    endloop
  endfacet
  facet normal 0.049048 0.998796 -0
    outer loop
      vertex 54.7 17.1 0
      vertex 54.5432 17.1077 2
      vertex 54.7 17.1 2
    endloop
  endfacet
  facet normal 0.049048 0.998796 0
    outer loop
      vertex 54.5432 17.1077 2
      vertex 54.7 17.1 0
      vertex 54.5432 17.1077 0
    endloop
  endfacet
  facet normal -0.904023 0.427484 0
    outer loop
      vertex 56.1111 17.9458 0
      vertex 56.1782 18.0877 2
      vertex 56.1782 18.0877 0
    endloop
  endfacet
  facet normal -0.904023 0.427484 0
    outer loop
      vertex 56.1782 18.0877 2
      vertex 56.1111 17.9458 0
      vertex 56.1111 17.9458 2
    endloop
  endfacet
  facet normal -0.741264 -0.671213 0
    outer loop
      vertex 55.9368 19.715 0
      vertex 55.8314 19.8314 2
      vertex 55.8314 19.8314 0
    endloop
  endfacet
  facet normal -0.741264 -0.671213 0
    outer loop
      vertex 55.8314 19.8314 2
      vertex 55.9368 19.715 0
      vertex 55.9368 19.715 2
    endloop
  endfacet
  facet normal -0.596019 0.80297 0
    outer loop
      vertex 55.715 17.4632 0
      vertex 55.5889 17.3696 2
      vertex 55.715 17.4632 2
    endloop
  endfacet
  facet normal -0.596019 0.80297 0
    outer loop
      vertex 55.5889 17.3696 2
      vertex 55.715 17.4632 0
      vertex 55.5889 17.3696 0
    endloop
  endfacet
  facet normal 0.904023 0.427484 0
    outer loop
      vertex 53.2889 17.9458 2
      vertex 53.2218 18.0877 0
      vertex 53.2218 18.0877 2
    endloop
  endfacet
  facet normal 0.904023 0.427484 0
    outer loop
      vertex 53.2218 18.0877 0
      vertex 53.2889 17.9458 2
      vertex 53.2889 17.9458 0
    endloop
  endfacet
  facet normal -0.336982 -0.941511 0
    outer loop
      vertex 55.1645 20.2311 0
      vertex 55.3123 20.1782 2
      vertex 55.1645 20.2311 2
    endloop
  endfacet
  facet normal -0.336982 -0.941511 -0
    outer loop
      vertex 55.3123 20.1782 2
      vertex 55.1645 20.2311 0
      vertex 55.3123 20.1782 0
    endloop
  endfacet
  facet normal 0.969993 -0.243135 0
    outer loop
      vertex 53.1307 19.0121 2
      vertex 53.1689 19.1645 0
      vertex 53.1689 19.1645 2
    endloop
  endfacet
  facet normal 0.969993 -0.243135 0
    outer loop
      vertex 53.1689 19.1645 0
      vertex 53.1307 19.0121 2
      vertex 53.1307 19.0121 0
    endloop
  endfacet
  facet normal -0.803275 0.595608 0
    outer loop
      vertex 55.9368 17.685 0
      vertex 56.0303 17.8111 2
      vertex 56.0303 17.8111 0
    endloop
  endfacet
  facet normal -0.803275 0.595608 0
    outer loop
      vertex 56.0303 17.8111 2
      vertex 55.9368 17.685 0
      vertex 55.9368 17.685 2
    endloop
  endfacet
  facet normal -0.513934 0.85783 0
    outer loop
      vertex 55.5889 17.3696 0
      vertex 55.4542 17.2889 2
      vertex 55.5889 17.3696 2
    endloop
  endfacet
  facet normal -0.513934 0.85783 0
    outer loop
      vertex 55.4542 17.2889 2
      vertex 55.5889 17.3696 0
      vertex 55.4542 17.2889 0
    endloop
  endfacet
  facet normal 0.427484 0.904023 -0
    outer loop
      vertex 54.0877 17.2218 0
      vertex 53.9458 17.2889 2
      vertex 54.0877 17.2218 2
    endloop
  endfacet
  facet normal 0.427484 0.904023 0
    outer loop
      vertex 53.9458 17.2889 2
      vertex 54.0877 17.2218 0
      vertex 53.9458 17.2889 0
    endloop
  endfacet
  facet normal -0.998796 -0.049048 0
    outer loop
      vertex 56.3 18.7 0
      vertex 56.2923 18.8568 2
      vertex 56.2923 18.8568 0
    endloop
  endfacet
  facet normal -0.998796 -0.049048 0
    outer loop
      vertex 56.2923 18.8568 2
      vertex 56.3 18.7 0
      vertex 56.3 18.7 2
    endloop
  endfacet
  facet normal -0.98921 -0.146502 0
    outer loop
      vertex 56.2923 18.8568 0
      vertex 56.2693 19.0121 2
      vertex 56.2693 19.0121 0
    endloop
  endfacet
  facet normal -0.98921 -0.146502 0
    outer loop
      vertex 56.2693 19.0121 2
      vertex 56.2923 18.8568 0
      vertex 56.2923 18.8568 2
    endloop
  endfacet
  facet normal 0.146502 0.98921 -0
    outer loop
      vertex 54.5432 17.1077 0
      vertex 54.3879 17.1307 2
      vertex 54.5432 17.1077 2
    endloop
  endfacet
  facet normal 0.146502 0.98921 0
    outer loop
      vertex 54.3879 17.1307 2
      vertex 54.5432 17.1077 0
      vertex 54.3879 17.1307 0
    endloop
  endfacet
  facet normal -0.857549 -0.514402 0
    outer loop
      vertex 56.1111 19.4542 0
      vertex 56.0303 19.5889 2
      vertex 56.0303 19.5889 0
    endloop
  endfacet
  facet normal -0.857549 -0.514402 0
    outer loop
      vertex 56.0303 19.5889 2
      vertex 56.1111 19.4542 0
      vertex 56.1111 19.4542 2
    endloop
  endfacet
  facet normal 0.969993 0.243135 0
    outer loop
      vertex 53.1689 18.2355 2
      vertex 53.1307 18.3879 0
      vertex 53.1307 18.3879 2
    endloop
  endfacet
  facet normal 0.969993 0.243135 0
    outer loop
      vertex 53.1307 18.3879 0
      vertex 53.1689 18.2355 2
      vertex 53.1689 18.2355 0
    endloop
  endfacet
  facet normal 0.146502 -0.98921 0
    outer loop
      vertex 54.3879 20.2693 0
      vertex 54.5432 20.2923 2
      vertex 54.3879 20.2693 2
    endloop
  endfacet
  facet normal 0.146502 -0.98921 0
    outer loop
      vertex 54.5432 20.2923 2
      vertex 54.3879 20.2693 0
      vertex 54.5432 20.2923 0
    endloop
  endfacet
  facet normal -0.969993 -0.243135 0
    outer loop
      vertex 56.2693 19.0121 0
      vertex 56.2311 19.1645 2
      vertex 56.2311 19.1645 0
    endloop
  endfacet
  facet normal -0.969993 -0.243135 0
    outer loop
      vertex 56.2311 19.1645 2
      vertex 56.2693 19.0121 0
      vertex 56.2693 19.0121 2
    endloop
  endfacet
  facet normal -0.941511 0.336982 0
    outer loop
      vertex 56.1782 18.0877 0
      vertex 56.2311 18.2355 2
      vertex 56.2311 18.2355 0
    endloop
  endfacet
  facet normal -0.941511 0.336982 0
    outer loop
      vertex 56.2311 18.2355 2
      vertex 56.1782 18.0877 0
      vertex 56.1782 18.0877 2
    endloop
  endfacet
  facet normal 0.671213 -0.741264 0
    outer loop
      vertex 53.5686 19.8314 0
      vertex 53.685 19.9368 2
      vertex 53.5686 19.8314 2
    endloop
  endfacet
  facet normal 0.671213 -0.741264 0
    outer loop
      vertex 53.685 19.9368 2
      vertex 53.5686 19.8314 0
      vertex 53.685 19.9368 0
    endloop
  endfacet
  facet normal 0.98921 0.146502 0
    outer loop
      vertex 53.1307 18.3879 2
      vertex 53.1077 18.5432 0
      vertex 53.1077 18.5432 2
    endloop
  endfacet
  facet normal 0.98921 0.146502 0
    outer loop
      vertex 53.1077 18.5432 0
      vertex 53.1307 18.3879 2
      vertex 53.1307 18.3879 0
    endloop
  endfacet
  facet normal 0.513934 -0.85783 0
    outer loop
      vertex 53.8111 20.0304 0
      vertex 53.9458 20.1111 2
      vertex 53.8111 20.0304 2
    endloop
  endfacet
  facet normal 0.513934 -0.85783 0
    outer loop
      vertex 53.9458 20.1111 2
      vertex 53.8111 20.0304 0
      vertex 53.9458 20.1111 0
    endloop
  endfacet
  facet normal -0.146502 0.98921 0
    outer loop
      vertex 55.0121 17.1307 0
      vertex 54.8568 17.1077 2
      vertex 55.0121 17.1307 2
    endloop
  endfacet
  facet normal -0.146502 0.98921 0
    outer loop
      vertex 54.8568 17.1077 2
      vertex 55.0121 17.1307 0
      vertex 54.8568 17.1077 0
    endloop
  endfacet
  facet normal -0.941511 -0.336982 0
    outer loop
      vertex 56.2311 19.1645 0
      vertex 56.1782 19.3123 2
      vertex 56.1782 19.3123 0
    endloop
  endfacet
  facet normal -0.941511 -0.336982 0
    outer loop
      vertex 56.1782 19.3123 2
      vertex 56.2311 19.1645 0
      vertex 56.2311 19.1645 2
    endloop
  endfacet
  facet normal 0.904023 -0.427484 0
    outer loop
      vertex 53.2218 19.3123 2
      vertex 53.2889 19.4542 0
      vertex 53.2889 19.4542 2
    endloop
  endfacet
  facet normal 0.904023 -0.427484 0
    outer loop
      vertex 53.2889 19.4542 0
      vertex 53.2218 19.3123 2
      vertex 53.2218 19.3123 0
    endloop
  endfacet
  facet normal -0.671213 0.741264 0
    outer loop
      vertex 55.8314 17.5686 0
      vertex 55.715 17.4632 2
      vertex 55.8314 17.5686 2
    endloop
  endfacet
  facet normal -0.671213 0.741264 0
    outer loop
      vertex 55.715 17.4632 2
      vertex 55.8314 17.5686 0
      vertex 55.715 17.4632 0
    endloop
  endfacet
  facet normal -0.741264 0.671213 0
    outer loop
      vertex 55.8314 17.5686 0
      vertex 55.9368 17.685 2
      vertex 55.9368 17.685 0
    endloop
  endfacet
  facet normal -0.741264 0.671213 0
    outer loop
      vertex 55.9368 17.685 2
      vertex 55.8314 17.5686 0
      vertex 55.8314 17.5686 2
    endloop
  endfacet
  facet normal 0.741264 -0.671213 0
    outer loop
      vertex 53.4632 19.715 2
      vertex 53.5686 19.8314 0
      vertex 53.5686 19.8314 2
    endloop
  endfacet
  facet normal 0.741264 -0.671213 0
    outer loop
      vertex 53.5686 19.8314 0
      vertex 53.4632 19.715 2
      vertex 53.4632 19.715 0
    endloop
  endfacet
  facet normal -0.336982 0.941511 0
    outer loop
      vertex 55.3123 17.2218 0
      vertex 55.1645 17.1689 2
      vertex 55.3123 17.2218 2
    endloop
  endfacet
  facet normal -0.336982 0.941511 0
    outer loop
      vertex 55.1645 17.1689 2
      vertex 55.3123 17.2218 0
      vertex 55.1645 17.1689 0
    endloop
  endfacet
  facet normal -0.049048 -0.998796 0
    outer loop
      vertex 54.7 20.3 0
      vertex 54.8568 20.2923 2
      vertex 54.7 20.3 2
    endloop
  endfacet
  facet normal -0.049048 -0.998796 -0
    outer loop
      vertex 54.8568 20.2923 2
      vertex 54.7 20.3 0
      vertex 54.8568 20.2923 0
    endloop
  endfacet
  facet normal -0.803275 -0.595608 0
    outer loop
      vertex 56.0303 19.5889 0
      vertex 55.9368 19.715 2
      vertex 55.9368 19.715 0
    endloop
  endfacet
  facet normal -0.803275 -0.595608 0
    outer loop
      vertex 55.9368 19.715 2
      vertex 56.0303 19.5889 0
      vertex 56.0303 19.5889 2
    endloop
  endfacet
  facet normal -0.243135 0.969993 0
    outer loop
      vertex 55.1645 17.1689 0
      vertex 55.0121 17.1307 2
      vertex 55.1645 17.1689 2
    endloop
  endfacet
  facet normal -0.243135 0.969993 0
    outer loop
      vertex 55.0121 17.1307 2
      vertex 55.1645 17.1689 0
      vertex 55.0121 17.1307 0
    endloop
  endfacet
  facet normal -0.904023 -0.427484 0
    outer loop
      vertex 56.1782 19.3123 0
      vertex 56.1111 19.4542 2
      vertex 56.1111 19.4542 0
    endloop
  endfacet
  facet normal -0.904023 -0.427484 0
    outer loop
      vertex 56.1111 19.4542 2
      vertex 56.1782 19.3123 0
      vertex 56.1782 19.3123 2
    endloop
  endfacet
  facet normal -0.427484 0.904023 0
    outer loop
      vertex 55.4542 17.2889 0
      vertex 55.3123 17.2218 2
      vertex 55.4542 17.2889 2
    endloop
  endfacet
  facet normal -0.427484 0.904023 0
    outer loop
      vertex 55.3123 17.2218 2
      vertex 55.4542 17.2889 0
      vertex 55.3123 17.2218 0
    endloop
  endfacet
  facet normal -0.857549 0.514402 0
    outer loop
      vertex 56.0303 17.8111 0
      vertex 56.1111 17.9458 2
      vertex 56.1111 17.9458 0
    endloop
  endfacet
  facet normal -0.857549 0.514402 0
    outer loop
      vertex 56.1111 17.9458 2
      vertex 56.0303 17.8111 0
      vertex 56.0303 17.8111 2
    endloop
  endfacet
  facet normal -0.049048 0.998796 0
    outer loop
      vertex 54.8568 17.1077 0
      vertex 54.7 17.1 2
      vertex 54.8568 17.1077 2
    endloop
  endfacet
  facet normal -0.049048 0.998796 0
    outer loop
      vertex 54.7 17.1 2
      vertex 54.8568 17.1077 0
      vertex 54.7 17.1 0
    endloop
  endfacet
  facet normal -0.596019 -0.80297 0
    outer loop
      vertex 55.5889 20.0304 0
      vertex 55.715 19.9368 2
      vertex 55.5889 20.0304 2
    endloop
  endfacet
  facet normal -0.596019 -0.80297 -0
    outer loop
      vertex 55.715 19.9368 2
      vertex 55.5889 20.0304 0
      vertex 55.715 19.9368 0
    endloop
  endfacet
  facet normal 0.941511 0.336982 0
    outer loop
      vertex 53.2218 18.0877 2
      vertex 53.1689 18.2355 0
      vertex 53.1689 18.2355 2
    endloop
  endfacet
  facet normal 0.941511 0.336982 0
    outer loop
      vertex 53.1689 18.2355 0
      vertex 53.2218 18.0877 2
      vertex 53.2218 18.0877 0
    endloop
  endfacet
  facet normal 0.941511 -0.336982 0
    outer loop
      vertex 53.1689 19.1645 2
      vertex 53.2218 19.3123 0
      vertex 53.2218 19.3123 2
    endloop
  endfacet
  facet normal 0.941511 -0.336982 0
    outer loop
      vertex 53.2218 19.3123 0
      vertex 53.1689 19.1645 2
      vertex 53.1689 19.1645 0
    endloop
  endfacet
  facet normal 0.671213 0.741264 -0
    outer loop
      vertex 53.685 17.4632 0
      vertex 53.5686 17.5686 2
      vertex 53.685 17.4632 2
    endloop
  endfacet
  facet normal 0.671213 0.741264 0
    outer loop
      vertex 53.5686 17.5686 2
      vertex 53.685 17.4632 0
      vertex 53.5686 17.5686 0
    endloop
  endfacet
  facet normal 0.336982 0.941511 -0
    outer loop
      vertex 54.2355 17.1689 0
      vertex 54.0877 17.2218 2
      vertex 54.2355 17.1689 2
    endloop
  endfacet
  facet normal 0.336982 0.941511 0
    outer loop
      vertex 54.0877 17.2218 2
      vertex 54.2355 17.1689 0
      vertex 54.0877 17.2218 0
    endloop
  endfacet
  facet normal 0.85783 -0.513934 0
    outer loop
      vertex 53.2889 19.4542 2
      vertex 53.3696 19.5889 0
      vertex 53.3696 19.5889 2
    endloop
  endfacet
  facet normal 0.85783 -0.513934 0
    outer loop
      vertex 53.3696 19.5889 0
      vertex 53.2889 19.4542 2
      vertex 53.2889 19.4542 0
    endloop
  endfacet
  facet normal 0.243135 0.969993 -0
    outer loop
      vertex 54.3879 17.1307 0
      vertex 54.2355 17.1689 2
      vertex 54.3879 17.1307 2
    endloop
  endfacet
  facet normal 0.243135 0.969993 0
    outer loop
      vertex 54.2355 17.1689 2
      vertex 54.3879 17.1307 0
      vertex 54.2355 17.1689 0
    endloop
  endfacet
  facet normal 0.741264 0.671213 0
    outer loop
      vertex 53.5686 17.5686 2
      vertex 53.4632 17.685 0
      vertex 53.4632 17.685 2
    endloop
  endfacet
  facet normal 0.741264 0.671213 0
    outer loop
      vertex 53.4632 17.685 0
      vertex 53.5686 17.5686 2
      vertex 53.5686 17.5686 0
    endloop
  endfacet
  facet normal 0.427484 -0.904023 0
    outer loop
      vertex 53.9458 20.1111 0
      vertex 54.0877 20.1782 2
      vertex 53.9458 20.1111 2
    endloop
  endfacet
  facet normal 0.427484 -0.904023 0
    outer loop
      vertex 54.0877 20.1782 2
      vertex 53.9458 20.1111 0
      vertex 54.0877 20.1782 0
    endloop
  endfacet
  facet normal 0.80297 -0.596019 0
    outer loop
      vertex 53.3696 19.5889 2
      vertex 53.4632 19.715 0
      vertex 53.4632 19.715 2
    endloop
  endfacet
  facet normal 0.80297 -0.596019 0
    outer loop
      vertex 53.4632 19.715 0
      vertex 53.3696 19.5889 2
      vertex 53.3696 19.5889 0
    endloop
  endfacet
  facet normal 0.98921 -0.146502 0
    outer loop
      vertex 53.1077 18.8568 2
      vertex 53.1307 19.0121 0
      vertex 53.1307 19.0121 2
    endloop
  endfacet
  facet normal 0.98921 -0.146502 0
    outer loop
      vertex 53.1307 19.0121 0
      vertex 53.1077 18.8568 2
      vertex 53.1077 18.8568 0
    endloop
  endfacet
  facet normal 0.85783 0.513934 0
    outer loop
      vertex 53.3696 17.8111 2
      vertex 53.2889 17.9458 0
      vertex 53.2889 17.9458 2
    endloop
  endfacet
  facet normal 0.85783 0.513934 0
    outer loop
      vertex 53.2889 17.9458 0
      vertex 53.3696 17.8111 2
      vertex 53.3696 17.8111 0
    endloop
  endfacet
  facet normal 0.80297 0.596019 0
    outer loop
      vertex 53.4632 17.685 2
      vertex 53.3696 17.8111 0
      vertex 53.3696 17.8111 2
    endloop
  endfacet
  facet normal 0.80297 0.596019 0
    outer loop
      vertex 53.3696 17.8111 0
      vertex 53.4632 17.685 2
      vertex 53.4632 17.685 0
    endloop
  endfacet
  facet normal 0.596019 -0.80297 0
    outer loop
      vertex 53.685 19.9368 0
      vertex 53.8111 20.0304 2
      vertex 53.685 19.9368 2
    endloop
  endfacet
  facet normal 0.596019 -0.80297 0
    outer loop
      vertex 53.8111 20.0304 2
      vertex 53.685 19.9368 0
      vertex 53.8111 20.0304 0
    endloop
  endfacet
  facet normal 0.049048 -0.998796 0
    outer loop
      vertex 54.5432 20.2923 0
      vertex 54.7 20.3 2
      vertex 54.5432 20.2923 2
    endloop
  endfacet
  facet normal 0.049048 -0.998796 0
    outer loop
      vertex 54.7 20.3 2
      vertex 54.5432 20.2923 0
      vertex 54.7 20.3 0
    endloop
  endfacet
  facet normal 0.336982 -0.941511 0
    outer loop
      vertex 54.0877 20.1782 0
      vertex 54.2355 20.2311 2
      vertex 54.0877 20.1782 2
    endloop
  endfacet
  facet normal 0.336982 -0.941511 0
    outer loop
      vertex 54.2355 20.2311 2
      vertex 54.0877 20.1782 0
      vertex 54.2355 20.2311 0
    endloop
  endfacet
  facet normal -0.671213 -0.741264 0
    outer loop
      vertex 55.715 19.9368 0
      vertex 55.8314 19.8314 2
      vertex 55.715 19.9368 2
    endloop
  endfacet
  facet normal -0.671213 -0.741264 -0
    outer loop
      vertex 55.8314 19.8314 2
      vertex 55.715 19.9368 0
      vertex 55.8314 19.8314 0
    endloop
  endfacet
  facet normal 0 0 -1
    outer loop
      vertex 12.596 50.3967 0.8
      vertex 13.7428 50.1525 0.8
      vertex 13.6944 49.9977 0.8
    endloop
  endfacet
  facet normal 0 0 -1
    outer loop
      vertex 12.5693 50.3212 0.8
      vertex 13.6944 49.9977 0.8
      vertex 13.6365 49.8537 0.8
    endloop
  endfacet
  facet normal 0 0 -1
    outer loop
      vertex 12.5693 50.3212 0.8
      vertex 13.6365 49.8537 0.8
      vertex 13.5693 49.7204 0.8
    endloop
  endfacet
  facet normal 0 0 -1
    outer loop
      vertex 12.538 50.2502 0.8
      vertex 13.5693 49.7204 0.8
      vertex 13.4926 49.5979 0.8
    endloop
  endfacet
  facet normal 0 0 -1
    outer loop
      vertex 12.5021 50.1837 0.8
      vertex 13.4926 49.5979 0.8
      vertex 13.4066 49.4861 0.8
    endloop
  endfacet
  facet normal 0 0 -1
    outer loop
      vertex 12.4616 50.1218 0.8
      vertex 13.4066 49.4861 0.8
      vertex 13.3112 49.3851 0.8
    endloop
  endfacet
  facet normal 0 0 -1
    outer loop
      vertex 12.4616 50.1218 0.8
      vertex 13.3112 49.3851 0.8
      vertex 13.2064 49.2949 0.8
    endloop
  endfacet
  facet normal 0 0 -1
    outer loop
      vertex 12.4166 50.0644 0.8
      vertex 13.2064 49.2949 0.8
      vertex 13.0922 49.2154 0.8
    endloop
  endfacet
  facet normal 0 0 -1
    outer loop
      vertex 12.367 50.0115 0.8
      vertex 13.0922 49.2154 0.8
      vertex 12.9667 49.1453 0.8
    endloop
  endfacet
  facet normal 0 0 -1
    outer loop
      vertex 12.3128 49.9631 0.8
      vertex 12.9667 49.1453 0.8
      vertex 12.8282 49.0835 0.8
    endloop
  endfacet
  facet normal 0 0 -1
    outer loop
      vertex 12.3128 49.9631 0.8
      vertex 12.8282 49.0835 0.8
      vertex 12.6765 49.03 0.8
    endloop
  endfacet
  facet normal 0 0 -1
    outer loop
      vertex 13.4926 49.5979 0.8
      vertex 12.5021 50.1837 0.8
      vertex 12.538 50.2502 0.8
    endloop
  endfacet
  facet normal 0 0 -1
    outer loop
      vertex 13.7428 50.1525 0.8
      vertex 12.6182 50.4767 0.8
      vertex 13.7819 50.318 0.8
    endloop
  endfacet
  facet normal 0 0 -1
    outer loop
      vertex 13.7428 50.1525 0.8
      vertex 12.596 50.3967 0.8
      vertex 12.6182 50.4767 0.8
    endloop
  endfacet
  facet normal 0 0 -1
    outer loop
      vertex 13.6944 49.9977 0.8
      vertex 12.5693 50.3212 0.8
      vertex 12.596 50.3967 0.8
    endloop
  endfacet
  facet normal 0 0 -1
    outer loop
      vertex 12.1901 49.88 0.8
      vertex 12.6765 49.03 0.8
      vertex 12.5117 48.9847 0.8
    endloop
  endfacet
  facet normal 0 0 -1
    outer loop
      vertex 13.5693 49.7204 0.8
      vertex 12.538 50.2502 0.8
      vertex 12.5693 50.3212 0.8
    endloop
  endfacet
  facet normal 0 0 -1
    outer loop
      vertex 13.4066 49.4861 0.8
      vertex 12.4616 50.1218 0.8
      vertex 12.5021 50.1837 0.8
    endloop
  endfacet
  facet normal 0 0 -1
    outer loop
      vertex 13.2064 49.2949 0.8
      vertex 12.4166 50.0644 0.8
      vertex 12.4616 50.1218 0.8
    endloop
  endfacet
  facet normal 0 0 -1
    outer loop
      vertex 13.0922 49.2154 0.8
      vertex 12.367 50.0115 0.8
      vertex 12.4166 50.0644 0.8
    endloop
  endfacet
  facet normal 0 0 -1
    outer loop
      vertex 12.1202 49.8453 0.8
      vertex 12.5117 48.9847 0.8
      vertex 12.3338 48.9476 0.8
    endloop
  endfacet
  facet normal 0 0 -1
    outer loop
      vertex 12.9667 49.1453 0.8
      vertex 12.3128 49.9631 0.8
      vertex 12.367 50.0115 0.8
    endloop
  endfacet
  facet normal 0 0 -1
    outer loop
      vertex 12.6765 49.03 0.8
      vertex 12.254 49.9193 0.8
      vertex 12.3128 49.9631 0.8
    endloop
  endfacet
  facet normal 0 0 -1
    outer loop
      vertex 12.6765 49.03 0.8
      vertex 12.1901 49.88 0.8
      vertex 12.254 49.9193 0.8
    endloop
  endfacet
  facet normal 0 0 -1
    outer loop
      vertex 12.0445 49.8153 0.8
      vertex 12.3338 48.9476 0.8
      vertex 12.1428 48.9188 0.8
    endloop
  endfacet
  facet normal 0 0 -1
    outer loop
      vertex 12.5117 48.9847 0.8
      vertex 12.1202 49.8453 0.8
      vertex 12.1901 49.88 0.8
    endloop
  endfacet
  facet normal 0 0 -1
    outer loop
      vertex 12.3338 48.9476 0.8
      vertex 12.0445 49.8153 0.8
      vertex 12.1202 49.8453 0.8
    endloop
  endfacet
  facet normal 0 0 -1
    outer loop
      vertex 12.1428 48.9188 0.8
      vertex 11.9629 49.7898 0.8
      vertex 12.0445 49.8153 0.8
    endloop
  endfacet
  facet normal 0 0 -1
    outer loop
      vertex 11.8754 49.769 0.8
      vertex 12.1428 48.9188 0.8
      vertex 11.9387 48.8982 0.8
    endloop
  endfacet
  facet normal 0 0 -1
    outer loop
      vertex 12.1428 48.9188 0.8
      vertex 11.8754 49.769 0.8
      vertex 11.9629 49.7898 0.8
    endloop
  endfacet
  facet normal 0 0 -1
    outer loop
      vertex 11.9387 48.8982 0.8
      vertex 11.7821 49.7529 0.8
      vertex 11.8754 49.769 0.8
    endloop
  endfacet
  facet normal 0 0 -1
    outer loop
      vertex 11.7215 48.8858 0.8
      vertex 11.7821 49.7529 0.8
      vertex 11.9387 48.8982 0.8
    endloop
  endfacet
  facet normal 0 0 -1
    outer loop
      vertex 11.7215 48.8858 0.8
      vertex 11.6829 49.7413 0.8
      vertex 11.7821 49.7529 0.8
    endloop
  endfacet
  facet normal 0 0 -1
    outer loop
      vertex 11.7215 48.8858 0.8
      vertex 11.5777 49.7344 0.8
      vertex 11.6829 49.7413 0.8
    endloop
  endfacet
  facet normal 0 0 -1
    outer loop
      vertex 11.4911 48.8817 0.8
      vertex 11.5777 49.7344 0.8
      vertex 11.7215 48.8858 0.8
    endloop
  endfacet
  facet normal 0 0 -1
    outer loop
      vertex 11.4911 48.8817 0.8
      vertex 11.4668 49.7321 0.8
      vertex 11.5777 49.7344 0.8
    endloop
  endfacet
  facet normal 0 0 -1
    outer loop
      vertex 11.25 48.8868 0.8
      vertex 11.4668 49.7321 0.8
      vertex 11.4911 48.8817 0.8
    endloop
  endfacet
  facet normal 0 0 -1
    outer loop
      vertex 11.25 48.8868 0.8
      vertex 11.2379 49.7405 0.8
      vertex 11.4668 49.7321 0.8
    endloop
  endfacet
  facet normal 0 0 -1
    outer loop
      vertex 11.0219 48.9021 0.8
      vertex 11.2379 49.7405 0.8
      vertex 11.25 48.8868 0.8
    endloop
  endfacet
  facet normal -0 0 -1
    outer loop
      vertex 11.2379 49.7405 0.8
      vertex 11.0219 48.9021 0.8
      vertex 11.036 49.7658 0.8
    endloop
  endfacet
  facet normal 0 0 -1
    outer loop
      vertex 10.8069 48.9276 0.8
      vertex 11.036 49.7658 0.8
      vertex 11.0219 48.9021 0.8
    endloop
  endfacet
  facet normal -0 0 -1
    outer loop
      vertex 11.036 49.7658 0.8
      vertex 10.8069 48.9276 0.8
      vertex 10.861 49.808 0.8
    endloop
  endfacet
  facet normal 0 0 -1
    outer loop
      vertex 10.6051 48.9633 0.8
      vertex 10.861 49.808 0.8
      vertex 10.8069 48.9276 0.8
    endloop
  endfacet
  facet normal -0 0 -1
    outer loop
      vertex 10.861 49.808 0.8
      vertex 10.6051 48.9633 0.8
      vertex 10.7129 49.8671 0.8
    endloop
  endfacet
  facet normal 0 0 -1
    outer loop
      vertex 10.4163 49.0091 0.8
      vertex 10.7129 49.8671 0.8
      vertex 10.6051 48.9633 0.8
    endloop
  endfacet
  facet normal 0 0 -1
    outer loop
      vertex 10.2407 49.0652 0.8
      vertex 10.7129 49.8671 0.8
      vertex 10.4163 49.0091 0.8
    endloop
  endfacet
  facet normal -0 0 -1
    outer loop
      vertex 10.7129 49.8671 0.8
      vertex 10.2407 49.0652 0.8
      vertex 10.5917 49.943 0.8
    endloop
  endfacet
  facet normal 0 0 -1
    outer loop
      vertex 10.0782 49.1315 0.8
      vertex 10.5917 49.943 0.8
      vertex 10.2407 49.0652 0.8
    endloop
  endfacet
  facet normal 0 0 -1
    outer loop
      vertex 9.92877 49.208 0.8
      vertex 10.5917 49.943 0.8
      vertex 10.0782 49.1315 0.8
    endloop
  endfacet
  facet normal -0 0 -1
    outer loop
      vertex 10.5917 49.943 0.8
      vertex 9.92877 49.208 0.8
      vertex 10.4975 50.0359 0.8
    endloop
  endfacet
  facet normal 0 0 -1
    outer loop
      vertex 10.7403 50.9775 0.8
      vertex 10.3112 51.9516 0.8
      vertex 10.3721 51.9726 0.8
    endloop
  endfacet
  facet normal 0 0 -1
    outer loop
      vertex 9.79247 49.2947 0.8
      vertex 10.4975 50.0359 0.8
      vertex 9.92877 49.208 0.8
    endloop
  endfacet
  facet normal 0 0 -1
    outer loop
      vertex 10.3778 50.4643 0.8
      vertex 10.2557 51.9308 0.8
      vertex 10.3112 51.9516 0.8
    endloop
  endfacet
  facet normal 0 0 -1
    outer loop
      vertex 9.66994 49.3909 0.8
      vertex 10.4975 50.0359 0.8
      vertex 9.79247 49.2947 0.8
    endloop
  endfacet
  facet normal 0 0 -1
    outer loop
      vertex 10.3778 50.4643 0.8
      vertex 10.2015 51.9093 0.8
      vertex 10.2557 51.9308 0.8
    endloop
  endfacet
  facet normal 0 0 -1
    outer loop
      vertex 10.3778 50.4643 0.8
      vertex 10.1484 51.8869 0.8
      vertex 10.2015 51.9093 0.8
    endloop
  endfacet
  facet normal 0 0 -1
    outer loop
      vertex 10.3778 50.4643 0.8
      vertex 10.0966 51.8638 0.8
      vertex 10.1484 51.8869 0.8
    endloop
  endfacet
  facet normal -0 0 -1
    outer loop
      vertex 10.4975 50.0359 0.8
      vertex 9.66994 49.3909 0.8
      vertex 10.4302 50.1456 0.8
    endloop
  endfacet
  facet normal 0 0 -1
    outer loop
      vertex 10.3778 50.4643 0.8
      vertex 10.046 51.8398 0.8
      vertex 10.0966 51.8638 0.8
    endloop
  endfacet
  facet normal 0 0 -1
    outer loop
      vertex 10.3778 50.4643 0.8
      vertex 9.99654 51.8151 0.8
      vertex 10.046 51.8398 0.8
    endloop
  endfacet
  facet normal 0 0 -1
    outer loop
      vertex 10.3778 50.4643 0.8
      vertex 9.94831 51.7895 0.8
      vertex 9.99654 51.8151 0.8
    endloop
  endfacet
  facet normal 0 0 -1
    outer loop
      vertex 9.56182 49.4962 0.8
      vertex 10.4302 50.1456 0.8
      vertex 9.66994 49.3909 0.8
    endloop
  endfacet
  facet normal 0 0 -1
    outer loop
      vertex 10.3778 50.4643 0.8
      vertex 9.90129 51.7631 0.8
      vertex 9.94831 51.7895 0.8
    endloop
  endfacet
  facet normal 0 0 -1
    outer loop
      vertex 9.46811 49.6104 0.8
      vertex 10.4302 50.1456 0.8
      vertex 9.56182 49.4962 0.8
    endloop
  endfacet
  facet normal 0 0 -1
    outer loop
      vertex 10.3778 50.4643 0.8
      vertex 9.85547 51.736 0.8
      vertex 9.90129 51.7631 0.8
    endloop
  endfacet
  facet normal 0 0 -1
    outer loop
      vertex 9.38881 49.7337 0.8
      vertex 10.4302 50.1456 0.8
      vertex 9.46811 49.6104 0.8
    endloop
  endfacet
  facet normal 0 0 -1
    outer loop
      vertex 10.3778 50.4643 0.8
      vertex 9.81102 51.7077 0.8
      vertex 9.85547 51.736 0.8
    endloop
  endfacet
  facet normal 0 0 -1
    outer loop
      vertex 10.3778 50.4643 0.8
      vertex 9.76808 51.6783 0.8
      vertex 9.81102 51.7077 0.8
    endloop
  endfacet
  facet normal 0 0 -1
    outer loop
      vertex 10.3778 50.4643 0.8
      vertex 9.72664 51.6475 0.8
      vertex 9.76808 51.6783 0.8
    endloop
  endfacet
  facet normal 0 0 -1
    outer loop
      vertex 10.3778 50.4643 0.8
      vertex 9.68671 51.6156 0.8
      vertex 9.72664 51.6475 0.8
    endloop
  endfacet
  facet normal 0 0 -1
    outer loop
      vertex 10.3778 50.4643 0.8
      vertex 9.64829 51.5823 0.8
      vertex 9.68671 51.6156 0.8
    endloop
  endfacet
  facet normal 0 0 -1
    outer loop
      vertex 10.3778 50.4643 0.8
      vertex 9.61136 51.5478 0.8
      vertex 9.64829 51.5823 0.8
    endloop
  endfacet
  facet normal 0 0 -1
    outer loop
      vertex 10.3778 50.4643 0.8
      vertex 9.57595 51.5121 0.8
      vertex 9.61136 51.5478 0.8
    endloop
  endfacet
  facet normal -0 0 -1
    outer loop
      vertex 10.4302 50.1456 0.8
      vertex 9.38881 49.7337 0.8
      vertex 10.3898 50.2721 0.8
    endloop
  endfacet
  facet normal 0 0 -1
    outer loop
      vertex 10.3778 50.4643 0.8
      vertex 9.54204 51.4751 0.8
      vertex 9.57595 51.5121 0.8
    endloop
  endfacet
  facet normal 0 0 -1
    outer loop
      vertex 10.3778 50.4643 0.8
      vertex 9.50963 51.4368 0.8
      vertex 9.54204 51.4751 0.8
    endloop
  endfacet
  facet normal 0 0 -1
    outer loop
      vertex 10.3778 50.4643 0.8
      vertex 9.47878 51.3972 0.8
      vertex 9.50963 51.4368 0.8
    endloop
  endfacet
  facet normal 0 0 -1
    outer loop
      vertex 9.32395 49.8659 0.8
      vertex 10.3898 50.2721 0.8
      vertex 9.38881 49.7337 0.8
    endloop
  endfacet
  facet normal 0 0 -1
    outer loop
      vertex 10.3778 50.4643 0.8
      vertex 9.44947 51.3561 0.8
      vertex 9.47878 51.3972 0.8
    endloop
  endfacet
  facet normal 0 0 -1
    outer loop
      vertex 10.3778 50.4643 0.8
      vertex 9.42173 51.3134 0.8
      vertex 9.44947 51.3561 0.8
    endloop
  endfacet
  facet normal 0 0 -1
    outer loop
      vertex 10.3778 50.4643 0.8
      vertex 9.39553 51.2693 0.8
      vertex 9.42173 51.3134 0.8
    endloop
  endfacet
  facet normal 0 0 -1
    outer loop
      vertex 9.27349 50.0071 0.8
      vertex 10.3898 50.2721 0.8
      vertex 9.32395 49.8659 0.8
    endloop
  endfacet
  facet normal 0 0 -1
    outer loop
      vertex 10.3778 50.4643 0.8
      vertex 9.3709 51.2236 0.8
      vertex 9.39553 51.2693 0.8
    endloop
  endfacet
  facet normal 0 0 -1
    outer loop
      vertex 10.3778 50.4643 0.8
      vertex 9.34781 51.1764 0.8
      vertex 9.3709 51.2236 0.8
    endloop
  endfacet
  facet normal 0 0 -1
    outer loop
      vertex 10.3778 50.4643 0.8
      vertex 9.3263 51.1278 0.8
      vertex 9.34781 51.1764 0.8
    endloop
  endfacet
  facet normal 0 0 -1
    outer loop
      vertex 9.23744 50.1574 0.8
      vertex 10.3898 50.2721 0.8
      vertex 9.27349 50.0071 0.8
    endloop
  endfacet
  facet normal 0 0 -1
    outer loop
      vertex 10.3778 50.4643 0.8
      vertex 9.30634 51.0776 0.8
      vertex 9.3263 51.1278 0.8
    endloop
  endfacet
  facet normal 0 0 -1
    outer loop
      vertex 10.3778 50.4643 0.8
      vertex 9.28794 51.0259 0.8
      vertex 9.30634 51.0776 0.8
    endloop
  endfacet
  facet normal -0 0 -1
    outer loop
      vertex 10.3898 50.2721 0.8
      vertex 9.23744 50.1574 0.8
      vertex 10.3763 50.4156 0.8
    endloop
  endfacet
  facet normal 0 0 -1
    outer loop
      vertex 10.3778 50.4643 0.8
      vertex 9.27129 50.9726 0.8
      vertex 9.28794 51.0259 0.8
    endloop
  endfacet
  facet normal 0 0 -1
    outer loop
      vertex 10.3778 50.4643 0.8
      vertex 9.25659 50.9176 0.8
      vertex 9.27129 50.9726 0.8
    endloop
  endfacet
  facet normal 0 0 -1
    outer loop
      vertex 10.3778 50.4643 0.8
      vertex 9.24387 50.8609 0.8
      vertex 9.25659 50.9176 0.8
    endloop
  endfacet
  facet normal 0 0 -1
    outer loop
      vertex 10.3763 50.4156 0.8
      vertex 9.23744 50.1574 0.8
      vertex 9.21582 50.3166 0.8
    endloop
  endfacet
  facet normal 0 0 -1
    outer loop
      vertex 10.3778 50.4643 0.8
      vertex 9.2331 50.8025 0.8
      vertex 9.24387 50.8609 0.8
    endloop
  endfacet
  facet normal 0 0 -1
    outer loop
      vertex 10.3778 50.4643 0.8
      vertex 9.22428 50.7424 0.8
      vertex 9.2331 50.8025 0.8
    endloop
  endfacet
  facet normal 0 0 -1
    outer loop
      vertex 10.3778 50.4643 0.8
      vertex 9.21743 50.6805 0.8
      vertex 9.22428 50.7424 0.8
    endloop
  endfacet
  facet normal -0 0 -1
    outer loop
      vertex 10.3763 50.4156 0.8
      vertex 9.21582 50.3166 0.8
      vertex 9.20861 50.4848 0.8
    endloop
  endfacet
  facet normal 0 0 -1
    outer loop
      vertex 10.3778 50.4643 0.8
      vertex 9.21253 50.617 0.8
      vertex 9.21743 50.6805 0.8
    endloop
  endfacet
  facet normal 0 0 -1
    outer loop
      vertex 10.3778 50.4643 0.8
      vertex 9.2096 50.5517 0.8
      vertex 9.21253 50.617 0.8
    endloop
  endfacet
  facet normal 0 0 -1
    outer loop
      vertex 10.3778 50.4643 0.8
      vertex 9.20861 50.4848 0.8
      vertex 9.2096 50.5517 0.8
    endloop
  endfacet
  facet normal 0 0 -1
    outer loop
      vertex 12.7576 53.013 0.8
      vertex 13.931 52.9696 0.8
      vertex 13.927 52.8931 0.8
    endloop
  endfacet
  facet normal 0 0 -1
    outer loop
      vertex 13.931 52.9696 0.8
      vertex 12.7629 53.0641 0.8
      vertex 13.9324 53.0481 0.8
    endloop
  endfacet
  facet normal 0 0 -1
    outer loop
      vertex 12.7576 53.013 0.8
      vertex 13.927 52.8931 0.8
      vertex 13.9202 52.8187 0.8
    endloop
  endfacet
  facet normal 0 0 -1
    outer loop
      vertex 12.7486 52.964 0.8
      vertex 13.9202 52.8187 0.8
      vertex 13.9107 52.7463 0.8
    endloop
  endfacet
  facet normal 0 -0 -1
    outer loop
      vertex 12.7647 53.1173 0.8
      vertex 13.9324 53.0481 0.8
      vertex 12.7629 53.0641 0.8
    endloop
  endfacet
  facet normal 0 0 -1
    outer loop
      vertex 12.7486 52.964 0.8
      vertex 13.9107 52.7463 0.8
      vertex 13.8985 52.676 0.8
    endloop
  endfacet
  facet normal 0 0 -1
    outer loop
      vertex 12.7361 52.9171 0.8
      vertex 13.8985 52.676 0.8
      vertex 13.8836 52.6078 0.8
    endloop
  endfacet
  facet normal 0 0 -1
    outer loop
      vertex 12.7361 52.9171 0.8
      vertex 13.8836 52.6078 0.8
      vertex 13.866 52.5416 0.8
    endloop
  endfacet
  facet normal 0 0 -1
    outer loop
      vertex 13.9324 53.0481 0.8
      vertex 12.7647 53.1173 0.8
      vertex 13.9247 53.2304 0.8
    endloop
  endfacet
  facet normal 0 0 -1
    outer loop
      vertex 12.7361 52.9171 0.8
      vertex 13.866 52.5416 0.8
      vertex 13.8456 52.4775 0.8
    endloop
  endfacet
  facet normal 0 0 -1
    outer loop
      vertex 12.7201 52.8724 0.8
      vertex 13.8456 52.4775 0.8
      vertex 13.8226 52.4155 0.8
    endloop
  endfacet
  facet normal -0 0 -1
    outer loop
      vertex 13.9247 53.2304 0.8
      vertex 12.7647 53.1173 0.8
      vertex 13.9016 53.4028 0.8
    endloop
  endfacet
  facet normal 0 0 -1
    outer loop
      vertex 12.7201 52.8724 0.8
      vertex 13.8226 52.4155 0.8
      vertex 13.7969 52.3554 0.8
    endloop
  endfacet
  facet normal 0 0 -1
    outer loop
      vertex 12.7005 52.8297 0.8
      vertex 13.7969 52.3554 0.8
      vertex 13.7689 52.2972 0.8
    endloop
  endfacet
  facet normal 0 0 -1
    outer loop
      vertex 12.7492 53.2778 0.8
      vertex 13.9016 53.4028 0.8
      vertex 12.7647 53.1173 0.8
    endloop
  endfacet
  facet normal 0 0 -1
    outer loop
      vertex 12.7005 52.8297 0.8
      vertex 13.7689 52.2972 0.8
      vertex 13.7385 52.2409 0.8
    endloop
  endfacet
  facet normal 0 0 -1
    outer loop
      vertex 12.7005 52.8297 0.8
      vertex 13.7385 52.2409 0.8
      vertex 13.7056 52.1866 0.8
    endloop
  endfacet
  facet normal 0 0 -1
    outer loop
      vertex 12.6773 52.7892 0.8
      vertex 13.7056 52.1866 0.8
      vertex 13.6703 52.1341 0.8
    endloop
  endfacet
  facet normal -0 0 -1
    outer loop
      vertex 13.9016 53.4028 0.8
      vertex 12.7492 53.2778 0.8
      vertex 13.863 53.5655 0.8
    endloop
  endfacet
  facet normal 0 0 -1
    outer loop
      vertex 12.6773 52.7892 0.8
      vertex 13.6703 52.1341 0.8
      vertex 13.6327 52.0836 0.8
    endloop
  endfacet
  facet normal 0 0 -1
    outer loop
      vertex 12.6773 52.7892 0.8
      vertex 13.6327 52.0836 0.8
      vertex 13.5926 52.035 0.8
    endloop
  endfacet
  facet normal -0 0 -1
    outer loop
      vertex 13.863 53.5655 0.8
      vertex 12.7492 53.2778 0.8
      vertex 13.809 53.7184 0.8
    endloop
  endfacet
  facet normal 0 0 -1
    outer loop
      vertex 12.6505 52.7508 0.8
      vertex 13.5926 52.035 0.8
      vertex 13.5501 51.9882 0.8
    endloop
  endfacet
  facet normal 0 0 -1
    outer loop
      vertex 12.6505 52.7508 0.8
      vertex 13.5501 51.9882 0.8
      vertex 13.5051 51.9434 0.8
    endloop
  endfacet
  facet normal 0 0 -1
    outer loop
      vertex 12.6505 52.7508 0.8
      vertex 13.5051 51.9434 0.8
      vertex 13.4572 51.9002 0.8
    endloop
  endfacet
  facet normal 0 0 -1
    outer loop
      vertex 12.7026 53.4195 0.8
      vertex 13.809 53.7184 0.8
      vertex 12.7492 53.2778 0.8
    endloop
  endfacet
  facet normal 0 0 -1
    outer loop
      vertex 12.6202 52.7145 0.8
      vertex 13.4572 51.9002 0.8
      vertex 13.4056 51.8581 0.8
    endloop
  endfacet
  facet normal 0 0 -1
    outer loop
      vertex 12.6202 52.7145 0.8
      vertex 13.4056 51.8581 0.8
      vertex 13.3503 51.8173 0.8
    endloop
  endfacet
  facet normal -0 0 -1
    outer loop
      vertex 13.809 53.7184 0.8
      vertex 12.7026 53.4195 0.8
      vertex 13.7396 53.8615 0.8
    endloop
  endfacet
  facet normal 0 0 -1
    outer loop
      vertex 12.5867 52.6799 0.8
      vertex 13.3503 51.8173 0.8
      vertex 13.2914 51.7777 0.8
    endloop
  endfacet
  facet normal 0 0 -1
    outer loop
      vertex 12.5867 52.6799 0.8
      vertex 13.2914 51.7777 0.8
      vertex 13.2288 51.7392 0.8
    endloop
  endfacet
  facet normal 0 0 -1
    outer loop
      vertex 12.5502 52.6466 0.8
      vertex 13.2288 51.7392 0.8
      vertex 13.1625 51.702 0.8
    endloop
  endfacet
  facet normal -0 0 -1
    outer loop
      vertex 13.7396 53.8615 0.8
      vertex 12.7026 53.4195 0.8
      vertex 13.6548 53.9948 0.8
    endloop
  endfacet
  facet normal 0 0 -1
    outer loop
      vertex 12.5108 52.6146 0.8
      vertex 13.1625 51.702 0.8
      vertex 13.0925 51.666 0.8
    endloop
  endfacet
  facet normal 0 0 -1
    outer loop
      vertex 12.5108 52.6146 0.8
      vertex 13.0925 51.666 0.8
      vertex 13.0189 51.6312 0.8
    endloop
  endfacet
  facet normal -0 0 -1
    outer loop
      vertex 13.6548 53.9948 0.8
      vertex 12.7026 53.4195 0.8
      vertex 13.5546 54.1183 0.8
    endloop
  endfacet
  facet normal 0 0 -1
    outer loop
      vertex 12.4685 52.5839 0.8
      vertex 13.0189 51.6312 0.8
      vertex 12.9416 51.5976 0.8
    endloop
  endfacet
  facet normal 0 0 -1
    outer loop
      vertex 12.4233 52.5545 0.8
      vertex 12.9416 51.5976 0.8
      vertex 12.8567 51.5643 0.8
    endloop
  endfacet
  facet normal 0 0 -1
    outer loop
      vertex 12.625 53.5422 0.8
      vertex 13.5546 54.1183 0.8
      vertex 12.7026 53.4195 0.8
    endloop
  endfacet
  facet normal -0 0 -1
    outer loop
      vertex 13.4389 54.232 0.8
      vertex 12.625 53.5422 0.8
      vertex 13.3078 54.3359 0.8
    endloop
  endfacet
  facet normal -0 0 -1
    outer loop
      vertex 13.5546 54.1183 0.8
      vertex 12.625 53.5422 0.8
      vertex 13.4389 54.232 0.8
    endloop
  endfacet
  facet normal 0 0 -1
    outer loop
      vertex 12.3752 52.5264 0.8
      vertex 12.8567 51.5643 0.8
      vertex 12.7602 51.5303 0.8
    endloop
  endfacet
  facet normal 0 0 -1
    outer loop
      vertex 13.931 52.9696 0.8
      vertex 12.7576 53.013 0.8
      vertex 12.7629 53.0641 0.8
    endloop
  endfacet
  facet normal 0 0 -1
    outer loop
      vertex 13.9202 52.8187 0.8
      vertex 12.7486 52.964 0.8
      vertex 12.7576 53.013 0.8
    endloop
  endfacet
  facet normal 0 0 -1
    outer loop
      vertex 13.8985 52.676 0.8
      vertex 12.7361 52.9171 0.8
      vertex 12.7486 52.964 0.8
    endloop
  endfacet
  facet normal 0 0 -1
    outer loop
      vertex 13.8456 52.4775 0.8
      vertex 12.7201 52.8724 0.8
      vertex 12.7361 52.9171 0.8
    endloop
  endfacet
  facet normal 0 0 -1
    outer loop
      vertex 13.7969 52.3554 0.8
      vertex 12.7005 52.8297 0.8
      vertex 12.7201 52.8724 0.8
    endloop
  endfacet
  facet normal 0 0 -1
    outer loop
      vertex 13.7056 52.1866 0.8
      vertex 12.6773 52.7892 0.8
      vertex 12.7005 52.8297 0.8
    endloop
  endfacet
  facet normal 0 0 -1
    outer loop
      vertex 12.3242 52.4996 0.8
      vertex 12.7602 51.5303 0.8
      vertex 12.6521 51.4957 0.8
    endloop
  endfacet
  facet normal 0 0 -1
    outer loop
      vertex 13.5926 52.035 0.8
      vertex 12.6505 52.7508 0.8
      vertex 12.6773 52.7892 0.8
    endloop
  endfacet
  facet normal 0 0 -1
    outer loop
      vertex 13.4572 51.9002 0.8
      vertex 12.6202 52.7145 0.8
      vertex 12.6505 52.7508 0.8
    endloop
  endfacet
  facet normal 0 0 -1
    outer loop
      vertex 13.3503 51.8173 0.8
      vertex 12.5867 52.6799 0.8
      vertex 12.6202 52.7145 0.8
    endloop
  endfacet
  facet normal 0 0 -1
    outer loop
      vertex 13.2288 51.7392 0.8
      vertex 12.5502 52.6466 0.8
      vertex 12.5867 52.6799 0.8
    endloop
  endfacet
  facet normal 0 0 -1
    outer loop
      vertex 12.2702 52.4742 0.8
      vertex 12.6521 51.4957 0.8
      vertex 12.5324 51.4604 0.8
    endloop
  endfacet
  facet normal 0 0 -1
    outer loop
      vertex 13.1625 51.702 0.8
      vertex 12.5108 52.6146 0.8
      vertex 12.5502 52.6466 0.8
    endloop
  endfacet
  facet normal 0 0 -1
    outer loop
      vertex 13.0189 51.6312 0.8
      vertex 12.4685 52.5839 0.8
      vertex 12.5108 52.6146 0.8
    endloop
  endfacet
  facet normal 0 0 -1
    outer loop
      vertex 12.9416 51.5976 0.8
      vertex 12.4233 52.5545 0.8
      vertex 12.4685 52.5839 0.8
    endloop
  endfacet
  facet normal 0 0 -1
    outer loop
      vertex 12.1491 52.426 0.8
      vertex 12.5324 51.4604 0.8
      vertex 12.401 51.4244 0.8
    endloop
  endfacet
  facet normal 0 0 -1
    outer loop
      vertex 12.8567 51.5643 0.8
      vertex 12.3752 52.5264 0.8
      vertex 12.4233 52.5545 0.8
    endloop
  endfacet
  facet normal 0 0 -1
    outer loop
      vertex 12.7602 51.5303 0.8
      vertex 12.3242 52.4996 0.8
      vertex 12.3752 52.5264 0.8
    endloop
  endfacet
  facet normal 0 0 -1
    outer loop
      vertex 12.6521 51.4957 0.8
      vertex 12.2702 52.4742 0.8
      vertex 12.3242 52.4996 0.8
    endloop
  endfacet
  facet normal 0 0 -1
    outer loop
      vertex 12.0729 52.4008 0.8
      vertex 12.401 51.4244 0.8
      vertex 12.2581 51.3878 0.8
    endloop
  endfacet
  facet normal 0 0 -1
    outer loop
      vertex 12.5324 51.4604 0.8
      vertex 12.2134 52.45 0.8
      vertex 12.2702 52.4742 0.8
    endloop
  endfacet
  facet normal 0 0 -1
    outer loop
      vertex 12.5324 51.4604 0.8
      vertex 12.1491 52.426 0.8
      vertex 12.2134 52.45 0.8
    endloop
  endfacet
  facet normal 0 0 -1
    outer loop
      vertex 11.8848 52.3471 0.8
      vertex 12.2581 51.3878 0.8
      vertex 12.1036 51.3506 0.8
    endloop
  endfacet
  facet normal 0 0 -1
    outer loop
      vertex 12.401 51.4244 0.8
      vertex 12.0729 52.4008 0.8
      vertex 12.1491 52.426 0.8
    endloop
  endfacet
  facet normal 0 0 -1
    outer loop
      vertex 12.2581 51.3878 0.8
      vertex 11.9848 52.3745 0.8
      vertex 12.0729 52.4008 0.8
    endloop
  endfacet
  facet normal 0 0 -1
    outer loop
      vertex 11.773 52.3186 0.8
      vertex 12.1036 51.3506 0.8
      vertex 11.9374 51.3127 0.8
    endloop
  endfacet
  facet normal 0 0 -1
    outer loop
      vertex 12.2581 51.3878 0.8
      vertex 11.8848 52.3471 0.8
      vertex 11.9848 52.3745 0.8
    endloop
  endfacet
  facet normal 0 0 -1
    outer loop
      vertex 12.1036 51.3506 0.8
      vertex 11.773 52.3186 0.8
      vertex 11.8848 52.3471 0.8
    endloop
  endfacet
  facet normal 0 0 -1
    outer loop
      vertex 11.6492 52.2891 0.8
      vertex 11.9374 51.3127 0.8
      vertex 11.7597 51.2741 0.8
    endloop
  endfacet
  facet normal 0 0 -1
    outer loop
      vertex 11.9374 51.3127 0.8
      vertex 11.6492 52.2891 0.8
      vertex 11.773 52.3186 0.8
    endloop
  endfacet
  facet normal 0 0 -1
    outer loop
      vertex 11.5135 52.2584 0.8
      vertex 11.7597 51.2741 0.8
      vertex 11.6109 51.2413 0.8
    endloop
  endfacet
  facet normal 0 0 -1
    outer loop
      vertex 11.7597 51.2741 0.8
      vertex 11.5135 52.2584 0.8
      vertex 11.6492 52.2891 0.8
    endloop
  endfacet
  facet normal 0 0 -1
    outer loop
      vertex 11.3659 52.2265 0.8
      vertex 11.6109 51.2413 0.8
      vertex 11.4736 51.2097 0.8
    endloop
  endfacet
  facet normal 0 0 -1
    outer loop
      vertex 11.6109 51.2413 0.8
      vertex 11.3659 52.2265 0.8
      vertex 11.5135 52.2584 0.8
    endloop
  endfacet
  facet normal 0 0 -1
    outer loop
      vertex 11.2064 52.1936 0.8
      vertex 11.4736 51.2097 0.8
      vertex 11.3478 51.1794 0.8
    endloop
  endfacet
  facet normal 0 0 -1
    outer loop
      vertex 11.0683 52.1609 0.8
      vertex 11.3478 51.1794 0.8
      vertex 11.2337 51.1504 0.8
    endloop
  endfacet
  facet normal 0 0 -1
    outer loop
      vertex 11.4736 51.2097 0.8
      vertex 11.2064 52.1936 0.8
      vertex 11.3659 52.2265 0.8
    endloop
  endfacet
  facet normal 0 0 -1
    outer loop
      vertex 10.9399 52.1296 0.8
      vertex 11.2337 51.1504 0.8
      vertex 11.131 51.1226 0.8
    endloop
  endfacet
  facet normal 0 0 -1
    outer loop
      vertex 11.3478 51.1794 0.8
      vertex 11.0683 52.1609 0.8
      vertex 11.2064 52.1936 0.8
    endloop
  endfacet
  facet normal 0 0 -1
    outer loop
      vertex 10.8212 52.0998 0.8
      vertex 11.131 51.1226 0.8
      vertex 11.04 51.096 0.8
    endloop
  endfacet
  facet normal 0 0 -1
    outer loop
      vertex 10.7121 52.0715 0.8
      vertex 11.04 51.096 0.8
      vertex 10.9604 51.0707 0.8
    endloop
  endfacet
  facet normal 0 0 -1
    outer loop
      vertex 11.2337 51.1504 0.8
      vertex 10.9399 52.1296 0.8
      vertex 11.0683 52.1609 0.8
    endloop
  endfacet
  facet normal 0 0 -1
    outer loop
      vertex 10.6126 52.0446 0.8
      vertex 10.9604 51.0707 0.8
      vertex 10.8925 51.0467 0.8
    endloop
  endfacet
  facet normal 0 0 -1
    outer loop
      vertex 10.5228 52.0192 0.8
      vertex 10.8925 51.0467 0.8
      vertex 10.836 51.0239 0.8
    endloop
  endfacet
  facet normal 0 0 -1
    outer loop
      vertex 11.131 51.1226 0.8
      vertex 10.8212 52.0998 0.8
      vertex 10.9399 52.1296 0.8
    endloop
  endfacet
  facet normal 0 0 -1
    outer loop
      vertex 10.4426 51.9952 0.8
      vertex 10.836 51.0239 0.8
      vertex 10.7868 51.0012 0.8
    endloop
  endfacet
  facet normal 0 0 -1
    outer loop
      vertex 10.3721 51.9726 0.8
      vertex 10.7868 51.0012 0.8
      vertex 10.7403 50.9775 0.8
    endloop
  endfacet
  facet normal 0 0 -1
    outer loop
      vertex 11.04 51.096 0.8
      vertex 10.7121 52.0715 0.8
      vertex 10.8212 52.0998 0.8
    endloop
  endfacet
  facet normal 0 0 -1
    outer loop
      vertex 10.3112 51.9516 0.8
      vertex 10.7403 50.9775 0.8
      vertex 10.6966 50.9527 0.8
    endloop
  endfacet
  facet normal 0 0 -1
    outer loop
      vertex 10.3112 51.9516 0.8
      vertex 10.6966 50.9527 0.8
      vertex 10.6556 50.9269 0.8
    endloop
  endfacet
  facet normal 0 0 -1
    outer loop
      vertex 10.3112 51.9516 0.8
      vertex 10.6556 50.9269 0.8
      vertex 10.6174 50.9 0.8
    endloop
  endfacet
  facet normal 0 0 -1
    outer loop
      vertex 10.9604 51.0707 0.8
      vertex 10.6126 52.0446 0.8
      vertex 10.7121 52.0715 0.8
    endloop
  endfacet
  facet normal 0 0 -1
    outer loop
      vertex 10.3112 51.9516 0.8
      vertex 10.6174 50.9 0.8
      vertex 10.582 50.872 0.8
    endloop
  endfacet
  facet normal 0 0 -1
    outer loop
      vertex 10.3112 51.9516 0.8
      vertex 10.582 50.872 0.8
      vertex 10.5493 50.843 0.8
    endloop
  endfacet
  facet normal 0 0 -1
    outer loop
      vertex 10.8925 51.0467 0.8
      vertex 10.5228 52.0192 0.8
      vertex 10.6126 52.0446 0.8
    endloop
  endfacet
  facet normal 0 0 -1
    outer loop
      vertex 10.3112 51.9516 0.8
      vertex 10.5493 50.843 0.8
      vertex 10.5194 50.8129 0.8
    endloop
  endfacet
  facet normal 0 0 -1
    outer loop
      vertex 10.3112 51.9516 0.8
      vertex 10.5194 50.8129 0.8
      vertex 10.4923 50.7818 0.8
    endloop
  endfacet
  facet normal 0 0 -1
    outer loop
      vertex 10.3112 51.9516 0.8
      vertex 10.4923 50.7818 0.8
      vertex 10.4679 50.7492 0.8
    endloop
  endfacet
  facet normal 0 0 -1
    outer loop
      vertex 10.3112 51.9516 0.8
      vertex 10.4679 50.7492 0.8
      vertex 10.4465 50.7145 0.8
    endloop
  endfacet
  facet normal 0 0 -1
    outer loop
      vertex 10.836 51.0239 0.8
      vertex 10.4426 51.9952 0.8
      vertex 10.5228 52.0192 0.8
    endloop
  endfacet
  facet normal 0 0 -1
    outer loop
      vertex 10.3112 51.9516 0.8
      vertex 10.4465 50.7145 0.8
      vertex 10.4279 50.6778 0.8
    endloop
  endfacet
  facet normal 0 0 -1
    outer loop
      vertex 10.3112 51.9516 0.8
      vertex 10.4279 50.6778 0.8
      vertex 10.4121 50.6391 0.8
    endloop
  endfacet
  facet normal 0 0 -1
    outer loop
      vertex 10.3112 51.9516 0.8
      vertex 10.4121 50.6391 0.8
      vertex 10.3992 50.5985 0.8
    endloop
  endfacet
  facet normal 0 0 -1
    outer loop
      vertex 10.3112 51.9516 0.8
      vertex 10.3992 50.5985 0.8
      vertex 10.3892 50.5557 0.8
    endloop
  endfacet
  facet normal 0 0 -1
    outer loop
      vertex 10.3112 51.9516 0.8
      vertex 10.3892 50.5557 0.8
      vertex 10.3821 50.511 0.8
    endloop
  endfacet
  facet normal 0 0 -1
    outer loop
      vertex 10.3112 51.9516 0.8
      vertex 10.3821 50.511 0.8
      vertex 10.3778 50.4643 0.8
    endloop
  endfacet
  facet normal 0 0 -1
    outer loop
      vertex 10.7868 51.0012 0.8
      vertex 10.3721 51.9726 0.8
      vertex 10.4426 51.9952 0.8
    endloop
  endfacet
  facet normal 0 0 -1
    outer loop
      vertex 9.20861 50.4848 0.8
      vertex 10.3778 50.4643 0.8
      vertex 10.3763 50.4156 0.8
    endloop
  endfacet
  facet normal -0 0 -1
    outer loop
      vertex 13.3078 54.3359 0.8
      vertex 12.625 53.5422 0.8
      vertex 13.1618 54.4294 0.8
    endloop
  endfacet
  facet normal 0 0 -1
    outer loop
      vertex 12.5163 53.6461 0.8
      vertex 13.1618 54.4294 0.8
      vertex 12.625 53.5422 0.8
    endloop
  endfacet
  facet normal -0 0 -1
    outer loop
      vertex 13.1618 54.4294 0.8
      vertex 12.5163 53.6461 0.8
      vertex 13.0014 54.5119 0.8
    endloop
  endfacet
  facet normal -0 0 -1
    outer loop
      vertex 13.0014 54.5119 0.8
      vertex 12.5163 53.6461 0.8
      vertex 12.8266 54.5834 0.8
    endloop
  endfacet
  facet normal 0 0 -1
    outer loop
      vertex 12.3767 53.7311 0.8
      vertex 12.8266 54.5834 0.8
      vertex 12.5163 53.6461 0.8
    endloop
  endfacet
  facet normal -0 0 -1
    outer loop
      vertex 12.8266 54.5834 0.8
      vertex 12.3767 53.7311 0.8
      vertex 12.6373 54.6439 0.8
    endloop
  endfacet
  facet normal 0 0 -1
    outer loop
      vertex 12.2059 53.7972 0.8
      vertex 12.6373 54.6439 0.8
      vertex 12.3767 53.7311 0.8
    endloop
  endfacet
  facet normal -0 0 -1
    outer loop
      vertex 12.6373 54.6439 0.8
      vertex 12.2059 53.7972 0.8
      vertex 12.4337 54.6934 0.8
    endloop
  endfacet
  facet normal -0 0 -1
    outer loop
      vertex 12.4337 54.6934 0.8
      vertex 12.2059 53.7972 0.8
      vertex 12.2156 54.7318 0.8
    endloop
  endfacet
  facet normal 0 0 -1
    outer loop
      vertex 12.0041 53.8444 0.8
      vertex 12.2156 54.7318 0.8
      vertex 12.2059 53.7972 0.8
    endloop
  endfacet
  facet normal 0 0 -1
    outer loop
      vertex 12.0041 53.8444 0.8
      vertex 11.9831 54.7594 0.8
      vertex 12.2156 54.7318 0.8
    endloop
  endfacet
  facet normal 0 0 -1
    outer loop
      vertex 11.7713 53.8728 0.8
      vertex 11.9831 54.7594 0.8
      vertex 12.0041 53.8444 0.8
    endloop
  endfacet
  facet normal 0 0 -1
    outer loop
      vertex 11.7713 53.8728 0.8
      vertex 11.7362 54.7759 0.8
      vertex 11.9831 54.7594 0.8
    endloop
  endfacet
  facet normal 0 0 -1
    outer loop
      vertex 11.5074 53.8822 0.8
      vertex 11.7362 54.7759 0.8
      vertex 11.7713 53.8728 0.8
    endloop
  endfacet
  facet normal 0 0 -1
    outer loop
      vertex 11.5074 53.8822 0.8
      vertex 11.4749 54.7814 0.8
      vertex 11.7362 54.7759 0.8
    endloop
  endfacet
  facet normal 0 0 -1
    outer loop
      vertex 11.376 53.8797 0.8
      vertex 11.4749 54.7814 0.8
      vertex 11.5074 53.8822 0.8
    endloop
  endfacet
  facet normal 0 0 -1
    outer loop
      vertex 11.2357 54.7765 0.8
      vertex 11.376 53.8797 0.8
      vertex 11.2511 53.8721 0.8
    endloop
  endfacet
  facet normal 0 0 -1
    outer loop
      vertex 11.376 53.8797 0.8
      vertex 11.2357 54.7765 0.8
      vertex 11.4749 54.7814 0.8
    endloop
  endfacet
  facet normal 0 0 -1
    outer loop
      vertex 11.0083 54.7621 0.8
      vertex 11.2511 53.8721 0.8
      vertex 11.1327 53.8594 0.8
    endloop
  endfacet
  facet normal 0 0 -1
    outer loop
      vertex 11.0083 54.7621 0.8
      vertex 11.1327 53.8594 0.8
      vertex 11.0208 53.8416 0.8
    endloop
  endfacet
  facet normal 0 0 -1
    outer loop
      vertex 11.2511 53.8721 0.8
      vertex 11.0083 54.7621 0.8
      vertex 11.2357 54.7765 0.8
    endloop
  endfacet
  facet normal 0 0 -1
    outer loop
      vertex 10.7927 54.7379 0.8
      vertex 11.0208 53.8416 0.8
      vertex 10.9155 53.8188 0.8
    endloop
  endfacet
  facet normal 0 0 -1
    outer loop
      vertex 10.5888 54.7042 0.8
      vertex 10.9155 53.8188 0.8
      vertex 10.8167 53.7909 0.8
    endloop
  endfacet
  facet normal 0 0 -1
    outer loop
      vertex 11.0208 53.8416 0.8
      vertex 10.7927 54.7379 0.8
      vertex 11.0083 54.7621 0.8
    endloop
  endfacet
  facet normal 0 0 -1
    outer loop
      vertex 10.5888 54.7042 0.8
      vertex 10.8167 53.7909 0.8
      vertex 10.7244 53.7579 0.8
    endloop
  endfacet
  facet normal 0 0 -1
    outer loop
      vertex 10.3967 54.6608 0.8
      vertex 10.7244 53.7579 0.8
      vertex 10.6386 53.7199 0.8
    endloop
  endfacet
  facet normal 0 0 -1
    outer loop
      vertex 10.9155 53.8188 0.8
      vertex 10.5888 54.7042 0.8
      vertex 10.7927 54.7379 0.8
    endloop
  endfacet
  facet normal 0 0 -1
    outer loop
      vertex 10.2163 54.6078 0.8
      vertex 10.6386 53.7199 0.8
      vertex 10.5594 53.6768 0.8
    endloop
  endfacet
  facet normal 0 0 -1
    outer loop
      vertex 10.0477 54.5451 0.8
      vertex 10.5594 53.6768 0.8
      vertex 10.4862 53.628 0.8
    endloop
  endfacet
  facet normal 0 0 -1
    outer loop
      vertex 9.8908 54.4728 0.8
      vertex 10.4862 53.628 0.8
      vertex 10.4186 53.5731 0.8
    endloop
  endfacet
  facet normal 0 0 -1
    outer loop
      vertex 10.7244 53.7579 0.8
      vertex 10.3967 54.6608 0.8
      vertex 10.5888 54.7042 0.8
    endloop
  endfacet
  facet normal 0 0 -1
    outer loop
      vertex 9.74567 54.3908 0.8
      vertex 10.4186 53.5731 0.8
      vertex 10.3564 53.512 0.8
    endloop
  endfacet
  facet normal 0 0 -1
    outer loop
      vertex 9.61196 54.299 0.8
      vertex 10.3564 53.512 0.8
      vertex 10.2998 53.4447 0.8
    endloop
  endfacet
  facet normal 0 0 -1
    outer loop
      vertex 9.37767 54.0856 0.8
      vertex 10.2998 53.4447 0.8
      vertex 10.2487 53.3712 0.8
    endloop
  endfacet
  facet normal 0 0 -1
    outer loop
      vertex 10.6386 53.7199 0.8
      vertex 10.2163 54.6078 0.8
      vertex 10.3967 54.6608 0.8
    endloop
  endfacet
  facet normal 0 0 -1
    outer loop
      vertex 9.27712 53.964 0.8
      vertex 10.2487 53.3712 0.8
      vertex 10.2032 53.2916 0.8
    endloop
  endfacet
  facet normal 0 0 -1
    outer loop
      vertex 9.18759 53.8324 0.8
      vertex 10.2032 53.2916 0.8
      vertex 10.1631 53.2058 0.8
    endloop
  endfacet
  facet normal 0 0 -1
    outer loop
      vertex 9.04172 53.5395 0.8
      vertex 10.1631 53.2058 0.8
      vertex 10.1286 53.1137 0.8
    endloop
  endfacet
  facet normal 0 0 -1
    outer loop
      vertex 8.98537 53.3781 0.8
      vertex 10.1286 53.1137 0.8
      vertex 10.0997 53.0156 0.8
    endloop
  endfacet
  facet normal 0 0 -1
    outer loop
      vertex 10.5594 53.6768 0.8
      vertex 10.0477 54.5451 0.8
      vertex 10.2163 54.6078 0.8
    endloop
  endfacet
  facet normal 0 0 -1
    outer loop
      vertex 10.4862 53.628 0.8
      vertex 9.8908 54.4728 0.8
      vertex 10.0477 54.5451 0.8
    endloop
  endfacet
  facet normal 0 0 -1
    outer loop
      vertex 10.4186 53.5731 0.8
      vertex 9.74567 54.3908 0.8
      vertex 9.8908 54.4728 0.8
    endloop
  endfacet
  facet normal 0 0 -1
    outer loop
      vertex 10.3564 53.512 0.8
      vertex 9.61196 54.299 0.8
      vertex 9.74567 54.3908 0.8
    endloop
  endfacet
  facet normal 0 0 -1
    outer loop
      vertex 10.2998 53.4447 0.8
      vertex 9.48929 54.1973 0.8
      vertex 9.61196 54.299 0.8
    endloop
  endfacet
  facet normal 0 0 -1
    outer loop
      vertex 10.2998 53.4447 0.8
      vertex 9.37767 54.0856 0.8
      vertex 9.48929 54.1973 0.8
    endloop
  endfacet
  facet normal 0 0 -1
    outer loop
      vertex 10.2487 53.3712 0.8
      vertex 9.27712 53.964 0.8
      vertex 9.37767 54.0856 0.8
    endloop
  endfacet
  facet normal 0 0 -1
    outer loop
      vertex 10.2032 53.2916 0.8
      vertex 9.18759 53.8324 0.8
      vertex 9.27712 53.964 0.8
    endloop
  endfacet
  facet normal 0 0 -1
    outer loop
      vertex 10.1631 53.2058 0.8
      vertex 9.10913 53.691 0.8
      vertex 9.18759 53.8324 0.8
    endloop
  endfacet
  facet normal 0 0 -1
    outer loop
      vertex 10.1631 53.2058 0.8
      vertex 9.04172 53.5395 0.8
      vertex 9.10913 53.691 0.8
    endloop
  endfacet
  facet normal 0 0 -1
    outer loop
      vertex 10.1286 53.1137 0.8
      vertex 8.98537 53.3781 0.8
      vertex 9.04172 53.5395 0.8
    endloop
  endfacet
  facet normal 0 -0 -1
    outer loop
      vertex 8.98537 53.3781 0.8
      vertex 10.0997 53.0156 0.8
      vertex 8.94005 53.2068 0.8
    endloop
  endfacet
  facet normal 0 0 -1
    outer loop
      vertex 19.9427 48.9671 0.8
      vertex 18.0873 49.8948 0.8
      vertex 19.9427 49.8948 0.8
    endloop
  endfacet
  facet normal 0 0 -1
    outer loop
      vertex 18.0873 49.8948 0.8
      vertex 16.887 49.8948 0.8
      vertex 18.0873 54.7 0.8
    endloop
  endfacet
  facet normal 0 0 -1
    outer loop
      vertex 19.9427 48.9671 0.8
      vertex 16.887 49.8948 0.8
      vertex 18.0873 49.8948 0.8
    endloop
  endfacet
  facet normal 0 0 -1
    outer loop
      vertex 15.0358 48.9671 0.8
      vertex 16.887 49.8948 0.8
      vertex 19.9427 48.9671 0.8
    endloop
  endfacet
  facet normal -0 0 -1
    outer loop
      vertex 16.887 49.8948 0.8
      vertex 15.0358 48.9671 0.8
      vertex 15.0358 49.8948 0.8
    endloop
  endfacet
  facet normal -0 0 -1
    outer loop
      vertex 18.0873 54.7 0.8
      vertex 16.887 49.8948 0.8
      vertex 16.887 54.7 0.8
    endloop
  endfacet
  facet normal -0 0 -1
    outer loop
      vertex 44.1325 54.7 0.8
      vertex 42.4358 53.2352 0.8
      vertex 42.9444 54.7 0.8
    endloop
  endfacet
  facet normal 0 0 -1
    outer loop
      vertex 44.1325 54.7 0.8
      vertex 42.1672 52.332 0.8
      vertex 42.4358 53.2352 0.8
    endloop
  endfacet
  facet normal 0 0 -1
    outer loop
      vertex 42.0493 48.9671 0.8
      vertex 42.1672 52.332 0.8
      vertex 44.1325 54.7 0.8
    endloop
  endfacet
  facet normal 0 0 -1
    outer loop
      vertex 42.0493 48.9671 0.8
      vertex 41.6017 50.6841 0.8
      vertex 42.1672 52.332 0.8
    endloop
  endfacet
  facet normal 0 0 -1
    outer loop
      vertex 42.0493 48.9671 0.8
      vertex 41.4268 50.1308 0.8
      vertex 41.6017 50.6841 0.8
    endloop
  endfacet
  facet normal 0 0 -1
    outer loop
      vertex 42.0493 48.9671 0.8
      vertex 41.3413 49.85 0.8
      vertex 41.4268 50.1308 0.8
    endloop
  endfacet
  facet normal 0 0 -1
    outer loop
      vertex 40.6333 48.9671 0.8
      vertex 41.3169 49.9395 0.8
      vertex 41.3413 49.85 0.8
    endloop
  endfacet
  facet normal -0 0 -1
    outer loop
      vertex 41.3169 49.9395 0.8
      vertex 40.6333 48.9671 0.8
      vertex 41.3077 49.9726 0.8
    endloop
  endfacet
  facet normal -0 0 -1
    outer loop
      vertex 41.3077 49.9726 0.8
      vertex 40.6333 48.9671 0.8
      vertex 41.298 50.0067 0.8
    endloop
  endfacet
  facet normal -0 0 -1
    outer loop
      vertex 41.298 50.0067 0.8
      vertex 40.6333 48.9671 0.8
      vertex 41.2879 50.0417 0.8
    endloop
  endfacet
  facet normal -0 0 -1
    outer loop
      vertex 41.2879 50.0417 0.8
      vertex 40.6333 48.9671 0.8
      vertex 41.2775 50.0778 0.8
    endloop
  endfacet
  facet normal -0 0 -1
    outer loop
      vertex 41.2775 50.0778 0.8
      vertex 40.6333 48.9671 0.8
      vertex 41.2666 50.1149 0.8
    endloop
  endfacet
  facet normal -0 0 -1
    outer loop
      vertex 41.2666 50.1149 0.8
      vertex 40.6333 48.9671 0.8
      vertex 41.2554 50.153 0.8
    endloop
  endfacet
  facet normal -0 0 -1
    outer loop
      vertex 41.2554 50.153 0.8
      vertex 40.6333 48.9671 0.8
      vertex 41.2437 50.192 0.8
    endloop
  endfacet
  facet normal -0 0 -1
    outer loop
      vertex 41.2437 50.192 0.8
      vertex 40.6333 48.9671 0.8
      vertex 41.2317 50.2321 0.8
    endloop
  endfacet
  facet normal -0 0 -1
    outer loop
      vertex 41.2317 50.2321 0.8
      vertex 40.6333 48.9671 0.8
      vertex 41.2192 50.2732 0.8
    endloop
  endfacet
  facet normal -0 0 -1
    outer loop
      vertex 41.2192 50.2732 0.8
      vertex 40.6333 48.9671 0.8
      vertex 41.1993 50.3356 0.8
    endloop
  endfacet
  facet normal -0 0 -1
    outer loop
      vertex 41.1993 50.3356 0.8
      vertex 40.6333 48.9671 0.8
      vertex 41.165 50.4396 0.8
    endloop
  endfacet
  facet normal -0 0 -1
    outer loop
      vertex 41.165 50.4396 0.8
      vertex 40.6333 48.9671 0.8
      vertex 41.1162 50.5851 0.8
    endloop
  endfacet
  facet normal -0 0 -1
    outer loop
      vertex 41.1162 50.5851 0.8
      vertex 40.6333 48.9671 0.8
      vertex 41.0529 50.7723 0.8
    endloop
  endfacet
  facet normal -0 0 -1
    outer loop
      vertex 41.0529 50.7723 0.8
      vertex 40.6333 48.9671 0.8
      vertex 40.9751 51.0011 0.8
    endloop
  endfacet
  facet normal -0 0 -1
    outer loop
      vertex 40.9751 51.0011 0.8
      vertex 40.6333 48.9671 0.8
      vertex 40.8829 51.2714 0.8
    endloop
  endfacet
  facet normal -0 0 -1
    outer loop
      vertex 40.8829 51.2714 0.8
      vertex 40.6333 48.9671 0.8
      vertex 40.7762 51.5833 0.8
    endloop
  endfacet
  facet normal 0 0 -1
    outer loop
      vertex 40.6333 48.9671 0.8
      vertex 41.3413 49.85 0.8
      vertex 42.0493 48.9671 0.8
    endloop
  endfacet
  facet normal -0 0 -1
    outer loop
      vertex 40.7762 51.5833 0.8
      vertex 40.6333 48.9671 0.8
      vertex 40.655 51.9369 0.8
    endloop
  endfacet
  facet normal 0 0 -1
    outer loop
      vertex 40.6333 48.9671 0.8
      vertex 40.5194 52.332 0.8
      vertex 40.655 51.9369 0.8
    endloop
  endfacet
  facet normal 0 0 -1
    outer loop
      vertex 38.542 54.7 0.8
      vertex 40.5194 52.332 0.8
      vertex 40.6333 48.9671 0.8
    endloop
  endfacet
  facet normal 0 0 -1
    outer loop
      vertex 40.5194 52.332 0.8
      vertex 38.542 54.7 0.8
      vertex 40.2509 53.2352 0.8
    endloop
  endfacet
  facet normal 0 0 -1
    outer loop
      vertex 40.2509 53.2352 0.8
      vertex 38.542 54.7 0.8
      vertex 39.7423 54.7 0.8
    endloop
  endfacet
  facet normal 0 0 -1
    outer loop
      vertex 40.5194 52.332 0.8
      vertex 42.4358 53.2352 0.8
      vertex 42.1672 52.332 0.8
    endloop
  endfacet
  facet normal -0 0 -1
    outer loop
      vertex 42.4358 53.2352 0.8
      vertex 40.5194 52.332 0.8
      vertex 40.2509 53.2352 0.8
    endloop
  endfacet
  facet normal 0 0 -1
    outer loop
      vertex 25.7245 48.9671 0.8
      vertex 22.4166 49.8948 0.8
      vertex 25.7245 49.8948 0.8
    endloop
  endfacet
  facet normal 0 0 -1
    outer loop
      vertex 21.2163 48.9671 0.8
      vertex 22.4166 51.3351 0.8
      vertex 22.4166 49.8948 0.8
    endloop
  endfacet
  facet normal -0 0 -1
    outer loop
      vertex 22.4166 51.3351 0.8
      vertex 21.2163 48.9671 0.8
      vertex 22.4166 52.2628 0.8
    endloop
  endfacet
  facet normal 0 0 -1
    outer loop
      vertex 21.2163 54.7 0.8
      vertex 22.4166 52.2628 0.8
      vertex 21.2163 48.9671 0.8
    endloop
  endfacet
  facet normal 0 0 -1
    outer loop
      vertex 21.2163 48.9671 0.8
      vertex 22.4166 49.8948 0.8
      vertex 25.7245 48.9671 0.8
    endloop
  endfacet
  facet normal 0 0 -1
    outer loop
      vertex 22.4166 51.3351 0.8
      vertex 25.4763 52.2628 0.8
      vertex 25.4763 51.3351 0.8
    endloop
  endfacet
  facet normal -0 0 -1
    outer loop
      vertex 25.4763 52.2628 0.8
      vertex 22.4166 51.3351 0.8
      vertex 22.4166 52.2628 0.8
    endloop
  endfacet
  facet normal 0 0 -1
    outer loop
      vertex 22.4166 53.7723 0.8
      vertex 25.8913 54.7 0.8
      vertex 25.8913 53.7723 0.8
    endloop
  endfacet
  facet normal 0 0 -1
    outer loop
      vertex 22.4166 53.7723 0.8
      vertex 21.2163 54.7 0.8
      vertex 25.8913 54.7 0.8
    endloop
  endfacet
  facet normal 0 0 -1
    outer loop
      vertex 22.4166 52.2628 0.8
      vertex 21.2163 54.7 0.8
      vertex 22.4166 53.7723 0.8
    endloop
  endfacet
  facet normal 0 0 -1
    outer loop
      vertex 28.6588 48.9671 0.8
      vertex 27.4585 48.9671 0.8
      vertex 28.6588 53.7723 0.8
    endloop
  endfacet
  facet normal 0 0 -1
    outer loop
      vertex 28.6588 53.7723 0.8
      vertex 31.7348 54.7 0.8
      vertex 31.7348 53.7723 0.8
    endloop
  endfacet
  facet normal 0 0 -1
    outer loop
      vertex 28.6588 53.7723 0.8
      vertex 27.4585 54.7 0.8
      vertex 31.7348 54.7 0.8
    endloop
  endfacet
  facet normal 0 0 -1
    outer loop
      vertex 27.4585 54.7 0.8
      vertex 28.6588 53.7723 0.8
      vertex 27.4585 48.9671 0.8
    endloop
  endfacet
  facet normal 0 0 -1
    outer loop
      vertex 34.3755 48.9671 0.8
      vertex 33.1752 48.9671 0.8
      vertex 34.3755 53.7723 0.8
    endloop
  endfacet
  facet normal 0 0 -1
    outer loop
      vertex 34.3755 53.7723 0.8
      vertex 37.4515 54.7 0.8
      vertex 37.4515 53.7723 0.8
    endloop
  endfacet
  facet normal 0 0 -1
    outer loop
      vertex 34.3755 53.7723 0.8
      vertex 33.1752 54.7 0.8
      vertex 37.4515 54.7 0.8
    endloop
  endfacet
  facet normal 0 0 -1
    outer loop
      vertex 33.1752 54.7 0.8
      vertex 34.3755 53.7723 0.8
      vertex 33.1752 48.9671 0.8
    endloop
  endfacet
  facet normal -0.0666799 -0.997774 0
    outer loop
      vertex 11.7362 54.7759 0
      vertex 11.9831 54.7594 0.8
      vertex 11.7362 54.7759 0.8
    endloop
  endfacet
  facet normal -0.0666799 -0.997774 -0
    outer loop
      vertex 11.9831 54.7594 0.8
      vertex 11.7362 54.7759 0
      vertex 11.9831 54.7594 0
    endloop
  endfacet
  facet normal -0.117882 -0.993028 0
    outer loop
      vertex 11.9831 54.7594 0
      vertex 12.2156 54.7318 0.8
      vertex 11.9831 54.7594 0.8
    endloop
  endfacet
  facet normal -0.117882 -0.993028 -0
    outer loop
      vertex 12.2156 54.7318 0.8
      vertex 11.9831 54.7594 0
      vertex 12.2156 54.7318 0
    endloop
  endfacet
  facet normal -0.173399 -0.984852 0
    outer loop
      vertex 12.2156 54.7318 0
      vertex 12.4337 54.6934 0.8
      vertex 12.2156 54.7318 0.8
    endloop
  endfacet
  facet normal -0.173399 -0.984852 -0
    outer loop
      vertex 12.4337 54.6934 0.8
      vertex 12.2156 54.7318 0
      vertex 12.4337 54.6934 0
    endloop
  endfacet
  facet normal -0.236242 -0.971694 0
    outer loop
      vertex 12.4337 54.6934 0
      vertex 12.6373 54.6439 0.8
      vertex 12.4337 54.6934 0.8
    endloop
  endfacet
  facet normal -0.236242 -0.971694 -0
    outer loop
      vertex 12.6373 54.6439 0.8
      vertex 12.4337 54.6934 0
      vertex 12.6373 54.6439 0
    endloop
  endfacet
  facet normal -0.304429 -0.952535 0
    outer loop
      vertex 12.6373 54.6439 0
      vertex 12.8266 54.5834 0.8
      vertex 12.6373 54.6439 0.8
    endloop
  endfacet
  facet normal -0.304429 -0.952535 -0
    outer loop
      vertex 12.8266 54.5834 0.8
      vertex 12.6373 54.6439 0
      vertex 12.8266 54.5834 0
    endloop
  endfacet
  facet normal -0.378592 -0.925564 0
    outer loop
      vertex 12.8266 54.5834 0
      vertex 13.0014 54.5119 0.8
      vertex 12.8266 54.5834 0.8
    endloop
  endfacet
  facet normal -0.378592 -0.925564 -0
    outer loop
      vertex 13.0014 54.5119 0.8
      vertex 12.8266 54.5834 0
      vertex 13.0014 54.5119 0
    endloop
  endfacet
  facet normal -0.457386 -0.889268 0
    outer loop
      vertex 13.0014 54.5119 0
      vertex 13.1618 54.4294 0.8
      vertex 13.0014 54.5119 0.8
    endloop
  endfacet
  facet normal -0.457386 -0.889268 -0
    outer loop
      vertex 13.1618 54.4294 0.8
      vertex 13.0014 54.5119 0
      vertex 13.1618 54.4294 0
    endloop
  endfacet
  facet normal -0.539299 -0.842114 0
    outer loop
      vertex 13.1618 54.4294 0
      vertex 13.3078 54.3359 0.8
      vertex 13.1618 54.4294 0.8
    endloop
  endfacet
  facet normal -0.539299 -0.842114 -0
    outer loop
      vertex 13.3078 54.3359 0.8
      vertex 13.1618 54.4294 0
      vertex 13.3078 54.3359 0
    endloop
  endfacet
  facet normal -0.621116 -0.783718 0
    outer loop
      vertex 13.3078 54.3359 0
      vertex 13.4389 54.232 0.8
      vertex 13.3078 54.3359 0.8
    endloop
  endfacet
  facet normal -0.621116 -0.783718 -0
    outer loop
      vertex 13.4389 54.232 0.8
      vertex 13.3078 54.3359 0
      vertex 13.4389 54.232 0
    endloop
  endfacet
  facet normal -0.700915 -0.713245 0
    outer loop
      vertex 13.4389 54.232 0
      vertex 13.5546 54.1183 0.8
      vertex 13.4389 54.232 0.8
    endloop
  endfacet
  facet normal -0.700915 -0.713245 -0
    outer loop
      vertex 13.5546 54.1183 0.8
      vertex 13.4389 54.232 0
      vertex 13.5546 54.1183 0
    endloop
  endfacet
  facet normal -0.776556 -0.630048 0
    outer loop
      vertex 13.6548 53.9948 0
      vertex 13.5546 54.1183 0.8
      vertex 13.5546 54.1183 0
    endloop
  endfacet
  facet normal -0.776556 -0.630048 0
    outer loop
      vertex 13.5546 54.1183 0.8
      vertex 13.6548 53.9948 0
      vertex 13.6548 53.9948 0.8
    endloop
  endfacet
  facet normal -0.84374 -0.536753 0
    outer loop
      vertex 13.7396 53.8615 0
      vertex 13.6548 53.9948 0.8
      vertex 13.6548 53.9948 0
    endloop
  endfacet
  facet normal -0.84374 -0.536753 0
    outer loop
      vertex 13.6548 53.9948 0.8
      vertex 13.7396 53.8615 0
      vertex 13.7396 53.8615 0.8
    endloop
  endfacet
  facet normal -0.899769 -0.436366 0
    outer loop
      vertex 13.809 53.7184 0
      vertex 13.7396 53.8615 0.8
      vertex 13.7396 53.8615 0
    endloop
  endfacet
  facet normal -0.899769 -0.436366 0
    outer loop
      vertex 13.7396 53.8615 0.8
      vertex 13.809 53.7184 0
      vertex 13.809 53.7184 0.8
    endloop
  endfacet
  facet normal -0.942922 -0.333014 0
    outer loop
      vertex 13.863 53.5655 0
      vertex 13.809 53.7184 0.8
      vertex 13.809 53.7184 0
    endloop
  endfacet
  facet normal -0.942922 -0.333014 0
    outer loop
      vertex 13.809 53.7184 0.8
      vertex 13.863 53.5655 0
      vertex 13.863 53.5655 0.8
    endloop
  endfacet
  facet normal -0.972992 -0.230839 0
    outer loop
      vertex 13.9016 53.4028 0
      vertex 13.863 53.5655 0.8
      vertex 13.863 53.5655 0
    endloop
  endfacet
  facet normal -0.972992 -0.230839 0
    outer loop
      vertex 13.863 53.5655 0.8
      vertex 13.9016 53.4028 0
      vertex 13.9016 53.4028 0.8
    endloop
  endfacet
  facet normal -0.991142 -0.132804 0
    outer loop
      vertex 13.9247 53.2304 0
      vertex 13.9016 53.4028 0.8
      vertex 13.9016 53.4028 0
    endloop
  endfacet
  facet normal -0.991142 -0.132804 0
    outer loop
      vertex 13.9016 53.4028 0.8
      vertex 13.9247 53.2304 0
      vertex 13.9247 53.2304 0.8
    endloop
  endfacet
  facet normal -0.999109 -0.0422004 0
    outer loop
      vertex 13.9324 53.0481 0
      vertex 13.9247 53.2304 0.8
      vertex 13.9247 53.2304 0
    endloop
  endfacet
  facet normal -0.999109 -0.0422004 0
    outer loop
      vertex 13.9247 53.2304 0.8
      vertex 13.9324 53.0481 0
      vertex 13.9324 53.0481 0.8
    endloop
  endfacet
  facet normal -0.999841 0.0178316 0
    outer loop
      vertex 13.931 52.9696 0
      vertex 13.9324 53.0481 0.8
      vertex 13.9324 53.0481 0
    endloop
  endfacet
  facet normal -0.999841 0.0178316 0
    outer loop
      vertex 13.9324 53.0481 0.8
      vertex 13.931 52.9696 0
      vertex 13.931 52.9696 0.8
    endloop
  endfacet
  facet normal -0.998636 0.0522163 0
    outer loop
      vertex 13.927 52.8931 0
      vertex 13.931 52.9696 0.8
      vertex 13.931 52.9696 0
    endloop
  endfacet
  facet normal -0.998636 0.0522163 0
    outer loop
      vertex 13.931 52.9696 0.8
      vertex 13.927 52.8931 0
      vertex 13.927 52.8931 0.8
    endloop
  endfacet
  facet normal -0.995849 0.0910185 0
    outer loop
      vertex 13.9202 52.8187 0
      vertex 13.927 52.8931 0.8
      vertex 13.927 52.8931 0
    endloop
  endfacet
  facet normal -0.995849 0.0910185 0
    outer loop
      vertex 13.927 52.8931 0.8
      vertex 13.9202 52.8187 0
      vertex 13.9202 52.8187 0.8
    endloop
  endfacet
  facet normal -0.991501 0.1301 0
    outer loop
      vertex 13.9107 52.7463 0
      vertex 13.9202 52.8187 0.8
      vertex 13.9202 52.8187 0
    endloop
  endfacet
  facet normal -0.991501 0.1301 0
    outer loop
      vertex 13.9202 52.8187 0.8
      vertex 13.9107 52.7463 0
      vertex 13.9107 52.7463 0.8
    endloop
  endfacet
  facet normal -0.985273 0.170986 0
    outer loop
      vertex 13.8985 52.676 0
      vertex 13.9107 52.7463 0.8
      vertex 13.9107 52.7463 0
    endloop
  endfacet
  facet normal -0.985273 0.170986 0
    outer loop
      vertex 13.9107 52.7463 0.8
      vertex 13.8985 52.676 0
      vertex 13.8985 52.676 0.8
    endloop
  endfacet
  facet normal -0.976956 0.213441 0
    outer loop
      vertex 13.8836 52.6078 0
      vertex 13.8985 52.676 0.8
      vertex 13.8985 52.676 0
    endloop
  endfacet
  facet normal -0.976956 0.213441 0
    outer loop
      vertex 13.8985 52.676 0.8
      vertex 13.8836 52.6078 0
      vertex 13.8836 52.6078 0.8
    endloop
  endfacet
  facet normal -0.966429 0.256936 0
    outer loop
      vertex 13.866 52.5416 0
      vertex 13.8836 52.6078 0.8
      vertex 13.8836 52.6078 0
    endloop
  endfacet
  facet normal -0.966429 0.256936 0
    outer loop
      vertex 13.8836 52.6078 0.8
      vertex 13.866 52.5416 0
      vertex 13.866 52.5416 0.8
    endloop
  endfacet
  facet normal -0.952906 0.303265 0
    outer loop
      vertex 13.8456 52.4775 0
      vertex 13.866 52.5416 0.8
      vertex 13.866 52.5416 0
    endloop
  endfacet
  facet normal -0.952906 0.303265 0
    outer loop
      vertex 13.866 52.5416 0.8
      vertex 13.8456 52.4775 0
      vertex 13.8456 52.4775 0.8
    endloop
  endfacet
  facet normal -0.937566 0.347807 0
    outer loop
      vertex 13.8226 52.4155 0
      vertex 13.8456 52.4775 0.8
      vertex 13.8456 52.4775 0
    endloop
  endfacet
  facet normal -0.937566 0.347807 0
    outer loop
      vertex 13.8456 52.4775 0.8
      vertex 13.8226 52.4155 0
      vertex 13.8226 52.4155 0.8
    endloop
  endfacet
  facet normal -0.919461 0.393181 0
    outer loop
      vertex 13.7969 52.3554 0
      vertex 13.8226 52.4155 0.8
      vertex 13.8226 52.4155 0
    endloop
  endfacet
  facet normal -0.919461 0.393181 0
    outer loop
      vertex 13.8226 52.4155 0.8
      vertex 13.7969 52.3554 0
      vertex 13.7969 52.3554 0.8
    endloop
  endfacet
  facet normal -0.901136 0.433536 0
    outer loop
      vertex 13.7689 52.2972 0
      vertex 13.7969 52.3554 0.8
      vertex 13.7969 52.3554 0
    endloop
  endfacet
  facet normal -0.901136 0.433536 0
    outer loop
      vertex 13.7969 52.3554 0.8
      vertex 13.7689 52.2972 0
      vertex 13.7689 52.2972 0.8
    endloop
  endfacet
  facet normal -0.879918 0.475125 0
    outer loop
      vertex 13.7385 52.2409 0
      vertex 13.7689 52.2972 0.8
      vertex 13.7689 52.2972 0
    endloop
  endfacet
  facet normal -0.879918 0.475125 0
    outer loop
      vertex 13.7689 52.2972 0.8
      vertex 13.7385 52.2409 0
      vertex 13.7385 52.2409 0.8
    endloop
  endfacet
  facet normal -0.855261 0.518197 0
    outer loop
      vertex 13.7056 52.1866 0
      vertex 13.7385 52.2409 0.8
      vertex 13.7385 52.2409 0
    endloop
  endfacet
  facet normal -0.855261 0.518197 0
    outer loop
      vertex 13.7385 52.2409 0.8
      vertex 13.7056 52.1866 0
      vertex 13.7056 52.1866 0.8
    endloop
  endfacet
  facet normal -0.829855 0.557979 0
    outer loop
      vertex 13.6703 52.1341 0
      vertex 13.7056 52.1866 0.8
      vertex 13.7056 52.1866 0
    endloop
  endfacet
  facet normal -0.829855 0.557979 0
    outer loop
      vertex 13.7056 52.1866 0.8
      vertex 13.6703 52.1341 0
      vertex 13.6703 52.1341 0.8
    endloop
  endfacet
  facet normal -0.802092 0.597201 0
    outer loop
      vertex 13.6327 52.0836 0
      vertex 13.6703 52.1341 0.8
      vertex 13.6703 52.1341 0
    endloop
  endfacet
  facet normal -0.802092 0.597201 0
    outer loop
      vertex 13.6703 52.1341 0.8
      vertex 13.6327 52.0836 0
      vertex 13.6327 52.0836 0.8
    endloop
  endfacet
  facet normal -0.771334 0.63643 0
    outer loop
      vertex 13.5926 52.035 0
      vertex 13.6327 52.0836 0.8
      vertex 13.6327 52.0836 0
    endloop
  endfacet
  facet normal -0.771334 0.63643 0
    outer loop
      vertex 13.6327 52.0836 0.8
      vertex 13.5926 52.035 0
      vertex 13.5926 52.035 0.8
    endloop
  endfacet
  facet normal -0.740298 0.672279 0
    outer loop
      vertex 13.5501 51.9882 0
      vertex 13.5926 52.035 0.8
      vertex 13.5926 52.035 0
    endloop
  endfacet
  facet normal -0.740298 0.672279 0
    outer loop
      vertex 13.5926 52.035 0.8
      vertex 13.5501 51.9882 0
      vertex 13.5501 51.9882 0.8
    endloop
  endfacet
  facet normal -0.70553 0.70868 0
    outer loop
      vertex 13.5501 51.9882 0
      vertex 13.5051 51.9434 0.8
      vertex 13.5501 51.9882 0.8
    endloop
  endfacet
  facet normal -0.70553 0.70868 0
    outer loop
      vertex 13.5051 51.9434 0.8
      vertex 13.5501 51.9882 0
      vertex 13.5051 51.9434 0
    endloop
  endfacet
  facet normal -0.669735 0.7426 0
    outer loop
      vertex 13.5051 51.9434 0
      vertex 13.4572 51.9002 0.8
      vertex 13.5051 51.9434 0.8
    endloop
  endfacet
  facet normal -0.669735 0.7426 0
    outer loop
      vertex 13.4572 51.9002 0.8
      vertex 13.5051 51.9434 0
      vertex 13.4572 51.9002 0
    endloop
  endfacet
  facet normal -0.632174 0.774826 0
    outer loop
      vertex 13.4572 51.9002 0
      vertex 13.4056 51.8581 0.8
      vertex 13.4572 51.9002 0.8
    endloop
  endfacet
  facet normal -0.632174 0.774826 0
    outer loop
      vertex 13.4056 51.8581 0.8
      vertex 13.4572 51.9002 0
      vertex 13.4056 51.8581 0
    endloop
  endfacet
  facet normal -0.593695 0.80469 0
    outer loop
      vertex 13.4056 51.8581 0
      vertex 13.3503 51.8173 0.8
      vertex 13.4056 51.8581 0.8
    endloop
  endfacet
  facet normal -0.593695 0.80469 0
    outer loop
      vertex 13.3503 51.8173 0.8
      vertex 13.4056 51.8581 0
      vertex 13.3503 51.8173 0
    endloop
  endfacet
  facet normal -0.557947 0.829876 0
    outer loop
      vertex 13.3503 51.8173 0
      vertex 13.2914 51.7777 0.8
      vertex 13.3503 51.8173 0.8
    endloop
  endfacet
  facet normal -0.557947 0.829876 0
    outer loop
      vertex 13.2914 51.7777 0.8
      vertex 13.3503 51.8173 0
      vertex 13.2914 51.7777 0
    endloop
  endfacet
  facet normal -0.52387 0.851798 0
    outer loop
      vertex 13.2914 51.7777 0
      vertex 13.2288 51.7392 0.8
      vertex 13.2914 51.7777 0.8
    endloop
  endfacet
  facet normal -0.52387 0.851798 0
    outer loop
      vertex 13.2288 51.7392 0.8
      vertex 13.2914 51.7777 0
      vertex 13.2288 51.7392 0
    endloop
  endfacet
  facet normal -0.489324 0.872102 0
    outer loop
      vertex 13.2288 51.7392 0
      vertex 13.1625 51.702 0.8
      vertex 13.2288 51.7392 0.8
    endloop
  endfacet
  facet normal -0.489324 0.872102 0
    outer loop
      vertex 13.1625 51.702 0.8
      vertex 13.2288 51.7392 0
      vertex 13.1625 51.702 0
    endloop
  endfacet
  facet normal -0.457348 0.889288 0
    outer loop
      vertex 13.1625 51.702 0
      vertex 13.0925 51.666 0.8
      vertex 13.1625 51.702 0.8
    endloop
  endfacet
  facet normal -0.457348 0.889288 0
    outer loop
      vertex 13.0925 51.666 0.8
      vertex 13.1625 51.702 0
      vertex 13.0925 51.666 0
    endloop
  endfacet
  facet normal -0.427453 0.904038 0
    outer loop
      vertex 13.0925 51.666 0
      vertex 13.0189 51.6312 0.8
      vertex 13.0925 51.666 0.8
    endloop
  endfacet
  facet normal -0.427453 0.904038 0
    outer loop
      vertex 13.0189 51.6312 0.8
      vertex 13.0925 51.666 0
      vertex 13.0189 51.6312 0
    endloop
  endfacet
  facet normal -0.398639 0.917108 0
    outer loop
      vertex 13.0189 51.6312 0
      vertex 12.9416 51.5976 0.8
      vertex 13.0189 51.6312 0.8
    endloop
  endfacet
  facet normal -0.398639 0.917108 0
    outer loop
      vertex 12.9416 51.5976 0.8
      vertex 13.0189 51.6312 0
      vertex 12.9416 51.5976 0
    endloop
  endfacet
  facet normal -0.365143 0.930951 0
    outer loop
      vertex 12.9416 51.5976 0
      vertex 12.8567 51.5643 0.8
      vertex 12.9416 51.5976 0.8
    endloop
  endfacet
  facet normal -0.365143 0.930951 0
    outer loop
      vertex 12.8567 51.5643 0.8
      vertex 12.9416 51.5976 0
      vertex 12.8567 51.5643 0
    endloop
  endfacet
  facet normal -0.332309 0.943171 0
    outer loop
      vertex 12.8567 51.5643 0
      vertex 12.7602 51.5303 0.8
      vertex 12.8567 51.5643 0.8
    endloop
  endfacet
  facet normal -0.332309 0.943171 0
    outer loop
      vertex 12.7602 51.5303 0.8
      vertex 12.8567 51.5643 0
      vertex 12.7602 51.5303 0
    endloop
  endfacet
  facet normal -0.30484 0.952404 0
    outer loop
      vertex 12.7602 51.5303 0
      vertex 12.6521 51.4957 0.8
      vertex 12.7602 51.5303 0.8
    endloop
  endfacet
  facet normal -0.30484 0.952404 0
    outer loop
      vertex 12.6521 51.4957 0.8
      vertex 12.7602 51.5303 0
      vertex 12.6521 51.4957 0
    endloop
  endfacet
  facet normal -0.28286 0.959161 0
    outer loop
      vertex 12.6521 51.4957 0
      vertex 12.5324 51.4604 0.8
      vertex 12.6521 51.4957 0.8
    endloop
  endfacet
  facet normal -0.28286 0.959161 0
    outer loop
      vertex 12.5324 51.4604 0.8
      vertex 12.6521 51.4957 0
      vertex 12.5324 51.4604 0
    endloop
  endfacet
  facet normal -0.264235 0.964458 0
    outer loop
      vertex 12.5324 51.4604 0
      vertex 12.401 51.4244 0.8
      vertex 12.5324 51.4604 0.8
    endloop
  endfacet
  facet normal -0.264235 0.964458 0
    outer loop
      vertex 12.401 51.4244 0.8
      vertex 12.5324 51.4604 0
      vertex 12.401 51.4244 0
    endloop
  endfacet
  facet normal -0.248114 0.968731 0
    outer loop
      vertex 12.401 51.4244 0
      vertex 12.2581 51.3878 0.8
      vertex 12.401 51.4244 0.8
    endloop
  endfacet
  facet normal -0.248114 0.968731 0
    outer loop
      vertex 12.2581 51.3878 0.8
      vertex 12.401 51.4244 0
      vertex 12.2581 51.3878 0
    endloop
  endfacet
  facet normal -0.234087 0.972216 0
    outer loop
      vertex 12.2581 51.3878 0
      vertex 12.1036 51.3506 0.8
      vertex 12.2581 51.3878 0.8
    endloop
  endfacet
  facet normal -0.234087 0.972216 0
    outer loop
      vertex 12.1036 51.3506 0.8
      vertex 12.2581 51.3878 0
      vertex 12.1036 51.3506 0
    endloop
  endfacet
  facet normal -0.222331 0.974971 0
    outer loop
      vertex 12.1036 51.3506 0
      vertex 11.9374 51.3127 0.8
      vertex 12.1036 51.3506 0.8
    endloop
  endfacet
  facet normal -0.222331 0.974971 0
    outer loop
      vertex 11.9374 51.3127 0.8
      vertex 12.1036 51.3506 0
      vertex 11.9374 51.3127 0
    endloop
  endfacet
  facet normal -0.21227 0.977211 0
    outer loop
      vertex 11.9374 51.3127 0
      vertex 11.7597 51.2741 0.8
      vertex 11.9374 51.3127 0.8
    endloop
  endfacet
  facet normal -0.21227 0.977211 0
    outer loop
      vertex 11.7597 51.2741 0.8
      vertex 11.9374 51.3127 0
      vertex 11.7597 51.2741 0
    endloop
  endfacet
  facet normal -0.215262 0.976556 0
    outer loop
      vertex 11.7597 51.2741 0
      vertex 11.6109 51.2413 0.8
      vertex 11.7597 51.2741 0.8
    endloop
  endfacet
  facet normal -0.215262 0.976556 0
    outer loop
      vertex 11.6109 51.2413 0.8
      vertex 11.7597 51.2741 0
      vertex 11.6109 51.2413 0
    endloop
  endfacet
  facet normal -0.224289 0.974523 0
    outer loop
      vertex 11.6109 51.2413 0
      vertex 11.4736 51.2097 0.8
      vertex 11.6109 51.2413 0.8
    endloop
  endfacet
  facet normal -0.224289 0.974523 0
    outer loop
      vertex 11.4736 51.2097 0.8
      vertex 11.6109 51.2413 0
      vertex 11.4736 51.2097 0
    endloop
  endfacet
  facet normal -0.234162 0.972198 0
    outer loop
      vertex 11.4736 51.2097 0
      vertex 11.3478 51.1794 0.8
      vertex 11.4736 51.2097 0.8
    endloop
  endfacet
  facet normal -0.234162 0.972198 0
    outer loop
      vertex 11.3478 51.1794 0.8
      vertex 11.4736 51.2097 0
      vertex 11.3478 51.1794 0
    endloop
  endfacet
  facet normal -0.246331 0.969186 0
    outer loop
      vertex 11.3478 51.1794 0
      vertex 11.2337 51.1504 0.8
      vertex 11.3478 51.1794 0.8
    endloop
  endfacet
  facet normal -0.246331 0.969186 0
    outer loop
      vertex 11.2337 51.1504 0.8
      vertex 11.3478 51.1794 0
      vertex 11.2337 51.1504 0
    endloop
  endfacet
  facet normal -0.261288 0.965261 0
    outer loop
      vertex 11.2337 51.1504 0
      vertex 11.131 51.1226 0.8
      vertex 11.2337 51.1504 0.8
    endloop
  endfacet
  facet normal -0.261288 0.965261 0
    outer loop
      vertex 11.131 51.1226 0.8
      vertex 11.2337 51.1504 0
      vertex 11.131 51.1226 0
    endloop
  endfacet
  facet normal -0.280567 0.959834 0
    outer loop
      vertex 11.131 51.1226 0
      vertex 11.04 51.096 0.8
      vertex 11.131 51.1226 0.8
    endloop
  endfacet
  facet normal -0.280567 0.959834 0
    outer loop
      vertex 11.04 51.096 0.8
      vertex 11.131 51.1226 0
      vertex 11.04 51.096 0
    endloop
  endfacet
  facet normal -0.302907 0.95302 0
    outer loop
      vertex 11.04 51.096 0
      vertex 10.9604 51.0707 0.8
      vertex 11.04 51.096 0.8
    endloop
  endfacet
  facet normal -0.302907 0.95302 0
    outer loop
      vertex 10.9604 51.0707 0.8
      vertex 11.04 51.096 0
      vertex 10.9604 51.0707 0
    endloop
  endfacet
  facet normal -0.333256 0.942836 0
    outer loop
      vertex 10.9604 51.0707 0
      vertex 10.8925 51.0467 0.8
      vertex 10.9604 51.0707 0.8
    endloop
  endfacet
  facet normal -0.333256 0.942836 0
    outer loop
      vertex 10.8925 51.0467 0.8
      vertex 10.9604 51.0707 0
      vertex 10.8925 51.0467 0
    endloop
  endfacet
  facet normal -0.374219 0.92734 0
    outer loop
      vertex 10.8925 51.0467 0
      vertex 10.836 51.0239 0.8
      vertex 10.8925 51.0467 0.8
    endloop
  endfacet
  facet normal -0.374219 0.92734 0
    outer loop
      vertex 10.836 51.0239 0.8
      vertex 10.8925 51.0467 0
      vertex 10.836 51.0239 0
    endloop
  endfacet
  facet normal -0.418941 0.908013 0
    outer loop
      vertex 10.836 51.0239 0
      vertex 10.7868 51.0012 0.8
      vertex 10.836 51.0239 0.8
    endloop
  endfacet
  facet normal -0.418941 0.908013 0
    outer loop
      vertex 10.7868 51.0012 0.8
      vertex 10.836 51.0239 0
      vertex 10.7868 51.0012 0
    endloop
  endfacet
  facet normal -0.454098 0.890952 0
    outer loop
      vertex 10.7868 51.0012 0
      vertex 10.7403 50.9775 0.8
      vertex 10.7868 51.0012 0.8
    endloop
  endfacet
  facet normal -0.454098 0.890952 0
    outer loop
      vertex 10.7403 50.9775 0.8
      vertex 10.7868 51.0012 0
      vertex 10.7403 50.9775 0
    endloop
  endfacet
  facet normal -0.493565 0.869709 0
    outer loop
      vertex 10.7403 50.9775 0
      vertex 10.6966 50.9527 0.8
      vertex 10.7403 50.9775 0.8
    endloop
  endfacet
  facet normal -0.493565 0.869709 0
    outer loop
      vertex 10.6966 50.9527 0.8
      vertex 10.7403 50.9775 0
      vertex 10.6966 50.9527 0
    endloop
  endfacet
  facet normal -0.532594 0.846371 0
    outer loop
      vertex 10.6966 50.9527 0
      vertex 10.6556 50.9269 0.8
      vertex 10.6966 50.9527 0.8
    endloop
  endfacet
  facet normal -0.532594 0.846371 0
    outer loop
      vertex 10.6556 50.9269 0.8
      vertex 10.6966 50.9527 0
      vertex 10.6556 50.9269 0
    endloop
  endfacet
  facet normal -0.575758 0.81762 0
    outer loop
      vertex 10.6556 50.9269 0
      vertex 10.6174 50.9 0.8
      vertex 10.6556 50.9269 0.8
    endloop
  endfacet
  facet normal -0.575758 0.81762 0
    outer loop
      vertex 10.6174 50.9 0.8
      vertex 10.6556 50.9269 0
      vertex 10.6174 50.9 0
    endloop
  endfacet
  facet normal -0.620362 0.784315 0
    outer loop
      vertex 10.6174 50.9 0
      vertex 10.582 50.872 0.8
      vertex 10.6174 50.9 0.8
    endloop
  endfacet
  facet normal -0.620362 0.784315 0
    outer loop
      vertex 10.582 50.872 0.8
      vertex 10.6174 50.9 0
      vertex 10.582 50.872 0
    endloop
  endfacet
  facet normal -0.663511 0.748166 0
    outer loop
      vertex 10.582 50.872 0
      vertex 10.5493 50.843 0.8
      vertex 10.582 50.872 0.8
    endloop
  endfacet
  facet normal -0.663511 0.748166 0
    outer loop
      vertex 10.5493 50.843 0.8
      vertex 10.582 50.872 0
      vertex 10.5493 50.843 0
    endloop
  endfacet
  facet normal -0.70946 0.704746 0
    outer loop
      vertex 10.5194 50.8129 0
      vertex 10.5493 50.843 0.8
      vertex 10.5493 50.843 0
    endloop
  endfacet
  facet normal -0.70946 0.704746 0
    outer loop
      vertex 10.5493 50.843 0.8
      vertex 10.5194 50.8129 0
      vertex 10.5194 50.8129 0.8
    endloop
  endfacet
  facet normal -0.753927 0.656959 0
    outer loop
      vertex 10.4923 50.7818 0
      vertex 10.5194 50.8129 0.8
      vertex 10.5194 50.8129 0
    endloop
  endfacet
  facet normal -0.753927 0.656959 0
    outer loop
      vertex 10.5194 50.8129 0.8
      vertex 10.4923 50.7818 0
      vertex 10.4923 50.7818 0.8
    endloop
  endfacet
  facet normal -0.800589 0.599214 0
    outer loop
      vertex 10.4679 50.7492 0
      vertex 10.4923 50.7818 0.8
      vertex 10.4923 50.7818 0
    endloop
  endfacet
  facet normal -0.800589 0.599214 0
    outer loop
      vertex 10.4923 50.7818 0.8
      vertex 10.4679 50.7492 0
      vertex 10.4679 50.7492 0.8
    endloop
  endfacet
  facet normal -0.851153 0.524918 0
    outer loop
      vertex 10.4465 50.7145 0
      vertex 10.4679 50.7492 0.8
      vertex 10.4679 50.7492 0
    endloop
  endfacet
  facet normal -0.851153 0.524918 0
    outer loop
      vertex 10.4679 50.7492 0.8
      vertex 10.4465 50.7145 0
      vertex 10.4465 50.7145 0.8
    endloop
  endfacet
  facet normal -0.891984 0.452068 0
    outer loop
      vertex 10.4279 50.6778 0
      vertex 10.4465 50.7145 0.8
      vertex 10.4465 50.7145 0
    endloop
  endfacet
  facet normal -0.891984 0.452068 0
    outer loop
      vertex 10.4465 50.7145 0.8
      vertex 10.4279 50.6778 0
      vertex 10.4279 50.6778 0.8
    endloop
  endfacet
  facet normal -0.925813 0.377981 0
    outer loop
      vertex 10.4121 50.6391 0
      vertex 10.4279 50.6778 0.8
      vertex 10.4279 50.6778 0
    endloop
  endfacet
  facet normal -0.925813 0.377981 0
    outer loop
      vertex 10.4279 50.6778 0.8
      vertex 10.4121 50.6391 0
      vertex 10.4121 50.6391 0.8
    endloop
  endfacet
  facet normal -0.953049 0.302816 0
    outer loop
      vertex 10.3992 50.5985 0
      vertex 10.4121 50.6391 0.8
      vertex 10.4121 50.6391 0
    endloop
  endfacet
  facet normal -0.953049 0.302816 0
    outer loop
      vertex 10.4121 50.6391 0.8
      vertex 10.3992 50.5985 0
      vertex 10.3992 50.5985 0.8
    endloop
  endfacet
  facet normal -0.973774 0.227517 0
    outer loop
      vertex 10.3892 50.5557 0
      vertex 10.3992 50.5985 0.8
      vertex 10.3992 50.5985 0
    endloop
  endfacet
  facet normal -0.973774 0.227517 0
    outer loop
      vertex 10.3992 50.5985 0.8
      vertex 10.3892 50.5557 0
      vertex 10.3892 50.5557 0.8
    endloop
  endfacet
  facet normal -0.987619 0.15687 0
    outer loop
      vertex 10.3821 50.511 0
      vertex 10.3892 50.5557 0.8
      vertex 10.3892 50.5557 0
    endloop
  endfacet
  facet normal -0.987619 0.15687 0
    outer loop
      vertex 10.3892 50.5557 0.8
      vertex 10.3821 50.511 0
      vertex 10.3821 50.511 0.8
    endloop
  endfacet
  facet normal -0.995788 0.0916892 0
    outer loop
      vertex 10.3778 50.4643 0
      vertex 10.3821 50.511 0.8
      vertex 10.3821 50.511 0
    endloop
  endfacet
  facet normal -0.995788 0.0916892 0
    outer loop
      vertex 10.3821 50.511 0.8
      vertex 10.3778 50.4643 0
      vertex 10.3778 50.4643 0.8
    endloop
  endfacet
  facet normal -0.999526 0.0307862 0
    outer loop
      vertex 10.3763 50.4156 0
      vertex 10.3778 50.4643 0.8
      vertex 10.3778 50.4643 0
    endloop
  endfacet
  facet normal -0.999526 0.0307862 0
    outer loop
      vertex 10.3778 50.4643 0.8
      vertex 10.3763 50.4156 0
      vertex 10.3763 50.4156 0.8
    endloop
  endfacet
  facet normal -0.995604 -0.0936631 0
    outer loop
      vertex 10.3898 50.2721 0
      vertex 10.3763 50.4156 0.8
      vertex 10.3763 50.4156 0
    endloop
  endfacet
  facet normal -0.995604 -0.0936631 0
    outer loop
      vertex 10.3763 50.4156 0.8
      vertex 10.3898 50.2721 0
      vertex 10.3898 50.2721 0.8
    endloop
  endfacet
  facet normal -0.952599 -0.304229 0
    outer loop
      vertex 10.4302 50.1456 0
      vertex 10.3898 50.2721 0.8
      vertex 10.3898 50.2721 0
    endloop
  endfacet
  facet normal -0.952599 -0.304229 0
    outer loop
      vertex 10.3898 50.2721 0.8
      vertex 10.4302 50.1456 0
      vertex 10.4302 50.1456 0.8
    endloop
  endfacet
  facet normal -0.852378 -0.522926 0
    outer loop
      vertex 10.4975 50.0359 0
      vertex 10.4302 50.1456 0.8
      vertex 10.4302 50.1456 0
    endloop
  endfacet
  facet normal -0.852378 -0.522926 0
    outer loop
      vertex 10.4302 50.1456 0.8
      vertex 10.4975 50.0359 0
      vertex 10.4975 50.0359 0.8
    endloop
  endfacet
  facet normal -0.702177 -0.712003 0
    outer loop
      vertex 10.4975 50.0359 0
      vertex 10.5917 49.943 0.8
      vertex 10.4975 50.0359 0.8
    endloop
  endfacet
  facet normal -0.702177 -0.712003 -0
    outer loop
      vertex 10.5917 49.943 0.8
      vertex 10.4975 50.0359 0
      vertex 10.5917 49.943 0
    endloop
  endfacet
  facet normal -0.530753 -0.847527 0
    outer loop
      vertex 10.5917 49.943 0
      vertex 10.7129 49.8671 0.8
      vertex 10.5917 49.943 0.8
    endloop
  endfacet
  facet normal -0.530753 -0.847527 -0
    outer loop
      vertex 10.7129 49.8671 0.8
      vertex 10.5917 49.943 0
      vertex 10.7129 49.8671 0
    endloop
  endfacet
  facet normal -0.370634 -0.928779 0
    outer loop
      vertex 10.7129 49.8671 0
      vertex 10.861 49.808 0.8
      vertex 10.7129 49.8671 0.8
    endloop
  endfacet
  facet normal -0.370634 -0.928779 -0
    outer loop
      vertex 10.861 49.808 0.8
      vertex 10.7129 49.8671 0
      vertex 10.861 49.808 0
    endloop
  endfacet
  facet normal -0.234423 -0.972135 0
    outer loop
      vertex 10.861 49.808 0
      vertex 11.036 49.7658 0.8
      vertex 10.861 49.808 0.8
    endloop
  endfacet
  facet normal -0.234423 -0.972135 -0
    outer loop
      vertex 11.036 49.7658 0.8
      vertex 10.861 49.808 0
      vertex 11.036 49.7658 0
    endloop
  endfacet
  facet normal -0.124337 -0.99224 0
    outer loop
      vertex 11.036 49.7658 0
      vertex 11.2379 49.7405 0.8
      vertex 11.036 49.7658 0.8
    endloop
  endfacet
  facet normal -0.124337 -0.99224 -0
    outer loop
      vertex 11.2379 49.7405 0.8
      vertex 11.036 49.7658 0
      vertex 11.2379 49.7405 0
    endloop
  endfacet
  facet normal -0.0366726 -0.999327 0
    outer loop
      vertex 11.2379 49.7405 0
      vertex 11.4668 49.7321 0.8
      vertex 11.2379 49.7405 0.8
    endloop
  endfacet
  facet normal -0.0366726 -0.999327 -0
    outer loop
      vertex 11.4668 49.7321 0.8
      vertex 11.2379 49.7405 0
      vertex 11.4668 49.7321 0
    endloop
  endfacet
  facet normal 0.0207349 -0.999785 0
    outer loop
      vertex 11.4668 49.7321 0
      vertex 11.5777 49.7344 0.8
      vertex 11.4668 49.7321 0.8
    endloop
  endfacet
  facet normal 0.0207349 -0.999785 0
    outer loop
      vertex 11.5777 49.7344 0.8
      vertex 11.4668 49.7321 0
      vertex 11.5777 49.7344 0
    endloop
  endfacet
  facet normal 0.0654487 -0.997856 0
    outer loop
      vertex 11.5777 49.7344 0
      vertex 11.6829 49.7413 0.8
      vertex 11.5777 49.7344 0.8
    endloop
  endfacet
  facet normal 0.0654487 -0.997856 0
    outer loop
      vertex 11.6829 49.7413 0.8
      vertex 11.5777 49.7344 0
      vertex 11.6829 49.7413 0
    endloop
  endfacet
  facet normal 0.116144 -0.993232 0
    outer loop
      vertex 11.6829 49.7413 0
      vertex 11.7821 49.7529 0.8
      vertex 11.6829 49.7413 0.8
    endloop
  endfacet
  facet normal 0.116144 -0.993232 0
    outer loop
      vertex 11.7821 49.7529 0.8
      vertex 11.6829 49.7413 0
      vertex 11.7821 49.7529 0
    endloop
  endfacet
  facet normal 0.170048 -0.985436 0
    outer loop
      vertex 11.7821 49.7529 0
      vertex 11.8754 49.769 0.8
      vertex 11.7821 49.7529 0.8
    endloop
  endfacet
  facet normal 0.170048 -0.985436 0
    outer loop
      vertex 11.8754 49.769 0.8
      vertex 11.7821 49.7529 0
      vertex 11.8754 49.769 0
    endloop
  endfacet
  facet normal 0.23127 -0.97289 0
    outer loop
      vertex 11.8754 49.769 0
      vertex 11.9629 49.7898 0.8
      vertex 11.8754 49.769 0.8
    endloop
  endfacet
  facet normal 0.23127 -0.97289 0
    outer loop
      vertex 11.9629 49.7898 0.8
      vertex 11.8754 49.769 0
      vertex 11.9629 49.7898 0
    endloop
  endfacet
  facet normal 0.298275 -0.95448 0
    outer loop
      vertex 11.9629 49.7898 0
      vertex 12.0445 49.8153 0.8
      vertex 11.9629 49.7898 0.8
    endloop
  endfacet
  facet normal 0.298275 -0.95448 0
    outer loop
      vertex 12.0445 49.8153 0.8
      vertex 11.9629 49.7898 0
      vertex 12.0445 49.8153 0
    endloop
  endfacet
  facet normal 0.368424 -0.929658 0
    outer loop
      vertex 12.0445 49.8153 0
      vertex 12.1202 49.8453 0.8
      vertex 12.0445 49.8153 0.8
    endloop
  endfacet
  facet normal 0.368424 -0.929658 0
    outer loop
      vertex 12.1202 49.8453 0.8
      vertex 12.0445 49.8153 0
      vertex 12.1202 49.8453 0
    endloop
  endfacet
  facet normal 0.444649 -0.895705 0
    outer loop
      vertex 12.1202 49.8453 0
      vertex 12.1901 49.88 0.8
      vertex 12.1202 49.8453 0.8
    endloop
  endfacet
  facet normal 0.444649 -0.895705 0
    outer loop
      vertex 12.1901 49.88 0.8
      vertex 12.1202 49.8453 0
      vertex 12.1901 49.88 0
    endloop
  endfacet
  facet normal 0.523874 -0.851796 0
    outer loop
      vertex 12.1901 49.88 0
      vertex 12.254 49.9193 0.8
      vertex 12.1901 49.88 0.8
    endloop
  endfacet
  facet normal 0.523874 -0.851796 0
    outer loop
      vertex 12.254 49.9193 0.8
      vertex 12.1901 49.88 0
      vertex 12.254 49.9193 0
    endloop
  endfacet
  facet normal 0.597378 -0.80196 0
    outer loop
      vertex 12.254 49.9193 0
      vertex 12.3128 49.9631 0.8
      vertex 12.254 49.9193 0.8
    endloop
  endfacet
  facet normal 0.597378 -0.80196 0
    outer loop
      vertex 12.3128 49.9631 0.8
      vertex 12.254 49.9193 0
      vertex 12.3128 49.9631 0
    endloop
  endfacet
  facet normal 0.66607 -0.745889 0
    outer loop
      vertex 12.3128 49.9631 0
      vertex 12.367 50.0115 0.8
      vertex 12.3128 49.9631 0.8
    endloop
  endfacet
  facet normal 0.66607 -0.745889 0
    outer loop
      vertex 12.367 50.0115 0.8
      vertex 12.3128 49.9631 0
      vertex 12.367 50.0115 0
    endloop
  endfacet
  facet normal 0.729494 -0.683987 0
    outer loop
      vertex 12.367 50.0115 0.8
      vertex 12.4166 50.0644 0
      vertex 12.4166 50.0644 0.8
    endloop
  endfacet
  facet normal 0.729494 -0.683987 0
    outer loop
      vertex 12.4166 50.0644 0
      vertex 12.367 50.0115 0.8
      vertex 12.367 50.0115 0
    endloop
  endfacet
  facet normal 0.786984 -0.616973 0
    outer loop
      vertex 12.4166 50.0644 0.8
      vertex 12.4616 50.1218 0
      vertex 12.4616 50.1218 0.8
    endloop
  endfacet
  facet normal 0.786984 -0.616973 0
    outer loop
      vertex 12.4616 50.1218 0
      vertex 12.4166 50.0644 0.8
      vertex 12.4166 50.0644 0
    endloop
  endfacet
  facet normal 0.836803 -0.547504 0
    outer loop
      vertex 12.4616 50.1218 0.8
      vertex 12.5021 50.1837 0
      vertex 12.5021 50.1837 0.8
    endloop
  endfacet
  facet normal 0.836803 -0.547504 0
    outer loop
      vertex 12.5021 50.1837 0
      vertex 12.4616 50.1218 0.8
      vertex 12.4616 50.1218 0
    endloop
  endfacet
  facet normal 0.879961 -0.475046 0
    outer loop
      vertex 12.5021 50.1837 0.8
      vertex 12.538 50.2502 0
      vertex 12.538 50.2502 0.8
    endloop
  endfacet
  facet normal 0.879961 -0.475046 0
    outer loop
      vertex 12.538 50.2502 0
      vertex 12.5021 50.1837 0.8
      vertex 12.5021 50.1837 0
    endloop
  endfacet
  facet normal 0.91503 -0.403386 0
    outer loop
      vertex 12.538 50.2502 0.8
      vertex 12.5693 50.3212 0
      vertex 12.5693 50.3212 0.8
    endloop
  endfacet
  facet normal 0.91503 -0.403386 0
    outer loop
      vertex 12.5693 50.3212 0
      vertex 12.538 50.2502 0.8
      vertex 12.538 50.2502 0
    endloop
  endfacet
  facet normal 0.942783 -0.333408 0
    outer loop
      vertex 12.5693 50.3212 0.8
      vertex 12.596 50.3967 0
      vertex 12.596 50.3967 0.8
    endloop
  endfacet
  facet normal 0.942783 -0.333408 0
    outer loop
      vertex 12.596 50.3967 0
      vertex 12.5693 50.3212 0.8
      vertex 12.5693 50.3212 0
    endloop
  endfacet
  facet normal 0.963587 -0.267395 0
    outer loop
      vertex 12.596 50.3967 0.8
      vertex 12.6182 50.4767 0
      vertex 12.6182 50.4767 0.8
    endloop
  endfacet
  facet normal 0.963587 -0.267395 0
    outer loop
      vertex 12.6182 50.4767 0
      vertex 12.596 50.3967 0.8
      vertex 12.596 50.3967 0
    endloop
  endfacet
  facet normal -0.135125 -0.990829 0
    outer loop
      vertex 12.6182 50.4767 0
      vertex 13.7819 50.318 0.8
      vertex 12.6182 50.4767 0.8
    endloop
  endfacet
  facet normal -0.135125 -0.990829 -0
    outer loop
      vertex 13.7819 50.318 0.8
      vertex 12.6182 50.4767 0
      vertex 13.7819 50.318 0
    endloop
  endfacet
  facet normal -0.973209 0.229924 0
    outer loop
      vertex 13.7428 50.1525 0
      vertex 13.7819 50.318 0.8
      vertex 13.7819 50.318 0
    endloop
  endfacet
  facet normal -0.973209 0.229924 0
    outer loop
      vertex 13.7819 50.318 0.8
      vertex 13.7428 50.1525 0
      vertex 13.7428 50.1525 0.8
    endloop
  endfacet
  facet normal -0.954436 0.298415 0
    outer loop
      vertex 13.6944 49.9977 0
      vertex 13.7428 50.1525 0.8
      vertex 13.7428 50.1525 0
    endloop
  endfacet
  facet normal -0.954436 0.298415 0
    outer loop
      vertex 13.7428 50.1525 0.8
      vertex 13.6944 49.9977 0
      vertex 13.6944 49.9977 0.8
    endloop
  endfacet
  facet normal -0.927809 0.373056 0
    outer loop
      vertex 13.6365 49.8537 0
      vertex 13.6944 49.9977 0.8
      vertex 13.6944 49.9977 0
    endloop
  endfacet
  facet normal -0.927809 0.373056 0
    outer loop
      vertex 13.6944 49.9977 0.8
      vertex 13.6365 49.8537 0
      vertex 13.6365 49.8537 0.8
    endloop
  endfacet
  facet normal -0.892949 0.450159 0
    outer loop
      vertex 13.5693 49.7204 0
      vertex 13.6365 49.8537 0.8
      vertex 13.6365 49.8537 0
    endloop
  endfacet
  facet normal -0.892949 0.450159 0
    outer loop
      vertex 13.6365 49.8537 0.8
      vertex 13.5693 49.7204 0
      vertex 13.5693 49.7204 0.8
    endloop
  endfacet
  facet normal -0.84757 0.530683 0
    outer loop
      vertex 13.4926 49.5979 0
      vertex 13.5693 49.7204 0.8
      vertex 13.5693 49.7204 0
    endloop
  endfacet
  facet normal -0.84757 0.530683 0
    outer loop
      vertex 13.5693 49.7204 0.8
      vertex 13.4926 49.5979 0
      vertex 13.4926 49.5979 0.8
    endloop
  endfacet
  facet normal -0.792624 0.609711 0
    outer loop
      vertex 13.4066 49.4861 0
      vertex 13.4926 49.5979 0.8
      vertex 13.4926 49.5979 0
    endloop
  endfacet
  facet normal -0.792624 0.609711 0
    outer loop
      vertex 13.4926 49.5979 0.8
      vertex 13.4066 49.4861 0
      vertex 13.4066 49.4861 0.8
    endloop
  endfacet
  facet normal -0.726973 0.686666 0
    outer loop
      vertex 13.3112 49.3851 0
      vertex 13.4066 49.4861 0.8
      vertex 13.4066 49.4861 0
    endloop
  endfacet
  facet normal -0.726973 0.686666 0
    outer loop
      vertex 13.4066 49.4861 0.8
      vertex 13.3112 49.3851 0
      vertex 13.3112 49.3851 0.8
    endloop
  endfacet
  facet normal -0.652339 0.757928 0
    outer loop
      vertex 13.3112 49.3851 0
      vertex 13.2064 49.2949 0.8
      vertex 13.3112 49.3851 0.8
    endloop
  endfacet
  facet normal -0.652339 0.757928 0
    outer loop
      vertex 13.2064 49.2949 0.8
      vertex 13.3112 49.3851 0
      vertex 13.2064 49.2949 0
    endloop
  endfacet
  facet normal -0.571338 0.820715 0
    outer loop
      vertex 13.2064 49.2949 0
      vertex 13.0922 49.2154 0.8
      vertex 13.2064 49.2949 0.8
    endloop
  endfacet
  facet normal -0.571338 0.820715 0
    outer loop
      vertex 13.0922 49.2154 0.8
      vertex 13.2064 49.2949 0
      vertex 13.0922 49.2154 0
    endloop
  endfacet
  facet normal -0.48765 0.873039 0
    outer loop
      vertex 13.0922 49.2154 0
      vertex 12.9667 49.1453 0.8
      vertex 13.0922 49.2154 0.8
    endloop
  endfacet
  facet normal -0.48765 0.873039 0
    outer loop
      vertex 12.9667 49.1453 0.8
      vertex 13.0922 49.2154 0
      vertex 12.9667 49.1453 0
    endloop
  endfacet
  facet normal -0.407484 0.913212 0
    outer loop
      vertex 12.9667 49.1453 0
      vertex 12.8282 49.0835 0.8
      vertex 12.9667 49.1453 0.8
    endloop
  endfacet
  facet normal -0.407484 0.913212 0
    outer loop
      vertex 12.8282 49.0835 0.8
      vertex 12.9667 49.1453 0
      vertex 12.8282 49.0835 0
    endloop
  endfacet
  facet normal -0.332592 0.943071 0
    outer loop
      vertex 12.8282 49.0835 0
      vertex 12.6765 49.03 0.8
      vertex 12.8282 49.0835 0.8
    endloop
  endfacet
  facet normal -0.332592 0.943071 0
    outer loop
      vertex 12.6765 49.03 0.8
      vertex 12.8282 49.0835 0
      vertex 12.6765 49.03 0
    endloop
  endfacet
  facet normal -0.265048 0.964235 0
    outer loop
      vertex 12.6765 49.03 0
      vertex 12.5117 48.9847 0.8
      vertex 12.6765 49.03 0.8
    endloop
  endfacet
  facet normal -0.265048 0.964235 0
    outer loop
      vertex 12.5117 48.9847 0.8
      vertex 12.6765 49.03 0
      vertex 12.5117 48.9847 0
    endloop
  endfacet
  facet normal -0.204152 0.978939 0
    outer loop
      vertex 12.5117 48.9847 0
      vertex 12.3338 48.9476 0.8
      vertex 12.5117 48.9847 0.8
    endloop
  endfacet
  facet normal -0.204152 0.978939 0
    outer loop
      vertex 12.3338 48.9476 0.8
      vertex 12.5117 48.9847 0
      vertex 12.3338 48.9476 0
    endloop
  endfacet
  facet normal -0.1491 0.988822 0
    outer loop
      vertex 12.3338 48.9476 0
      vertex 12.1428 48.9188 0.8
      vertex 12.3338 48.9476 0.8
    endloop
  endfacet
  facet normal -0.1491 0.988822 0
    outer loop
      vertex 12.1428 48.9188 0.8
      vertex 12.3338 48.9476 0
      vertex 12.1428 48.9188 0
    endloop
  endfacet
  facet normal -0.100421 0.994945 0
    outer loop
      vertex 12.1428 48.9188 0
      vertex 11.9387 48.8982 0.8
      vertex 12.1428 48.9188 0.8
    endloop
  endfacet
  facet normal -0.100421 0.994945 0
    outer loop
      vertex 11.9387 48.8982 0.8
      vertex 12.1428 48.9188 0
      vertex 11.9387 48.8982 0
    endloop
  endfacet
  facet normal -0.0569974 0.998374 0
    outer loop
      vertex 11.9387 48.8982 0
      vertex 11.7215 48.8858 0.8
      vertex 11.9387 48.8982 0.8
    endloop
  endfacet
  facet normal -0.0569974 0.998374 0
    outer loop
      vertex 11.7215 48.8858 0.8
      vertex 11.9387 48.8982 0
      vertex 11.7215 48.8858 0
    endloop
  endfacet
  facet normal -0.0177923 0.999842 0
    outer loop
      vertex 11.7215 48.8858 0
      vertex 11.4911 48.8817 0.8
      vertex 11.7215 48.8858 0.8
    endloop
  endfacet
  facet normal -0.0177923 0.999842 0
    outer loop
      vertex 11.4911 48.8817 0.8
      vertex 11.7215 48.8858 0
      vertex 11.4911 48.8817 0
    endloop
  endfacet
  facet normal 0.0211483 0.999776 -0
    outer loop
      vertex 11.4911 48.8817 0
      vertex 11.25 48.8868 0.8
      vertex 11.4911 48.8817 0.8
    endloop
  endfacet
  facet normal 0.0211483 0.999776 0
    outer loop
      vertex 11.25 48.8868 0.8
      vertex 11.4911 48.8817 0
      vertex 11.25 48.8868 0
    endloop
  endfacet
  facet normal 0.0669255 0.997758 -0
    outer loop
      vertex 11.25 48.8868 0
      vertex 11.0219 48.9021 0.8
      vertex 11.25 48.8868 0.8
    endloop
  endfacet
  facet normal 0.0669255 0.997758 0
    outer loop
      vertex 11.0219 48.9021 0.8
      vertex 11.25 48.8868 0
      vertex 11.0219 48.9021 0
    endloop
  endfacet
  facet normal 0.117779 0.99304 -0
    outer loop
      vertex 11.0219 48.9021 0
      vertex 10.8069 48.9276 0.8
      vertex 11.0219 48.9021 0.8
    endloop
  endfacet
  facet normal 0.117779 0.99304 0
    outer loop
      vertex 10.8069 48.9276 0.8
      vertex 11.0219 48.9021 0
      vertex 10.8069 48.9276 0
    endloop
  endfacet
  facet normal 0.174203 0.98471 -0
    outer loop
      vertex 10.8069 48.9276 0
      vertex 10.6051 48.9633 0.8
      vertex 10.8069 48.9276 0.8
    endloop
  endfacet
  facet normal 0.174203 0.98471 0
    outer loop
      vertex 10.6051 48.9633 0.8
      vertex 10.8069 48.9276 0
      vertex 10.6051 48.9633 0
    endloop
  endfacet
  facet normal 0.235747 0.971814 -0
    outer loop
      vertex 10.6051 48.9633 0
      vertex 10.4163 49.0091 0.8
      vertex 10.6051 48.9633 0.8
    endloop
  endfacet
  facet normal 0.235747 0.971814 0
    outer loop
      vertex 10.4163 49.0091 0.8
      vertex 10.6051 48.9633 0
      vertex 10.4163 49.0091 0
    endloop
  endfacet
  facet normal 0.304323 0.952569 -0
    outer loop
      vertex 10.4163 49.0091 0
      vertex 10.2407 49.0652 0.8
      vertex 10.4163 49.0091 0.8
    endloop
  endfacet
  facet normal 0.304323 0.952569 0
    outer loop
      vertex 10.2407 49.0652 0.8
      vertex 10.4163 49.0091 0
      vertex 10.2407 49.0652 0
    endloop
  endfacet
  facet normal 0.377767 0.925901 -0
    outer loop
      vertex 10.2407 49.0652 0
      vertex 10.0782 49.1315 0.8
      vertex 10.2407 49.0652 0.8
    endloop
  endfacet
  facet normal 0.377767 0.925901 0
    outer loop
      vertex 10.0782 49.1315 0.8
      vertex 10.2407 49.0652 0
      vertex 10.0782 49.1315 0
    endloop
  endfacet
  facet normal 0.4557 0.890134 -0
    outer loop
      vertex 10.0782 49.1315 0
      vertex 9.92877 49.208 0.8
      vertex 10.0782 49.1315 0.8
    endloop
  endfacet
  facet normal 0.4557 0.890134 0
    outer loop
      vertex 9.92877 49.208 0.8
      vertex 10.0782 49.1315 0
      vertex 9.92877 49.208 0
    endloop
  endfacet
  facet normal 0.536715 0.843763 -0
    outer loop
      vertex 9.92877 49.208 0
      vertex 9.79247 49.2947 0.8
      vertex 9.92877 49.208 0.8
    endloop
  endfacet
  facet normal 0.536715 0.843763 0
    outer loop
      vertex 9.79247 49.2947 0.8
      vertex 9.92877 49.208 0
      vertex 9.79247 49.2947 0
    endloop
  endfacet
  facet normal 0.61753 0.786548 -0
    outer loop
      vertex 9.79247 49.2947 0
      vertex 9.66994 49.3909 0.8
      vertex 9.79247 49.2947 0.8
    endloop
  endfacet
  facet normal 0.61753 0.786548 0
    outer loop
      vertex 9.66994 49.3909 0.8
      vertex 9.79247 49.2947 0
      vertex 9.66994 49.3909 0
    endloop
  endfacet
  facet normal 0.697703 0.716388 -0
    outer loop
      vertex 9.66994 49.3909 0
      vertex 9.56182 49.4962 0.8
      vertex 9.66994 49.3909 0.8
    endloop
  endfacet
  facet normal 0.697703 0.716388 0
    outer loop
      vertex 9.56182 49.4962 0.8
      vertex 9.66994 49.3909 0
      vertex 9.56182 49.4962 0
    endloop
  endfacet
  facet normal 0.773049 0.634347 0
    outer loop
      vertex 9.56182 49.4962 0.8
      vertex 9.46811 49.6104 0
      vertex 9.46811 49.6104 0.8
    endloop
  endfacet
  facet normal 0.773049 0.634347 0
    outer loop
      vertex 9.46811 49.6104 0
      vertex 9.56182 49.4962 0.8
      vertex 9.56182 49.4962 0
    endloop
  endfacet
  facet normal 0.841068 0.54093 0
    outer loop
      vertex 9.46811 49.6104 0.8
      vertex 9.38881 49.7337 0
      vertex 9.38881 49.7337 0.8
    endloop
  endfacet
  facet normal 0.841068 0.54093 0
    outer loop
      vertex 9.38881 49.7337 0
      vertex 9.46811 49.6104 0.8
      vertex 9.46811 49.6104 0
    endloop
  endfacet
  facet normal 0.89777 0.440464 0
    outer loop
      vertex 9.38881 49.7337 0.8
      vertex 9.32395 49.8659 0
      vertex 9.32395 49.8659 0.8
    endloop
  endfacet
  facet normal 0.89777 0.440464 0
    outer loop
      vertex 9.32395 49.8659 0
      vertex 9.38881 49.7337 0.8
      vertex 9.38881 49.7337 0
    endloop
  endfacet
  facet normal 0.941676 0.336522 0
    outer loop
      vertex 9.32395 49.8659 0.8
      vertex 9.27349 50.0071 0
      vertex 9.27349 50.0071 0.8
    endloop
  endfacet
  facet normal 0.941676 0.336522 0
    outer loop
      vertex 9.27349 50.0071 0
      vertex 9.32395 49.8659 0.8
      vertex 9.32395 49.8659 0
    endloop
  endfacet
  facet normal 0.97242 0.233238 0
    outer loop
      vertex 9.27349 50.0071 0.8
      vertex 9.23744 50.1574 0
      vertex 9.23744 50.1574 0.8
    endloop
  endfacet
  facet normal 0.97242 0.233238 0
    outer loop
      vertex 9.23744 50.1574 0
      vertex 9.27349 50.0071 0.8
      vertex 9.27349 50.0071 0
    endloop
  endfacet
  facet normal 0.990904 0.134569 0
    outer loop
      vertex 9.23744 50.1574 0.8
      vertex 9.21582 50.3166 0
      vertex 9.21582 50.3166 0.8
    endloop
  endfacet
  facet normal 0.990904 0.134569 0
    outer loop
      vertex 9.21582 50.3166 0
      vertex 9.23744 50.1574 0.8
      vertex 9.23744 50.1574 0
    endloop
  endfacet
  facet normal 0.999083 0.0428263 0
    outer loop
      vertex 9.21582 50.3166 0.8
      vertex 9.20861 50.4848 0
      vertex 9.20861 50.4848 0.8
    endloop
  endfacet
  facet normal 0.999083 0.0428263 0
    outer loop
      vertex 9.20861 50.4848 0
      vertex 9.21582 50.3166 0.8
      vertex 9.21582 50.3166 0
    endloop
  endfacet
  facet normal 0.999891 -0.0147966 0
    outer loop
      vertex 9.20861 50.4848 0.8
      vertex 9.2096 50.5517 0
      vertex 9.2096 50.5517 0.8
    endloop
  endfacet
  facet normal 0.999891 -0.0147966 0
    outer loop
      vertex 9.2096 50.5517 0
      vertex 9.20861 50.4848 0.8
      vertex 9.20861 50.4848 0
    endloop
  endfacet
  facet normal 0.998995 -0.0448247 0
    outer loop
      vertex 9.2096 50.5517 0.8
      vertex 9.21253 50.617 0
      vertex 9.21253 50.617 0.8
    endloop
  endfacet
  facet normal 0.998995 -0.0448247 0
    outer loop
      vertex 9.21253 50.617 0
      vertex 9.2096 50.5517 0.8
      vertex 9.2096 50.5517 0
    endloop
  endfacet
  facet normal 0.997036 -0.0769366 0
    outer loop
      vertex 9.21253 50.617 0.8
      vertex 9.21743 50.6805 0
      vertex 9.21743 50.6805 0.8
    endloop
  endfacet
  facet normal 0.997036 -0.0769366 0
    outer loop
      vertex 9.21743 50.6805 0
      vertex 9.21253 50.617 0.8
      vertex 9.21253 50.617 0
    endloop
  endfacet
  facet normal 0.993933 -0.109991 0
    outer loop
      vertex 9.21743 50.6805 0.8
      vertex 9.22428 50.7424 0
      vertex 9.22428 50.7424 0.8
    endloop
  endfacet
  facet normal 0.993933 -0.109991 0
    outer loop
      vertex 9.22428 50.7424 0
      vertex 9.21743 50.6805 0.8
      vertex 9.21743 50.6805 0
    endloop
  endfacet
  facet normal 0.989402 -0.1452 0
    outer loop
      vertex 9.22428 50.7424 0.8
      vertex 9.2331 50.8025 0
      vertex 9.2331 50.8025 0.8
    endloop
  endfacet
  facet normal 0.989402 -0.1452 0
    outer loop
      vertex 9.2331 50.8025 0
      vertex 9.22428 50.7424 0.8
      vertex 9.22428 50.7424 0
    endloop
  endfacet
  facet normal 0.983417 -0.18136 0
    outer loop
      vertex 9.2331 50.8025 0.8
      vertex 9.24387 50.8609 0
      vertex 9.24387 50.8609 0.8
    endloop
  endfacet
  facet normal 0.983417 -0.18136 0
    outer loop
      vertex 9.24387 50.8609 0
      vertex 9.2331 50.8025 0.8
      vertex 9.2331 50.8025 0
    endloop
  endfacet
  facet normal 0.975748 -0.218898 0
    outer loop
      vertex 9.24387 50.8609 0.8
      vertex 9.25659 50.9176 0
      vertex 9.25659 50.9176 0.8
    endloop
  endfacet
  facet normal 0.975748 -0.218898 0
    outer loop
      vertex 9.25659 50.9176 0
      vertex 9.24387 50.8609 0.8
      vertex 9.24387 50.8609 0
    endloop
  endfacet
  facet normal 0.966089 -0.258209 0
    outer loop
      vertex 9.25659 50.9176 0.8
      vertex 9.27129 50.9726 0
      vertex 9.27129 50.9726 0.8
    endloop
  endfacet
  facet normal 0.966089 -0.258209 0
    outer loop
      vertex 9.27129 50.9726 0
      vertex 9.25659 50.9176 0.8
      vertex 9.25659 50.9176 0
    endloop
  endfacet
  facet normal 0.954512 -0.298173 0
    outer loop
      vertex 9.27129 50.9726 0.8
      vertex 9.28794 51.0259 0
      vertex 9.28794 51.0259 0.8
    endloop
  endfacet
  facet normal 0.954512 -0.298173 0
    outer loop
      vertex 9.28794 51.0259 0
      vertex 9.27129 50.9726 0.8
      vertex 9.27129 50.9726 0
    endloop
  endfacet
  facet normal 0.942112 -0.335297 0
    outer loop
      vertex 9.28794 51.0259 0.8
      vertex 9.30634 51.0776 0
      vertex 9.30634 51.0776 0.8
    endloop
  endfacet
  facet normal 0.942112 -0.335297 0
    outer loop
      vertex 9.30634 51.0776 0
      vertex 9.28794 51.0259 0.8
      vertex 9.28794 51.0259 0
    endloop
  endfacet
  facet normal 0.929241 -0.369475 0
    outer loop
      vertex 9.30634 51.0776 0.8
      vertex 9.3263 51.1278 0
      vertex 9.3263 51.1278 0.8
    endloop
  endfacet
  facet normal 0.929241 -0.369475 0
    outer loop
      vertex 9.3263 51.1278 0
      vertex 9.30634 51.0776 0.8
      vertex 9.30634 51.0776 0
    endloop
  endfacet
  facet normal 0.914439 -0.404724 0
    outer loop
      vertex 9.3263 51.1278 0.8
      vertex 9.34781 51.1764 0
      vertex 9.34781 51.1764 0.8
    endloop
  endfacet
  facet normal 0.914439 -0.404724 0
    outer loop
      vertex 9.34781 51.1764 0
      vertex 9.3263 51.1278 0.8
      vertex 9.3263 51.1278 0
    endloop
  endfacet
  facet normal 0.898276 -0.439432 0
    outer loop
      vertex 9.34781 51.1764 0.8
      vertex 9.3709 51.2236 0
      vertex 9.3709 51.2236 0.8
    endloop
  endfacet
  facet normal 0.898276 -0.439432 0
    outer loop
      vertex 9.3709 51.2236 0
      vertex 9.34781 51.1764 0.8
      vertex 9.34781 51.1764 0
    endloop
  endfacet
  facet normal 0.880292 -0.474433 0
    outer loop
      vertex 9.3709 51.2236 0.8
      vertex 9.39553 51.2693 0
      vertex 9.39553 51.2693 0.8
    endloop
  endfacet
  facet normal 0.880292 -0.474433 0
    outer loop
      vertex 9.39553 51.2693 0
      vertex 9.3709 51.2236 0.8
      vertex 9.3709 51.2236 0
    endloop
  endfacet
  facet normal 0.859721 -0.510764 0
    outer loop
      vertex 9.39553 51.2693 0.8
      vertex 9.42173 51.3134 0
      vertex 9.42173 51.3134 0.8
    endloop
  endfacet
  facet normal 0.859721 -0.510764 0
    outer loop
      vertex 9.42173 51.3134 0
      vertex 9.39553 51.2693 0.8
      vertex 9.39553 51.2693 0
    endloop
  endfacet
  facet normal 0.838578 -0.544781 0
    outer loop
      vertex 9.42173 51.3134 0.8
      vertex 9.44947 51.3561 0
      vertex 9.44947 51.3561 0.8
    endloop
  endfacet
  facet normal 0.838578 -0.544781 0
    outer loop
      vertex 9.44947 51.3561 0
      vertex 9.42173 51.3134 0.8
      vertex 9.42173 51.3134 0
    endloop
  endfacet
  facet normal 0.814175 -0.58062 0
    outer loop
      vertex 9.44947 51.3561 0.8
      vertex 9.47878 51.3972 0
      vertex 9.47878 51.3972 0.8
    endloop
  endfacet
  facet normal 0.814175 -0.58062 0
    outer loop
      vertex 9.47878 51.3972 0
      vertex 9.44947 51.3561 0.8
      vertex 9.44947 51.3561 0
    endloop
  endfacet
  facet normal 0.788869 -0.614561 0
    outer loop
      vertex 9.47878 51.3972 0.8
      vertex 9.50963 51.4368 0
      vertex 9.50963 51.4368 0.8
    endloop
  endfacet
  facet normal 0.788869 -0.614561 0
    outer loop
      vertex 9.50963 51.4368 0
      vertex 9.47878 51.3972 0.8
      vertex 9.47878 51.3972 0
    endloop
  endfacet
  facet normal 0.763364 -0.645969 0
    outer loop
      vertex 9.50963 51.4368 0.8
      vertex 9.54204 51.4751 0
      vertex 9.54204 51.4751 0.8
    endloop
  endfacet
  facet normal 0.763364 -0.645969 0
    outer loop
      vertex 9.54204 51.4751 0
      vertex 9.50963 51.4368 0.8
      vertex 9.50963 51.4368 0
    endloop
  endfacet
  facet normal 0.73722 -0.675652 0
    outer loop
      vertex 9.54204 51.4751 0.8
      vertex 9.57595 51.5121 0
      vertex 9.57595 51.5121 0.8
    endloop
  endfacet
  facet normal 0.73722 -0.675652 0
    outer loop
      vertex 9.57595 51.5121 0
      vertex 9.54204 51.4751 0.8
      vertex 9.54204 51.4751 0
    endloop
  endfacet
  facet normal 0.709985 -0.704217 0
    outer loop
      vertex 9.57595 51.5121 0.8
      vertex 9.61136 51.5478 0
      vertex 9.61136 51.5478 0.8
    endloop
  endfacet
  facet normal 0.709985 -0.704217 0
    outer loop
      vertex 9.61136 51.5478 0
      vertex 9.57595 51.5121 0.8
      vertex 9.57595 51.5121 0
    endloop
  endfacet
  facet normal 0.682657 -0.730739 0
    outer loop
      vertex 9.61136 51.5478 0
      vertex 9.64829 51.5823 0.8
      vertex 9.61136 51.5478 0.8
    endloop
  endfacet
  facet normal 0.682657 -0.730739 0
    outer loop
      vertex 9.64829 51.5823 0.8
      vertex 9.61136 51.5478 0
      vertex 9.64829 51.5823 0
    endloop
  endfacet
  facet normal 0.65496 -0.755663 0
    outer loop
      vertex 9.64829 51.5823 0
      vertex 9.68671 51.6156 0.8
      vertex 9.64829 51.5823 0.8
    endloop
  endfacet
  facet normal 0.65496 -0.755663 0
    outer loop
      vertex 9.68671 51.6156 0.8
      vertex 9.64829 51.5823 0
      vertex 9.68671 51.6156 0
    endloop
  endfacet
  facet normal 0.62417 -0.781289 0
    outer loop
      vertex 9.68671 51.6156 0
      vertex 9.72664 51.6475 0.8
      vertex 9.68671 51.6156 0.8
    endloop
  endfacet
  facet normal 0.62417 -0.781289 0
    outer loop
      vertex 9.72664 51.6475 0.8
      vertex 9.68671 51.6156 0
      vertex 9.72664 51.6475 0
    endloop
  endfacet
  facet normal 0.596524 -0.802595 0
    outer loop
      vertex 9.72664 51.6475 0
      vertex 9.76808 51.6783 0.8
      vertex 9.72664 51.6475 0.8
    endloop
  endfacet
  facet normal 0.596524 -0.802595 0
    outer loop
      vertex 9.76808 51.6783 0.8
      vertex 9.72664 51.6475 0
      vertex 9.76808 51.6783 0
    endloop
  endfacet
  facet normal 0.564946 -0.825128 0
    outer loop
      vertex 9.76808 51.6783 0
      vertex 9.81102 51.7077 0.8
      vertex 9.76808 51.6783 0.8
    endloop
  endfacet
  facet normal 0.564946 -0.825128 0
    outer loop
      vertex 9.81102 51.7077 0.8
      vertex 9.76808 51.6783 0
      vertex 9.81102 51.7077 0
    endloop
  endfacet
  facet normal 0.53706 -0.843544 0
    outer loop
      vertex 9.81102 51.7077 0
      vertex 9.85547 51.736 0.8
      vertex 9.81102 51.7077 0.8
    endloop
  endfacet
  facet normal 0.53706 -0.843544 0
    outer loop
      vertex 9.85547 51.736 0.8
      vertex 9.81102 51.7077 0
      vertex 9.85547 51.736 0
    endloop
  endfacet
  facet normal 0.509071 -0.860725 0
    outer loop
      vertex 9.85547 51.736 0
      vertex 9.90129 51.7631 0.8
      vertex 9.85547 51.736 0.8
    endloop
  endfacet
  facet normal 0.509071 -0.860725 0
    outer loop
      vertex 9.90129 51.7631 0.8
      vertex 9.85547 51.736 0
      vertex 9.90129 51.7631 0
    endloop
  endfacet
  facet normal 0.489574 -0.871962 0
    outer loop
      vertex 9.90129 51.7631 0
      vertex 9.94831 51.7895 0.8
      vertex 9.90129 51.7631 0.8
    endloop
  endfacet
  facet normal 0.489574 -0.871962 0
    outer loop
      vertex 9.94831 51.7895 0.8
      vertex 9.90129 51.7631 0
      vertex 9.94831 51.7895 0
    endloop
  endfacet
  facet normal 0.468838 -0.883284 0
    outer loop
      vertex 9.94831 51.7895 0
      vertex 9.99654 51.8151 0.8
      vertex 9.94831 51.7895 0.8
    endloop
  endfacet
  facet normal 0.468838 -0.883284 0
    outer loop
      vertex 9.99654 51.8151 0.8
      vertex 9.94831 51.7895 0
      vertex 9.99654 51.8151 0
    endloop
  endfacet
  facet normal 0.446779 -0.894644 0
    outer loop
      vertex 9.99654 51.8151 0
      vertex 10.046 51.8398 0.8
      vertex 9.99654 51.8151 0.8
    endloop
  endfacet
  facet normal 0.446779 -0.894644 0
    outer loop
      vertex 10.046 51.8398 0.8
      vertex 9.99654 51.8151 0
      vertex 10.046 51.8398 0
    endloop
  endfacet
  facet normal 0.428547 -0.90352 0
    outer loop
      vertex 10.046 51.8398 0
      vertex 10.0966 51.8638 0.8
      vertex 10.046 51.8398 0.8
    endloop
  endfacet
  facet normal 0.428547 -0.90352 0
    outer loop
      vertex 10.0966 51.8638 0.8
      vertex 10.046 51.8398 0
      vertex 10.0966 51.8638 0
    endloop
  endfacet
  facet normal 0.407283 -0.913302 0
    outer loop
      vertex 10.0966 51.8638 0
      vertex 10.1484 51.8869 0.8
      vertex 10.0966 51.8638 0.8
    endloop
  endfacet
  facet normal 0.407283 -0.913302 0
    outer loop
      vertex 10.1484 51.8869 0.8
      vertex 10.0966 51.8638 0
      vertex 10.1484 51.8869 0
    endloop
  endfacet
  facet normal 0.388677 -0.921374 0
    outer loop
      vertex 10.1484 51.8869 0
      vertex 10.2015 51.9093 0.8
      vertex 10.1484 51.8869 0.8
    endloop
  endfacet
  facet normal 0.388677 -0.921374 0
    outer loop
      vertex 10.2015 51.9093 0.8
      vertex 10.1484 51.8869 0
      vertex 10.2015 51.9093 0
    endloop
  endfacet
  facet normal 0.368728 -0.929537 0
    outer loop
      vertex 10.2015 51.9093 0
      vertex 10.2557 51.9308 0.8
      vertex 10.2015 51.9093 0.8
    endloop
  endfacet
  facet normal 0.368728 -0.929537 0
    outer loop
      vertex 10.2557 51.9308 0.8
      vertex 10.2015 51.9093 0
      vertex 10.2557 51.9308 0
    endloop
  endfacet
  facet normal 0.350939 -0.936398 0
    outer loop
      vertex 10.2557 51.9308 0
      vertex 10.3112 51.9516 0.8
      vertex 10.2557 51.9308 0.8
    endloop
  endfacet
  facet normal 0.350939 -0.936398 0
    outer loop
      vertex 10.3112 51.9516 0.8
      vertex 10.2557 51.9308 0
      vertex 10.3112 51.9516 0
    endloop
  endfacet
  facet normal 0.325991 -0.945373 0
    outer loop
      vertex 10.3112 51.9516 0
      vertex 10.3721 51.9726 0.8
      vertex 10.3112 51.9516 0.8
    endloop
  endfacet
  facet normal 0.325991 -0.945373 0
    outer loop
      vertex 10.3721 51.9726 0.8
      vertex 10.3112 51.9516 0
      vertex 10.3721 51.9726 0
    endloop
  endfacet
  facet normal 0.305266 -0.952267 0
    outer loop
      vertex 10.3721 51.9726 0
      vertex 10.4426 51.9952 0.8
      vertex 10.3721 51.9726 0.8
    endloop
  endfacet
  facet normal 0.305266 -0.952267 0
    outer loop
      vertex 10.4426 51.9952 0.8
      vertex 10.3721 51.9726 0
      vertex 10.4426 51.9952 0
    endloop
  endfacet
  facet normal 0.28669 -0.958023 0
    outer loop
      vertex 10.4426 51.9952 0
      vertex 10.5228 52.0192 0.8
      vertex 10.4426 51.9952 0.8
    endloop
  endfacet
  facet normal 0.28669 -0.958023 0
    outer loop
      vertex 10.5228 52.0192 0.8
      vertex 10.4426 51.9952 0
      vertex 10.5228 52.0192 0
    endloop
  endfacet
  facet normal 0.272173 -0.962248 0
    outer loop
      vertex 10.5228 52.0192 0
      vertex 10.6126 52.0446 0.8
      vertex 10.5228 52.0192 0.8
    endloop
  endfacet
  facet normal 0.272173 -0.962248 0
    outer loop
      vertex 10.6126 52.0446 0.8
      vertex 10.5228 52.0192 0
      vertex 10.6126 52.0446 0
    endloop
  endfacet
  facet normal 0.260982 -0.965344 0
    outer loop
      vertex 10.6126 52.0446 0
      vertex 10.7121 52.0715 0.8
      vertex 10.6126 52.0446 0.8
    endloop
  endfacet
  facet normal 0.260982 -0.965344 0
    outer loop
      vertex 10.7121 52.0715 0.8
      vertex 10.6126 52.0446 0
      vertex 10.7121 52.0715 0
    endloop
  endfacet
  facet normal 0.251085 -0.967965 0
    outer loop
      vertex 10.7121 52.0715 0
      vertex 10.8212 52.0998 0.8
      vertex 10.7121 52.0715 0.8
    endloop
  endfacet
  facet normal 0.251085 -0.967965 0
    outer loop
      vertex 10.8212 52.0998 0.8
      vertex 10.7121 52.0715 0
      vertex 10.8212 52.0998 0
    endloop
  endfacet
  facet normal 0.243497 -0.969902 0
    outer loop
      vertex 10.8212 52.0998 0
      vertex 10.9399 52.1296 0.8
      vertex 10.8212 52.0998 0.8
    endloop
  endfacet
  facet normal 0.243497 -0.969902 0
    outer loop
      vertex 10.9399 52.1296 0.8
      vertex 10.8212 52.0998 0
      vertex 10.9399 52.1296 0
    endloop
  endfacet
  facet normal 0.236834 -0.97155 0
    outer loop
      vertex 10.9399 52.1296 0
      vertex 11.0683 52.1609 0.8
      vertex 10.9399 52.1296 0.8
    endloop
  endfacet
  facet normal 0.236834 -0.97155 0
    outer loop
      vertex 11.0683 52.1609 0.8
      vertex 10.9399 52.1296 0
      vertex 11.0683 52.1609 0
    endloop
  endfacet
  facet normal 0.230414 -0.973093 0
    outer loop
      vertex 11.0683 52.1609 0
      vertex 11.2064 52.1936 0.8
      vertex 11.0683 52.1609 0.8
    endloop
  endfacet
  facet normal 0.230414 -0.973093 0
    outer loop
      vertex 11.2064 52.1936 0.8
      vertex 11.0683 52.1609 0
      vertex 11.2064 52.1936 0
    endloop
  endfacet
  facet normal 0.202017 -0.979382 0
    outer loop
      vertex 11.2064 52.1936 0
      vertex 11.3659 52.2265 0.8
      vertex 11.2064 52.1936 0.8
    endloop
  endfacet
  facet normal 0.202017 -0.979382 0
    outer loop
      vertex 11.3659 52.2265 0.8
      vertex 11.2064 52.1936 0
      vertex 11.3659 52.2265 0
    endloop
  endfacet
  facet normal 0.211247 -0.977433 0
    outer loop
      vertex 11.3659 52.2265 0
      vertex 11.5135 52.2584 0.8
      vertex 11.3659 52.2265 0.8
    endloop
  endfacet
  facet normal 0.211247 -0.977433 0
    outer loop
      vertex 11.5135 52.2584 0.8
      vertex 11.3659 52.2265 0
      vertex 11.5135 52.2584 0
    endloop
  endfacet
  facet normal 0.220658 -0.975351 0
    outer loop
      vertex 11.5135 52.2584 0
      vertex 11.6492 52.2891 0.8
      vertex 11.5135 52.2584 0.8
    endloop
  endfacet
  facet normal 0.220658 -0.975351 0
    outer loop
      vertex 11.6492 52.2891 0.8
      vertex 11.5135 52.2584 0
      vertex 11.6492 52.2891 0
    endloop
  endfacet
  facet normal 0.231798 -0.972764 0
    outer loop
      vertex 11.6492 52.2891 0
      vertex 11.773 52.3186 0.8
      vertex 11.6492 52.2891 0.8
    endloop
  endfacet
  facet normal 0.231798 -0.972764 0
    outer loop
      vertex 11.773 52.3186 0.8
      vertex 11.6492 52.2891 0
      vertex 11.773 52.3186 0
    endloop
  endfacet
  facet normal 0.24702 -0.96901 0
    outer loop
      vertex 11.773 52.3186 0
      vertex 11.8848 52.3471 0.8
      vertex 11.773 52.3186 0.8
    endloop
  endfacet
  facet normal 0.24702 -0.96901 0
    outer loop
      vertex 11.8848 52.3471 0.8
      vertex 11.773 52.3186 0
      vertex 11.8848 52.3471 0
    endloop
  endfacet
  facet normal 0.26426 -0.964452 0
    outer loop
      vertex 11.8848 52.3471 0
      vertex 11.9848 52.3745 0.8
      vertex 11.8848 52.3471 0.8
    endloop
  endfacet
  facet normal 0.26426 -0.964452 0
    outer loop
      vertex 11.9848 52.3745 0.8
      vertex 11.8848 52.3471 0
      vertex 11.9848 52.3745 0
    endloop
  endfacet
  facet normal 0.28605 -0.958215 0
    outer loop
      vertex 11.9848 52.3745 0
      vertex 12.0729 52.4008 0.8
      vertex 11.9848 52.3745 0.8
    endloop
  endfacet
  facet normal 0.28605 -0.958215 0
    outer loop
      vertex 12.0729 52.4008 0.8
      vertex 11.9848 52.3745 0
      vertex 12.0729 52.4008 0
    endloop
  endfacet
  facet normal 0.313984 -0.949428 0
    outer loop
      vertex 12.0729 52.4008 0
      vertex 12.1491 52.426 0.8
      vertex 12.0729 52.4008 0.8
    endloop
  endfacet
  facet normal 0.313984 -0.949428 0
    outer loop
      vertex 12.1491 52.426 0.8
      vertex 12.0729 52.4008 0
      vertex 12.1491 52.426 0
    endloop
  endfacet
  facet normal 0.349686 -0.936867 0
    outer loop
      vertex 12.1491 52.426 0
      vertex 12.2134 52.45 0.8
      vertex 12.1491 52.426 0.8
    endloop
  endfacet
  facet normal 0.349686 -0.936867 0
    outer loop
      vertex 12.2134 52.45 0.8
      vertex 12.1491 52.426 0
      vertex 12.2134 52.45 0
    endloop
  endfacet
  facet normal 0.391964 -0.919981 0
    outer loop
      vertex 12.2134 52.45 0
      vertex 12.2702 52.4742 0.8
      vertex 12.2134 52.45 0.8
    endloop
  endfacet
  facet normal 0.391964 -0.919981 0
    outer loop
      vertex 12.2702 52.4742 0.8
      vertex 12.2134 52.45 0
      vertex 12.2702 52.4742 0
    endloop
  endfacet
  facet normal 0.425636 -0.904895 0
    outer loop
      vertex 12.2702 52.4742 0
      vertex 12.3242 52.4996 0.8
      vertex 12.2702 52.4742 0.8
    endloop
  endfacet
  facet normal 0.425636 -0.904895 0
    outer loop
      vertex 12.3242 52.4996 0.8
      vertex 12.2702 52.4742 0
      vertex 12.3242 52.4996 0
    endloop
  endfacet
  facet normal 0.465174 -0.885219 0
    outer loop
      vertex 12.3242 52.4996 0
      vertex 12.3752 52.5264 0.8
      vertex 12.3242 52.4996 0.8
    endloop
  endfacet
  facet normal 0.465174 -0.885219 0
    outer loop
      vertex 12.3752 52.5264 0.8
      vertex 12.3242 52.4996 0
      vertex 12.3752 52.5264 0
    endloop
  endfacet
  facet normal 0.504429 -0.863453 0
    outer loop
      vertex 12.3752 52.5264 0
      vertex 12.4233 52.5545 0.8
      vertex 12.3752 52.5264 0.8
    endloop
  endfacet
  facet normal 0.504429 -0.863453 0
    outer loop
      vertex 12.4233 52.5545 0.8
      vertex 12.3752 52.5264 0
      vertex 12.4233 52.5545 0
    endloop
  endfacet
  facet normal 0.545249 -0.838274 0
    outer loop
      vertex 12.4233 52.5545 0
      vertex 12.4685 52.5839 0.8
      vertex 12.4233 52.5545 0.8
    endloop
  endfacet
  facet normal 0.545249 -0.838274 0
    outer loop
      vertex 12.4685 52.5839 0.8
      vertex 12.4233 52.5545 0
      vertex 12.4685 52.5839 0
    endloop
  endfacet
  facet normal 0.587375 -0.809315 0
    outer loop
      vertex 12.4685 52.5839 0
      vertex 12.5108 52.6146 0.8
      vertex 12.4685 52.5839 0.8
    endloop
  endfacet
  facet normal 0.587375 -0.809315 0
    outer loop
      vertex 12.5108 52.6146 0.8
      vertex 12.4685 52.5839 0
      vertex 12.5108 52.6146 0
    endloop
  endfacet
  facet normal 0.630444 -0.776235 0
    outer loop
      vertex 12.5108 52.6146 0
      vertex 12.5502 52.6466 0.8
      vertex 12.5108 52.6146 0.8
    endloop
  endfacet
  facet normal 0.630444 -0.776235 0
    outer loop
      vertex 12.5502 52.6466 0.8
      vertex 12.5108 52.6146 0
      vertex 12.5502 52.6466 0
    endloop
  endfacet
  facet normal 0.673981 -0.738748 0
    outer loop
      vertex 12.5502 52.6466 0
      vertex 12.5867 52.6799 0.8
      vertex 12.5502 52.6466 0.8
    endloop
  endfacet
  facet normal 0.673981 -0.738748 0
    outer loop
      vertex 12.5867 52.6799 0.8
      vertex 12.5502 52.6466 0
      vertex 12.5867 52.6799 0
    endloop
  endfacet
  facet normal 0.718435 -0.695594 0
    outer loop
      vertex 12.5867 52.6799 0.8
      vertex 12.6202 52.7145 0
      vertex 12.6202 52.7145 0.8
    endloop
  endfacet
  facet normal 0.718435 -0.695594 0
    outer loop
      vertex 12.6202 52.7145 0
      vertex 12.5867 52.6799 0.8
      vertex 12.5867 52.6799 0
    endloop
  endfacet
  facet normal 0.767701 -0.640808 0
    outer loop
      vertex 12.6202 52.7145 0.8
      vertex 12.6505 52.7508 0
      vertex 12.6505 52.7508 0.8
    endloop
  endfacet
  facet normal 0.767701 -0.640808 0
    outer loop
      vertex 12.6505 52.7508 0
      vertex 12.6202 52.7145 0.8
      vertex 12.6202 52.7145 0
    endloop
  endfacet
  facet normal 0.820034 -0.572315 0
    outer loop
      vertex 12.6505 52.7508 0.8
      vertex 12.6773 52.7892 0
      vertex 12.6773 52.7892 0.8
    endloop
  endfacet
  facet normal 0.820034 -0.572315 0
    outer loop
      vertex 12.6773 52.7892 0
      vertex 12.6505 52.7508 0.8
      vertex 12.6505 52.7508 0
    endloop
  endfacet
  facet normal 0.867715 -0.497062 0
    outer loop
      vertex 12.6773 52.7892 0.8
      vertex 12.7005 52.8297 0
      vertex 12.7005 52.8297 0.8
    endloop
  endfacet
  facet normal 0.867715 -0.497062 0
    outer loop
      vertex 12.7005 52.8297 0
      vertex 12.6773 52.7892 0.8
      vertex 12.6773 52.7892 0
    endloop
  endfacet
  facet normal 0.90883 -0.417168 0
    outer loop
      vertex 12.7005 52.8297 0.8
      vertex 12.7201 52.8724 0
      vertex 12.7201 52.8724 0.8
    endloop
  endfacet
  facet normal 0.90883 -0.417168 0
    outer loop
      vertex 12.7201 52.8724 0
      vertex 12.7005 52.8297 0.8
      vertex 12.7005 52.8297 0
    endloop
  endfacet
  facet normal 0.941503 -0.337003 0
    outer loop
      vertex 12.7201 52.8724 0.8
      vertex 12.7361 52.9171 0
      vertex 12.7361 52.9171 0.8
    endloop
  endfacet
  facet normal 0.941503 -0.337003 0
    outer loop
      vertex 12.7361 52.9171 0
      vertex 12.7201 52.8724 0.8
      vertex 12.7201 52.8724 0
    endloop
  endfacet
  facet normal 0.966269 -0.257534 0
    outer loop
      vertex 12.7361 52.9171 0.8
      vertex 12.7486 52.964 0
      vertex 12.7486 52.964 0.8
    endloop
  endfacet
  facet normal 0.966269 -0.257534 0
    outer loop
      vertex 12.7486 52.964 0
      vertex 12.7361 52.9171 0.8
      vertex 12.7361 52.9171 0
    endloop
  endfacet
  facet normal 0.983547 -0.180652 0
    outer loop
      vertex 12.7486 52.964 0.8
      vertex 12.7576 53.013 0
      vertex 12.7576 53.013 0.8
    endloop
  endfacet
  facet normal 0.983547 -0.180652 0
    outer loop
      vertex 12.7576 53.013 0
      vertex 12.7486 52.964 0.8
      vertex 12.7486 52.964 0
    endloop
  endfacet
  facet normal 0.994664 -0.103165 0
    outer loop
      vertex 12.7576 53.013 0.8
      vertex 12.7629 53.0641 0
      vertex 12.7629 53.0641 0.8
    endloop
  endfacet
  facet normal 0.994664 -0.103165 0
    outer loop
      vertex 12.7629 53.0641 0
      vertex 12.7576 53.013 0.8
      vertex 12.7576 53.013 0
    endloop
  endfacet
  facet normal 0.999428 -0.0338152 0
    outer loop
      vertex 12.7629 53.0641 0.8
      vertex 12.7647 53.1173 0
      vertex 12.7647 53.1173 0.8
    endloop
  endfacet
  facet normal 0.999428 -0.0338152 0
    outer loop
      vertex 12.7647 53.1173 0
      vertex 12.7629 53.0641 0.8
      vertex 12.7629 53.0641 0
    endloop
  endfacet
  facet normal 0.995369 0.096126 0
    outer loop
      vertex 12.7647 53.1173 0.8
      vertex 12.7492 53.2778 0
      vertex 12.7492 53.2778 0.8
    endloop
  endfacet
  facet normal 0.995369 0.096126 0
    outer loop
      vertex 12.7492 53.2778 0
      vertex 12.7647 53.1173 0.8
      vertex 12.7647 53.1173 0
    endloop
  endfacet
  facet normal 0.949949 0.312404 0
    outer loop
      vertex 12.7492 53.2778 0.8
      vertex 12.7026 53.4195 0
      vertex 12.7026 53.4195 0.8
    endloop
  endfacet
  facet normal 0.949949 0.312404 0
    outer loop
      vertex 12.7026 53.4195 0
      vertex 12.7492 53.2778 0.8
      vertex 12.7492 53.2778 0
    endloop
  endfacet
  facet normal 0.845161 0.534511 0
    outer loop
      vertex 12.7026 53.4195 0.8
      vertex 12.625 53.5422 0
      vertex 12.625 53.5422 0.8
    endloop
  endfacet
  facet normal 0.845161 0.534511 0
    outer loop
      vertex 12.625 53.5422 0
      vertex 12.7026 53.4195 0.8
      vertex 12.7026 53.4195 0
    endloop
  endfacet
  facet normal 0.690966 0.722887 -0
    outer loop
      vertex 12.625 53.5422 0
      vertex 12.5163 53.6461 0.8
      vertex 12.625 53.5422 0.8
    endloop
  endfacet
  facet normal 0.690966 0.722887 0
    outer loop
      vertex 12.5163 53.6461 0.8
      vertex 12.625 53.5422 0
      vertex 12.5163 53.6461 0
    endloop
  endfacet
  facet normal 0.520063 0.854128 -0
    outer loop
      vertex 12.5163 53.6461 0
      vertex 12.3767 53.7311 0.8
      vertex 12.5163 53.6461 0.8
    endloop
  endfacet
  facet normal 0.520063 0.854128 0
    outer loop
      vertex 12.3767 53.7311 0.8
      vertex 12.5163 53.6461 0
      vertex 12.3767 53.7311 0
    endloop
  endfacet
  facet normal 0.360918 0.932598 -0
    outer loop
      vertex 12.3767 53.7311 0
      vertex 12.2059 53.7972 0.8
      vertex 12.3767 53.7311 0.8
    endloop
  endfacet
  facet normal 0.360918 0.932598 0
    outer loop
      vertex 12.2059 53.7972 0.8
      vertex 12.3767 53.7311 0
      vertex 12.2059 53.7972 0
    endloop
  endfacet
  facet normal 0.227748 0.97372 -0
    outer loop
      vertex 12.2059 53.7972 0
      vertex 12.0041 53.8444 0.8
      vertex 12.2059 53.7972 0.8
    endloop
  endfacet
  facet normal 0.227748 0.97372 0
    outer loop
      vertex 12.0041 53.8444 0.8
      vertex 12.2059 53.7972 0
      vertex 12.0041 53.8444 0
    endloop
  endfacet
  facet normal 0.121095 0.992641 -0
    outer loop
      vertex 12.0041 53.8444 0
      vertex 11.7713 53.8728 0.8
      vertex 12.0041 53.8444 0.8
    endloop
  endfacet
  facet normal 0.121095 0.992641 0
    outer loop
      vertex 11.7713 53.8728 0.8
      vertex 12.0041 53.8444 0
      vertex 11.7713 53.8728 0
    endloop
  endfacet
  facet normal 0.035597 0.999366 -0
    outer loop
      vertex 11.7713 53.8728 0
      vertex 11.5074 53.8822 0.8
      vertex 11.7713 53.8728 0.8
    endloop
  endfacet
  facet normal 0.035597 0.999366 0
    outer loop
      vertex 11.5074 53.8822 0.8
      vertex 11.7713 53.8728 0
      vertex 11.5074 53.8822 0
    endloop
  endfacet
  facet normal -0.0190224 0.999819 0
    outer loop
      vertex 11.5074 53.8822 0
      vertex 11.376 53.8797 0.8
      vertex 11.5074 53.8822 0.8
    endloop
  endfacet
  facet normal -0.0190224 0.999819 0
    outer loop
      vertex 11.376 53.8797 0.8
      vertex 11.5074 53.8822 0
      vertex 11.376 53.8797 0
    endloop
  endfacet
  facet normal -0.0607363 0.998154 0
    outer loop
      vertex 11.376 53.8797 0
      vertex 11.2511 53.8721 0.8
      vertex 11.376 53.8797 0.8
    endloop
  endfacet
  facet normal -0.0607363 0.998154 0
    outer loop
      vertex 11.2511 53.8721 0.8
      vertex 11.376 53.8797 0
      vertex 11.2511 53.8721 0
    endloop
  endfacet
  facet normal -0.106652 0.994296 0
    outer loop
      vertex 11.2511 53.8721 0
      vertex 11.1327 53.8594 0.8
      vertex 11.2511 53.8721 0.8
    endloop
  endfacet
  facet normal -0.106652 0.994296 0
    outer loop
      vertex 11.1327 53.8594 0.8
      vertex 11.2511 53.8721 0
      vertex 11.1327 53.8594 0
    endloop
  endfacet
  facet normal -0.157095 0.987583 0
    outer loop
      vertex 11.1327 53.8594 0
      vertex 11.0208 53.8416 0.8
      vertex 11.1327 53.8594 0.8
    endloop
  endfacet
  facet normal -0.157095 0.987583 0
    outer loop
      vertex 11.0208 53.8416 0.8
      vertex 11.1327 53.8594 0
      vertex 11.0208 53.8416 0
    endloop
  endfacet
  facet normal -0.21162 0.977352 0
    outer loop
      vertex 11.0208 53.8416 0
      vertex 10.9155 53.8188 0.8
      vertex 11.0208 53.8416 0.8
    endloop
  endfacet
  facet normal -0.21162 0.977352 0
    outer loop
      vertex 10.9155 53.8188 0.8
      vertex 11.0208 53.8416 0
      vertex 10.9155 53.8188 0
    endloop
  endfacet
  facet normal -0.271761 0.962365 0
    outer loop
      vertex 10.9155 53.8188 0
      vertex 10.8167 53.7909 0.8
      vertex 10.9155 53.8188 0.8
    endloop
  endfacet
  facet normal -0.271761 0.962365 0
    outer loop
      vertex 10.8167 53.7909 0.8
      vertex 10.9155 53.8188 0
      vertex 10.8167 53.7909 0
    endloop
  endfacet
  facet normal -0.33666 0.941626 0
    outer loop
      vertex 10.8167 53.7909 0
      vertex 10.7244 53.7579 0.8
      vertex 10.8167 53.7909 0.8
    endloop
  endfacet
  facet normal -0.33666 0.941626 0
    outer loop
      vertex 10.7244 53.7579 0.8
      vertex 10.8167 53.7909 0
      vertex 10.7244 53.7579 0
    endloop
  endfacet
  facet normal -0.404952 0.914338 0
    outer loop
      vertex 10.7244 53.7579 0
      vertex 10.6386 53.7199 0.8
      vertex 10.7244 53.7579 0.8
    endloop
  endfacet
  facet normal -0.404952 0.914338 0
    outer loop
      vertex 10.6386 53.7199 0.8
      vertex 10.7244 53.7579 0
      vertex 10.6386 53.7199 0
    endloop
  endfacet
  facet normal -0.477997 0.878361 0
    outer loop
      vertex 10.6386 53.7199 0
      vertex 10.5594 53.6768 0.8
      vertex 10.6386 53.7199 0.8
    endloop
  endfacet
  facet normal -0.477997 0.878361 0
    outer loop
      vertex 10.5594 53.6768 0.8
      vertex 10.6386 53.7199 0
      vertex 10.5594 53.6768 0
    endloop
  endfacet
  facet normal -0.5547 0.83205 0
    outer loop
      vertex 10.5594 53.6768 0
      vertex 10.4862 53.628 0.8
      vertex 10.5594 53.6768 0.8
    endloop
  endfacet
  facet normal -0.5547 0.83205 0
    outer loop
      vertex 10.4862 53.628 0.8
      vertex 10.5594 53.6768 0
      vertex 10.4862 53.628 0
    endloop
  endfacet
  facet normal -0.63042 0.776254 0
    outer loop
      vertex 10.4862 53.628 0
      vertex 10.4186 53.5731 0.8
      vertex 10.4862 53.628 0.8
    endloop
  endfacet
  facet normal -0.63042 0.776254 0
    outer loop
      vertex 10.4186 53.5731 0.8
      vertex 10.4862 53.628 0
      vertex 10.4186 53.5731 0
    endloop
  endfacet
  facet normal -0.700771 0.713387 0
    outer loop
      vertex 10.4186 53.5731 0
      vertex 10.3564 53.512 0.8
      vertex 10.4186 53.5731 0.8
    endloop
  endfacet
  facet normal -0.700771 0.713387 0
    outer loop
      vertex 10.3564 53.512 0.8
      vertex 10.4186 53.5731 0
      vertex 10.3564 53.512 0
    endloop
  endfacet
  facet normal -0.765324 0.643645 0
    outer loop
      vertex 10.2998 53.4447 0
      vertex 10.3564 53.512 0.8
      vertex 10.3564 53.512 0
    endloop
  endfacet
  facet normal -0.765324 0.643645 0
    outer loop
      vertex 10.3564 53.512 0.8
      vertex 10.2998 53.4447 0
      vertex 10.2998 53.4447 0.8
    endloop
  endfacet
  facet normal -0.821065 0.570835 0
    outer loop
      vertex 10.2487 53.3712 0
      vertex 10.2998 53.4447 0.8
      vertex 10.2998 53.4447 0
    endloop
  endfacet
  facet normal -0.821065 0.570835 0
    outer loop
      vertex 10.2998 53.4447 0.8
      vertex 10.2487 53.3712 0
      vertex 10.2487 53.3712 0.8
    endloop
  endfacet
  facet normal -0.868176 0.496256 0
    outer loop
      vertex 10.2032 53.2916 0
      vertex 10.2487 53.3712 0.8
      vertex 10.2487 53.3712 0
    endloop
  endfacet
  facet normal -0.868176 0.496256 0
    outer loop
      vertex 10.2487 53.3712 0.8
      vertex 10.2032 53.2916 0
      vertex 10.2032 53.2916 0.8
    endloop
  endfacet
  facet normal -0.90594 0.423406 0
    outer loop
      vertex 10.1631 53.2058 0
      vertex 10.2032 53.2916 0.8
      vertex 10.2032 53.2916 0
    endloop
  endfacet
  facet normal -0.90594 0.423406 0
    outer loop
      vertex 10.2032 53.2916 0.8
      vertex 10.1631 53.2058 0
      vertex 10.1631 53.2058 0.8
    endloop
  endfacet
  facet normal -0.936454 0.350789 0
    outer loop
      vertex 10.1286 53.1137 0
      vertex 10.1631 53.2058 0.8
      vertex 10.1631 53.2058 0
    endloop
  endfacet
  facet normal -0.936454 0.350789 0
    outer loop
      vertex 10.1631 53.2058 0.8
      vertex 10.1286 53.1137 0
      vertex 10.1286 53.1137 0.8
    endloop
  endfacet
  facet normal -0.959241 0.28259 0
    outer loop
      vertex 10.0997 53.0156 0
      vertex 10.1286 53.1137 0.8
      vertex 10.1286 53.1137 0
    endloop
  endfacet
  facet normal -0.959241 0.28259 0
    outer loop
      vertex 10.1286 53.1137 0.8
      vertex 10.0997 53.0156 0
      vertex 10.0997 53.0156 0.8
    endloop
  endfacet
  facet normal 0.162681 0.986679 -0
    outer loop
      vertex 10.0997 53.0156 0
      vertex 8.94005 53.2068 0.8
      vertex 10.0997 53.0156 0.8
    endloop
  endfacet
  facet normal 0.162681 0.986679 0
    outer loop
      vertex 8.94005 53.2068 0.8
      vertex 10.0997 53.0156 0
      vertex 8.94005 53.2068 0
    endloop
  endfacet
  facet normal 0.966739 -0.255765 0
    outer loop
      vertex 8.94005 53.2068 0.8
      vertex 8.98537 53.3781 0
      vertex 8.98537 53.3781 0.8
    endloop
  endfacet
  facet normal 0.966739 -0.255765 0
    outer loop
      vertex 8.98537 53.3781 0
      vertex 8.94005 53.2068 0.8
      vertex 8.94005 53.2068 0
    endloop
  endfacet
  facet normal 0.944113 -0.329621 0
    outer loop
      vertex 8.98537 53.3781 0.8
      vertex 9.04172 53.5395 0
      vertex 9.04172 53.5395 0.8
    endloop
  endfacet
  facet normal 0.944113 -0.329621 0
    outer loop
      vertex 9.04172 53.5395 0
      vertex 8.98537 53.3781 0.8
      vertex 8.98537 53.3781 0
    endloop
  endfacet
  facet normal 0.91364 -0.406525 0
    outer loop
      vertex 9.04172 53.5395 0.8
      vertex 9.10913 53.691 0
      vertex 9.10913 53.691 0.8
    endloop
  endfacet
  facet normal 0.91364 -0.406525 0
    outer loop
      vertex 9.10913 53.691 0
      vertex 9.04172 53.5395 0.8
      vertex 9.04172 53.5395 0
    endloop
  endfacet
  facet normal 0.874408 -0.485191 0
    outer loop
      vertex 9.10913 53.691 0.8
      vertex 9.18759 53.8324 0
      vertex 9.18759 53.8324 0.8
    endloop
  endfacet
  facet normal 0.874408 -0.485191 0
    outer loop
      vertex 9.18759 53.8324 0
      vertex 9.10913 53.691 0.8
      vertex 9.10913 53.691 0
    endloop
  endfacet
  facet normal 0.826804 -0.56249 0
    outer loop
      vertex 9.18759 53.8324 0.8
      vertex 9.27712 53.964 0
      vertex 9.27712 53.964 0.8
    endloop
  endfacet
  facet normal 0.826804 -0.56249 0
    outer loop
      vertex 9.27712 53.964 0
      vertex 9.18759 53.8324 0.8
      vertex 9.18759 53.8324 0
    endloop
  endfacet
  facet normal 0.770657 -0.63725 0
    outer loop
      vertex 9.27712 53.964 0.8
      vertex 9.37767 54.0856 0
      vertex 9.37767 54.0856 0.8
    endloop
  endfacet
  facet normal 0.770657 -0.63725 0
    outer loop
      vertex 9.37767 54.0856 0
      vertex 9.27712 53.964 0.8
      vertex 9.27712 53.964 0
    endloop
  endfacet
  facet normal 0.70736 -0.706853 0
    outer loop
      vertex 9.37767 54.0856 0.8
      vertex 9.48929 54.1973 0
      vertex 9.48929 54.1973 0.8
    endloop
  endfacet
  facet normal 0.70736 -0.706853 0
    outer loop
      vertex 9.48929 54.1973 0
      vertex 9.37767 54.0856 0.8
      vertex 9.37767 54.0856 0
    endloop
  endfacet
  facet normal 0.638238 -0.769839 0
    outer loop
      vertex 9.48929 54.1973 0
      vertex 9.61196 54.299 0.8
      vertex 9.48929 54.1973 0.8
    endloop
  endfacet
  facet normal 0.638238 -0.769839 0
    outer loop
      vertex 9.61196 54.299 0.8
      vertex 9.48929 54.1973 0
      vertex 9.61196 54.299 0
    endloop
  endfacet
  facet normal 0.566003 -0.824403 0
    outer loop
      vertex 9.61196 54.299 0
      vertex 9.74567 54.3908 0.8
      vertex 9.61196 54.299 0.8
    endloop
  endfacet
  facet normal 0.566003 -0.824403 0
    outer loop
      vertex 9.74567 54.3908 0.8
      vertex 9.61196 54.299 0
      vertex 9.74567 54.3908 0
    endloop
  endfacet
  facet normal 0.491921 -0.87064 0
    outer loop
      vertex 9.74567 54.3908 0
      vertex 9.8908 54.4728 0.8
      vertex 9.74567 54.3908 0.8
    endloop
  endfacet
  facet normal 0.491921 -0.87064 0
    outer loop
      vertex 9.8908 54.4728 0.8
      vertex 9.74567 54.3908 0
      vertex 9.8908 54.4728 0
    endloop
  endfacet
  facet normal 0.418507 -0.908213 0
    outer loop
      vertex 9.8908 54.4728 0
      vertex 10.0477 54.5451 0.8
      vertex 9.8908 54.4728 0.8
    endloop
  endfacet
  facet normal 0.418507 -0.908213 0
    outer loop
      vertex 10.0477 54.5451 0.8
      vertex 9.8908 54.4728 0
      vertex 10.0477 54.5451 0
    endloop
  endfacet
  facet normal 0.348563 -0.937285 0
    outer loop
      vertex 10.0477 54.5451 0
      vertex 10.2163 54.6078 0.8
      vertex 10.0477 54.5451 0.8
    endloop
  endfacet
  facet normal 0.348563 -0.937285 0
    outer loop
      vertex 10.2163 54.6078 0.8
      vertex 10.0477 54.5451 0
      vertex 10.2163 54.6078 0
    endloop
  endfacet
  facet normal 0.281878 -0.95945 0
    outer loop
      vertex 10.2163 54.6078 0
      vertex 10.3967 54.6608 0.8
      vertex 10.2163 54.6078 0.8
    endloop
  endfacet
  facet normal 0.281878 -0.95945 0
    outer loop
      vertex 10.3967 54.6608 0.8
      vertex 10.2163 54.6078 0
      vertex 10.3967 54.6608 0
    endloop
  endfacet
  facet normal 0.22037 -0.975416 0
    outer loop
      vertex 10.3967 54.6608 0
      vertex 10.5888 54.7042 0.8
      vertex 10.3967 54.6608 0.8
    endloop
  endfacet
  facet normal 0.22037 -0.975416 0
    outer loop
      vertex 10.5888 54.7042 0.8
      vertex 10.3967 54.6608 0
      vertex 10.5888 54.7042 0
    endloop
  endfacet
  facet normal 0.163065 -0.986615 0
    outer loop
      vertex 10.5888 54.7042 0
      vertex 10.7927 54.7379 0.8
      vertex 10.5888 54.7042 0.8
    endloop
  endfacet
  facet normal 0.163065 -0.986615 0
    outer loop
      vertex 10.7927 54.7379 0.8
      vertex 10.5888 54.7042 0
      vertex 10.7927 54.7379 0
    endloop
  endfacet
  facet normal 0.111544 -0.993759 0
    outer loop
      vertex 10.7927 54.7379 0
      vertex 11.0083 54.7621 0.8
      vertex 10.7927 54.7379 0.8
    endloop
  endfacet
  facet normal 0.111544 -0.993759 0
    outer loop
      vertex 11.0083 54.7621 0.8
      vertex 10.7927 54.7379 0
      vertex 11.0083 54.7621 0
    endloop
  endfacet
  facet normal 0.063198 -0.998001 0
    outer loop
      vertex 11.0083 54.7621 0
      vertex 11.2357 54.7765 0.8
      vertex 11.0083 54.7621 0.8
    endloop
  endfacet
  facet normal 0.063198 -0.998001 0
    outer loop
      vertex 11.2357 54.7765 0.8
      vertex 11.0083 54.7621 0
      vertex 11.2357 54.7765 0
    endloop
  endfacet
  facet normal 0.0204807 -0.99979 0
    outer loop
      vertex 11.2357 54.7765 0
      vertex 11.4749 54.7814 0.8
      vertex 11.2357 54.7765 0.8
    endloop
  endfacet
  facet normal 0.0204807 -0.99979 0
    outer loop
      vertex 11.4749 54.7814 0.8
      vertex 11.2357 54.7765 0
      vertex 11.4749 54.7814 0
    endloop
  endfacet
  facet normal -0.0210439 -0.999779 0
    outer loop
      vertex 11.4749 54.7814 0
      vertex 11.7362 54.7759 0.8
      vertex 11.4749 54.7814 0.8
    endloop
  endfacet
  facet normal -0.0210439 -0.999779 -0
    outer loop
      vertex 11.7362 54.7759 0.8
      vertex 11.4749 54.7814 0
      vertex 11.7362 54.7759 0
    endloop
  endfacet
  facet normal 0 -1 0
    outer loop
      vertex 18.0873 49.8948 0
      vertex 19.9427 49.8948 0.8
      vertex 18.0873 49.8948 0.8
    endloop
  endfacet
  facet normal 0 -1 -0
    outer loop
      vertex 19.9427 49.8948 0.8
      vertex 18.0873 49.8948 0
      vertex 19.9427 49.8948 0
    endloop
  endfacet
  facet normal -1 0 0
    outer loop
      vertex 19.9427 48.9671 0
      vertex 19.9427 49.8948 0.8
      vertex 19.9427 49.8948 0
    endloop
  endfacet
  facet normal -1 -0 0
    outer loop
      vertex 19.9427 49.8948 0.8
      vertex 19.9427 48.9671 0
      vertex 19.9427 48.9671 0.8
    endloop
  endfacet
  facet normal 0 1 -0
    outer loop
      vertex 19.9427 48.9671 0
      vertex 15.0358 48.9671 0.8
      vertex 19.9427 48.9671 0.8
    endloop
  endfacet
  facet normal 0 1 0
    outer loop
      vertex 15.0358 48.9671 0.8
      vertex 19.9427 48.9671 0
      vertex 15.0358 48.9671 0
    endloop
  endfacet
  facet normal 1 -0 0
    outer loop
      vertex 15.0358 48.9671 0.8
      vertex 15.0358 49.8948 0
      vertex 15.0358 49.8948 0.8
    endloop
  endfacet
  facet normal 1 0 0
    outer loop
      vertex 15.0358 49.8948 0
      vertex 15.0358 48.9671 0.8
      vertex 15.0358 48.9671 0
    endloop
  endfacet
  facet normal 0 -1 0
    outer loop
      vertex 15.0358 49.8948 0
      vertex 16.887 49.8948 0.8
      vertex 15.0358 49.8948 0.8
    endloop
  endfacet
  facet normal 0 -1 -0
    outer loop
      vertex 16.887 49.8948 0.8
      vertex 15.0358 49.8948 0
      vertex 16.887 49.8948 0
    endloop
  endfacet
  facet normal 1 -0 0
    outer loop
      vertex 16.887 49.8948 0.8
      vertex 16.887 54.7 0
      vertex 16.887 54.7 0.8
    endloop
  endfacet
  facet normal 1 0 0
    outer loop
      vertex 16.887 54.7 0
      vertex 16.887 49.8948 0.8
      vertex 16.887 49.8948 0
    endloop
  endfacet
  facet normal 0 -1 0
    outer loop
      vertex 16.887 54.7 0
      vertex 18.0873 54.7 0.8
      vertex 16.887 54.7 0.8
    endloop
  endfacet
  facet normal 0 -1 -0
    outer loop
      vertex 18.0873 54.7 0.8
      vertex 16.887 54.7 0
      vertex 18.0873 54.7 0
    endloop
  endfacet
  facet normal -1 0 0
    outer loop
      vertex 18.0873 49.8948 0
      vertex 18.0873 54.7 0.8
      vertex 18.0873 54.7 0
    endloop
  endfacet
  facet normal -1 -0 0
    outer loop
      vertex 18.0873 54.7 0.8
      vertex 18.0873 49.8948 0
      vertex 18.0873 49.8948 0.8
    endloop
  endfacet
  facet normal 0 1 -0
    outer loop
      vertex 25.8913 53.7723 0
      vertex 22.4166 53.7723 0.8
      vertex 25.8913 53.7723 0.8
    endloop
  endfacet
  facet normal 0 1 0
    outer loop
      vertex 22.4166 53.7723 0.8
      vertex 25.8913 53.7723 0
      vertex 22.4166 53.7723 0
    endloop
  endfacet
  facet normal -1 0 0
    outer loop
      vertex 22.4166 52.2628 0
      vertex 22.4166 53.7723 0.8
      vertex 22.4166 53.7723 0
    endloop
  endfacet
  facet normal -1 -0 0
    outer loop
      vertex 22.4166 53.7723 0.8
      vertex 22.4166 52.2628 0
      vertex 22.4166 52.2628 0.8
    endloop
  endfacet
  facet normal 0 -1 0
    outer loop
      vertex 22.4166 52.2628 0
      vertex 25.4763 52.2628 0.8
      vertex 22.4166 52.2628 0.8
    endloop
  endfacet
  facet normal 0 -1 -0
    outer loop
      vertex 25.4763 52.2628 0.8
      vertex 22.4166 52.2628 0
      vertex 25.4763 52.2628 0
    endloop
  endfacet
  facet normal -1 0 0
    outer loop
      vertex 25.4763 51.3351 0
      vertex 25.4763 52.2628 0.8
      vertex 25.4763 52.2628 0
    endloop
  endfacet
  facet normal -1 -0 0
    outer loop
      vertex 25.4763 52.2628 0.8
      vertex 25.4763 51.3351 0
      vertex 25.4763 51.3351 0.8
    endloop
  endfacet
  facet normal 0 1 -0
    outer loop
      vertex 25.4763 51.3351 0
      vertex 22.4166 51.3351 0.8
      vertex 25.4763 51.3351 0.8
    endloop
  endfacet
  facet normal 0 1 0
    outer loop
      vertex 22.4166 51.3351 0.8
      vertex 25.4763 51.3351 0
      vertex 22.4166 51.3351 0
    endloop
  endfacet
  facet normal -1 0 0
    outer loop
      vertex 22.4166 49.8948 0
      vertex 22.4166 51.3351 0.8
      vertex 22.4166 51.3351 0
    endloop
  endfacet
  facet normal -1 -0 0
    outer loop
      vertex 22.4166 51.3351 0.8
      vertex 22.4166 49.8948 0
      vertex 22.4166 49.8948 0.8
    endloop
  endfacet
  facet normal 0 -1 0
    outer loop
      vertex 22.4166 49.8948 0
      vertex 25.7245 49.8948 0.8
      vertex 22.4166 49.8948 0.8
    endloop
  endfacet
  facet normal 0 -1 -0
    outer loop
      vertex 25.7245 49.8948 0.8
      vertex 22.4166 49.8948 0
      vertex 25.7245 49.8948 0
    endloop
  endfacet
  facet normal -1 0 0
    outer loop
      vertex 25.7245 48.9671 0
      vertex 25.7245 49.8948 0.8
      vertex 25.7245 49.8948 0
    endloop
  endfacet
  facet normal -1 -0 0
    outer loop
      vertex 25.7245 49.8948 0.8
      vertex 25.7245 48.9671 0
      vertex 25.7245 48.9671 0.8
    endloop
  endfacet
  facet normal 0 1 -0
    outer loop
      vertex 25.7245 48.9671 0
      vertex 21.2163 48.9671 0.8
      vertex 25.7245 48.9671 0.8
    endloop
  endfacet
  facet normal 0 1 0
    outer loop
      vertex 21.2163 48.9671 0.8
      vertex 25.7245 48.9671 0
      vertex 21.2163 48.9671 0
    endloop
  endfacet
  facet normal 1 -0 0
    outer loop
      vertex 21.2163 48.9671 0.8
      vertex 21.2163 54.7 0
      vertex 21.2163 54.7 0.8
    endloop
  endfacet
  facet normal 1 0 0
    outer loop
      vertex 21.2163 54.7 0
      vertex 21.2163 48.9671 0.8
      vertex 21.2163 48.9671 0
    endloop
  endfacet
  facet normal 0 -1 0
    outer loop
      vertex 21.2163 54.7 0
      vertex 25.8913 54.7 0.8
      vertex 21.2163 54.7 0.8
    endloop
  endfacet
  facet normal 0 -1 -0
    outer loop
      vertex 25.8913 54.7 0.8
      vertex 21.2163 54.7 0
      vertex 25.8913 54.7 0
    endloop
  endfacet
  facet normal -1 0 0
    outer loop
      vertex 25.8913 53.7723 0
      vertex 25.8913 54.7 0.8
      vertex 25.8913 54.7 0
    endloop
  endfacet
  facet normal -1 -0 0
    outer loop
      vertex 25.8913 54.7 0.8
      vertex 25.8913 53.7723 0
      vertex 25.8913 53.7723 0.8
    endloop
  endfacet
  facet normal 0 1 -0
    outer loop
      vertex 31.7348 53.7723 0
      vertex 28.6588 53.7723 0.8
      vertex 31.7348 53.7723 0.8
    endloop
  endfacet
  facet normal 0 1 0
    outer loop
      vertex 28.6588 53.7723 0.8
      vertex 31.7348 53.7723 0
      vertex 28.6588 53.7723 0
    endloop
  endfacet
  facet normal -1 0 0
    outer loop
      vertex 28.6588 48.9671 0
      vertex 28.6588 53.7723 0.8
      vertex 28.6588 53.7723 0
    endloop
  endfacet
  facet normal -1 -0 0
    outer loop
      vertex 28.6588 53.7723 0.8
      vertex 28.6588 48.9671 0
      vertex 28.6588 48.9671 0.8
    endloop
  endfacet
  facet normal 0 1 -0
    outer loop
      vertex 28.6588 48.9671 0
      vertex 27.4585 48.9671 0.8
      vertex 28.6588 48.9671 0.8
    endloop
  endfacet
  facet normal 0 1 0
    outer loop
      vertex 27.4585 48.9671 0.8
      vertex 28.6588 48.9671 0
      vertex 27.4585 48.9671 0
    endloop
  endfacet
  facet normal 1 -0 0
    outer loop
      vertex 27.4585 48.9671 0.8
      vertex 27.4585 54.7 0
      vertex 27.4585 54.7 0.8
    endloop
  endfacet
  facet normal 1 0 0
    outer loop
      vertex 27.4585 54.7 0
      vertex 27.4585 48.9671 0.8
      vertex 27.4585 48.9671 0
    endloop
  endfacet
  facet normal 0 -1 0
    outer loop
      vertex 27.4585 54.7 0
      vertex 31.7348 54.7 0.8
      vertex 27.4585 54.7 0.8
    endloop
  endfacet
  facet normal 0 -1 -0
    outer loop
      vertex 31.7348 54.7 0.8
      vertex 27.4585 54.7 0
      vertex 31.7348 54.7 0
    endloop
  endfacet
  facet normal -1 0 0
    outer loop
      vertex 31.7348 53.7723 0
      vertex 31.7348 54.7 0.8
      vertex 31.7348 54.7 0
    endloop
  endfacet
  facet normal -1 -0 0
    outer loop
      vertex 31.7348 54.7 0.8
      vertex 31.7348 53.7723 0
      vertex 31.7348 53.7723 0.8
    endloop
  endfacet
  facet normal 0 1 -0
    outer loop
      vertex 37.4515 53.7723 0
      vertex 34.3755 53.7723 0.8
      vertex 37.4515 53.7723 0.8
    endloop
  endfacet
  facet normal 0 1 0
    outer loop
      vertex 34.3755 53.7723 0.8
      vertex 37.4515 53.7723 0
      vertex 34.3755 53.7723 0
    endloop
  endfacet
  facet normal -1 0 0
    outer loop
      vertex 34.3755 48.9671 0
      vertex 34.3755 53.7723 0.8
      vertex 34.3755 53.7723 0
    endloop
  endfacet
  facet normal -1 -0 0
    outer loop
      vertex 34.3755 53.7723 0.8
      vertex 34.3755 48.9671 0
      vertex 34.3755 48.9671 0.8
    endloop
  endfacet
  facet normal 0 1 -0
    outer loop
      vertex 34.3755 48.9671 0
      vertex 33.1752 48.9671 0.8
      vertex 34.3755 48.9671 0.8
    endloop
  endfacet
  facet normal 0 1 0
    outer loop
      vertex 33.1752 48.9671 0.8
      vertex 34.3755 48.9671 0
      vertex 33.1752 48.9671 0
    endloop
  endfacet
  facet normal 1 -0 0
    outer loop
      vertex 33.1752 48.9671 0.8
      vertex 33.1752 54.7 0
      vertex 33.1752 54.7 0.8
    endloop
  endfacet
  facet normal 1 0 0
    outer loop
      vertex 33.1752 54.7 0
      vertex 33.1752 48.9671 0.8
      vertex 33.1752 48.9671 0
    endloop
  endfacet
  facet normal 0 -1 0
    outer loop
      vertex 33.1752 54.7 0
      vertex 37.4515 54.7 0.8
      vertex 33.1752 54.7 0.8
    endloop
  endfacet
  facet normal 0 -1 -0
    outer loop
      vertex 37.4515 54.7 0.8
      vertex 33.1752 54.7 0
      vertex 37.4515 54.7 0
    endloop
  endfacet
  facet normal -1 0 0
    outer loop
      vertex 37.4515 53.7723 0
      vertex 37.4515 54.7 0.8
      vertex 37.4515 54.7 0
    endloop
  endfacet
  facet normal -1 -0 0
    outer loop
      vertex 37.4515 54.7 0.8
      vertex 37.4515 53.7723 0
      vertex 37.4515 53.7723 0.8
    endloop
  endfacet
  facet normal 0 -1 0
    outer loop
      vertex 40.2509 53.2352 0
      vertex 42.4358 53.2352 0.8
      vertex 40.2509 53.2352 0.8
    endloop
  endfacet
  facet normal 0 -1 -0
    outer loop
      vertex 42.4358 53.2352 0.8
      vertex 40.2509 53.2352 0
      vertex 42.4358 53.2352 0
    endloop
  endfacet
  facet normal 0.944676 -0.328005 0
    outer loop
      vertex 42.4358 53.2352 0.8
      vertex 42.9444 54.7 0
      vertex 42.9444 54.7 0.8
    endloop
  endfacet
  facet normal 0.944676 -0.328005 0
    outer loop
      vertex 42.9444 54.7 0
      vertex 42.4358 53.2352 0.8
      vertex 42.4358 53.2352 0
    endloop
  endfacet
  facet normal 0 -1 0
    outer loop
      vertex 42.9444 54.7 0
      vertex 44.1325 54.7 0.8
      vertex 42.9444 54.7 0.8
    endloop
  endfacet
  facet normal 0 -1 -0
    outer loop
      vertex 44.1325 54.7 0.8
      vertex 42.9444 54.7 0
      vertex 44.1325 54.7 0
    endloop
  endfacet
  facet normal -0.939872 0.341527 0
    outer loop
      vertex 42.0493 48.9671 0
      vertex 44.1325 54.7 0.8
      vertex 44.1325 54.7 0
    endloop
  endfacet
  facet normal -0.939872 0.341527 0
    outer loop
      vertex 44.1325 54.7 0.8
      vertex 42.0493 48.9671 0
      vertex 42.0493 48.9671 0.8
    endloop
  endfacet
  facet normal 0 1 -0
    outer loop
      vertex 42.0493 48.9671 0
      vertex 40.6333 48.9671 0.8
      vertex 42.0493 48.9671 0.8
    endloop
  endfacet
  facet normal 0 1 0
    outer loop
      vertex 40.6333 48.9671 0.8
      vertex 42.0493 48.9671 0
      vertex 40.6333 48.9671 0
    endloop
  endfacet
  facet normal 0.939445 0.342699 0
    outer loop
      vertex 40.6333 48.9671 0.8
      vertex 38.542 54.7 0
      vertex 38.542 54.7 0.8
    endloop
  endfacet
  facet normal 0.939445 0.342699 0
    outer loop
      vertex 38.542 54.7 0
      vertex 40.6333 48.9671 0.8
      vertex 40.6333 48.9671 0
    endloop
  endfacet
  facet normal 0 -1 0
    outer loop
      vertex 38.542 54.7 0
      vertex 39.7423 54.7 0.8
      vertex 38.542 54.7 0.8
    endloop
  endfacet
  facet normal 0 -1 -0
    outer loop
      vertex 39.7423 54.7 0.8
      vertex 38.542 54.7 0
      vertex 39.7423 54.7 0
    endloop
  endfacet
  facet normal -0.944676 -0.328005 0
    outer loop
      vertex 40.2509 53.2352 0
      vertex 39.7423 54.7 0.8
      vertex 39.7423 54.7 0
    endloop
  endfacet
  facet normal -0.944676 -0.328005 0
    outer loop
      vertex 39.7423 54.7 0.8
      vertex 40.2509 53.2352 0
      vertex 40.2509 53.2352 0.8
    endloop
  endfacet
  facet normal -0.945845 -0.324618 0
    outer loop
      vertex 40.655 51.9369 0
      vertex 40.5194 52.332 0.8
      vertex 40.5194 52.332 0
    endloop
  endfacet
  facet normal -0.945845 -0.324618 0
    outer loop
      vertex 40.5194 52.332 0.8
      vertex 40.655 51.9369 0
      vertex 40.655 51.9369 0.8
    endloop
  endfacet
  facet normal -0.945974 -0.324242 0
    outer loop
      vertex 40.7762 51.5833 0
      vertex 40.655 51.9369 0.8
      vertex 40.655 51.9369 0
    endloop
  endfacet
  facet normal -0.945974 -0.324242 0
    outer loop
      vertex 40.655 51.9369 0.8
      vertex 40.7762 51.5833 0
      vertex 40.7762 51.5833 0.8
    endloop
  endfacet
  facet normal -0.946166 -0.323681 0
    outer loop
      vertex 40.8829 51.2714 0
      vertex 40.7762 51.5833 0.8
      vertex 40.7762 51.5833 0
    endloop
  endfacet
  facet normal -0.946166 -0.323681 0
    outer loop
      vertex 40.7762 51.5833 0.8
      vertex 40.8829 51.2714 0
      vertex 40.8829 51.2714 0.8
    endloop
  endfacet
  facet normal -0.946454 -0.322838 0
    outer loop
      vertex 40.9751 51.0011 0
      vertex 40.8829 51.2714 0.8
      vertex 40.8829 51.2714 0
    endloop
  endfacet
  facet normal -0.946454 -0.322838 0
    outer loop
      vertex 40.8829 51.2714 0.8
      vertex 40.9751 51.0011 0
      vertex 40.9751 51.0011 0.8
    endloop
  endfacet
  facet normal -0.946763 -0.321932 0
    outer loop
      vertex 41.0529 50.7723 0
      vertex 40.9751 51.0011 0.8
      vertex 40.9751 51.0011 0
    endloop
  endfacet
  facet normal -0.946763 -0.321932 0
    outer loop
      vertex 40.9751 51.0011 0.8
      vertex 41.0529 50.7723 0
      vertex 41.0529 50.7723 0.8
    endloop
  endfacet
  facet normal -0.947308 -0.320324 0
    outer loop
      vertex 41.1162 50.5851 0
      vertex 41.0529 50.7723 0.8
      vertex 41.0529 50.7723 0
    endloop
  endfacet
  facet normal -0.947308 -0.320324 0
    outer loop
      vertex 41.0529 50.7723 0.8
      vertex 41.1162 50.5851 0
      vertex 41.1162 50.5851 0.8
    endloop
  endfacet
  facet normal -0.948095 -0.317987 0
    outer loop
      vertex 41.165 50.4396 0
      vertex 41.1162 50.5851 0.8
      vertex 41.1162 50.5851 0
    endloop
  endfacet
  facet normal -0.948095 -0.317987 0
    outer loop
      vertex 41.1162 50.5851 0.8
      vertex 41.165 50.4396 0
      vertex 41.165 50.4396 0.8
    endloop
  endfacet
  facet normal -0.949683 -0.313213 0
    outer loop
      vertex 41.1993 50.3356 0
      vertex 41.165 50.4396 0.8
      vertex 41.165 50.4396 0
    endloop
  endfacet
  facet normal -0.949683 -0.313213 0
    outer loop
      vertex 41.165 50.4396 0.8
      vertex 41.1993 50.3356 0
      vertex 41.1993 50.3356 0.8
    endloop
  endfacet
  facet normal -0.952725 -0.303834 0
    outer loop
      vertex 41.2192 50.2732 0
      vertex 41.1993 50.3356 0.8
      vertex 41.1993 50.3356 0
    endloop
  endfacet
  facet normal -0.952725 -0.303834 0
    outer loop
      vertex 41.1993 50.3356 0.8
      vertex 41.2192 50.2732 0
      vertex 41.2192 50.2732 0.8
    endloop
  endfacet
  facet normal -0.95673 -0.290976 0
    outer loop
      vertex 41.2317 50.2321 0
      vertex 41.2192 50.2732 0.8
      vertex 41.2192 50.2732 0
    endloop
  endfacet
  facet normal -0.95673 -0.290976 0
    outer loop
      vertex 41.2192 50.2732 0.8
      vertex 41.2317 50.2321 0
      vertex 41.2317 50.2321 0.8
    endloop
  endfacet
  facet normal -0.958023 -0.28669 0
    outer loop
      vertex 41.2437 50.192 0
      vertex 41.2317 50.2321 0.8
      vertex 41.2317 50.2321 0
    endloop
  endfacet
  facet normal -0.958023 -0.28669 0
    outer loop
      vertex 41.2317 50.2321 0.8
      vertex 41.2437 50.192 0
      vertex 41.2437 50.192 0.8
    endloop
  endfacet
  facet normal -0.957826 -0.287348 0
    outer loop
      vertex 41.2554 50.153 0
      vertex 41.2437 50.192 0.8
      vertex 41.2437 50.192 0
    endloop
  endfacet
  facet normal -0.957826 -0.287348 0
    outer loop
      vertex 41.2437 50.192 0.8
      vertex 41.2554 50.153 0
      vertex 41.2554 50.153 0.8
    endloop
  endfacet
  facet normal -0.959406 -0.28203 0
    outer loop
      vertex 41.2666 50.1149 0
      vertex 41.2554 50.153 0.8
      vertex 41.2554 50.153 0
    endloop
  endfacet
  facet normal -0.959406 -0.28203 0
    outer loop
      vertex 41.2554 50.153 0.8
      vertex 41.2666 50.1149 0
      vertex 41.2666 50.1149 0.8
    endloop
  endfacet
  facet normal -0.959448 -0.281886 0
    outer loop
      vertex 41.2775 50.0778 0
      vertex 41.2666 50.1149 0.8
      vertex 41.2666 50.1149 0
    endloop
  endfacet
  facet normal -0.959448 -0.281886 0
    outer loop
      vertex 41.2666 50.1149 0.8
      vertex 41.2775 50.0778 0
      vertex 41.2775 50.0778 0.8
    endloop
  endfacet
  facet normal -0.960919 -0.27683 0
    outer loop
      vertex 41.2879 50.0417 0
      vertex 41.2775 50.0778 0.8
      vertex 41.2775 50.0778 0
    endloop
  endfacet
  facet normal -0.960919 -0.27683 0
    outer loop
      vertex 41.2775 50.0778 0.8
      vertex 41.2879 50.0417 0
      vertex 41.2879 50.0417 0.8
    endloop
  endfacet
  facet normal -0.960795 -0.277258 0
    outer loop
      vertex 41.298 50.0067 0
      vertex 41.2879 50.0417 0.8
      vertex 41.2879 50.0417 0
    endloop
  endfacet
  facet normal -0.960795 -0.277258 0
    outer loop
      vertex 41.2879 50.0417 0.8
      vertex 41.298 50.0067 0
      vertex 41.298 50.0067 0.8
    endloop
  endfacet
  facet normal -0.961843 -0.273603 0
    outer loop
      vertex 41.3077 49.9726 0
      vertex 41.298 50.0067 0.8
      vertex 41.298 50.0067 0
    endloop
  endfacet
  facet normal -0.961843 -0.273603 0
    outer loop
      vertex 41.298 50.0067 0.8
      vertex 41.3077 49.9726 0
      vertex 41.3077 49.9726 0.8
    endloop
  endfacet
  facet normal -0.963476 -0.267794 0
    outer loop
      vertex 41.3169 49.9395 0
      vertex 41.3077 49.9726 0.8
      vertex 41.3077 49.9726 0
    endloop
  endfacet
  facet normal -0.963476 -0.267794 0
    outer loop
      vertex 41.3077 49.9726 0.8
      vertex 41.3169 49.9395 0
      vertex 41.3169 49.9395 0.8
    endloop
  endfacet
  facet normal -0.964789 -0.263026 0
    outer loop
      vertex 41.3413 49.85 0
      vertex 41.3169 49.9395 0.8
      vertex 41.3169 49.9395 0
    endloop
  endfacet
  facet normal -0.964789 -0.263026 0
    outer loop
      vertex 41.3169 49.9395 0.8
      vertex 41.3413 49.85 0
      vertex 41.3413 49.85 0.8
    endloop
  endfacet
  facet normal 0.956637 -0.291284 0
    outer loop
      vertex 41.3413 49.85 0.8
      vertex 41.4268 50.1308 0
      vertex 41.4268 50.1308 0.8
    endloop
  endfacet
  facet normal 0.956637 -0.291284 0
    outer loop
      vertex 41.4268 50.1308 0
      vertex 41.3413 49.85 0.8
      vertex 41.3413 49.85 0
    endloop
  endfacet
  facet normal 0.953497 -0.301404 0
    outer loop
      vertex 41.4268 50.1308 0.8
      vertex 41.6017 50.6841 0
      vertex 41.6017 50.6841 0.8
    endloop
  endfacet
  facet normal 0.953497 -0.301404 0
    outer loop
      vertex 41.6017 50.6841 0
      vertex 41.4268 50.1308 0.8
      vertex 41.4268 50.1308 0
    endloop
  endfacet
  facet normal 0.945857 -0.324584 0
    outer loop
      vertex 41.6017 50.6841 0.8
      vertex 42.1672 52.332 0
      vertex 42.1672 52.332 0.8
    endloop
  endfacet
  facet normal 0.945857 -0.324584 0
    outer loop
      vertex 42.1672 52.332 0
      vertex 41.6017 50.6841 0.8
      vertex 41.6017 50.6841 0
    endloop
  endfacet
  facet normal 0 1 -0
    outer loop
      vertex 42.1672 52.332 0
      vertex 40.5194 52.332 0.8
      vertex 42.1672 52.332 0.8
    endloop
  endfacet
  facet normal 0 1 0
    outer loop
      vertex 40.5194 52.332 0.8
      vertex 42.1672 52.332 0
      vertex 40.5194 52.332 0
    endloop
  endfacet
endsolid OpenSCAD_Model
