solid OpenSCAD_Model
  facet normal 0.196998 0.328649 0.923678
    outer loop
      vertex 1.09267 1.63529 10.3583
      vertex 0.73052 1.36671 10.5311
      vertex 0.860963 1.28852 10.5311
    endloop
  endfacet
  facet normal -0.144771 -0.131211 0.980727
    outer loop
      vertex -0.52175 -0.428189 10.7502
      vertex -0.790339 -0.790339 10.6621
      vertex -0.477268 -0.477268 10.7502
    endloop
  endfacet
  facet normal 0.271421 0.573897 0.77264
    outer loop
      vertex 1.45622 2.72441 9.60837
      vertex 1.18217 2.85402 9.60837
      vertex 1.29173 2.41665 9.89475
    endloop
  endfacet
  facet normal -0.0971868 0.0144177 0.995162
    outer loop
      vertex -0.66199 0.131678 10.7502
      vertex -0.67171 0.0661573 10.7502
      vertex -0.221374 0.044034 10.7945
    endloop
  endfacet
  facet normal -0.750202 -0.187913 0.633945
    outer loop
      vertex -3.34288 -0.664941 9.28917
      vertex -3.62376 -0.72081 8.94022
      vertex -3.53566 -1.07253 8.94022
    endloop
  endfacet
  facet normal 0.792577 0.475055 0.382289
    outer loop
      vertex 3.81969 2.04167 7.74969
      vertex 3.60118 2.40623 7.74969
      vertex 3.66734 1.96023 8.16675
    endloop
  endfacet
  facet normal 0.10382 0.699878 0.706677
    outer loop
      vertex 0.334079 3.39196 9.28917
      vertex 0.302792 3.0743 9.60837
      vertex 0.664941 3.34288 9.28917
    endloop
  endfacet
  facet normal 0.0187957 -0.382707 0.923679
    outer loop
      vertex 0 -1.54969 10.5311
      vertex 0 -1.96675 10.3583
      vertex 0.151896 -1.54223 10.5311
    endloop
  endfacet
  facet normal 0.699878 0.10382 0.706677
    outer loop
      vertex 3.34288 0.664941 9.28917
      vertex 3.0743 0.302792 9.60837
      vertex 3.39196 0.334079 9.28917
    endloop
  endfacet
  facet normal -0.998796 0.0490597 0
    outer loop
      vertex -4.59446 0 6.2
      vertex -4.57234 0.450336 6.42571
      vertex -4.57234 0.450336 6.2
    endloop
  endfacet
  facet normal -0.998796 0.0490597 0
    outer loop
      vertex -4.57234 0.450336 6.42571
      vertex -4.59446 0 6.2
      vertex -4.59446 0 6.42571
    endloop
  endfacet
  facet normal 0.280216 0.78316 0.555103
    outer loop
      vertex 1.14533 3.77566 8.56487
      vertex 1.07253 3.53566 8.94022
      vertex 1.41392 3.41351 8.94022
    endloop
  endfacet
  facet normal 0.330428 -0.923498 0.194855
    outer loop
      vertex 1.74129 -4.20385 6.87496
      vertex 1.29529 -4.27001 7.31771
      vertex 1.32086 -4.35428 6.87496
    endloop
  endfacet
  facet normal -0.570115 0.768691 0.289969
    outer loop
      vertex -2.47903 3.71014 7.31771
      vertex -2.83075 3.44928 7.31771
      vertex -2.40623 3.60118 7.74969
    endloop
  endfacet
  facet normal 0.238322 0.951438 0.194854
    outer loop
      vertex 1.32086 4.35428 6.87496
      vertex 0.887702 4.46278 6.87496
      vertex 1.29529 4.27001 7.31771
    endloop
  endfacet
  facet normal -0.937025 -0.33526 0.0978999
    outer loop
      vertex -4.20385 -1.74129 6.87496
      vertex -4.39662 -1.3337 6.42571
      vertex -4.24473 -1.75822 6.42571
    endloop
  endfacet
  facet normal 0.886663 -0.419354 0.194861
    outer loop
      vertex 4.12248 -1.70759 7.31771
      vertex 3.93526 -2.10344 7.31771
      vertex 4.01293 -2.14495 6.87496
    endloop
  endfacet
  facet normal 0.328654 -0.196994 0.923677
    outer loop
      vertex 1.73452 -0.92712 10.3583
      vertex 1.36671 -0.73052 10.5311
      vertex 1.63529 -1.09267 10.3583
    endloop
  endfacet
  facet normal 0.550101 -0.0816047 0.831101
    outer loop
      vertex 2.72702 -0.268588 9.89475
      vertex 2.35349 -0.231797 10.1456
      vertex 2.68756 -0.53459 9.89475
    endloop
  endfacet
  facet normal 0.18953 0.0474739 0.980727
    outer loop
      vertex 1.09623 0.218054 10.6621
      vertex 0.645896 0.19593 10.7502
      vertex 0.66199 0.131678 10.7502
    endloop
  endfacet
  facet normal 0.113482 -0.765011 0.63394
    outer loop
      vertex 0.664941 -3.34288 9.28917
      vertex 0.334079 -3.39196 9.28917
      vertex 0.362149 -3.67696 8.94022
    endloop
  endfacet
  facet normal 0.0816047 0.550101 0.831101
    outer loop
      vertex 0.268588 2.72702 9.89475
      vertex 0.231797 2.35349 10.1456
      vertex 0.53459 2.68756 9.89475
    endloop
  endfacet
  facet normal -0.83078 -0.0408108 0.555102
    outer loop
      vertex -3.69475 0 8.94022
      vertex -3.92655 -0.386731 8.56487
      vertex -3.67696 -0.362149 8.94022
    endloop
  endfacet
  facet normal -0.989176 0.146736 0
    outer loop
      vertex -4.57234 0.450336 6.2
      vertex -4.50618 0.896334 6.42571
      vertex -4.50618 0.896334 6.2
    endloop
  endfacet
  facet normal -0.989176 0.146736 0
    outer loop
      vertex -4.50618 0.896334 6.42571
      vertex -4.57234 0.450336 6.2
      vertex -4.57234 0.450336 6.42571
    endloop
  endfacet
  facet normal -0.158893 0.444094 0.881779
    outer loop
      vertex -0.570918 1.88206 10.3583
      vertex -0.904997 2.18486 10.1456
      vertex -0.752644 1.81704 10.3583
    endloop
  endfacet
  facet normal -0.970214 0.143934 0.194855
    outer loop
      vertex -4.3764 0.870521 7.31771
      vertex -4.5283 0.445998 6.87496
      vertex -4.44066 0.437366 7.31771
    endloop
  endfacet
  facet normal 0.371686 -0.0931218 0.923676
    outer loop
      vertex 1.51992 -0.30233 10.5311
      vertex 1.48296 -0.449852 10.5311
      vertex 1.92896 -0.383694 10.3583
    endloop
  endfacet
  facet normal 0.22825 -0.30777 0.923677
    outer loop
      vertex 0.983114 -1.19793 10.5311
      vertex 0.860963 -1.28852 10.5311
      vertex 1.24769 -1.52032 10.3583
    endloop
  endfacet
  facet normal -0.19327 -0.0286716 0.980727
    outer loop
      vertex -0.67171 -0.0661573 10.7502
      vertex -1.09623 -0.218054 10.6621
      vertex -0.66199 -0.131678 10.7502
    endloop
  endfacet
  facet normal 0.395081 0.835317 0.382304
    outer loop
      vertex 1.65744 4.00142 7.74969
      vertex 1.59133 3.84181 8.16675
      vertex 2.04167 3.81969 7.74969
    endloop
  endfacet
  facet normal 0.271421 -0.573897 0.77264
    outer loop
      vertex 1.29173 -2.41665 9.89475
      vertex 1.18217 -2.85402 9.60837
      vertex 1.45622 -2.72441 9.60837
    endloop
  endfacet
  facet normal 0.783161 0.28023 0.555095
    outer loop
      vertex 3.64521 1.5099 8.56487
      vertex 3.41351 1.41392 8.94022
      vertex 3.77566 1.14533 8.56487
    endloop
  endfacet
  facet normal -0.642702 -0.709121 0.289967
    outer loop
      vertex -3.06255 -3.06255 7.74969
      vertex -3.15521 -3.15521 7.31771
      vertex -2.83075 -3.44928 7.31771
    endloop
  endfacet
  facet normal 0.492017 0.820876 0.289968
    outer loop
      vertex 2.10344 3.93526 7.31771
      vertex 2.04167 3.81969 7.74969
      vertex 2.40623 3.60118 7.74969
    endloop
  endfacet
  facet normal 0.232532 0.928359 0.289962
    outer loop
      vertex 0.870521 4.3764 7.31771
      vertex 0.844955 4.24788 7.74969
      vertex 1.25725 4.14461 7.74969
    endloop
  endfacet
  facet normal -0.896354 0.224515 0.382285
    outer loop
      vertex -4.14461 1.25725 7.74969
      vertex -4.24788 0.844955 7.74969
      vertex -4.07845 0.811254 8.16675
    endloop
  endfacet
  facet normal -0.146024 0.984424 0.0979131
    outer loop
      vertex -0.450336 4.57234 6.42571
      vertex -0.887702 4.46278 6.87496
      vertex -0.445998 4.5283 6.87496
    endloop
  endfacet
  facet normal -0.627973 -0.0931564 0.77264
    outer loop
      vertex -2.72702 -0.268588 9.89475
      vertex -3.0743 -0.302792 9.60837
      vertex -2.68756 -0.53459 9.89475
    endloop
  endfacet
  facet normal -0.901087 0.322429 0.28997
    outer loop
      vertex -4.12248 1.70759 7.31771
      vertex -4.27001 1.29529 7.31771
      vertex -4.14461 1.25725 7.74969
    endloop
  endfacet
  facet normal 0.331275 -0.446676 0.831106
    outer loop
      vertex 1.50026 -1.82807 10.1456
      vertex 1.31385 -1.96632 10.1456
      vertex 1.73837 -2.11822 9.89475
    endloop
  endfacet
  facet normal -0.806854 -0.202103 0.555104
    outer loop
      vertex -3.62376 -0.72081 8.94022
      vertex -3.86974 -0.769738 8.56487
      vertex -3.53566 -1.07253 8.94022
    endloop
  endfacet
  facet normal 0.69913 -0.330663 0.633939
    outer loop
      vertex 3.14893 -1.30433 9.28917
      vertex 3.00592 -1.6067 9.28917
      vertex 3.41351 -1.41392 8.94022
    endloop
  endfacet
  facet normal 0.33526 -0.937025 0.0978999
    outer loop
      vertex 1.74129 -4.20385 6.87496
      vertex 1.3337 -4.39662 6.42571
      vertex 1.75822 -4.24473 6.42571
    endloop
  endfacet
  facet normal -0.228253 0.307765 0.923678
    outer loop
      vertex -1.09267 1.63529 10.3583
      vertex -1.24769 1.52032 10.3583
      vertex -0.860963 1.28852 10.5311
    endloop
  endfacet
  facet normal -0.395067 0.835331 0.382288
    outer loop
      vertex -1.59133 3.84181 8.16675
      vertex -2.04167 3.81969 7.74969
      vertex -1.96023 3.66734 8.16675
    endloop
  endfacet
  facet normal 0.946678 0.140437 0.289961
    outer loop
      vertex 4.3764 0.870521 7.31771
      vertex 4.24788 0.844955 7.74969
      vertex 4.31025 0.424521 7.74969
    endloop
  endfacet
  facet normal 0.627973 0.0931564 0.77264
    outer loop
      vertex 3.0743 0.302792 9.60837
      vertex 2.68756 0.53459 9.89475
      vertex 2.72702 0.268588 9.89475
    endloop
  endfacet
  facet normal 0.671556 -0.740954 0
    outer loop
      vertex 2.91469 -3.55156 6.2
      vertex 3.24877 -3.24877 6.42571
      vertex 2.91469 -3.55156 6.42571
    endloop
  endfacet
  facet normal 0.671556 -0.740954 0
    outer loop
      vertex 3.24877 -3.24877 6.42571
      vertex 2.91469 -3.55156 6.2
      vertex 3.24877 -3.24877 6.2
    endloop
  endfacet
  facet normal 0.492015 -0.820877 0.28997
    outer loop
      vertex 2.40623 -3.60118 7.74969
      vertex 2.10344 -3.93526 7.31771
      vertex 2.47903 -3.71014 7.31771
    endloop
  endfacet
  facet normal 0.768691 -0.570115 0.289969
    outer loop
      vertex 3.60118 -2.40623 7.74969
      vertex 3.44928 -2.83075 7.31771
      vertex 3.71014 -2.47903 7.31771
    endloop
  endfacet
  facet normal 0.46656 0.069222 0.881777
    outer loop
      vertex 2.31943 0.461363 10.1456
      vertex 1.92896 0.383694 10.3583
      vertex 2.35349 0.231797 10.1456
    endloop
  endfacet
  facet normal 0.475155 0.524236 0.706686
    outer loop
      vertex 2.16225 2.63471 9.28917
      vertex 1.95975 2.38796 9.60837
      vertex 2.18437 2.18437 9.60837
    endloop
  endfacet
  facet normal -0.316744 -0.349486 0.881778
    outer loop
      vertex -1.24769 -1.52032 10.3583
      vertex -1.67222 -1.67222 10.1456
      vertex -1.50026 -1.82807 10.1456
    endloop
  endfacet
  facet normal 0.215262 0.195101 0.956869
    outer loop
      vertex 1.0958 1.0958 10.5311
      vertex 0.790339 0.790339 10.6621
      vertex 0.864 0.709066 10.6621
    endloop
  endfacet
  facet normal 0.495502 0.668088 0.5551
    outer loop
      vertex 2.50303 3.04995 8.56487
      vertex 2.19203 3.28061 8.56487
      vertex 2.34393 2.85608 8.94022
    endloop
  endfacet
  facet normal -0.0238727 0.095306 0.995162
    outer loop
      vertex -0.044034 0.221374 10.7945
      vertex -0.131678 0.66199 10.7502
      vertex -0.0655203 0.215992 10.7945
    endloop
  endfacet
  facet normal -0.544531 -0.326364 0.77264
    outer loop
      vertex -2.41665 -1.29173 9.89475
      vertex -2.72441 -1.45622 9.60837
      vertex -2.27841 -1.52238 9.89475
    endloop
  endfacet
  facet normal -0.627973 0.0931564 0.77264
    outer loop
      vertex -2.68756 0.53459 9.89475
      vertex -3.0743 0.302792 9.60837
      vertex -2.72702 0.268588 9.89475
    endloop
  endfacet
  facet normal -0.951439 0.238303 0.194872
    outer loop
      vertex -4.27001 1.29529 7.31771
      vertex -4.46278 0.887702 6.87496
      vertex -4.3764 0.870521 7.31771
    endloop
  endfacet
  facet normal -0.870021 0.311299 0.382304
    outer loop
      vertex -3.84181 1.59133 8.16675
      vertex -4.14461 1.25725 7.74969
      vertex -3.97929 1.2071 8.16675
    endloop
  endfacet
  facet normal -0.82278 -0.12204 0.555103
    outer loop
      vertex -3.67696 -0.362149 8.94022
      vertex -3.92655 -0.386731 8.56487
      vertex -3.86974 -0.769738 8.56487
    endloop
  endfacet
  facet normal -0.955885 0.0469456 0.289965
    outer loop
      vertex -4.44066 0.437366 7.31771
      vertex -4.46214 0 7.31771
      vertex -4.3311 0 7.74969
    endloop
  endfacet
  facet normal -0.922931 -0.0453326 0.382286
    outer loop
      vertex -4.15835 0 8.16675
      vertex -4.3311 0 7.74969
      vertex -4.13833 -0.407589 8.16675
    endloop
  endfacet
  facet normal 0.28391 -0.257328 0.923676
    outer loop
      vertex 1.52032 -1.24769 10.3583
      vertex 1.0958 -1.0958 10.5311
      vertex 1.3907 -1.3907 10.3583
    endloop
  endfacet
  facet normal 0.426384 -0.201662 0.881776
    outer loop
      vertex 1.81704 -0.752644 10.3583
      vertex 1.73452 -0.92712 10.3583
      vertex 2.08563 -1.11479 10.1456
    endloop
  endfacet
  facet normal -0.0432777 -0.881095 0.470956
    outer loop
      vertex 0 -3.94555 8.56487
      vertex -0.407589 -4.13833 8.16675
      vertex 0 -4.15835 8.16675
    endloop
  endfacet
  facet normal -0.914042 -0.13559 0.382285
    outer loop
      vertex -4.13833 -0.407589 8.16675
      vertex -4.24788 -0.844955 7.74969
      vertex -4.07845 -0.811254 8.16675
    endloop
  endfacet
  facet normal -0.756654 -0.453523 0.470949
    outer loop
      vertex -3.47967 -1.85992 8.56487
      vertex -3.66734 -1.96023 8.16675
      vertex -3.28061 -2.19203 8.56487
    endloop
  endfacet
  facet normal -0.363749 -0.606862 0.706687
    outer loop
      vertex -1.71625 -2.56855 9.60837
      vertex -1.89359 -2.83396 9.28917
      vertex -1.6067 -3.00592 9.28917
    endloop
  endfacet
  facet normal -0.195149 0.0095834 0.980727
    outer loop
      vertex -1.11233 0.109554 10.6621
      vertex -1.11771 0 10.6621
      vertex -0.67496 0 10.7502
    endloop
  endfacet
  facet normal -0.751932 -0.355622 0.555096
    outer loop
      vertex -3.41351 -1.41392 8.94022
      vertex -3.64521 -1.5099 8.56487
      vertex -3.47967 -1.85992 8.56487
    endloop
  endfacet
  facet normal 0.0142512 -0.290175 0.956867
    outer loop
      vertex 0.109554 -1.11233 10.6621
      vertex 0 -1.54969 10.5311
      vertex 0.151896 -1.54223 10.5311
    endloop
  endfacet
  facet normal -0.78781 0.584279 0.194868
    outer loop
      vertex -3.51736 2.88662 6.87496
      vertex -3.78336 2.52796 6.87496
      vertex -3.44928 2.83075 7.31771
    endloop
  endfacet
  facet normal 0.914042 0.13559 0.382285
    outer loop
      vertex 4.24788 0.844955 7.74969
      vertex 4.07845 0.811254 8.16675
      vertex 4.13833 0.407589 8.16675
    endloop
  endfacet
  facet normal 0.899644 -0.425507 0.0978994
    outer loop
      vertex 4.20385 -1.74129 6.87496
      vertex 4.01293 -2.14495 6.87496
      vertex 4.24473 -1.75822 6.42571
    endloop
  endfacet
  facet normal 0.797469 -0.377159 0.47095
    outer loop
      vertex 3.64521 -1.5099 8.56487
      vertex 3.47967 -1.85992 8.56487
      vertex 3.84181 -1.59133 8.16675
    endloop
  endfacet
  facet normal 0.822779 -0.122042 0.555104
    outer loop
      vertex 3.67696 -0.362149 8.94022
      vertex 3.62376 -0.72081 8.94022
      vertex 3.86974 -0.769738 8.56487
    endloop
  endfacet
  facet normal 0.154254 -0.615825 0.772635
    outer loop
      vertex 0.896739 -2.95615 9.60837
      vertex 0.53459 -2.68756 9.89475
      vertex 0.602667 -3.02981 9.60837
    endloop
  endfacet
  facet normal 0.202105 -0.806854 0.555104
    outer loop
      vertex 1.07253 -3.53566 8.94022
      vertex 0.769738 -3.86974 8.56487
      vertex 1.14533 -3.77566 8.56487
    endloop
  endfacet
  facet normal 0.55858 -0.616322 0.555099
    outer loop
      vertex 2.61259 -2.61259 8.94022
      vertex 2.34393 -2.85608 8.94022
      vertex 2.50303 -3.04995 8.56487
    endloop
  endfacet
  facet normal 0.525497 -0.708553 0.470961
    outer loop
      vertex 2.50303 -3.04995 8.56487
      vertex 2.31026 -3.45754 8.16675
      vertex 2.63803 -3.21445 8.16675
    endloop
  endfacet
  facet normal 0.792577 -0.475055 0.382289
    outer loop
      vertex 3.66734 -1.96023 8.16675
      vertex 3.60118 -2.40623 7.74969
      vertex 3.81969 -2.04167 7.74969
    endloop
  endfacet
  facet normal 0.914042 -0.13559 0.382285
    outer loop
      vertex 4.13833 -0.407589 8.16675
      vertex 4.07845 -0.811254 8.16675
      vertex 4.24788 -0.844955 7.74969
    endloop
  endfacet
  facet normal 0.0789137 0.05853 0.995162
    outer loop
      vertex 0.52175 0.428189 10.7502
      vertex 0.174477 0.143189 10.7945
      vertex 0.561209 0.374988 10.7502
    endloop
  endfacet
  facet normal 0.290175 -0.0142512 0.956867
    outer loop
      vertex 1.54969 0 10.5311
      vertex 1.11233 -0.109554 10.6621
      vertex 1.54223 -0.151896 10.5311
    endloop
  endfacet
  facet normal -0.460716 0.621178 0.633939
    outer loop
      vertex -2.0527 3.07208 8.94022
      vertex -2.34393 2.85608 8.94022
      vertex -2.16225 2.63471 9.28917
    endloop
  endfacet
  facet normal -0.0658192 -0.183964 0.980727
    outer loop
      vertex -0.258296 -0.623582 10.7502
      vertex -0.427728 -1.03263 10.6621
      vertex -0.324453 -1.06958 10.6621
    endloop
  endfacet
  facet normal -0.787804 0.584291 0.194856
    outer loop
      vertex -3.44928 2.83075 7.31771
      vertex -3.78336 2.52796 6.87496
      vertex -3.71014 2.47903 7.31771
    endloop
  endfacet
  facet normal -0.290175 -0.0142512 0.956867
    outer loop
      vertex -1.11233 -0.109554 10.6621
      vertex -1.54969 0 10.5311
      vertex -1.54223 -0.151896 10.5311
    endloop
  endfacet
  facet normal 0.031163 0.634091 0.772631
    outer loop
      vertex 0 3.08917 9.60837
      vertex 0 2.74022 9.89475
      vertex 0.268588 2.72702 9.89475
    endloop
  endfacet
  facet normal 0.597738 0.213876 0.772636
    outer loop
      vertex 2.85402 1.18217 9.60837
      vertex 2.62222 0.795443 9.89475
      vertex 2.95615 0.896739 9.60837
    endloop
  endfacet
  facet normal 0.167587 0.100449 0.980727
    outer loop
      vertex 0.92934 0.620965 10.6621
      vertex 0.561209 0.374988 10.7502
      vertex 0.985731 0.526884 10.6621
    endloop
  endfacet
  facet normal 0.502717 -0.23778 0.831105
    outer loop
      vertex 2.18486 -0.904997 10.1456
      vertex 2.08563 -1.11479 10.1456
      vertex 2.53163 -1.04864 9.89475
    endloop
  endfacet
  facet normal 0.620554 0.684667 0.382288
    outer loop
      vertex 2.74762 3.34799 7.74969
      vertex 2.63803 3.21445 8.16675
      vertex 3.06255 3.06255 7.74969
    endloop
  endfacet
  facet normal 0.870021 0.311298 0.382305
    outer loop
      vertex 4.00142 1.65744 7.74969
      vertex 3.84181 1.59133 8.16675
      vertex 4.14461 1.25725 7.74969
    endloop
  endfacet
  facet normal 0.970214 0.143934 0.194855
    outer loop
      vertex 4.5283 0.445998 6.87496
      vertex 4.3764 0.870521 7.31771
      vertex 4.44066 0.437366 7.31771
    endloop
  endfacet
  facet normal 0.870021 -0.311298 0.382305
    outer loop
      vertex 4.14461 -1.25725 7.74969
      vertex 3.84181 -1.59133 8.16675
      vertex 4.00142 -1.65744 7.74969
    endloop
  endfacet
  facet normal 0.896354 0.224515 0.382285
    outer loop
      vertex 4.14461 1.25725 7.74969
      vertex 4.07845 0.811254 8.16675
      vertex 4.24788 0.844955 7.74969
    endloop
  endfacet
  facet normal 0.514108 0.857726 -0
    outer loop
      vertex 2.55254 3.82015 6.2
      vertex 2.16581 4.05195 6.42571
      vertex 2.55254 3.82015 6.42571
    endloop
  endfacet
  facet normal 0.514108 0.857726 0
    outer loop
      vertex 2.16581 4.05195 6.42571
      vertex 2.55254 3.82015 6.2
      vertex 2.16581 4.05195 6.2
    endloop
  endfacet
  facet normal 0.709115 0.642714 0.289956
    outer loop
      vertex 3.44928 2.83075 7.31771
      vertex 3.06255 3.06255 7.74969
      vertex 3.34799 2.74762 7.74969
    endloop
  endfacet
  facet normal 0.146031 0.984423 0.0979065
    outer loop
      vertex 0.896334 4.50618 6.42571
      vertex 0.450336 4.57234 6.42571
      vertex 0.887702 4.46278 6.87496
    endloop
  endfacet
  facet normal -0.371686 0.0931218 0.923676
    outer loop
      vertex -1.48296 0.449852 10.5311
      vertex -1.92896 0.383694 10.3583
      vertex -1.51992 0.30233 10.5311
    endloop
  endfacet
  facet normal -0.287381 0.0426198 0.956868
    outer loop
      vertex -1.51992 0.30233 10.5311
      vertex -1.54223 0.151896 10.5311
      vertex -1.11233 0.109554 10.6621
    endloop
  endfacet
  facet normal -0.903986 0.427563 0
    outer loop
      vertex -4.24473 1.75822 6.2
      vertex -4.05195 2.16581 6.42571
      vertex -4.05195 2.16581 6.2
    endloop
  endfacet
  facet normal -0.903986 0.427563 0
    outer loop
      vertex -4.05195 2.16581 6.42571
      vertex -4.24473 1.75822 6.2
      vertex -4.24473 1.75822 6.42571
    endloop
  endfacet
  facet normal -0.830596 0.297193 0.470943
    outer loop
      vertex -3.84181 1.59133 8.16675
      vertex -3.97929 1.2071 8.16675
      vertex -3.77566 1.14533 8.56487
    endloop
  endfacet
  facet normal -0.970213 0.143916 0.194872
    outer loop
      vertex -4.46278 0.887702 6.87496
      vertex -4.5283 0.445998 6.87496
      vertex -4.3764 0.870521 7.31771
    endloop
  endfacet
  facet normal -0.901095 0.322416 0.289957
    outer loop
      vertex -4.12248 1.70759 7.31771
      vertex -4.14461 1.25725 7.74969
      vertex -4.00142 1.65744 7.74969
    endloop
  endfacet
  facet normal -0.965368 0.241824 0.0979063
    outer loop
      vertex -4.39662 1.3337 6.42571
      vertex -4.50618 0.896334 6.42571
      vertex -4.46278 0.887702 6.87496
    endloop
  endfacet
  facet normal -0.899644 0.425507 0.0978994
    outer loop
      vertex -4.01293 2.14495 6.87496
      vertex -4.24473 1.75822 6.42571
      vertex -4.20385 1.74129 6.87496
    endloop
  endfacet
  facet normal -0.0789137 -0.05853 0.995162
    outer loop
      vertex -0.174477 -0.143189 10.7945
      vertex -0.561209 -0.374988 10.7502
      vertex -0.52175 -0.428189 10.7502
    endloop
  endfacet
  facet normal -0.66337 -0.397582 0.633931
    outer loop
      vertex -3.00592 -1.6067 9.28917
      vertex -3.25848 -1.74169 8.94022
      vertex -3.07208 -2.0527 8.94022
    endloop
  endfacet
  facet normal -0.597749 -0.213865 0.77263
    outer loop
      vertex -2.62222 -0.795443 9.89475
      vertex -2.85402 -1.18217 9.60837
      vertex -2.53163 -1.04864 9.89475
    endloop
  endfacet
  facet normal -0.886663 -0.419354 0.194861
    outer loop
      vertex -3.93526 -2.10344 7.31771
      vertex -4.12248 -1.70759 7.31771
      vertex -4.01293 -2.14495 6.87496
    endloop
  endfacet
  facet normal 0.196994 -0.328654 0.923677
    outer loop
      vertex 1.09267 -1.63529 10.3583
      vertex 0.73052 -1.36671 10.5311
      vertex 0.92712 -1.73452 10.3583
    endloop
  endfacet
  facet normal -0.10382 -0.699878 0.706677
    outer loop
      vertex -0.302792 -3.0743 9.60837
      vertex -0.664941 -3.34288 9.28917
      vertex -0.334079 -3.39196 9.28917
    endloop
  endfacet
  facet normal -0.12943 -0.872606 0.470964
    outer loop
      vertex -0.386731 -3.92655 8.56487
      vertex -0.769738 -3.86974 8.56487
      vertex -0.407589 -4.13833 8.16675
    endloop
  endfacet
  facet normal -0.232522 -0.928359 0.28997
    outer loop
      vertex -1.25725 -4.14461 7.74969
      vertex -1.29529 -4.27001 7.31771
      vertex -0.870521 -4.3764 7.31771
    endloop
  endfacet
  facet normal -0.55858 -0.616322 0.555099
    outer loop
      vertex -2.34393 -2.85608 8.94022
      vertex -2.61259 -2.61259 8.94022
      vertex -2.50303 -3.04995 8.56487
    endloop
  endfacet
  facet normal -0.653635 -0.592416 0.470961
    outer loop
      vertex -3.04995 -2.50303 8.56487
      vertex -3.21445 -2.63803 8.16675
      vertex -2.9404 -2.9404 8.16675
    endloop
  endfacet
  facet normal -0.951439 -0.238303 0.194872
    outer loop
      vertex -4.3764 -0.870521 7.31771
      vertex -4.46278 -0.887702 6.87496
      vertex -4.27001 -1.29529 7.31771
    endloop
  endfacet
  facet normal -0.668088 -0.495502 0.5551
    outer loop
      vertex -2.85608 -2.34393 8.94022
      vertex -3.28061 -2.19203 8.56487
      vertex -3.04995 -2.50303 8.56487
    endloop
  endfacet
  facet normal -0.2972 -0.830589 0.47095
    outer loop
      vertex -1.5099 -3.64521 8.56487
      vertex -1.59133 -3.84181 8.16675
      vertex -1.14533 -3.77566 8.56487
    endloop
  endfacet
  facet normal -0.830778 0.0408159 0.555106
    outer loop
      vertex -3.92655 0.386731 8.56487
      vertex -3.94555 0 8.56487
      vertex -3.69475 0 8.94022
    endloop
  endfacet
  facet normal -0.765011 0.113482 0.63394
    outer loop
      vertex -3.34288 0.664941 9.28917
      vertex -3.67696 0.362149 8.94022
      vertex -3.39196 0.334079 9.28917
    endloop
  endfacet
  facet normal -0.806854 -0.202105 0.555104
    outer loop
      vertex -3.53566 -1.07253 8.94022
      vertex -3.86974 -0.769738 8.56487
      vertex -3.77566 -1.14533 8.56487
    endloop
  endfacet
  facet normal 0.550451 -0.7422 0.382286
    outer loop
      vertex 2.63803 -3.21445 8.16675
      vertex 2.31026 -3.45754 8.16675
      vertex 2.40623 -3.60118 7.74969
    endloop
  endfacet
  facet normal -0.941548 0.336879 0
    outer loop
      vertex -4.39662 1.3337 6.2
      vertex -4.24473 1.75822 6.42571
      vertex -4.24473 1.75822 6.2
    endloop
  endfacet
  facet normal -0.941548 0.336879 0
    outer loop
      vertex -4.24473 1.75822 6.42571
      vertex -4.39662 1.3337 6.2
      vertex -4.39662 1.3337 6.42571
    endloop
  endfacet
  facet normal 0.045329 0.92293 0.382289
    outer loop
      vertex 0.424521 4.31025 7.74969
      vertex 0 4.3311 7.74969
      vertex 0.407589 4.13833 8.16675
    endloop
  endfacet
  facet normal -0.726761 0.658669 0.194868
    outer loop
      vertex -3.21749 3.21749 6.87496
      vertex -3.51736 2.88662 6.87496
      vertex -3.44928 2.83075 7.31771
    endloop
  endfacet
  facet normal 0.336879 0.941548 -0
    outer loop
      vertex 1.75822 4.24473 6.2
      vertex 1.3337 4.39662 6.42571
      vertex 1.75822 4.24473 6.42571
    endloop
  endfacet
  facet normal 0.336879 0.941548 0
    outer loop
      vertex 1.3337 4.39662 6.42571
      vertex 1.75822 4.24473 6.2
      vertex 1.3337 4.39662 6.2
    endloop
  endfacet
  facet normal 0.550101 0.0816047 0.831101
    outer loop
      vertex 2.68756 0.53459 9.89475
      vertex 2.35349 0.231797 10.1456
      vertex 2.72702 0.268588 9.89475
    endloop
  endfacet
  facet normal 0.797469 0.377159 0.47095
    outer loop
      vertex 3.84181 1.59133 8.16675
      vertex 3.47967 1.85992 8.56487
      vertex 3.64521 1.5099 8.56487
    endloop
  endfacet
  facet normal 0.946676 0.140443 0.289967
    outer loop
      vertex 4.3764 0.870521 7.31771
      vertex 4.31025 0.424521 7.74969
      vertex 4.44066 0.437366 7.31771
    endloop
  endfacet
  facet normal 0.979651 -0.0481261 0.194855
    outer loop
      vertex 4.55021 0 6.87496
      vertex 4.44066 -0.437366 7.31771
      vertex 4.5283 -0.445998 6.87496
    endloop
  endfacet
  facet normal 0.970028 -0.242992 0
    outer loop
      vertex 4.39662 -1.3337 6.42571
      vertex 4.50618 -0.896334 6.2
      vertex 4.50618 -0.896334 6.42571
    endloop
  endfacet
  facet normal 0.970028 -0.242992 0
    outer loop
      vertex 4.50618 -0.896334 6.2
      vertex 4.39662 -1.3337 6.42571
      vertex 4.39662 -1.3337 6.2
    endloop
  endfacet
  facet normal 0.573016 -0.519374 0.633959
    outer loop
      vertex 2.63471 -2.16225 9.28917
      vertex 2.41008 -2.41008 9.28917
      vertex 2.61259 -2.61259 8.94022
    endloop
  endfacet
  facet normal 0.592409 -0.65365 0.47095
    outer loop
      vertex 2.78993 -2.78993 8.56487
      vertex 2.50303 -3.04995 8.56487
      vertex 2.9404 -2.9404 8.16675
    endloop
  endfacet
  facet normal 0.709121 -0.642702 0.289967
    outer loop
      vertex 3.44928 -2.83075 7.31771
      vertex 3.06255 -3.06255 7.74969
      vertex 3.15521 -3.15521 7.31771
    endloop
  endfacet
  facet normal 0.955885 -0.0469456 0.289965
    outer loop
      vertex 4.46214 0 7.31771
      vertex 4.3311 0 7.74969
      vertex 4.44066 -0.437366 7.31771
    endloop
  endfacet
  facet normal 0.979649 -0.0481127 0.194868
    outer loop
      vertex 4.46214 0 7.31771
      vertex 4.44066 -0.437366 7.31771
      vertex 4.55021 0 6.87496
    endloop
  endfacet
  facet normal 0.048824 -0.993997 0.0979062
    outer loop
      vertex 0 -4.55021 6.87496
      vertex 0 -4.59446 6.42571
      vertex 0.450336 -4.57234 6.42571
    endloop
  endfacet
  facet normal 0.395067 -0.835331 0.382288
    outer loop
      vertex 1.96023 -3.66734 8.16675
      vertex 1.59133 -3.84181 8.16675
      vertex 2.04167 -3.81969 7.74969
    endloop
  endfacet
  facet normal 0.213865 -0.597749 0.77263
    outer loop
      vertex 1.04864 -2.53163 9.89475
      vertex 0.795443 -2.62222 9.89475
      vertex 1.18217 -2.85402 9.60837
    endloop
  endfacet
  facet normal 0.214359 -0.855718 0.470954
    outer loop
      vertex 1.2071 -3.97929 8.16675
      vertex 0.769738 -3.86974 8.56487
      vertex 0.811254 -4.07845 8.16675
    endloop
  endfacet
  facet normal 0.379022 0.0562223 0.923678
    outer loop
      vertex 1.92896 0.383694 10.3583
      vertex 1.54223 0.151896 10.5311
      vertex 1.95728 0.192775 10.3583
    endloop
  endfacet
  facet normal 0.872609 0.129444 0.470954
    outer loop
      vertex 4.07845 0.811254 8.16675
      vertex 3.86974 0.769738 8.56487
      vertex 4.13833 0.407589 8.16675
    endloop
  endfacet
  facet normal 0.544531 -0.326364 0.77264
    outer loop
      vertex 2.41665 -1.29173 9.89475
      vertex 2.27841 -1.52238 9.89475
      vertex 2.72441 -1.45622 9.60837
    endloop
  endfacet
  facet normal 0.290175 0.0142512 0.956867
    outer loop
      vertex 1.54223 0.151896 10.5311
      vertex 1.11233 0.109554 10.6621
      vertex 1.54969 0 10.5311
    endloop
  endfacet
  facet normal 0.634081 -0.0311395 0.77264
    outer loop
      vertex 3.08917 0 9.60837
      vertex 2.72702 -0.268588 9.89475
      vertex 3.0743 -0.302792 9.60837
    endloop
  endfacet
  facet normal 0.792578 -0.475053 0.382288
    outer loop
      vertex 3.66734 -1.96023 8.16675
      vertex 3.45754 -2.31026 8.16675
      vertex 3.60118 -2.40623 7.74969
    endloop
  endfacet
  facet normal 0.0144177 -0.0971868 0.995162
    outer loop
      vertex 0.131678 -0.66199 10.7502
      vertex 0.044034 -0.221374 10.7945
      vertex 0.0661573 -0.67171 10.7502
    endloop
  endfacet
  facet normal 0.371685 -0.0931078 0.923678
    outer loop
      vertex 1.92896 -0.383694 10.3583
      vertex 1.48296 -0.449852 10.5311
      vertex 1.88206 -0.570918 10.3583
    endloop
  endfacet
  facet normal 0.457532 0.114605 0.881777
    outer loop
      vertex 2.26304 0.686486 10.1456
      vertex 1.92896 0.383694 10.3583
      vertex 2.31943 0.461363 10.1456
    endloop
  endfacet
  facet normal -0.273543 0.0978688 0.956868
    outer loop
      vertex -1.03263 0.427728 10.6621
      vertex -1.48296 0.449852 10.5311
      vertex -1.06958 0.324453 10.6621
    endloop
  endfacet
  facet normal 0.550094 0.0816158 0.831105
    outer loop
      vertex 2.68756 0.53459 9.89475
      vertex 2.31943 0.461363 10.1456
      vertex 2.35349 0.231797 10.1456
    endloop
  endfacet
  facet normal 0.684676 0.620549 0.382279
    outer loop
      vertex 3.06255 3.06255 7.74969
      vertex 2.9404 2.9404 8.16675
      vertex 3.21445 2.63803 8.16675
    endloop
  endfacet
  facet normal -0.195101 -0.215262 0.956869
    outer loop
      vertex -0.790339 -0.790339 10.6621
      vertex -1.0958 -1.0958 10.5311
      vertex -0.709066 -0.864 10.6621
    endloop
  endfacet
  facet normal -0.363748 0.606862 0.706687
    outer loop
      vertex -1.6067 3.00592 9.28917
      vertex -1.71625 2.56855 9.60837
      vertex -1.45622 2.72441 9.60837
    endloop
  endfacet
  facet normal -0.806854 0.202105 0.555104
    outer loop
      vertex -3.77566 1.14533 8.56487
      vertex -3.86974 0.769738 8.56487
      vertex -3.53566 1.07253 8.94022
    endloop
  endfacet
  facet normal -0.0659805 0.0727993 0.995162
    outer loop
      vertex -0.428189 0.52175 10.7502
      vertex -0.477268 0.477268 10.7502
      vertex -0.143189 0.174477 10.7945
    endloop
  endfacet
  facet normal -0.0931564 0.627973 0.77264
    outer loop
      vertex -0.302792 3.0743 9.60837
      vertex -0.53459 2.68756 9.89475
      vertex -0.268588 2.72702 9.89475
    endloop
  endfacet
  facet normal 0.495508 0.668087 0.555096
    outer loop
      vertex 2.19203 3.28061 8.56487
      vertex 2.0527 3.07208 8.94022
      vertex 2.34393 2.85608 8.94022
    endloop
  endfacet
  facet normal -0.135595 0.91404 0.382289
    outer loop
      vertex -0.424521 4.31025 7.74969
      vertex -0.844955 4.24788 7.74969
      vertex -0.407589 4.13833 8.16675
    endloop
  endfacet
  facet normal -0.326387 0.544529 0.772632
    outer loop
      vertex -1.45622 2.72441 9.60837
      vertex -1.71625 2.56855 9.60837
      vertex -1.52238 2.27841 9.89475
    endloop
  endfacet
  facet normal 0.330677 0.69913 0.633932
    outer loop
      vertex 1.74169 3.25848 8.94022
      vertex 1.41392 3.41351 8.94022
      vertex 1.6067 3.00592 9.28917
    endloop
  endfacet
  facet normal 0.426347 0.470387 0.772634
    outer loop
      vertex 1.95975 2.38796 9.60837
      vertex 1.73837 2.11822 9.89475
      vertex 2.18437 2.18437 9.60837
    endloop
  endfacet
  facet normal 0.573898 0.27145 0.772629
    outer loop
      vertex 2.85402 1.18217 9.60837
      vertex 2.41665 1.29173 9.89475
      vertex 2.53163 1.04864 9.89475
    endloop
  endfacet
  facet normal 0.830589 0.2972 0.47095
    outer loop
      vertex 3.84181 1.59133 8.16675
      vertex 3.64521 1.5099 8.56487
      vertex 3.77566 1.14533 8.56487
    endloop
  endfacet
  facet normal 0.713448 0.427596 0.555115
    outer loop
      vertex 3.47967 1.85992 8.56487
      vertex 3.07208 2.0527 8.94022
      vertex 3.25848 1.74169 8.94022
    endloop
  endfacet
  facet normal 0.684667 0.620554 0.382288
    outer loop
      vertex 3.34799 2.74762 7.74969
      vertex 3.06255 3.06255 7.74969
      vertex 3.21445 2.63803 8.16675
    endloop
  endfacet
  facet normal 0.7422 0.550451 0.382286
    outer loop
      vertex 3.60118 2.40623 7.74969
      vertex 3.21445 2.63803 8.16675
      vertex 3.45754 2.31026 8.16675
    endloop
  endfacet
  facet normal 0.901095 0.322416 0.289957
    outer loop
      vertex 4.12248 1.70759 7.31771
      vertex 4.00142 1.65744 7.74969
      vertex 4.14461 1.25725 7.74969
    endloop
  endfacet
  facet normal 0.841285 0.504253 0.194855
    outer loop
      vertex 3.78336 2.52796 6.87496
      vertex 3.71014 2.47903 7.31771
      vertex 4.01293 2.14495 6.87496
    endloop
  endfacet
  facet normal 0.0469456 0.955885 0.289965
    outer loop
      vertex 0 4.46214 7.31771
      vertex 0 4.3311 7.74969
      vertex 0.437366 4.44066 7.31771
    endloop
  endfacet
  facet normal 0.658669 0.726761 0.194868
    outer loop
      vertex 2.88662 3.51736 6.87496
      vertex 2.83075 3.44928 7.31771
      vertex 3.21749 3.21749 6.87496
    endloop
  endfacet
  facet normal -0.287371 0.0426421 0.95687
    outer loop
      vertex -1.09623 0.218054 10.6621
      vertex -1.51992 0.30233 10.5311
      vertex -1.11233 0.109554 10.6621
    endloop
  endfacet
  facet normal -0.751932 0.355622 0.555096
    outer loop
      vertex -3.47967 1.85992 8.56487
      vertex -3.64521 1.5099 8.56487
      vertex -3.41351 1.41392 8.94022
    endloop
  endfacet
  facet normal -0.841285 0.504253 0.194855
    outer loop
      vertex -3.78336 2.52796 6.87496
      vertex -4.01293 2.14495 6.87496
      vertex -3.71014 2.47903 7.31771
    endloop
  endfacet
  facet normal -0.922931 0.0453326 0.382286
    outer loop
      vertex -4.13833 0.407589 8.16675
      vertex -4.3311 0 7.74969
      vertex -4.15835 0 8.16675
    endloop
  endfacet
  facet normal -0.928359 -0.232522 0.28997
    outer loop
      vertex -4.14461 -1.25725 7.74969
      vertex -4.3764 -0.870521 7.31771
      vertex -4.27001 -1.29529 7.31771
    endloop
  endfacet
  facet normal -0.993997 -0.048824 0.0979062
    outer loop
      vertex -4.55021 0 6.87496
      vertex -4.59446 0 6.42571
      vertex -4.57234 -0.450336 6.42571
    endloop
  endfacet
  facet normal -0.993997 0.048824 0.0979062
    outer loop
      vertex -4.57234 0.450336 6.42571
      vertex -4.59446 0 6.42571
      vertex -4.55021 0 6.87496
    endloop
  endfacet
  facet normal -0.914042 0.13559 0.382285
    outer loop
      vertex -4.07845 0.811254 8.16675
      vertex -4.24788 0.844955 7.74969
      vertex -4.13833 0.407589 8.16675
    endloop
  endfacet
  facet normal -0.419364 0.886656 0.194872
    outer loop
      vertex -1.74129 4.20385 6.87496
      vertex -2.14495 4.01293 6.87496
      vertex -1.70759 4.12248 7.31771
    endloop
  endfacet
  facet normal -0.965372 0.241812 0.0978937
    outer loop
      vertex -4.39662 1.3337 6.42571
      vertex -4.46278 0.887702 6.87496
      vertex -4.35428 1.32086 6.87496
    endloop
  endfacet
  facet normal -0.592838 -0.79935 0.0978936
    outer loop
      vertex -2.88662 -3.51736 6.87496
      vertex -2.91469 -3.55156 6.42571
      vertex -2.52796 -3.78336 6.87496
    endloop
  endfacet
  facet normal -0.853606 -0.511638 0.097897
    outer loop
      vertex -3.78336 -2.52796 6.87496
      vertex -4.01293 -2.14495 6.87496
      vertex -3.82015 -2.55254 6.42571
    endloop
  endfacet
  facet normal 0.183964 0.0658192 0.980727
    outer loop
      vertex 1.03263 0.427728 10.6621
      vertex 0.623582 0.258296 10.7502
      vertex 1.06958 0.324453 10.6621
    endloop
  endfacet
  facet normal 0.183964 -0.0658192 0.980727
    outer loop
      vertex 1.06958 -0.324453 10.6621
      vertex 0.623582 -0.258296 10.7502
      vertex 1.03263 -0.427728 10.6621
    endloop
  endfacet
  facet normal -0.0727962 -0.0659832 0.995162
    outer loop
      vertex -0.174477 -0.143189 10.7945
      vertex -0.477268 -0.477268 10.7502
      vertex -0.159601 -0.159601 10.7945
    endloop
  endfacet
  facet normal 0.0842719 -0.0505108 0.995162
    outer loop
      vertex 0.199059 -0.1064 10.7945
      vertex 0.187672 -0.125398 10.7945
      vertex 0.561209 -0.374988 10.7502
    endloop
  endfacet
  facet normal 0.176624 0.08354 0.980727
    outer loop
      vertex 0.985731 0.526884 10.6621
      vertex 0.623582 0.258296 10.7502
      vertex 1.03263 0.427728 10.6621
    endloop
  endfacet
  facet normal -0.525512 -0.70855 0.470951
    outer loop
      vertex -2.19203 -3.28061 8.56487
      vertex -2.50303 -3.04995 8.56487
      vertex -2.31026 -3.45754 8.16675
    endloop
  endfacet
  facet normal -0.328654 -0.196994 0.923677
    outer loop
      vertex -1.36671 -0.73052 10.5311
      vertex -1.73452 -0.92712 10.3583
      vertex -1.63529 -1.09267 10.3583
    endloop
  endfacet
  facet normal -0.378182 -0.509917 0.772634
    outer loop
      vertex -1.73837 -2.11822 9.89475
      vertex -1.95975 -2.38796 9.60837
      vertex -1.52238 -2.27841 9.89475
    endloop
  endfacet
  facet normal -0.0432877 -0.88109 0.470964
    outer loop
      vertex -0.386731 -3.92655 8.56487
      vertex -0.407589 -4.13833 8.16675
      vertex 0 -3.94555 8.56487
    endloop
  endfacet
  facet normal 0.524236 -0.475155 0.706686
    outer loop
      vertex 2.38796 -1.95975 9.60837
      vertex 2.18437 -2.18437 9.60837
      vertex 2.63471 -2.16225 9.28917
    endloop
  endfacet
  facet normal 0.260536 -0.728177 0.63394
    outer loop
      vertex 1.30433 -3.14893 9.28917
      vertex 0.989399 -3.26161 9.28917
      vertex 1.41392 -3.41351 8.94022
    endloop
  endfacet
  facet normal 0.0692066 -0.466556 0.88178
    outer loop
      vertex 0.383694 -1.92896 10.3583
      vertex 0.192775 -1.95728 10.3583
      vertex 0.231797 -2.35349 10.1456
    endloop
  endfacet
  facet normal 0.149365 -0.249183 0.956869
    outer loop
      vertex 0.860963 -1.28852 10.5311
      vertex 0.526884 -0.985731 10.6621
      vertex 0.73052 -1.36671 10.5311
    endloop
  endfacet
  facet normal -0.984424 -0.146024 0.0979131
    outer loop
      vertex -4.5283 -0.445998 6.87496
      vertex -4.57234 -0.450336 6.42571
      vertex -4.46278 -0.887702 6.87496
    endloop
  endfacet
  facet normal -0.965372 -0.241812 0.0978937
    outer loop
      vertex -4.35428 -1.32086 6.87496
      vertex -4.46278 -0.887702 6.87496
      vertex -4.39662 -1.3337 6.42571
    endloop
  endfacet
  facet normal -0.621178 -0.460716 0.633939
    outer loop
      vertex -2.63471 -2.16225 9.28917
      vertex -3.07208 -2.0527 8.94022
      vertex -2.85608 -2.34393 8.94022
    endloop
  endfacet
  facet normal -0.355641 -0.751909 0.555114
    outer loop
      vertex -1.74169 -3.25848 8.94022
      vertex -1.85992 -3.47967 8.56487
      vertex -1.41392 -3.41351 8.94022
    endloop
  endfacet
  facet normal -0.787804 -0.584291 0.194856
    outer loop
      vertex -3.71014 -2.47903 7.31771
      vertex -3.78336 -2.52796 6.87496
      vertex -3.44928 -2.83075 7.31771
    endloop
  endfacet
  facet normal -0.742201 -0.550449 0.382288
    outer loop
      vertex -3.21445 -2.63803 8.16675
      vertex -3.60118 -2.40623 7.74969
      vertex -3.34799 -2.74762 7.74969
    endloop
  endfacet
  facet normal -0.238361 -0.666168 0.706686
    outer loop
      vertex -0.896739 -2.95615 9.60837
      vertex -1.18217 -2.85402 9.60837
      vertex -0.989399 -3.26161 9.28917
    endloop
  endfacet
  facet normal -0.820876 -0.492017 0.289968
    outer loop
      vertex -3.81969 -2.04167 7.74969
      vertex -3.93526 -2.10344 7.31771
      vertex -3.60118 -2.40623 7.74969
    endloop
  endfacet
  facet normal -0.597738 -0.213876 0.772636
    outer loop
      vertex -2.62222 -0.795443 9.89475
      vertex -2.95615 -0.896739 9.60837
      vertex -2.85402 -1.18217 9.60837
    endloop
  endfacet
  facet normal -0.896354 -0.224515 0.382285
    outer loop
      vertex -4.07845 -0.811254 8.16675
      vertex -4.24788 -0.844955 7.74969
      vertex -4.14461 -1.25725 7.74969
    endloop
  endfacet
  facet normal -0.699868 -0.103834 0.706685
    outer loop
      vertex -3.0743 -0.302792 9.60837
      vertex -3.34288 -0.664941 9.28917
      vertex -3.02981 -0.602667 9.60837
    endloop
  endfacet
  facet normal -0.750204 -0.18791 0.633943
    outer loop
      vertex -3.34288 -0.664941 9.28917
      vertex -3.53566 -1.07253 8.94022
      vertex -3.26161 -0.989399 9.28917
    endloop
  endfacet
  facet normal -0.872606 -0.12943 0.470964
    outer loop
      vertex -3.92655 -0.386731 8.56487
      vertex -4.13833 -0.407589 8.16675
      vertex -3.86974 -0.769738 8.56487
    endloop
  endfacet
  facet normal -0.53945 0.135125 0.831105
    outer loop
      vertex -2.62222 0.795443 9.89475
      vertex -2.68756 0.53459 9.89475
      vertex -2.31943 0.461363 10.1456
    endloop
  endfacet
  facet normal -0.765008 -0.113473 0.633945
    outer loop
      vertex -3.34288 -0.664941 9.28917
      vertex -3.67696 -0.362149 8.94022
      vertex -3.62376 -0.72081 8.94022
    endloop
  endfacet
  facet normal -0.83078 0.0408108 0.555102
    outer loop
      vertex -3.67696 0.362149 8.94022
      vertex -3.92655 0.386731 8.56487
      vertex -3.69475 0 8.94022
    endloop
  endfacet
  facet normal -0.241812 -0.965372 0.0978937
    outer loop
      vertex -1.32086 -4.35428 6.87496
      vertex -1.3337 -4.39662 6.42571
      vertex -0.887702 -4.46278 6.87496
    endloop
  endfacet
  facet normal -0.0481127 -0.979649 0.194868
    outer loop
      vertex 0 -4.46214 7.31771
      vertex -0.437366 -4.44066 7.31771
      vertex 0 -4.55021 6.87496
    endloop
  endfacet
  facet normal 0.597749 -0.213865 0.77263
    outer loop
      vertex 2.62222 -0.795443 9.89475
      vertex 2.53163 -1.04864 9.89475
      vertex 2.85402 -1.18217 9.60837
    endloop
  endfacet
  facet normal 0.475055 -0.792577 0.382289
    outer loop
      vertex 2.40623 -3.60118 7.74969
      vertex 1.96023 -3.66734 8.16675
      vertex 2.04167 -3.81969 7.74969
    endloop
  endfacet
  facet normal 0.595701 -0.803206 0
    outer loop
      vertex 2.55254 -3.82015 6.2
      vertex 2.91469 -3.55156 6.42571
      vertex 2.55254 -3.82015 6.42571
    endloop
  endfacet
  facet normal 0.595701 -0.803206 0
    outer loop
      vertex 2.91469 -3.55156 6.42571
      vertex 2.55254 -3.82015 6.2
      vertex 2.91469 -3.55156 6.2
    endloop
  endfacet
  facet normal 0.726748 -0.658679 0.194883
    outer loop
      vertex 3.44928 -2.83075 7.31771
      vertex 3.15521 -3.15521 7.31771
      vertex 3.21749 -3.21749 6.87496
    endloop
  endfacet
  facet normal 0.965368 -0.241824 0.0979063
    outer loop
      vertex 4.46278 -0.887702 6.87496
      vertex 4.39662 -1.3337 6.42571
      vertex 4.50618 -0.896334 6.42571
    endloop
  endfacet
  facet normal 0.984423 -0.146031 0.0979065
    outer loop
      vertex 4.57234 -0.450336 6.42571
      vertex 4.46278 -0.887702 6.87496
      vertex 4.50618 -0.896334 6.42571
    endloop
  endfacet
  facet normal -0.146736 0.989176 0
    outer loop
      vertex -0.450336 4.57234 6.2
      vertex -0.896334 4.50618 6.42571
      vertex -0.450336 4.57234 6.42571
    endloop
  endfacet
  facet normal -0.146736 0.989176 0
    outer loop
      vertex -0.896334 4.50618 6.42571
      vertex -0.450336 4.57234 6.2
      vertex -0.896334 4.50618 6.2
    endloop
  endfacet
  facet normal 0.202105 0.806854 0.555104
    outer loop
      vertex 1.14533 3.77566 8.56487
      vertex 0.769738 3.86974 8.56487
      vertex 1.07253 3.53566 8.94022
    endloop
  endfacet
  facet normal -0.446673 0.331277 0.831107
    outer loop
      vertex -2.11822 1.73837 9.89475
      vertex -2.27841 1.52238 9.89475
      vertex -1.96632 1.31385 10.1456
    endloop
  endfacet
  facet normal -0.504253 0.841285 0.194855
    outer loop
      vertex -2.14495 4.01293 6.87496
      vertex -2.52796 3.78336 6.87496
      vertex -2.47903 3.71014 7.31771
    endloop
  endfacet
  facet normal -0.242992 0.970028 0
    outer loop
      vertex -0.896334 4.50618 6.2
      vertex -1.3337 4.39662 6.42571
      vertex -0.896334 4.50618 6.42571
    endloop
  endfacet
  facet normal -0.242992 0.970028 0
    outer loop
      vertex -1.3337 4.39662 6.42571
      vertex -0.896334 4.50618 6.2
      vertex -1.3337 4.39662 6.2
    endloop
  endfacet
  facet normal 0.0469475 0.955884 0.289967
    outer loop
      vertex 0.437366 4.44066 7.31771
      vertex 0 4.3311 7.74969
      vertex 0.424521 4.31025 7.74969
    endloop
  endfacet
  facet normal -0.103834 0.699868 0.706685
    outer loop
      vertex -0.302792 3.0743 9.60837
      vertex -0.664941 3.34288 9.28917
      vertex -0.602667 3.02981 9.60837
    endloop
  endfacet
  facet normal 0.742201 0.550449 0.382288
    outer loop
      vertex 3.34799 2.74762 7.74969
      vertex 3.21445 2.63803 8.16675
      vertex 3.60118 2.40623 7.74969
    endloop
  endfacet
  facet normal 0.989176 0.146736 0
    outer loop
      vertex 4.57234 0.450336 6.42571
      vertex 4.50618 0.896334 6.2
      vertex 4.50618 0.896334 6.42571
    endloop
  endfacet
  facet normal 0.989176 0.146736 0
    outer loop
      vertex 4.50618 0.896334 6.2
      vertex 4.57234 0.450336 6.42571
      vertex 4.57234 0.450336 6.2
    endloop
  endfacet
  facet normal 0.728172 0.260541 0.633943
    outer loop
      vertex 3.41351 1.41392 8.94022
      vertex 3.26161 0.989399 9.28917
      vertex 3.53566 1.07253 8.94022
    endloop
  endfacet
  facet normal 0.82278 -0.12204 0.555103
    outer loop
      vertex 3.92655 -0.386731 8.56487
      vertex 3.67696 -0.362149 8.94022
      vertex 3.86974 -0.769738 8.56487
    endloop
  endfacet
  facet normal 0.870021 -0.311299 0.382304
    outer loop
      vertex 3.97929 -1.2071 8.16675
      vertex 3.84181 -1.59133 8.16675
      vertex 4.14461 -1.25725 7.74969
    endloop
  endfacet
  facet normal 0.979651 0.0481261 0.194855
    outer loop
      vertex 4.5283 0.445998 6.87496
      vertex 4.44066 0.437366 7.31771
      vertex 4.55021 0 6.87496
    endloop
  endfacet
  facet normal 0.509922 -0.37818 0.772632
    outer loop
      vertex 2.56855 -1.71625 9.60837
      vertex 2.27841 -1.52238 9.89475
      vertex 2.38796 -1.95975 9.60837
    endloop
  endfacet
  facet normal 0.772449 -0.0379454 0.633942
    outer loop
      vertex 3.69475 0 8.94022
      vertex 3.40837 0 9.28917
      vertex 3.67696 -0.362149 8.94022
    endloop
  endfacet
  facet normal 0.830596 -0.297193 0.470943
    outer loop
      vertex 3.97929 -1.2071 8.16675
      vertex 3.77566 -1.14533 8.56487
      vertex 3.84181 -1.59133 8.16675
    endloop
  endfacet
  facet normal 0.830589 -0.2972 0.47095
    outer loop
      vertex 3.77566 -1.14533 8.56487
      vertex 3.64521 -1.5099 8.56487
      vertex 3.84181 -1.59133 8.16675
    endloop
  endfacet
  facet normal 0.750204 -0.18791 0.633943
    outer loop
      vertex 3.34288 -0.664941 9.28917
      vertex 3.26161 -0.989399 9.28917
      vertex 3.53566 -1.07253 8.94022
    endloop
  endfacet
  facet normal 0.750202 -0.187913 0.633945
    outer loop
      vertex 3.62376 -0.72081 8.94022
      vertex 3.34288 -0.664941 9.28917
      vertex 3.53566 -1.07253 8.94022
    endloop
  endfacet
  facet normal 0.616323 -0.558579 0.5551
    outer loop
      vertex 3.04995 -2.50303 8.56487
      vertex 2.61259 -2.61259 8.94022
      vertex 2.78993 -2.78993 8.56487
    endloop
  endfacet
  facet normal 0.427625 -0.713445 0.555097
    outer loop
      vertex 2.0527 -3.07208 8.94022
      vertex 1.85992 -3.47967 8.56487
      vertex 2.19203 -3.28061 8.56487
    endloop
  endfacet
  facet normal 0.756654 -0.453523 0.470949
    outer loop
      vertex 3.47967 -1.85992 8.56487
      vertex 3.28061 -2.19203 8.56487
      vertex 3.66734 -1.96023 8.16675
    endloop
  endfacet
  facet normal 0.69913 -0.330677 0.633932
    outer loop
      vertex 3.41351 -1.41392 8.94022
      vertex 3.00592 -1.6067 9.28917
      vertex 3.25848 -1.74169 8.94022
    endloop
  endfacet
  facet normal 0.642714 -0.709115 0.289956
    outer loop
      vertex 3.06255 -3.06255 7.74969
      vertex 2.74762 -3.34799 7.74969
      vertex 2.83075 -3.44928 7.31771
    endloop
  endfacet
  facet normal 0.620549 -0.684676 0.382279
    outer loop
      vertex 2.9404 -2.9404 8.16675
      vertex 2.63803 -3.21445 8.16675
      vertex 3.06255 -3.06255 7.74969
    endloop
  endfacet
  facet normal 0.232532 -0.928359 0.289962
    outer loop
      vertex 1.25725 -4.14461 7.74969
      vertex 0.844955 -4.24788 7.74969
      vertex 0.870521 -4.3764 7.31771
    endloop
  endfacet
  facet normal 0.322429 -0.901087 0.28997
    outer loop
      vertex 1.70759 -4.12248 7.31771
      vertex 1.25725 -4.14461 7.74969
      vertex 1.29529 -4.27001 7.31771
    endloop
  endfacet
  facet normal 0.129444 -0.872609 0.470954
    outer loop
      vertex 0.769738 -3.86974 8.56487
      vertex 0.407589 -4.13833 8.16675
      vertex 0.811254 -4.07845 8.16675
    endloop
  endfacet
  facet normal 0.0432877 -0.88109 0.470964
    outer loop
      vertex 0.386731 -3.92655 8.56487
      vertex 0 -3.94555 8.56487
      vertex 0.407589 -4.13833 8.16675
    endloop
  endfacet
  facet normal -0.048824 -0.993997 0.0979062
    outer loop
      vertex 0 -4.55021 6.87496
      vertex -0.450336 -4.57234 6.42571
      vertex 0 -4.59446 6.42571
    endloop
  endfacet
  facet normal 0.143916 -0.970213 0.194872
    outer loop
      vertex 0.870521 -4.3764 7.31771
      vertex 0.445998 -4.5283 6.87496
      vertex 0.887702 -4.46278 6.87496
    endloop
  endfacet
  facet normal 0.154255 -0.615824 0.772636
    outer loop
      vertex 0.795443 -2.62222 9.89475
      vertex 0.53459 -2.68756 9.89475
      vertex 0.896739 -2.95615 9.60837
    endloop
  endfacet
  facet normal 0.285895 -0.476995 0.831107
    outer loop
      vertex 1.31385 -1.96632 10.1456
      vertex 1.11479 -2.08563 10.1456
      vertex 1.52238 -2.27841 9.89475
    endloop
  endfacet
  facet normal 0.0347124 -0.706684 0.706677
    outer loop
      vertex 0.302792 -3.0743 9.60837
      vertex 0 -3.40837 9.28917
      vertex 0.334079 -3.39196 9.28917
    endloop
  endfacet
  facet normal 0.0931564 -0.627973 0.77264
    outer loop
      vertex 0.53459 -2.68756 9.89475
      vertex 0.268588 -2.72702 9.89475
      vertex 0.302792 -3.0743 9.60837
    endloop
  endfacet
  facet normal 0.224535 -0.896341 0.382304
    outer loop
      vertex 1.2071 -3.97929 8.16675
      vertex 0.811254 -4.07845 8.16675
      vertex 1.25725 -4.14461 7.74969
    endloop
  endfacet
  facet normal 0.355622 -0.751932 0.555096
    outer loop
      vertex 1.85992 -3.47967 8.56487
      vertex 1.41392 -3.41351 8.94022
      vertex 1.5099 -3.64521 8.56487
    endloop
  endfacet
  facet normal 0.772451 0.0379429 0.63394
    outer loop
      vertex 3.67696 0.362149 8.94022
      vertex 3.39196 0.334079 9.28917
      vertex 3.40837 0 9.28917
    endloop
  endfacet
  facet normal 0.444094 -0.158893 0.881779
    outer loop
      vertex 1.88206 -0.570918 10.3583
      vertex 1.81704 -0.752644 10.3583
      vertex 2.18486 -0.904997 10.1456
    endloop
  endfacet
  facet normal 0.426351 -0.470379 0.772638
    outer loop
      vertex 1.93762 -1.93762 9.89475
      vertex 1.73837 -2.11822 9.89475
      vertex 2.18437 -2.18437 9.60837
    endloop
  endfacet
  facet normal 0.470379 -0.426351 0.772638
    outer loop
      vertex 2.11822 -1.73837 9.89475
      vertex 1.93762 -1.93762 9.89475
      vertex 2.18437 -2.18437 9.60837
    endloop
  endfacet
  facet normal 0.568293 -0.421471 0.706686
    outer loop
      vertex 2.83396 -1.89359 9.28917
      vertex 2.38796 -1.95975 9.60837
      vertex 2.63471 -2.16225 9.28917
    endloop
  endfacet
  facet normal 0.568293 -0.42147 0.706686
    outer loop
      vertex 2.56855 -1.71625 9.60837
      vertex 2.38796 -1.95975 9.60837
      vertex 2.83396 -1.89359 9.28917
    endloop
  endfacet
  facet normal 0.639592 -0.302504 0.706692
    outer loop
      vertex 3.14893 -1.30433 9.28917
      vertex 2.85402 -1.18217 9.60837
      vertex 3.00592 -1.6067 9.28917
    endloop
  endfacet
  facet normal 0.639603 -0.302496 0.706686
    outer loop
      vertex 2.85402 -1.18217 9.60837
      vertex 2.72441 -1.45622 9.60837
      vertex 3.00592 -1.6067 9.28917
    endloop
  endfacet
  facet normal 0.523611 -0.18734 0.831105
    outer loop
      vertex 2.62222 -0.795443 9.89475
      vertex 2.18486 -0.904997 10.1456
      vertex 2.53163 -1.04864 9.89475
    endloop
  endfacet
  facet normal 0.597738 -0.213876 0.772636
    outer loop
      vertex 2.95615 -0.896739 9.60837
      vertex 2.62222 -0.795443 9.89475
      vertex 2.85402 -1.18217 9.60837
    endloop
  endfacet
  facet normal 0.382707 -0.0187957 0.923679
    outer loop
      vertex 1.54969 0 10.5311
      vertex 1.54223 -0.151896 10.5311
      vertex 1.96675 0 10.3583
    endloop
  endfacet
  facet normal 0.233352 0.173059 0.956869
    outer loop
      vertex 1.19793 0.983114 10.5311
      vertex 0.864 0.709066 10.6621
      vertex 1.28852 0.860963 10.5311
    endloop
  endfacet
  facet normal 0.193267 0.0286784 0.980727
    outer loop
      vertex 1.09623 0.218054 10.6621
      vertex 0.67171 0.0661573 10.7502
      vertex 1.11233 0.109554 10.6621
    endloop
  endfacet
  facet normal 0.382707 0.0187957 0.923679
    outer loop
      vertex 1.96675 0 10.3583
      vertex 1.54223 0.151896 10.5311
      vertex 1.54969 0 10.5311
    endloop
  endfacet
  facet normal 0.371686 0.0931218 0.923676
    outer loop
      vertex 1.92896 0.383694 10.3583
      vertex 1.48296 0.449852 10.5311
      vertex 1.51992 0.30233 10.5311
    endloop
  endfacet
  facet normal 0.281813 0.0706051 0.956868
    outer loop
      vertex 1.48296 0.449852 10.5311
      vertex 1.06958 0.324453 10.6621
      vertex 1.51992 0.30233 10.5311
    endloop
  endfacet
  facet normal -0.0953061 0.0238725 0.995162
    outer loop
      vertex -0.645896 0.19593 10.7502
      vertex -0.66199 0.131678 10.7502
      vertex -0.215992 0.0655203 10.7945
    endloop
  endfacet
  facet normal -0.446676 -0.331275 0.831106
    outer loop
      vertex -1.96632 -1.31385 10.1456
      vertex -2.11822 -1.73837 9.89475
      vertex -1.82807 -1.50026 10.1456
    endloop
  endfacet
  facet normal -0.379022 -0.0562223 0.923678
    outer loop
      vertex -1.54223 -0.151896 10.5311
      vertex -1.95728 -0.192775 10.3583
      vertex -1.92896 -0.383694 10.3583
    endloop
  endfacet
  facet normal 0.0238727 -0.095306 0.995162
    outer loop
      vertex 0.0655203 -0.215992 10.7945
      vertex 0.044034 -0.221374 10.7945
      vertex 0.131678 -0.66199 10.7502
    endloop
  endfacet
  facet normal 0.0420035 0.0888185 0.995162
    outer loop
      vertex 0.258296 0.623582 10.7502
      vertex 0.0863752 0.208529 10.7945
      vertex 0.1064 0.199059 10.7945
    endloop
  endfacet
  facet normal -0.0659805 -0.0727993 0.995162
    outer loop
      vertex -0.143189 -0.174477 10.7945
      vertex -0.477268 -0.477268 10.7502
      vertex -0.428189 -0.52175 10.7502
    endloop
  endfacet
  facet normal -0.666168 0.238361 0.706686
    outer loop
      vertex -2.85402 1.18217 9.60837
      vertex -3.26161 0.989399 9.28917
      vertex -2.95615 0.896739 9.60837
    endloop
  endfacet
  facet normal -0.634081 -0.0311395 0.77264
    outer loop
      vertex -2.72702 -0.268588 9.89475
      vertex -3.08917 0 9.60837
      vertex -3.0743 -0.302792 9.60837
    endloop
  endfacet
  facet normal -0.509922 0.37818 0.772632
    outer loop
      vertex -2.38796 1.95975 9.60837
      vertex -2.56855 1.71625 9.60837
      vertex -2.27841 1.52238 9.89475
    endloop
  endfacet
  facet normal -0.195099 0.215264 0.956869
    outer loop
      vertex -0.983114 1.19793 10.5311
      vertex -1.0958 1.0958 10.5311
      vertex -0.709066 0.864 10.6621
    endloop
  endfacet
  facet normal 0.37716 0.797469 0.470949
    outer loop
      vertex 1.96023 3.66734 8.16675
      vertex 1.59133 3.84181 8.16675
      vertex 1.85992 3.47967 8.56487
    endloop
  endfacet
  facet normal 0.143916 0.970213 0.194872
    outer loop
      vertex 0.887702 4.46278 6.87496
      vertex 0.445998 4.5283 6.87496
      vertex 0.870521 4.3764 7.31771
    endloop
  endfacet
  facet normal -0.143916 0.970213 0.194872
    outer loop
      vertex -0.445998 4.5283 6.87496
      vertex -0.887702 4.46278 6.87496
      vertex -0.870521 4.3764 7.31771
    endloop
  endfacet
  facet normal -0.0347048 0.706681 0.706681
    outer loop
      vertex 0 3.40837 9.28917
      vertex -0.302792 3.0743 9.60837
      vertex 0 3.08917 9.60837
    endloop
  endfacet
  facet normal 0.573048 0.519361 0.63394
    outer loop
      vertex 2.85608 2.34393 8.94022
      vertex 2.61259 2.61259 8.94022
      vertex 2.63471 2.16225 9.28917
    endloop
  endfacet
  facet normal 0.544531 0.326364 0.77264
    outer loop
      vertex 2.72441 1.45622 9.60837
      vertex 2.27841 1.52238 9.89475
      vertex 2.41665 1.29173 9.89475
    endloop
  endfacet
  facet normal 0.0432777 0.881095 0.470956
    outer loop
      vertex 0 4.15835 8.16675
      vertex 0 3.94555 8.56487
      vertex 0.407589 4.13833 8.16675
    endloop
  endfacet
  facet normal 0.331277 0.446673 0.831107
    outer loop
      vertex 1.52238 2.27841 9.89475
      vertex 1.31385 1.96632 10.1456
      vertex 1.73837 2.11822 9.89475
    endloop
  endfacet
  facet normal 0.728177 0.260536 0.63394
    outer loop
      vertex 3.41351 1.41392 8.94022
      vertex 3.14893 1.30433 9.28917
      vertex 3.26161 0.989399 9.28917
    endloop
  endfacet
  facet normal 0.66337 0.397582 0.633931
    outer loop
      vertex 3.07208 2.0527 8.94022
      vertex 3.00592 1.6067 9.28917
      vertex 3.25848 1.74169 8.94022
    endloop
  endfacet
  facet normal 0.592416 0.653635 0.470961
    outer loop
      vertex 2.63803 3.21445 8.16675
      vertex 2.50303 3.04995 8.56487
      vertex 2.9404 2.9404 8.16675
    endloop
  endfacet
  facet normal 0.453521 0.756654 0.47095
    outer loop
      vertex 2.31026 3.45754 8.16675
      vertex 1.96023 3.66734 8.16675
      vertex 2.19203 3.28061 8.56487
    endloop
  endfacet
  facet normal 0.55858 0.616322 0.555099
    outer loop
      vertex 2.50303 3.04995 8.56487
      vertex 2.34393 2.85608 8.94022
      vertex 2.61259 2.61259 8.94022
    endloop
  endfacet
  facet normal 0.524235 0.47516 0.706683
    outer loop
      vertex 2.41008 2.41008 9.28917
      vertex 2.18437 2.18437 9.60837
      vertex 2.63471 2.16225 9.28917
    endloop
  endfacet
  facet normal 0.642714 0.709115 0.289956
    outer loop
      vertex 2.83075 3.44928 7.31771
      vertex 2.74762 3.34799 7.74969
      vertex 3.06255 3.06255 7.74969
    endloop
  endfacet
  facet normal 0.620549 0.684676 0.382279
    outer loop
      vertex 3.06255 3.06255 7.74969
      vertex 2.63803 3.21445 8.16675
      vertex 2.9404 2.9404 8.16675
    endloop
  endfacet
  facet normal 0.740954 0.671556 0
    outer loop
      vertex 3.55156 2.91469 6.42571
      vertex 3.24877 3.24877 6.2
      vertex 3.24877 3.24877 6.42571
    endloop
  endfacet
  facet normal 0.740954 0.671556 0
    outer loop
      vertex 3.24877 3.24877 6.2
      vertex 3.55156 2.91469 6.42571
      vertex 3.55156 2.91469 6.2
    endloop
  endfacet
  facet normal 0.709121 0.642702 0.289967
    outer loop
      vertex 3.15521 3.15521 7.31771
      vertex 3.06255 3.06255 7.74969
      vertex 3.44928 2.83075 7.31771
    endloop
  endfacet
  facet normal 0.146736 0.989176 -0
    outer loop
      vertex 0.896334 4.50618 6.2
      vertex 0.450336 4.57234 6.42571
      vertex 0.896334 4.50618 6.42571
    endloop
  endfacet
  facet normal 0.146736 0.989176 0
    outer loop
      vertex 0.450336 4.57234 6.42571
      vertex 0.896334 4.50618 6.2
      vertex 0.450336 4.57234 6.2
    endloop
  endfacet
  facet normal 0.803206 0.595701 0
    outer loop
      vertex 3.82015 2.55254 6.42571
      vertex 3.55156 2.91469 6.2
      vertex 3.55156 2.91469 6.42571
    endloop
  endfacet
  facet normal 0.803206 0.595701 0
    outer loop
      vertex 3.55156 2.91469 6.2
      vertex 3.82015 2.55254 6.42571
      vertex 3.82015 2.55254 6.2
    endloop
  endfacet
  facet normal 0.726748 0.658679 0.194883
    outer loop
      vertex 3.21749 3.21749 6.87496
      vertex 3.15521 3.15521 7.31771
      vertex 3.44928 2.83075 7.31771
    endloop
  endfacet
  facet normal 0.330444 0.923488 0.194873
    outer loop
      vertex 1.74129 4.20385 6.87496
      vertex 1.29529 4.27001 7.31771
      vertex 1.70759 4.12248 7.31771
    endloop
  endfacet
  facet normal 0.143934 0.970214 0.194855
    outer loop
      vertex 0.445998 4.5283 6.87496
      vertex 0.437366 4.44066 7.31771
      vertex 0.870521 4.3764 7.31771
    endloop
  endfacet
  facet normal 0.322416 0.901095 0.289957
    outer loop
      vertex 1.70759 4.12248 7.31771
      vertex 1.25725 4.14461 7.74969
      vertex 1.65744 4.00142 7.74969
    endloop
  endfacet
  facet normal 0.335267 0.937023 0.0978929
    outer loop
      vertex 1.3337 4.39662 6.42571
      vertex 1.32086 4.35428 6.87496
      vertex 1.74129 4.20385 6.87496
    endloop
  endfacet
  facet normal -0.896341 0.224535 0.382304
    outer loop
      vertex -3.97929 1.2071 8.16675
      vertex -4.14461 1.25725 7.74969
      vertex -4.07845 0.811254 8.16675
    endloop
  endfacet
  facet normal -0.928359 0.232522 0.28997
    outer loop
      vertex -4.27001 1.29529 7.31771
      vertex -4.3764 0.870521 7.31771
      vertex -4.14461 1.25725 7.74969
    endloop
  endfacet
  facet normal -0.865151 0.409192 0.289958
    outer loop
      vertex -3.81969 2.04167 7.74969
      vertex -4.12248 1.70759 7.31771
      vertex -4.00142 1.65744 7.74969
    endloop
  endfacet
  facet normal -0.872609 0.129444 0.470954
    outer loop
      vertex -4.07845 0.811254 8.16675
      vertex -4.13833 0.407589 8.16675
      vertex -3.86974 0.769738 8.56487
    endloop
  endfacet
  facet normal -0.737407 0.668317 0.0978942
    outer loop
      vertex -3.21749 3.21749 6.87496
      vertex -3.55156 2.91469 6.42571
      vertex -3.51736 2.88662 6.87496
    endloop
  endfacet
  facet normal -0.772451 0.0379429 0.63394
    outer loop
      vertex -3.39196 0.334079 9.28917
      vertex -3.67696 0.362149 8.94022
      vertex -3.40837 0 9.28917
    endloop
  endfacet
  facet normal -0.425509 0.899643 0.0978969
    outer loop
      vertex -1.75822 4.24473 6.42571
      vertex -2.16581 4.05195 6.42571
      vertex -2.14495 4.01293 6.87496
    endloop
  endfacet
  facet normal -0.937023 0.335267 0.0978929
    outer loop
      vertex -4.20385 1.74129 6.87496
      vertex -4.39662 1.3337 6.42571
      vertex -4.35428 1.32086 6.87496
    endloop
  endfacet
  facet normal -0.951438 0.238322 0.194854
    outer loop
      vertex -4.35428 1.32086 6.87496
      vertex -4.46278 0.887702 6.87496
      vertex -4.27001 1.29529 7.31771
    endloop
  endfacet
  facet normal -0.584279 0.78781 0.194868
    outer loop
      vertex -2.52796 3.78336 6.87496
      vertex -2.88662 3.51736 6.87496
      vertex -2.83075 3.44928 7.31771
    endloop
  endfacet
  facet normal -0.923488 0.330444 0.194873
    outer loop
      vertex -4.20385 1.74129 6.87496
      vertex -4.27001 1.29529 7.31771
      vertex -4.12248 1.70759 7.31771
    endloop
  endfacet
  facet normal -0.886656 0.419364 0.194872
    outer loop
      vertex -4.01293 2.14495 6.87496
      vertex -4.20385 1.74129 6.87496
      vertex -4.12248 1.70759 7.31771
    endloop
  endfacet
  facet normal -0.100449 -0.167587 0.980727
    outer loop
      vertex -0.374988 -0.561209 10.7502
      vertex -0.620965 -0.92934 10.6621
      vertex -0.526884 -0.985731 10.6621
    endloop
  endfacet
  facet normal 0.183964 0.0658206 0.980727
    outer loop
      vertex 1.06958 0.324453 10.6621
      vertex 0.623582 0.258296 10.7502
      vertex 0.645896 0.19593 10.7502
    endloop
  endfacet
  facet normal -0.379028 -0.0562115 0.923676
    outer loop
      vertex -1.54223 -0.151896 10.5311
      vertex -1.92896 -0.383694 10.3583
      vertex -1.51992 -0.30233 10.5311
    endloop
  endfacet
  facet normal -0.457527 -0.114612 0.881778
    outer loop
      vertex -1.92896 -0.383694 10.3583
      vertex -2.26304 -0.686486 10.1456
      vertex -1.88206 -0.570918 10.3583
    endloop
  endfacet
  facet normal 0.0095834 -0.195149 0.980727
    outer loop
      vertex 0 -0.67496 10.7502
      vertex 0 -1.11771 10.6621
      vertex 0.109554 -1.11233 10.6621
    endloop
  endfacet
  facet normal -0.273543 -0.0978688 0.956868
    outer loop
      vertex -1.06958 -0.324453 10.6621
      vertex -1.48296 -0.449852 10.5311
      vertex -1.03263 -0.427728 10.6621
    endloop
  endfacet
  facet normal 0.249188 -0.14936 0.956868
    outer loop
      vertex 0.985731 -0.526884 10.6621
      vertex 0.92934 -0.620965 10.6621
      vertex 1.28852 -0.860963 10.5311
    endloop
  endfacet
  facet normal 0.249183 -0.149365 0.956869
    outer loop
      vertex 1.36671 -0.73052 10.5311
      vertex 0.985731 -0.526884 10.6621
      vertex 1.28852 -0.860963 10.5311
    endloop
  endfacet
  facet normal -0.00482158 -0.0981318 0.995162
    outer loop
      vertex -0.0221233 -0.224624 10.7945
      vertex -0.0661573 -0.67171 10.7502
      vertex 0 -0.225711 10.7945
    endloop
  endfacet
  facet normal 0.349486 -0.316744 0.881778
    outer loop
      vertex 1.82807 -1.50026 10.1456
      vertex 1.52032 -1.24769 10.3583
      vertex 1.67222 -1.67222 10.1456
    endloop
  endfacet
  facet normal 0.0490597 -0.998796 0
    outer loop
      vertex 0 -4.59446 6.2
      vertex 0.450336 -4.57234 6.42571
      vertex 0 -4.59446 6.42571
    endloop
  endfacet
  facet normal 0.0490597 -0.998796 0
    outer loop
      vertex 0.450336 -4.57234 6.42571
      vertex 0 -4.59446 6.2
      vertex 0.450336 -4.57234 6.2
    endloop
  endfacet
  facet normal -0.322429 -0.901087 0.28997
    outer loop
      vertex -1.25725 -4.14461 7.74969
      vertex -1.70759 -4.12248 7.31771
      vertex -1.29529 -4.27001 7.31771
    endloop
  endfacet
  facet normal -0.202105 -0.806854 0.555104
    outer loop
      vertex -1.07253 -3.53566 8.94022
      vertex -1.14533 -3.77566 8.56487
      vertex -0.769738 -3.86974 8.56487
    endloop
  endfacet
  facet normal 0.377159 -0.797469 0.47095
    outer loop
      vertex 1.85992 -3.47967 8.56487
      vertex 1.5099 -3.64521 8.56487
      vertex 1.59133 -3.84181 8.16675
    endloop
  endfacet
  facet normal 0.355641 -0.751909 0.555114
    outer loop
      vertex 1.74169 -3.25848 8.94022
      vertex 1.41392 -3.41351 8.94022
      vertex 1.85992 -3.47967 8.56487
    endloop
  endfacet
  facet normal 0.257318 -0.283914 0.923677
    outer loop
      vertex 1.0958 -1.0958 10.5311
      vertex 0.983114 -1.19793 10.5311
      vertex 1.24769 -1.52032 10.3583
    endloop
  endfacet
  facet normal 0.307765 -0.228253 0.923678
    outer loop
      vertex 1.63529 -1.09267 10.3583
      vertex 1.28852 -0.860963 10.5311
      vertex 1.52032 -1.24769 10.3583
    endloop
  endfacet
  facet normal 0.0231285 -0.471099 0.881777
    outer loop
      vertex 0 -1.96675 10.3583
      vertex 0 -2.36487 10.1456
      vertex 0.231797 -2.35349 10.1456
    endloop
  endfacet
  facet normal -0.426351 -0.470379 0.772638
    outer loop
      vertex -1.93762 -1.93762 9.89475
      vertex -2.18437 -2.18437 9.60837
      vertex -1.73837 -2.11822 9.89475
    endloop
  endfacet
  facet normal -0.899644 -0.425507 0.0978994
    outer loop
      vertex -4.20385 -1.74129 6.87496
      vertex -4.24473 -1.75822 6.42571
      vertex -4.01293 -2.14495 6.87496
    endloop
  endfacet
  facet normal -0.923488 -0.330444 0.194873
    outer loop
      vertex -4.12248 -1.70759 7.31771
      vertex -4.27001 -1.29529 7.31771
      vertex -4.20385 -1.74129 6.87496
    endloop
  endfacet
  facet normal -0.951438 -0.238322 0.194854
    outer loop
      vertex -4.27001 -1.29529 7.31771
      vertex -4.46278 -0.887702 6.87496
      vertex -4.35428 -1.32086 6.87496
    endloop
  endfacet
  facet normal -0.901087 -0.322429 0.28997
    outer loop
      vertex -4.14461 -1.25725 7.74969
      vertex -4.27001 -1.29529 7.31771
      vertex -4.12248 -1.70759 7.31771
    endloop
  endfacet
  facet normal -0.830596 -0.297193 0.470943
    outer loop
      vertex -3.77566 -1.14533 8.56487
      vertex -3.97929 -1.2071 8.16675
      vertex -3.84181 -1.59133 8.16675
    endloop
  endfacet
  facet normal -0.330677 -0.69913 0.633932
    outer loop
      vertex -1.6067 -3.00592 9.28917
      vertex -1.74169 -3.25848 8.94022
      vertex -1.41392 -3.41351 8.94022
    endloop
  endfacet
  facet normal -0.713448 -0.427596 0.555115
    outer loop
      vertex -3.25848 -1.74169 8.94022
      vertex -3.47967 -1.85992 8.56487
      vertex -3.07208 -2.0527 8.94022
    endloop
  endfacet
  facet normal -0.713445 -0.427625 0.555097
    outer loop
      vertex -3.07208 -2.0527 8.94022
      vertex -3.47967 -1.85992 8.56487
      vertex -3.28061 -2.19203 8.56487
    endloop
  endfacet
  facet normal -0.768704 -0.570105 0.289955
    outer loop
      vertex -3.34799 -2.74762 7.74969
      vertex -3.60118 -2.40623 7.74969
      vertex -3.44928 -2.83075 7.31771
    endloop
  endfacet
  facet normal -0.592416 -0.653635 0.470961
    outer loop
      vertex -2.50303 -3.04995 8.56487
      vertex -2.9404 -2.9404 8.16675
      vertex -2.63803 -3.21445 8.16675
    endloop
  endfacet
  facet normal -0.658679 -0.726748 0.194883
    outer loop
      vertex -3.15521 -3.15521 7.31771
      vertex -3.21749 -3.21749 6.87496
      vertex -2.83075 -3.44928 7.31771
    endloop
  endfacet
  facet normal -0.941548 -0.336879 0
    outer loop
      vertex -4.24473 -1.75822 6.2
      vertex -4.39662 -1.3337 6.42571
      vertex -4.39662 -1.3337 6.2
    endloop
  endfacet
  facet normal -0.941548 -0.336879 0
    outer loop
      vertex -4.39662 -1.3337 6.42571
      vertex -4.24473 -1.75822 6.2
      vertex -4.24473 -1.75822 6.42571
    endloop
  endfacet
  facet normal -0.584279 -0.78781 0.194868
    outer loop
      vertex -2.83075 -3.44928 7.31771
      vertex -2.88662 -3.51736 6.87496
      vertex -2.52796 -3.78336 6.87496
    endloop
  endfacet
  facet normal -0.768691 -0.570115 0.289969
    outer loop
      vertex -3.60118 -2.40623 7.74969
      vertex -3.71014 -2.47903 7.31771
      vertex -3.44928 -2.83075 7.31771
    endloop
  endfacet
  facet normal -0.820877 -0.492015 0.28997
    outer loop
      vertex -3.60118 -2.40623 7.74969
      vertex -3.93526 -2.10344 7.31771
      vertex -3.71014 -2.47903 7.31771
    endloop
  endfacet
  facet normal -0.870021 -0.311299 0.382304
    outer loop
      vertex -3.97929 -1.2071 8.16675
      vertex -4.14461 -1.25725 7.74969
      vertex -3.84181 -1.59133 8.16675
    endloop
  endfacet
  facet normal -0.865153 -0.40918 0.289969
    outer loop
      vertex -3.81969 -2.04167 7.74969
      vertex -4.12248 -1.70759 7.31771
      vertex -3.93526 -2.10344 7.31771
    endloop
  endfacet
  facet normal -0.78316 -0.280216 0.555103
    outer loop
      vertex -3.53566 -1.07253 8.94022
      vertex -3.77566 -1.14533 8.56487
      vertex -3.41351 -1.41392 8.94022
    endloop
  endfacet
  facet normal -0.686325 -0.17191 0.706686
    outer loop
      vertex -2.95615 -0.896739 9.60837
      vertex -3.34288 -0.664941 9.28917
      vertex -3.26161 -0.989399 9.28917
    endloop
  endfacet
  facet normal -0.573048 -0.519361 0.63394
    outer loop
      vertex -2.63471 -2.16225 9.28917
      vertex -2.85608 -2.34393 8.94022
      vertex -2.61259 -2.61259 8.94022
    endloop
  endfacet
  facet normal -0.686326 -0.171913 0.706685
    outer loop
      vertex -3.02981 -0.602667 9.60837
      vertex -3.34288 -0.664941 9.28917
      vertex -2.95615 -0.896739 9.60837
    endloop
  endfacet
  facet normal -0.855718 0.214359 0.470954
    outer loop
      vertex -3.97929 1.2071 8.16675
      vertex -4.07845 0.811254 8.16675
      vertex -3.86974 0.769738 8.56487
    endloop
  endfacet
  facet normal -0.855727 0.214346 0.470943
    outer loop
      vertex -3.77566 1.14533 8.56487
      vertex -3.97929 1.2071 8.16675
      vertex -3.86974 0.769738 8.56487
    endloop
  endfacet
  facet normal -0.82278 0.12204 0.555103
    outer loop
      vertex -3.86974 0.769738 8.56487
      vertex -3.92655 0.386731 8.56487
      vertex -3.67696 0.362149 8.94022
    endloop
  endfacet
  facet normal -0.872606 0.12943 0.470964
    outer loop
      vertex -3.86974 0.769738 8.56487
      vertex -4.13833 0.407589 8.16675
      vertex -3.92655 0.386731 8.56487
    endloop
  endfacet
  facet normal -0.765011 -0.113482 0.63394
    outer loop
      vertex -3.39196 -0.334079 9.28917
      vertex -3.67696 -0.362149 8.94022
      vertex -3.34288 -0.664941 9.28917
    endloop
  endfacet
  facet normal -0.699878 -0.10382 0.706677
    outer loop
      vertex -3.0743 -0.302792 9.60837
      vertex -3.39196 -0.334079 9.28917
      vertex -3.34288 -0.664941 9.28917
    endloop
  endfacet
  facet normal -0.0481261 -0.979651 0.194855
    outer loop
      vertex -0.437366 -4.44066 7.31771
      vertex -0.445998 -4.5283 6.87496
      vertex 0 -4.55021 6.87496
    endloop
  endfacet
  facet normal 0.241824 -0.965368 0.0979063
    outer loop
      vertex 1.3337 -4.39662 6.42571
      vertex 0.887702 -4.46278 6.87496
      vertex 0.896334 -4.50618 6.42571
    endloop
  endfacet
  facet normal 0.504248 -0.841287 0.19486
    outer loop
      vertex 2.47903 -3.71014 7.31771
      vertex 2.10344 -3.93526 7.31771
      vertex 2.14495 -4.01293 6.87496
    endloop
  endfacet
  facet normal 0.59284 -0.799348 0.0978965
    outer loop
      vertex 2.91469 -3.55156 6.42571
      vertex 2.52796 -3.78336 6.87496
      vertex 2.55254 -3.82015 6.42571
    endloop
  endfacet
  facet normal 0.668332 -0.737396 0.0978768
    outer loop
      vertex 3.21749 -3.21749 6.87496
      vertex 2.91469 -3.55156 6.42571
      vertex 3.24877 -3.24877 6.42571
    endloop
  endfacet
  facet normal 0.425507 -0.899644 0.0978994
    outer loop
      vertex 2.14495 -4.01293 6.87496
      vertex 1.74129 -4.20385 6.87496
      vertex 1.75822 -4.24473 6.42571
    endloop
  endfacet
  facet normal 0.511638 -0.853606 0.097897
    outer loop
      vertex 2.52796 -3.78336 6.87496
      vertex 2.14495 -4.01293 6.87496
      vertex 2.55254 -3.82015 6.42571
    endloop
  endfacet
  facet normal 0.841285 -0.504253 0.194855
    outer loop
      vertex 4.01293 -2.14495 6.87496
      vertex 3.71014 -2.47903 7.31771
      vertex 3.78336 -2.52796 6.87496
    endloop
  endfacet
  facet normal 0.928359 -0.232522 0.28997
    outer loop
      vertex 4.3764 -0.870521 7.31771
      vertex 4.14461 -1.25725 7.74969
      vertex 4.27001 -1.29529 7.31771
    endloop
  endfacet
  facet normal 0.937025 -0.33526 0.0978999
    outer loop
      vertex 4.39662 -1.3337 6.42571
      vertex 4.20385 -1.74129 6.87496
      vertex 4.24473 -1.75822 6.42571
    endloop
  endfacet
  facet normal 0.857726 -0.514108 0
    outer loop
      vertex 3.82015 -2.55254 6.42571
      vertex 4.05195 -2.16581 6.2
      vertex 4.05195 -2.16581 6.42571
    endloop
  endfacet
  facet normal 0.857726 -0.514108 0
    outer loop
      vertex 4.05195 -2.16581 6.2
      vertex 3.82015 -2.55254 6.42571
      vertex 3.82015 -2.55254 6.2
    endloop
  endfacet
  facet normal -0.970028 0.242992 0
    outer loop
      vertex -4.50618 0.896334 6.2
      vertex -4.39662 1.3337 6.42571
      vertex -4.39662 1.3337 6.2
    endloop
  endfacet
  facet normal -0.970028 0.242992 0
    outer loop
      vertex -4.39662 1.3337 6.42571
      vertex -4.50618 0.896334 6.2
      vertex -4.50618 0.896334 6.42571
    endloop
  endfacet
  facet normal -0.214359 0.855718 0.470954
    outer loop
      vertex -0.811254 4.07845 8.16675
      vertex -1.2071 3.97929 8.16675
      vertex -0.769738 3.86974 8.56487
    endloop
  endfacet
  facet normal -0.124209 0.262629 0.956869
    outer loop
      vertex -0.593041 1.43173 10.5311
      vertex -0.73052 1.36671 10.5311
      vertex -0.526884 0.985731 10.6621
    endloop
  endfacet
  facet normal -0.476995 0.285895 0.831107
    outer loop
      vertex -1.96632 1.31385 10.1456
      vertex -2.27841 1.52238 9.89475
      vertex -2.08563 1.11479 10.1456
    endloop
  endfacet
  facet normal -0.260541 0.728172 0.633943
    outer loop
      vertex -1.07253 3.53566 8.94022
      vertex -1.41392 3.41351 8.94022
      vertex -0.989399 3.26161 9.28917
    endloop
  endfacet
  facet normal -0.363749 0.606862 0.706687
    outer loop
      vertex -1.6067 3.00592 9.28917
      vertex -1.89359 2.83396 9.28917
      vertex -1.71625 2.56855 9.60837
    endloop
  endfacet
  facet normal -0.453521 0.756654 0.47095
    outer loop
      vertex -1.96023 3.66734 8.16675
      vertex -2.31026 3.45754 8.16675
      vertex -2.19203 3.28061 8.56487
    endloop
  endfacet
  facet normal 0.140437 0.946678 0.289961
    outer loop
      vertex 0.870521 4.3764 7.31771
      vertex 0.424521 4.31025 7.74969
      vertex 0.844955 4.24788 7.74969
    endloop
  endfacet
  facet normal 0.135595 0.91404 0.382289
    outer loop
      vertex 0.424521 4.31025 7.74969
      vertex 0.407589 4.13833 8.16675
      vertex 0.844955 4.24788 7.74969
    endloop
  endfacet
  facet normal -0.0481261 0.979651 0.194855
    outer loop
      vertex 0 4.55021 6.87496
      vertex -0.445998 4.5283 6.87496
      vertex -0.437366 4.44066 7.31771
    endloop
  endfacet
  facet normal 0.140443 0.946676 0.289967
    outer loop
      vertex 0.437366 4.44066 7.31771
      vertex 0.424521 4.31025 7.74969
      vertex 0.870521 4.3764 7.31771
    endloop
  endfacet
  facet normal 0.937025 0.33526 0.0978999
    outer loop
      vertex 4.24473 1.75822 6.42571
      vertex 4.20385 1.74129 6.87496
      vertex 4.39662 1.3337 6.42571
    endloop
  endfacet
  facet normal 0.941548 0.336879 0
    outer loop
      vertex 4.39662 1.3337 6.42571
      vertex 4.24473 1.75822 6.2
      vertex 4.24473 1.75822 6.42571
    endloop
  endfacet
  facet normal 0.941548 0.336879 0
    outer loop
      vertex 4.24473 1.75822 6.2
      vertex 4.39662 1.3337 6.42571
      vertex 4.39662 1.3337 6.2
    endloop
  endfacet
  facet normal 0.937023 0.335267 0.0978929
    outer loop
      vertex 4.39662 1.3337 6.42571
      vertex 4.20385 1.74129 6.87496
      vertex 4.35428 1.32086 6.87496
    endloop
  endfacet
  facet normal 0.865153 0.40918 0.289969
    outer loop
      vertex 3.93526 2.10344 7.31771
      vertex 3.81969 2.04167 7.74969
      vertex 4.12248 1.70759 7.31771
    endloop
  endfacet
  facet normal 0.872606 -0.12943 0.470964
    outer loop
      vertex 3.92655 -0.386731 8.56487
      vertex 3.86974 -0.769738 8.56487
      vertex 4.13833 -0.407589 8.16675
    endloop
  endfacet
  facet normal 0.82278 0.12204 0.555103
    outer loop
      vertex 3.86974 0.769738 8.56487
      vertex 3.67696 0.362149 8.94022
      vertex 3.92655 0.386731 8.56487
    endloop
  endfacet
  facet normal 0.83078 0.0408108 0.555102
    outer loop
      vertex 3.92655 0.386731 8.56487
      vertex 3.67696 0.362149 8.94022
      vertex 3.69475 0 8.94022
    endloop
  endfacet
  facet normal 0.951438 0.238322 0.194854
    outer loop
      vertex 4.35428 1.32086 6.87496
      vertex 4.27001 1.29529 7.31771
      vertex 4.46278 0.887702 6.87496
    endloop
  endfacet
  facet normal 0.751932 0.355622 0.555096
    outer loop
      vertex 3.47967 1.85992 8.56487
      vertex 3.41351 1.41392 8.94022
      vertex 3.64521 1.5099 8.56487
    endloop
  endfacet
  facet normal 0.855718 0.214359 0.470954
    outer loop
      vertex 3.97929 1.2071 8.16675
      vertex 3.86974 0.769738 8.56487
      vertex 4.07845 0.811254 8.16675
    endloop
  endfacet
  facet normal 0.69913 0.330677 0.633932
    outer loop
      vertex 3.25848 1.74169 8.94022
      vertex 3.00592 1.6067 9.28917
      vertex 3.41351 1.41392 8.94022
    endloop
  endfacet
  facet normal 0.597749 0.213865 0.77263
    outer loop
      vertex 2.85402 1.18217 9.60837
      vertex 2.53163 1.04864 9.89475
      vertex 2.62222 0.795443 9.89475
    endloop
  endfacet
  facet normal 0.993996 0.0488308 0.097913
    outer loop
      vertex 4.57234 0.450336 6.42571
      vertex 4.5283 0.445998 6.87496
      vertex 4.55021 0 6.87496
    endloop
  endfacet
  facet normal 0.970214 -0.143934 0.194855
    outer loop
      vertex 4.44066 -0.437366 7.31771
      vertex 4.3764 -0.870521 7.31771
      vertex 4.5283 -0.445998 6.87496
    endloop
  endfacet
  facet normal 0.92293 -0.045329 0.382289
    outer loop
      vertex 4.3311 0 7.74969
      vertex 4.13833 -0.407589 8.16675
      vertex 4.31025 -0.424521 7.74969
    endloop
  endfacet
  facet normal 0.946676 -0.140443 0.289967
    outer loop
      vertex 4.44066 -0.437366 7.31771
      vertex 4.31025 -0.424521 7.74969
      vertex 4.3764 -0.870521 7.31771
    endloop
  endfacet
  facet normal 0.634091 -0.031163 0.772631
    outer loop
      vertex 2.74022 0 9.89475
      vertex 2.72702 -0.268588 9.89475
      vertex 3.08917 0 9.60837
    endloop
  endfacet
  facet normal 0.634081 0.0311395 0.77264
    outer loop
      vertex 3.0743 0.302792 9.60837
      vertex 2.72702 0.268588 9.89475
      vertex 3.08917 0 9.60837
    endloop
  endfacet
  facet normal 0.783161 -0.28023 0.555095
    outer loop
      vertex 3.77566 -1.14533 8.56487
      vertex 3.41351 -1.41392 8.94022
      vertex 3.64521 -1.5099 8.56487
    endloop
  endfacet
  facet normal 0.835317 -0.395081 0.382304
    outer loop
      vertex 3.84181 -1.59133 8.16675
      vertex 3.81969 -2.04167 7.74969
      vertex 4.00142 -1.65744 7.74969
    endloop
  endfacet
  facet normal 0.787804 -0.584291 0.194856
    outer loop
      vertex 3.71014 -2.47903 7.31771
      vertex 3.44928 -2.83075 7.31771
      vertex 3.78336 -2.52796 6.87496
    endloop
  endfacet
  facet normal 0.865151 -0.409192 0.289958
    outer loop
      vertex 4.00142 -1.65744 7.74969
      vertex 3.81969 -2.04167 7.74969
      vertex 4.12248 -1.70759 7.31771
    endloop
  endfacet
  facet normal 0.519361 -0.573048 0.63394
    outer loop
      vertex 2.61259 -2.61259 8.94022
      vertex 2.16225 -2.63471 9.28917
      vertex 2.34393 -2.85608 8.94022
    endloop
  endfacet
  facet normal 0.495502 -0.668088 0.5551
    outer loop
      vertex 2.34393 -2.85608 8.94022
      vertex 2.19203 -3.28061 8.56487
      vertex 2.50303 -3.04995 8.56487
    endloop
  endfacet
  facet normal 0.709115 -0.642714 0.289956
    outer loop
      vertex 3.34799 -2.74762 7.74969
      vertex 3.06255 -3.06255 7.74969
      vertex 3.44928 -2.83075 7.31771
    endloop
  endfacet
  facet normal 0.768704 -0.570105 0.289955
    outer loop
      vertex 3.60118 -2.40623 7.74969
      vertex 3.34799 -2.74762 7.74969
      vertex 3.44928 -2.83075 7.31771
    endloop
  endfacet
  facet normal 0.558579 -0.616323 0.5551
    outer loop
      vertex 2.61259 -2.61259 8.94022
      vertex 2.50303 -3.04995 8.56487
      vertex 2.78993 -2.78993 8.56487
    endloop
  endfacet
  facet normal 0.37716 -0.797469 0.470949
    outer loop
      vertex 1.85992 -3.47967 8.56487
      vertex 1.59133 -3.84181 8.16675
      vertex 1.96023 -3.66734 8.16675
    endloop
  endfacet
  facet normal 0.453523 -0.756654 0.470949
    outer loop
      vertex 2.19203 -3.28061 8.56487
      vertex 1.85992 -3.47967 8.56487
      vertex 1.96023 -3.66734 8.16675
    endloop
  endfacet
  facet normal 0.232522 -0.928359 0.28997
    outer loop
      vertex 1.25725 -4.14461 7.74969
      vertex 0.870521 -4.3764 7.31771
      vertex 1.29529 -4.27001 7.31771
    endloop
  endfacet
  facet normal 0.224515 -0.896354 0.382285
    outer loop
      vertex 1.25725 -4.14461 7.74969
      vertex 0.811254 -4.07845 8.16675
      vertex 0.844955 -4.24788 7.74969
    endloop
  endfacet
  facet normal 0.260541 -0.728172 0.633943
    outer loop
      vertex 1.41392 -3.41351 8.94022
      vertex 0.989399 -3.26161 9.28917
      vertex 1.07253 -3.53566 8.94022
    endloop
  endfacet
  facet normal 0.311299 -0.870021 0.382304
    outer loop
      vertex 1.59133 -3.84181 8.16675
      vertex 1.2071 -3.97929 8.16675
      vertex 1.25725 -4.14461 7.74969
    endloop
  endfacet
  facet normal 0.214346 -0.855727 0.470943
    outer loop
      vertex 1.14533 -3.77566 8.56487
      vertex 0.769738 -3.86974 8.56487
      vertex 1.2071 -3.97929 8.16675
    endloop
  endfacet
  facet normal 0.302504 -0.639592 0.706692
    outer loop
      vertex 1.6067 -3.00592 9.28917
      vertex 1.18217 -2.85402 9.60837
      vertex 1.30433 -3.14893 9.28917
    endloop
  endfacet
  facet normal 0.446673 -0.331277 0.831107
    outer loop
      vertex 2.27841 -1.52238 9.89475
      vertex 1.96632 -1.31385 10.1456
      vertex 2.11822 -1.73837 9.89475
    endloop
  endfacet
  facet normal 0.114612 -0.457527 0.881778
    outer loop
      vertex 0.570918 -1.88206 10.3583
      vertex 0.383694 -1.92896 10.3583
      vertex 0.686486 -2.26304 10.1456
    endloop
  endfacet
  facet normal -0.113482 -0.765011 0.63394
    outer loop
      vertex -0.334079 -3.39196 9.28917
      vertex -0.664941 -3.34288 9.28917
      vertex -0.362149 -3.67696 8.94022
    endloop
  endfacet
  facet normal 0.0816047 -0.550101 0.831101
    outer loop
      vertex 0.53459 -2.68756 9.89475
      vertex 0.231797 -2.35349 10.1456
      vertex 0.268588 -2.72702 9.89475
    endloop
  endfacet
  facet normal 0.135124 -0.53945 0.831104
    outer loop
      vertex 0.686486 -2.26304 10.1456
      vertex 0.461363 -2.31943 10.1456
      vertex 0.795443 -2.62222 9.89475
    endloop
  endfacet
  facet normal -0.0272691 -0.555439 0.83111
    outer loop
      vertex 0 -2.36487 10.1456
      vertex -0.231797 -2.35349 10.1456
      vertex 0 -2.74022 9.89475
    endloop
  endfacet
  facet normal -0.260541 -0.728172 0.633943
    outer loop
      vertex -0.989399 -3.26161 9.28917
      vertex -1.41392 -3.41351 8.94022
      vertex -1.07253 -3.53566 8.94022
    endloop
  endfacet
  facet normal -0.103834 -0.699868 0.706685
    outer loop
      vertex -0.602667 -3.02981 9.60837
      vertex -0.664941 -3.34288 9.28917
      vertex -0.302792 -3.0743 9.60837
    endloop
  endfacet
  facet normal -0.202103 -0.806854 0.555104
    outer loop
      vertex -0.72081 -3.62376 8.94022
      vertex -1.07253 -3.53566 8.94022
      vertex -0.769738 -3.86974 8.56487
    endloop
  endfacet
  facet normal 0.0408159 -0.830778 0.555106
    outer loop
      vertex 0 -3.69475 8.94022
      vertex 0 -3.94555 8.56487
      vertex 0.386731 -3.92655 8.56487
    endloop
  endfacet
  facet normal 0.12943 -0.872606 0.470964
    outer loop
      vertex 0.769738 -3.86974 8.56487
      vertex 0.386731 -3.92655 8.56487
      vertex 0.407589 -4.13833 8.16675
    endloop
  endfacet
  facet normal 0.476995 -0.285895 0.831107
    outer loop
      vertex 2.08563 -1.11479 10.1456
      vertex 1.96632 -1.31385 10.1456
      vertex 2.27841 -1.52238 9.89475
    endloop
  endfacet
  facet normal 0.378846 -0.28097 0.881778
    outer loop
      vertex 1.63529 -1.09267 10.3583
      vertex 1.52032 -1.24769 10.3583
      vertex 1.96632 -1.31385 10.1456
    endloop
  endfacet
  facet normal 0.592416 -0.653635 0.470961
    outer loop
      vertex 2.9404 -2.9404 8.16675
      vertex 2.50303 -3.04995 8.56487
      vertex 2.63803 -3.21445 8.16675
    endloop
  endfacet
  facet normal 0.756654 -0.453521 0.47095
    outer loop
      vertex 3.66734 -1.96023 8.16675
      vertex 3.28061 -2.19203 8.56487
      vertex 3.45754 -2.31026 8.16675
    endloop
  endfacet
  facet normal 0.668087 -0.495508 0.555096
    outer loop
      vertex 3.07208 -2.0527 8.94022
      vertex 2.85608 -2.34393 8.94022
      vertex 3.28061 -2.19203 8.56487
    endloop
  endfacet
  facet normal 0.621178 -0.460716 0.633939
    outer loop
      vertex 3.07208 -2.0527 8.94022
      vertex 2.63471 -2.16225 9.28917
      vertex 2.85608 -2.34393 8.94022
    endloop
  endfacet
  facet normal 0.446676 -0.331275 0.831106
    outer loop
      vertex 1.96632 -1.31385 10.1456
      vertex 1.82807 -1.50026 10.1456
      vertex 2.11822 -1.73837 9.89475
    endloop
  endfacet
  facet normal 0.302496 -0.639603 0.706686
    outer loop
      vertex 1.45622 -2.72441 9.60837
      vertex 1.18217 -2.85402 9.60837
      vertex 1.6067 -3.00592 9.28917
    endloop
  endfacet
  facet normal 0.78316 -0.280216 0.555103
    outer loop
      vertex 3.53566 -1.07253 8.94022
      vertex 3.41351 -1.41392 8.94022
      vertex 3.77566 -1.14533 8.56487
    endloop
  endfacet
  facet normal 0.606862 -0.363749 0.706687
    outer loop
      vertex 3.00592 -1.6067 9.28917
      vertex 2.56855 -1.71625 9.60837
      vertex 2.83396 -1.89359 9.28917
    endloop
  endfacet
  facet normal 0.699878 -0.10382 0.706677
    outer loop
      vertex 3.39196 -0.334079 9.28917
      vertex 3.0743 -0.302792 9.60837
      vertex 3.34288 -0.664941 9.28917
    endloop
  endfacet
  facet normal 0.728177 -0.260536 0.63394
    outer loop
      vertex 3.26161 -0.989399 9.28917
      vertex 3.14893 -1.30433 9.28917
      vertex 3.41351 -1.41392 8.94022
    endloop
  endfacet
  facet normal 0.502717 -0.237782 0.831105
    outer loop
      vertex 2.53163 -1.04864 9.89475
      vertex 2.08563 -1.11479 10.1456
      vertex 2.41665 -1.29173 9.89475
    endloop
  endfacet
  facet normal 0.477002 -0.285891 0.831105
    outer loop
      vertex 2.41665 -1.29173 9.89475
      vertex 2.08563 -1.11479 10.1456
      vertex 2.27841 -1.52238 9.89475
    endloop
  endfacet
  facet normal 0.615825 -0.154254 0.772635
    outer loop
      vertex 3.02981 -0.602667 9.60837
      vertex 2.68756 -0.53459 9.89475
      vertex 2.95615 -0.896739 9.60837
    endloop
  endfacet
  facet normal 0.686326 -0.171913 0.706685
    outer loop
      vertex 3.02981 -0.602667 9.60837
      vertex 2.95615 -0.896739 9.60837
      vertex 3.34288 -0.664941 9.28917
    endloop
  endfacet
  facet normal 0.627973 -0.0931564 0.77264
    outer loop
      vertex 2.72702 -0.268588 9.89475
      vertex 2.68756 -0.53459 9.89475
      vertex 3.0743 -0.302792 9.60837
    endloop
  endfacet
  facet normal 0.426375 -0.201671 0.881779
    outer loop
      vertex 2.18486 -0.904997 10.1456
      vertex 1.81704 -0.752644 10.3583
      vertex 2.08563 -1.11479 10.1456
    endloop
  endfacet
  facet normal 0.555439 0.0272691 0.83111
    outer loop
      vertex 2.74022 0 9.89475
      vertex 2.35349 0.231797 10.1456
      vertex 2.36487 0 10.1456
    endloop
  endfacet
  facet normal 0.379022 -0.0562223 0.923678
    outer loop
      vertex 1.95728 -0.192775 10.3583
      vertex 1.54223 -0.151896 10.5311
      vertex 1.92896 -0.383694 10.3583
    endloop
  endfacet
  facet normal 0.0842724 0.0505101 0.995162
    outer loop
      vertex 0.561209 0.374988 10.7502
      vertex 0.199059 0.1064 10.7945
      vertex 0.595262 0.318173 10.7502
    endloop
  endfacet
  facet normal 0.195149 0.0095834 0.980727
    outer loop
      vertex 1.11233 0.109554 10.6621
      vertex 0.67496 0 10.7502
      vertex 1.11771 0 10.6621
    endloop
  endfacet
  facet normal 0.23778 0.502717 0.831105
    outer loop
      vertex 1.04864 2.53163 9.89475
      vertex 0.904997 2.18486 10.1456
      vertex 1.11479 2.08563 10.1456
    endloop
  endfacet
  facet normal 0.280969 0.378846 0.881778
    outer loop
      vertex 1.31385 1.96632 10.1456
      vertex 1.24769 1.52032 10.3583
      vertex 1.50026 1.82807 10.1456
    endloop
  endfacet
  facet normal 0.471099 -0.0231285 0.881777
    outer loop
      vertex 2.36487 0 10.1456
      vertex 1.96675 0 10.3583
      vertex 2.35349 -0.231797 10.1456
    endloop
  endfacet
  facet normal 0.466556 -0.0692066 0.88178
    outer loop
      vertex 1.95728 -0.192775 10.3583
      vertex 1.92896 -0.383694 10.3583
      vertex 2.35349 -0.231797 10.1456
    endloop
  endfacet
  facet normal -0.0505108 0.0842719 0.995162
    outer loop
      vertex -0.1064 0.199059 10.7945
      vertex -0.374988 0.561209 10.7502
      vertex -0.125398 0.187672 10.7945
    endloop
  endfacet
  facet normal 0.0659805 -0.0727993 0.995162
    outer loop
      vertex 0.477268 -0.477268 10.7502
      vertex 0.143189 -0.174477 10.7945
      vertex 0.428189 -0.52175 10.7502
    endloop
  endfacet
  facet normal 0.196994 0.328654 0.923677
    outer loop
      vertex 0.92712 1.73452 10.3583
      vertex 0.73052 1.36671 10.5311
      vertex 1.09267 1.63529 10.3583
    endloop
  endfacet
  facet normal 0.0286716 0.19327 0.980727
    outer loop
      vertex 0.218054 1.09623 10.6621
      vertex 0.0661573 0.67171 10.7502
      vertex 0.131678 0.66199 10.7502
    endloop
  endfacet
  facet normal 0.202103 0.806854 0.555104
    outer loop
      vertex 0.769738 3.86974 8.56487
      vertex 0.72081 3.62376 8.94022
      vertex 1.07253 3.53566 8.94022
    endloop
  endfacet
  facet normal 0.297193 0.830596 0.470943
    outer loop
      vertex 1.2071 3.97929 8.16675
      vertex 1.14533 3.77566 8.56487
      vertex 1.59133 3.84181 8.16675
    endloop
  endfacet
  facet normal -0.0379454 0.772449 0.633942
    outer loop
      vertex 0 3.69475 8.94022
      vertex -0.362149 3.67696 8.94022
      vertex 0 3.40837 9.28917
    endloop
  endfacet
  facet normal -0.202103 0.806854 0.555104
    outer loop
      vertex -0.769738 3.86974 8.56487
      vertex -1.07253 3.53566 8.94022
      vertex -0.72081 3.62376 8.94022
    endloop
  endfacet
  facet normal -0.114605 0.457532 0.881777
    outer loop
      vertex -0.461363 2.31943 10.1456
      vertex -0.686486 2.26304 10.1456
      vertex -0.383694 1.92896 10.3583
    endloop
  endfacet
  facet normal 0.373483 0.412052 0.831098
    outer loop
      vertex 1.73837 2.11822 9.89475
      vertex 1.67222 1.67222 10.1456
      vertex 1.93762 1.93762 9.89475
    endloop
  endfacet
  facet normal -0.195149 -0.0095834 0.980727
    outer loop
      vertex -0.67496 0 10.7502
      vertex -1.11771 0 10.6621
      vertex -1.11233 -0.109554 10.6621
    endloop
  endfacet
  facet normal -0.195148 -0.0095867 0.980727
    outer loop
      vertex -0.67496 0 10.7502
      vertex -1.11233 -0.109554 10.6621
      vertex -0.67171 -0.0661573 10.7502
    endloop
  endfacet
  facet normal -0.382707 0.0187957 0.923679
    outer loop
      vertex -1.54223 0.151896 10.5311
      vertex -1.96675 0 10.3583
      vertex -1.54969 0 10.5311
    endloop
  endfacet
  facet normal -0.634081 0.0311395 0.77264
    outer loop
      vertex -3.0743 0.302792 9.60837
      vertex -3.08917 0 9.60837
      vertex -2.72702 0.268588 9.89475
    endloop
  endfacet
  facet normal -0.642702 0.709121 0.289967
    outer loop
      vertex -2.83075 3.44928 7.31771
      vertex -3.15521 3.15521 7.31771
      vertex -3.06255 3.06255 7.74969
    endloop
  endfacet
  facet normal -0.709121 0.642702 0.289967
    outer loop
      vertex -3.15521 3.15521 7.31771
      vertex -3.44928 2.83075 7.31771
      vertex -3.06255 3.06255 7.74969
    endloop
  endfacet
  facet normal -0.772451 -0.0379429 0.63394
    outer loop
      vertex -3.40837 0 9.28917
      vertex -3.67696 -0.362149 8.94022
      vertex -3.39196 -0.334079 9.28917
    endloop
  endfacet
  facet normal -0.706684 -0.0347124 0.706677
    outer loop
      vertex -3.0743 -0.302792 9.60837
      vertex -3.40837 0 9.28917
      vertex -3.39196 -0.334079 9.28917
    endloop
  endfacet
  facet normal -0.426375 0.201671 0.881779
    outer loop
      vertex -2.08563 1.11479 10.1456
      vertex -2.18486 0.904997 10.1456
      vertex -1.81704 0.752644 10.3583
    endloop
  endfacet
  facet normal -0.477002 -0.285891 0.831105
    outer loop
      vertex -2.08563 -1.11479 10.1456
      vertex -2.41665 -1.29173 9.89475
      vertex -2.27841 -1.52238 9.89475
    endloop
  endfacet
  facet normal -0.215262 0.195101 0.956869
    outer loop
      vertex -0.790339 0.790339 10.6621
      vertex -1.0958 1.0958 10.5311
      vertex -0.864 0.709066 10.6621
    endloop
  endfacet
  facet normal -0.195148 0.0095867 0.980727
    outer loop
      vertex -0.67171 0.0661573 10.7502
      vertex -1.11233 0.109554 10.6621
      vertex -0.67496 0 10.7502
    endloop
  endfacet
  facet normal 0.0095867 0.195148 0.980727
    outer loop
      vertex 0.109554 1.11233 10.6621
      vertex 0 0.67496 10.7502
      vertex 0.0661573 0.67171 10.7502
    endloop
  endfacet
  facet normal -0.426347 0.470387 0.772634
    outer loop
      vertex -1.95975 2.38796 9.60837
      vertex -2.18437 2.18437 9.60837
      vertex -1.73837 2.11822 9.89475
    endloop
  endfacet
  facet normal -0.238361 0.666168 0.706686
    outer loop
      vertex -0.989399 3.26161 9.28917
      vertex -1.18217 2.85402 9.60837
      vertex -0.896739 2.95615 9.60837
    endloop
  endfacet
  facet normal 0.122042 0.822779 0.555104
    outer loop
      vertex 0.769738 3.86974 8.56487
      vertex 0.362149 3.67696 8.94022
      vertex 0.72081 3.62376 8.94022
    endloop
  endfacet
  facet normal 0.446676 0.331275 0.831106
    outer loop
      vertex 2.11822 1.73837 9.89475
      vertex 1.82807 1.50026 10.1456
      vertex 1.96632 1.31385 10.1456
    endloop
  endfacet
  facet normal 0.285891 0.477002 0.831105
    outer loop
      vertex 1.29173 2.41665 9.89475
      vertex 1.11479 2.08563 10.1456
      vertex 1.52238 2.27841 9.89475
    endloop
  endfacet
  facet normal 0.573897 0.271421 0.77264
    outer loop
      vertex 2.72441 1.45622 9.60837
      vertex 2.41665 1.29173 9.89475
      vertex 2.85402 1.18217 9.60837
    endloop
  endfacet
  facet normal 0.249188 0.14936 0.956868
    outer loop
      vertex 1.28852 0.860963 10.5311
      vertex 0.92934 0.620965 10.6621
      vertex 0.985731 0.526884 10.6621
    endloop
  endfacet
  facet normal 0.519374 0.573016 0.633959
    outer loop
      vertex 2.61259 2.61259 8.94022
      vertex 2.16225 2.63471 9.28917
      vertex 2.41008 2.41008 9.28917
    endloop
  endfacet
  facet normal 0.519361 0.573048 0.63394
    outer loop
      vertex 2.34393 2.85608 8.94022
      vertex 2.16225 2.63471 9.28917
      vertex 2.61259 2.61259 8.94022
    endloop
  endfacet
  facet normal 0.302496 0.639603 0.706686
    outer loop
      vertex 1.6067 3.00592 9.28917
      vertex 1.18217 2.85402 9.60837
      vertex 1.45622 2.72441 9.60837
    endloop
  endfacet
  facet normal 0.103834 0.699868 0.706685
    outer loop
      vertex 0.664941 3.34288 9.28917
      vertex 0.302792 3.0743 9.60837
      vertex 0.602667 3.02981 9.60837
    endloop
  endfacet
  facet normal 0.12943 0.872606 0.470964
    outer loop
      vertex 0.407589 4.13833 8.16675
      vertex 0.386731 3.92655 8.56487
      vertex 0.769738 3.86974 8.56487
    endloop
  endfacet
  facet normal 0.460716 0.621178 0.633939
    outer loop
      vertex 2.34393 2.85608 8.94022
      vertex 2.0527 3.07208 8.94022
      vertex 2.16225 2.63471 9.28917
    endloop
  endfacet
  facet normal 0.504253 0.841285 0.194855
    outer loop
      vertex 2.52796 3.78336 6.87496
      vertex 2.14495 4.01293 6.87496
      vertex 2.47903 3.71014 7.31771
    endloop
  endfacet
  facet normal 0.453523 0.756654 0.470949
    outer loop
      vertex 1.96023 3.66734 8.16675
      vertex 1.85992 3.47967 8.56487
      vertex 2.19203 3.28061 8.56487
    endloop
  endfacet
  facet normal 0.395067 0.835331 0.382288
    outer loop
      vertex 2.04167 3.81969 7.74969
      vertex 1.59133 3.84181 8.16675
      vertex 1.96023 3.66734 8.16675
    endloop
  endfacet
  facet normal 0.65365 0.592409 0.47095
    outer loop
      vertex 2.9404 2.9404 8.16675
      vertex 2.78993 2.78993 8.56487
      vertex 3.04995 2.50303 8.56487
    endloop
  endfacet
  facet normal 0.787804 0.584291 0.194856
    outer loop
      vertex 3.78336 2.52796 6.87496
      vertex 3.44928 2.83075 7.31771
      vertex 3.71014 2.47903 7.31771
    endloop
  endfacet
  facet normal 0.799348 0.59284 0.0978965
    outer loop
      vertex 3.82015 2.55254 6.42571
      vertex 3.55156 2.91469 6.42571
      vertex 3.78336 2.52796 6.87496
    endloop
  endfacet
  facet normal 0.708553 0.525497 0.470961
    outer loop
      vertex 3.21445 2.63803 8.16675
      vertex 3.04995 2.50303 8.56487
      vertex 3.45754 2.31026 8.16675
    endloop
  endfacet
  facet normal 0.792578 0.475053 0.382288
    outer loop
      vertex 3.60118 2.40623 7.74969
      vertex 3.45754 2.31026 8.16675
      vertex 3.66734 1.96023 8.16675
    endloop
  endfacet
  facet normal 0.998796 -0.0490597 0
    outer loop
      vertex 4.57234 -0.450336 6.42571
      vertex 4.59446 0 6.2
      vertex 4.59446 0 6.42571
    endloop
  endfacet
  facet normal 0.998796 -0.0490597 0
    outer loop
      vertex 4.59446 0 6.2
      vertex 4.57234 -0.450336 6.42571
      vertex 4.57234 -0.450336 6.2
    endloop
  endfacet
  facet normal 0.984424 -0.146024 0.0979131
    outer loop
      vertex 4.5283 -0.445998 6.87496
      vertex 4.46278 -0.887702 6.87496
      vertex 4.57234 -0.450336 6.42571
    endloop
  endfacet
  facet normal 0.979649 0.0481127 0.194868
    outer loop
      vertex 4.55021 0 6.87496
      vertex 4.44066 0.437366 7.31771
      vertex 4.46214 0 7.31771
    endloop
  endfacet
  facet normal 0.241824 0.965368 0.0979063
    outer loop
      vertex 0.896334 4.50618 6.42571
      vertex 0.887702 4.46278 6.87496
      vertex 1.3337 4.39662 6.42571
    endloop
  endfacet
  facet normal 0.242992 0.970028 -0
    outer loop
      vertex 1.3337 4.39662 6.2
      vertex 0.896334 4.50618 6.42571
      vertex 1.3337 4.39662 6.42571
    endloop
  endfacet
  facet normal 0.242992 0.970028 0
    outer loop
      vertex 0.896334 4.50618 6.42571
      vertex 1.3337 4.39662 6.2
      vertex 0.896334 4.50618 6.2
    endloop
  endfacet
  facet normal 0.419354 0.886663 0.194861
    outer loop
      vertex 2.14495 4.01293 6.87496
      vertex 1.70759 4.12248 7.31771
      vertex 2.10344 3.93526 7.31771
    endloop
  endfacet
  facet normal 0.59284 0.799348 0.0978965
    outer loop
      vertex 2.55254 3.82015 6.42571
      vertex 2.52796 3.78336 6.87496
      vertex 2.91469 3.55156 6.42571
    endloop
  endfacet
  facet normal 0.425507 0.899644 0.0978994
    outer loop
      vertex 1.75822 4.24473 6.42571
      vertex 1.74129 4.20385 6.87496
      vertex 2.14495 4.01293 6.87496
    endloop
  endfacet
  facet normal 0.595701 0.803206 -0
    outer loop
      vertex 2.91469 3.55156 6.2
      vertex 2.55254 3.82015 6.42571
      vertex 2.91469 3.55156 6.42571
    endloop
  endfacet
  facet normal 0.595701 0.803206 0
    outer loop
      vertex 2.55254 3.82015 6.42571
      vertex 2.91469 3.55156 6.2
      vertex 2.55254 3.82015 6.2
    endloop
  endfacet
  facet normal 0.475053 0.792578 0.382288
    outer loop
      vertex 2.40623 3.60118 7.74969
      vertex 1.96023 3.66734 8.16675
      vertex 2.31026 3.45754 8.16675
    endloop
  endfacet
  facet normal 0.525512 0.70855 0.470951
    outer loop
      vertex 2.31026 3.45754 8.16675
      vertex 2.19203 3.28061 8.56487
      vertex 2.50303 3.04995 8.56487
    endloop
  endfacet
  facet normal -0.979651 0.0481261 0.194855
    outer loop
      vertex -4.5283 0.445998 6.87496
      vertex -4.55021 0 6.87496
      vertex -4.44066 0.437366 7.31771
    endloop
  endfacet
  facet normal -0.979649 0.0481127 0.194868
    outer loop
      vertex -4.44066 0.437366 7.31771
      vertex -4.55021 0 6.87496
      vertex -4.46214 0 7.31771
    endloop
  endfacet
  facet normal -0.870021 0.311298 0.382305
    outer loop
      vertex -4.00142 1.65744 7.74969
      vertex -4.14461 1.25725 7.74969
      vertex -3.84181 1.59133 8.16675
    endloop
  endfacet
  facet normal -0.835317 0.395081 0.382304
    outer loop
      vertex -3.81969 2.04167 7.74969
      vertex -4.00142 1.65744 7.74969
      vertex -3.84181 1.59133 8.16675
    endloop
  endfacet
  facet normal -0.899643 0.425509 0.0978969
    outer loop
      vertex -4.05195 2.16581 6.42571
      vertex -4.24473 1.75822 6.42571
      vertex -4.01293 2.14495 6.87496
    endloop
  endfacet
  facet normal -0.330677 0.69913 0.633932
    outer loop
      vertex -1.41392 3.41351 8.94022
      vertex -1.74169 3.25848 8.94022
      vertex -1.6067 3.00592 9.28917
    endloop
  endfacet
  facet normal -0.592416 0.653635 0.470961
    outer loop
      vertex -2.63803 3.21445 8.16675
      vertex -2.9404 2.9404 8.16675
      vertex -2.50303 3.04995 8.56487
    endloop
  endfacet
  facet normal -0.853606 0.511638 0.097897
    outer loop
      vertex -3.82015 2.55254 6.42571
      vertex -4.01293 2.14495 6.87496
      vertex -3.78336 2.52796 6.87496
    endloop
  endfacet
  facet normal -0.797469 0.377159 0.47095
    outer loop
      vertex -3.47967 1.85992 8.56487
      vertex -3.84181 1.59133 8.16675
      vertex -3.64521 1.5099 8.56487
    endloop
  endfacet
  facet normal -0.742201 0.550449 0.382288
    outer loop
      vertex -3.34799 2.74762 7.74969
      vertex -3.60118 2.40623 7.74969
      vertex -3.21445 2.63803 8.16675
    endloop
  endfacet
  facet normal -0.639592 0.302504 0.706692
    outer loop
      vertex -3.00592 1.6067 9.28917
      vertex -3.14893 1.30433 9.28917
      vertex -2.85402 1.18217 9.60837
    endloop
  endfacet
  facet normal -0.668317 0.737407 0.0978942
    outer loop
      vertex -2.91469 3.55156 6.42571
      vertex -3.21749 3.21749 6.87496
      vertex -2.88662 3.51736 6.87496
    endloop
  endfacet
  facet normal -0.737396 0.668332 0.0978768
    outer loop
      vertex -3.24877 3.24877 6.42571
      vertex -3.55156 2.91469 6.42571
      vertex -3.21749 3.21749 6.87496
    endloop
  endfacet
  facet normal -0.726748 0.658679 0.194883
    outer loop
      vertex -3.21749 3.21749 6.87496
      vertex -3.44928 2.83075 7.31771
      vertex -3.15521 3.15521 7.31771
    endloop
  endfacet
  facet normal -0.658679 0.726748 0.194883
    outer loop
      vertex -2.83075 3.44928 7.31771
      vertex -3.21749 3.21749 6.87496
      vertex -3.15521 3.15521 7.31771
    endloop
  endfacet
  facet normal -0.492015 0.820877 0.28997
    outer loop
      vertex -2.10344 3.93526 7.31771
      vertex -2.47903 3.71014 7.31771
      vertex -2.40623 3.60118 7.74969
    endloop
  endfacet
  facet normal -0.886663 0.419354 0.194861
    outer loop
      vertex -4.01293 2.14495 6.87496
      vertex -4.12248 1.70759 7.31771
      vertex -3.93526 2.10344 7.31771
    endloop
  endfacet
  facet normal -0.865153 0.40918 0.289969
    outer loop
      vertex -3.93526 2.10344 7.31771
      vertex -4.12248 1.70759 7.31771
      vertex -3.81969 2.04167 7.74969
    endloop
  endfacet
  facet normal -0.937025 0.33526 0.0978999
    outer loop
      vertex -4.24473 1.75822 6.42571
      vertex -4.39662 1.3337 6.42571
      vertex -4.20385 1.74129 6.87496
    endloop
  endfacet
  facet normal -0.923498 0.330428 0.194855
    outer loop
      vertex -4.20385 1.74129 6.87496
      vertex -4.35428 1.32086 6.87496
      vertex -4.27001 1.29529 7.31771
    endloop
  endfacet
  facet normal 0.0142512 0.290175 0.956867
    outer loop
      vertex 0.151896 1.54223 10.5311
      vertex 0 1.54969 10.5311
      vertex 0.109554 1.11233 10.6621
    endloop
  endfacet
  facet normal 0.01425 0.290175 0.956868
    outer loop
      vertex 0 1.54969 10.5311
      vertex 0 1.11771 10.6621
      vertex 0.109554 1.11233 10.6621
    endloop
  endfacet
  facet normal -0.262628 -0.124218 0.956868
    outer loop
      vertex -1.03263 -0.427728 10.6621
      vertex -1.43173 -0.593041 10.5311
      vertex -0.985731 -0.526884 10.6621
    endloop
  endfacet
  facet normal -0.183964 -0.0658206 0.980727
    outer loop
      vertex -0.645896 -0.19593 10.7502
      vertex -1.06958 -0.324453 10.6621
      vertex -0.623582 -0.258296 10.7502
    endloop
  endfacet
  facet normal -0.615824 -0.154255 0.772636
    outer loop
      vertex -2.68756 -0.53459 9.89475
      vertex -2.95615 -0.896739 9.60837
      vertex -2.62222 -0.795443 9.89475
    endloop
  endfacet
  facet normal -0.215262 -0.195101 0.956869
    outer loop
      vertex -0.864 -0.709066 10.6621
      vertex -1.0958 -1.0958 10.5311
      vertex -0.790339 -0.790339 10.6621
    endloop
  endfacet
  facet normal -0.373483 -0.412052 0.831098
    outer loop
      vertex -1.67222 -1.67222 10.1456
      vertex -1.93762 -1.93762 9.89475
      vertex -1.73837 -2.11822 9.89475
    endloop
  endfacet
  facet normal -0.00482076 -0.0981319 0.995162
    outer loop
      vertex 0 -0.225711 10.7945
      vertex -0.0661573 -0.67171 10.7502
      vertex 0 -0.67496 10.7502
    endloop
  endfacet
  facet normal 0.257328 -0.28391 0.923676
    outer loop
      vertex 1.3907 -1.3907 10.3583
      vertex 1.0958 -1.0958 10.5311
      vertex 1.24769 -1.52032 10.3583
    endloop
  endfacet
  facet normal 0.262628 -0.124218 0.956868
    outer loop
      vertex 1.03263 -0.427728 10.6621
      vertex 0.985731 -0.526884 10.6621
      vertex 1.43173 -0.593041 10.5311
    endloop
  endfacet
  facet normal 0.201662 -0.426384 0.881776
    outer loop
      vertex 0.92712 -1.73452 10.3583
      vertex 0.752644 -1.81704 10.3583
      vertex 1.11479 -2.08563 10.1456
    endloop
  endfacet
  facet normal 0.0888185 0.0420035 0.995162
    outer loop
      vertex 0.623582 0.258296 10.7502
      vertex 0.199059 0.1064 10.7945
      vertex 0.208529 0.0863752 10.7945
    endloop
  endfacet
  facet normal 0.215264 -0.195099 0.956869
    outer loop
      vertex 1.19793 -0.983114 10.5311
      vertex 0.864 -0.709066 10.6621
      vertex 1.0958 -1.0958 10.5311
    endloop
  endfacet
  facet normal 0.281813 -0.0706051 0.956868
    outer loop
      vertex 1.51992 -0.30233 10.5311
      vertex 1.06958 -0.324453 10.6621
      vertex 1.48296 -0.449852 10.5311
    endloop
  endfacet
  facet normal 0.360772 -0.129081 0.923678
    outer loop
      vertex 1.88206 -0.570918 10.3583
      vertex 1.48296 -0.449852 10.5311
      vertex 1.81704 -0.752644 10.3583
    endloop
  endfacet
  facet normal -0.504253 -0.841285 0.194855
    outer loop
      vertex -2.47903 -3.71014 7.31771
      vertex -2.52796 -3.78336 6.87496
      vertex -2.14495 -4.01293 6.87496
    endloop
  endfacet
  facet normal -0.419364 -0.886656 0.194872
    outer loop
      vertex -1.70759 -4.12248 7.31771
      vertex -2.14495 -4.01293 6.87496
      vertex -1.74129 -4.20385 6.87496
    endloop
  endfacet
  facet normal -0.146024 -0.984424 0.0979131
    outer loop
      vertex -0.445998 -4.5283 6.87496
      vertex -0.887702 -4.46278 6.87496
      vertex -0.450336 -4.57234 6.42571
    endloop
  endfacet
  facet normal 0.0481127 -0.979649 0.194868
    outer loop
      vertex 0 -4.46214 7.31771
      vertex 0 -4.55021 6.87496
      vertex 0.437366 -4.44066 7.31771
    endloop
  endfacet
  facet normal -0.214359 -0.855718 0.470954
    outer loop
      vertex -0.769738 -3.86974 8.56487
      vertex -1.2071 -3.97929 8.16675
      vertex -0.811254 -4.07845 8.16675
    endloop
  endfacet
  facet normal -0.322416 -0.901095 0.289957
    outer loop
      vertex -1.65744 -4.00142 7.74969
      vertex -1.70759 -4.12248 7.31771
      vertex -1.25725 -4.14461 7.74969
    endloop
  endfacet
  facet normal -0.495502 -0.668088 0.5551
    outer loop
      vertex -2.34393 -2.85608 8.94022
      vertex -2.50303 -3.04995 8.56487
      vertex -2.19203 -3.28061 8.56487
    endloop
  endfacet
  facet normal -0.311298 -0.870021 0.382305
    outer loop
      vertex -1.59133 -3.84181 8.16675
      vertex -1.65744 -4.00142 7.74969
      vertex -1.25725 -4.14461 7.74969
    endloop
  endfacet
  facet normal 0.187913 -0.750202 0.633945
    outer loop
      vertex 1.07253 -3.53566 8.94022
      vertex 0.664941 -3.34288 9.28917
      vertex 0.72081 -3.62376 8.94022
    endloop
  endfacet
  facet normal 0.330677 -0.69913 0.633932
    outer loop
      vertex 1.6067 -3.00592 9.28917
      vertex 1.41392 -3.41351 8.94022
      vertex 1.74169 -3.25848 8.94022
    endloop
  endfacet
  facet normal 0.363749 -0.606862 0.706687
    outer loop
      vertex 1.71625 -2.56855 9.60837
      vertex 1.6067 -3.00592 9.28917
      vertex 1.89359 -2.83396 9.28917
    endloop
  endfacet
  facet normal 0.330663 -0.69913 0.633939
    outer loop
      vertex 1.6067 -3.00592 9.28917
      vertex 1.30433 -3.14893 9.28917
      vertex 1.41392 -3.41351 8.94022
    endloop
  endfacet
  facet normal 0.378846 -0.280969 0.881778
    outer loop
      vertex 1.96632 -1.31385 10.1456
      vertex 1.52032 -1.24769 10.3583
      vertex 1.82807 -1.50026 10.1456
    endloop
  endfacet
  facet normal 0.156935 -0.116391 0.980727
    outer loop
      vertex 0.92934 -0.620965 10.6621
      vertex 0.561209 -0.374988 10.7502
      vertex 0.864 -0.709066 10.6621
    endloop
  endfacet
  facet normal 0.05853 -0.0789137 0.995162
    outer loop
      vertex 0.428189 -0.52175 10.7502
      vertex 0.143189 -0.174477 10.7945
      vertex 0.374988 -0.561209 10.7502
    endloop
  endfacet
  facet normal 0.0931218 -0.371686 0.923676
    outer loop
      vertex 0.449852 -1.48296 10.5311
      vertex 0.30233 -1.51992 10.5311
      vertex 0.383694 -1.92896 10.3583
    endloop
  endfacet
  facet normal 0.163825 -0.346384 0.923677
    outer loop
      vertex 0.92712 -1.73452 10.3583
      vertex 0.73052 -1.36671 10.5311
      vertex 0.752644 -1.81704 10.3583
    endloop
  endfacet
  facet normal 0.129081 -0.360772 0.923678
    outer loop
      vertex 0.752644 -1.81704 10.3583
      vertex 0.449852 -1.48296 10.5311
      vertex 0.570918 -1.88206 10.3583
    endloop
  endfacet
  facet normal 0.27145 -0.573898 0.772629
    outer loop
      vertex 1.29173 -2.41665 9.89475
      vertex 1.04864 -2.53163 9.89475
      vertex 1.18217 -2.85402 9.60837
    endloop
  endfacet
  facet normal -0.18734 -0.523611 0.831105
    outer loop
      vertex -0.686486 -2.26304 10.1456
      vertex -0.904997 -2.18486 10.1456
      vertex -0.795443 -2.62222 9.89475
    endloop
  endfacet
  facet normal 0.0231422 -0.471093 0.88178
    outer loop
      vertex 0.192775 -1.95728 10.3583
      vertex 0 -1.96675 10.3583
      vertex 0.231797 -2.35349 10.1456
    endloop
  endfacet
  facet normal -0.0311395 -0.634081 0.77264
    outer loop
      vertex -0.268588 -2.72702 9.89475
      vertex -0.302792 -3.0743 9.60837
      vertex 0 -3.08917 9.60837
    endloop
  endfacet
  facet normal -0.213865 -0.597749 0.77263
    outer loop
      vertex -1.04864 -2.53163 9.89475
      vertex -1.18217 -2.85402 9.60837
      vertex -0.795443 -2.62222 9.89475
    endloop
  endfacet
  facet normal -0.970028 -0.242992 0
    outer loop
      vertex -4.39662 -1.3337 6.2
      vertex -4.50618 -0.896334 6.42571
      vertex -4.50618 -0.896334 6.2
    endloop
  endfacet
  facet normal -0.970028 -0.242992 0
    outer loop
      vertex -4.50618 -0.896334 6.42571
      vertex -4.39662 -1.3337 6.2
      vertex -4.39662 -1.3337 6.42571
    endloop
  endfacet
  facet normal -0.903986 -0.427563 0
    outer loop
      vertex -4.05195 -2.16581 6.2
      vertex -4.24473 -1.75822 6.42571
      vertex -4.24473 -1.75822 6.2
    endloop
  endfacet
  facet normal -0.903986 -0.427563 0
    outer loop
      vertex -4.24473 -1.75822 6.42571
      vertex -4.05195 -2.16581 6.2
      vertex -4.05195 -2.16581 6.42571
    endloop
  endfacet
  facet normal -0.886656 -0.419364 0.194872
    outer loop
      vertex -4.12248 -1.70759 7.31771
      vertex -4.20385 -1.74129 6.87496
      vertex -4.01293 -2.14495 6.87496
    endloop
  endfacet
  facet normal -0.928359 -0.232532 0.289962
    outer loop
      vertex -4.24788 -0.844955 7.74969
      vertex -4.3764 -0.870521 7.31771
      vertex -4.14461 -1.25725 7.74969
    endloop
  endfacet
  facet normal -0.979649 -0.0481127 0.194868
    outer loop
      vertex -4.46214 0 7.31771
      vertex -4.55021 0 6.87496
      vertex -4.44066 -0.437366 7.31771
    endloop
  endfacet
  facet normal -0.870021 -0.311298 0.382305
    outer loop
      vertex -3.84181 -1.59133 8.16675
      vertex -4.14461 -1.25725 7.74969
      vertex -4.00142 -1.65744 7.74969
    endloop
  endfacet
  facet normal -0.901095 -0.322416 0.289957
    outer loop
      vertex -4.00142 -1.65744 7.74969
      vertex -4.14461 -1.25725 7.74969
      vertex -4.12248 -1.70759 7.31771
    endloop
  endfacet
  facet normal -0.970213 -0.143916 0.194872
    outer loop
      vertex -4.3764 -0.870521 7.31771
      vertex -4.5283 -0.445998 6.87496
      vertex -4.46278 -0.887702 6.87496
    endloop
  endfacet
  facet normal -0.91404 -0.135595 0.382289
    outer loop
      vertex -4.13833 -0.407589 8.16675
      vertex -4.31025 -0.424521 7.74969
      vertex -4.24788 -0.844955 7.74969
    endloop
  endfacet
  facet normal -0.822779 -0.122042 0.555104
    outer loop
      vertex -3.67696 -0.362149 8.94022
      vertex -3.86974 -0.769738 8.56487
      vertex -3.62376 -0.72081 8.94022
    endloop
  endfacet
  facet normal -0.88109 0.0432877 0.470964
    outer loop
      vertex -3.92655 0.386731 8.56487
      vertex -4.13833 0.407589 8.16675
      vertex -3.94555 0 8.56487
    endloop
  endfacet
  facet normal -0.797469 -0.37716 0.470949
    outer loop
      vertex -3.47967 -1.85992 8.56487
      vertex -3.84181 -1.59133 8.16675
      vertex -3.66734 -1.96023 8.16675
    endloop
  endfacet
  facet normal -0.835331 -0.395067 0.382288
    outer loop
      vertex -3.66734 -1.96023 8.16675
      vertex -3.84181 -1.59133 8.16675
      vertex -3.81969 -2.04167 7.74969
    endloop
  endfacet
  facet normal -0.668087 -0.495508 0.555096
    outer loop
      vertex -3.07208 -2.0527 8.94022
      vertex -3.28061 -2.19203 8.56487
      vertex -2.85608 -2.34393 8.94022
    endloop
  endfacet
  facet normal -0.616322 -0.55858 0.555099
    outer loop
      vertex -2.85608 -2.34393 8.94022
      vertex -3.04995 -2.50303 8.56487
      vertex -2.61259 -2.61259 8.94022
    endloop
  endfacet
  facet normal -0.684676 -0.620549 0.382279
    outer loop
      vertex -2.9404 -2.9404 8.16675
      vertex -3.21445 -2.63803 8.16675
      vertex -3.06255 -3.06255 7.74969
    endloop
  endfacet
  facet normal -0.620549 -0.684676 0.382279
    outer loop
      vertex -2.9404 -2.9404 8.16675
      vertex -3.06255 -3.06255 7.74969
      vertex -2.63803 -3.21445 8.16675
    endloop
  endfacet
  facet normal -0.709115 -0.642714 0.289956
    outer loop
      vertex -3.34799 -2.74762 7.74969
      vertex -3.44928 -2.83075 7.31771
      vertex -3.06255 -3.06255 7.74969
    endloop
  endfacet
  facet normal -0.684667 -0.620554 0.382288
    outer loop
      vertex -3.21445 -2.63803 8.16675
      vertex -3.34799 -2.74762 7.74969
      vertex -3.06255 -3.06255 7.74969
    endloop
  endfacet
  facet normal -0.570115 -0.768691 0.289969
    outer loop
      vertex -2.40623 -3.60118 7.74969
      vertex -2.83075 -3.44928 7.31771
      vertex -2.47903 -3.71014 7.31771
    endloop
  endfacet
  facet normal -0.726748 -0.658679 0.194883
    outer loop
      vertex -3.15521 -3.15521 7.31771
      vertex -3.44928 -2.83075 7.31771
      vertex -3.21749 -3.21749 6.87496
    endloop
  endfacet
  facet normal -0.803206 -0.595701 0
    outer loop
      vertex -3.55156 -2.91469 6.2
      vertex -3.82015 -2.55254 6.42571
      vertex -3.82015 -2.55254 6.2
    endloop
  endfacet
  facet normal -0.803206 -0.595701 0
    outer loop
      vertex -3.82015 -2.55254 6.42571
      vertex -3.55156 -2.91469 6.2
      vertex -3.55156 -2.91469 6.42571
    endloop
  endfacet
  facet normal -0.799348 -0.59284 0.0978965
    outer loop
      vertex -3.78336 -2.52796 6.87496
      vertex -3.82015 -2.55254 6.42571
      vertex -3.55156 -2.91469 6.42571
    endloop
  endfacet
  facet normal -0.841287 -0.504248 0.19486
    outer loop
      vertex -3.93526 -2.10344 7.31771
      vertex -4.01293 -2.14495 6.87496
      vertex -3.71014 -2.47903 7.31771
    endloop
  endfacet
  facet normal -0.792577 -0.475055 0.382289
    outer loop
      vertex -3.66734 -1.96023 8.16675
      vertex -3.81969 -2.04167 7.74969
      vertex -3.60118 -2.40623 7.74969
    endloop
  endfacet
  facet normal -0.756654 -0.453521 0.47095
    outer loop
      vertex -3.28061 -2.19203 8.56487
      vertex -3.66734 -1.96023 8.16675
      vertex -3.45754 -2.31026 8.16675
    endloop
  endfacet
  facet normal -0.797469 -0.377159 0.47095
    outer loop
      vertex -3.64521 -1.5099 8.56487
      vertex -3.84181 -1.59133 8.16675
      vertex -3.47967 -1.85992 8.56487
    endloop
  endfacet
  facet normal -0.751909 -0.355641 0.555114
    outer loop
      vertex -3.41351 -1.41392 8.94022
      vertex -3.47967 -1.85992 8.56487
      vertex -3.25848 -1.74169 8.94022
    endloop
  endfacet
  facet normal -0.728172 -0.260541 0.633943
    outer loop
      vertex -3.26161 -0.989399 9.28917
      vertex -3.53566 -1.07253 8.94022
      vertex -3.41351 -1.41392 8.94022
    endloop
  endfacet
  facet normal -0.728177 -0.260536 0.63394
    outer loop
      vertex -3.26161 -0.989399 9.28917
      vertex -3.41351 -1.41392 8.94022
      vertex -3.14893 -1.30433 9.28917
    endloop
  endfacet
  facet normal -0.615825 -0.154254 0.772635
    outer loop
      vertex -2.68756 -0.53459 9.89475
      vertex -3.02981 -0.602667 9.60837
      vertex -2.95615 -0.896739 9.60837
    endloop
  endfacet
  facet normal -0.627976 -0.0931677 0.772636
    outer loop
      vertex -2.68756 -0.53459 9.89475
      vertex -3.0743 -0.302792 9.60837
      vertex -3.02981 -0.602667 9.60837
    endloop
  endfacet
  facet normal -0.167587 -0.100449 0.980727
    outer loop
      vertex -0.561209 -0.374988 10.7502
      vertex -0.985731 -0.526884 10.6621
      vertex -0.92934 -0.620965 10.6621
    endloop
  endfacet
  facet normal -0.639592 -0.302504 0.706692
    outer loop
      vertex -2.85402 -1.18217 9.60837
      vertex -3.14893 -1.30433 9.28917
      vertex -3.00592 -1.6067 9.28917
    endloop
  endfacet
  facet normal -0.91404 0.135595 0.382289
    outer loop
      vertex -4.24788 0.844955 7.74969
      vertex -4.31025 0.424521 7.74969
      vertex -4.13833 0.407589 8.16675
    endloop
  endfacet
  facet normal -0.928359 0.232532 0.289962
    outer loop
      vertex -4.14461 1.25725 7.74969
      vertex -4.3764 0.870521 7.31771
      vertex -4.24788 0.844955 7.74969
    endloop
  endfacet
  facet normal -0.881095 0.0432777 0.470956
    outer loop
      vertex -4.13833 0.407589 8.16675
      vertex -4.15835 0 8.16675
      vertex -3.94555 0 8.56487
    endloop
  endfacet
  facet normal -0.881095 -0.0432777 0.470956
    outer loop
      vertex -3.94555 0 8.56487
      vertex -4.15835 0 8.16675
      vertex -4.13833 -0.407589 8.16675
    endloop
  endfacet
  facet normal 0.514108 -0.857726 0
    outer loop
      vertex 2.16581 -4.05195 6.2
      vertex 2.55254 -3.82015 6.42571
      vertex 2.16581 -4.05195 6.42571
    endloop
  endfacet
  facet normal 0.514108 -0.857726 0
    outer loop
      vertex 2.55254 -3.82015 6.42571
      vertex 2.16581 -4.05195 6.2
      vertex 2.55254 -3.82015 6.2
    endloop
  endfacet
  facet normal 0.425509 -0.899643 0.0978969
    outer loop
      vertex 2.14495 -4.01293 6.87496
      vertex 1.75822 -4.24473 6.42571
      vertex 2.16581 -4.05195 6.42571
    endloop
  endfacet
  facet normal 0.238303 -0.951439 0.194872
    outer loop
      vertex 1.29529 -4.27001 7.31771
      vertex 0.870521 -4.3764 7.31771
      vertex 0.887702 -4.46278 6.87496
    endloop
  endfacet
  facet normal 0.140443 -0.946676 0.289967
    outer loop
      vertex 0.870521 -4.3764 7.31771
      vertex 0.424521 -4.31025 7.74969
      vertex 0.437366 -4.44066 7.31771
    endloop
  endfacet
  facet normal 0.504253 -0.841285 0.194855
    outer loop
      vertex 2.47903 -3.71014 7.31771
      vertex 2.14495 -4.01293 6.87496
      vertex 2.52796 -3.78336 6.87496
    endloop
  endfacet
  facet normal 0.658679 -0.726748 0.194883
    outer loop
      vertex 3.15521 -3.15521 7.31771
      vertex 2.83075 -3.44928 7.31771
      vertex 3.21749 -3.21749 6.87496
    endloop
  endfacet
  facet normal 0.143934 -0.970214 0.194855
    outer loop
      vertex 0.870521 -4.3764 7.31771
      vertex 0.437366 -4.44066 7.31771
      vertex 0.445998 -4.5283 6.87496
    endloop
  endfacet
  facet normal 0.238322 -0.951438 0.194854
    outer loop
      vertex 1.29529 -4.27001 7.31771
      vertex 0.887702 -4.46278 6.87496
      vertex 1.32086 -4.35428 6.87496
    endloop
  endfacet
  facet normal 0.642702 -0.709121 0.289967
    outer loop
      vertex 3.06255 -3.06255 7.74969
      vertex 2.83075 -3.44928 7.31771
      vertex 3.15521 -3.15521 7.31771
    endloop
  endfacet
  facet normal 0.570105 -0.768704 0.289955
    outer loop
      vertex 2.74762 -3.34799 7.74969
      vertex 2.40623 -3.60118 7.74969
      vertex 2.83075 -3.44928 7.31771
    endloop
  endfacet
  facet normal 0.737396 -0.668332 0.0978768
    outer loop
      vertex 3.55156 -2.91469 6.42571
      vertex 3.21749 -3.21749 6.87496
      vertex 3.24877 -3.24877 6.42571
    endloop
  endfacet
  facet normal 0.40918 -0.865153 0.289969
    outer loop
      vertex 2.04167 -3.81969 7.74969
      vertex 1.70759 -4.12248 7.31771
      vertex 2.10344 -3.93526 7.31771
    endloop
  endfacet
  facet normal 0.740954 -0.671556 0
    outer loop
      vertex 3.24877 -3.24877 6.42571
      vertex 3.55156 -2.91469 6.2
      vertex 3.55156 -2.91469 6.42571
    endloop
  endfacet
  facet normal 0.740954 -0.671556 0
    outer loop
      vertex 3.55156 -2.91469 6.2
      vertex 3.24877 -3.24877 6.42571
      vertex 3.24877 -3.24877 6.2
    endloop
  endfacet
  facet normal 0.799348 -0.59284 0.0978965
    outer loop
      vertex 3.78336 -2.52796 6.87496
      vertex 3.55156 -2.91469 6.42571
      vertex 3.82015 -2.55254 6.42571
    endloop
  endfacet
  facet normal 0.853606 -0.511638 0.097897
    outer loop
      vertex 4.01293 -2.14495 6.87496
      vertex 3.78336 -2.52796 6.87496
      vertex 3.82015 -2.55254 6.42571
    endloop
  endfacet
  facet normal 0.853606 -0.511638 0.0978975
    outer loop
      vertex 4.01293 -2.14495 6.87496
      vertex 3.82015 -2.55254 6.42571
      vertex 4.05195 -2.16581 6.42571
    endloop
  endfacet
  facet normal 0.835331 -0.395067 0.382288
    outer loop
      vertex 3.84181 -1.59133 8.16675
      vertex 3.66734 -1.96023 8.16675
      vertex 3.81969 -2.04167 7.74969
    endloop
  endfacet
  facet normal 0.713448 -0.427596 0.555115
    outer loop
      vertex 3.25848 -1.74169 8.94022
      vertex 3.07208 -2.0527 8.94022
      vertex 3.47967 -1.85992 8.56487
    endloop
  endfacet
  facet normal -0.853606 0.511638 0.0978975
    outer loop
      vertex -3.82015 2.55254 6.42571
      vertex -4.05195 2.16581 6.42571
      vertex -4.01293 2.14495 6.87496
    endloop
  endfacet
  facet normal -0.993996 0.0488308 0.097913
    outer loop
      vertex -4.5283 0.445998 6.87496
      vertex -4.57234 0.450336 6.42571
      vertex -4.55021 0 6.87496
    endloop
  endfacet
  facet normal -0.146031 0.984423 0.0979065
    outer loop
      vertex -0.450336 4.57234 6.42571
      vertex -0.896334 4.50618 6.42571
      vertex -0.887702 4.46278 6.87496
    endloop
  endfacet
  facet normal -0.241824 0.965368 0.0979063
    outer loop
      vertex -0.896334 4.50618 6.42571
      vertex -1.3337 4.39662 6.42571
      vertex -0.887702 4.46278 6.87496
    endloop
  endfacet
  facet normal -0.12943 0.872606 0.470964
    outer loop
      vertex -0.407589 4.13833 8.16675
      vertex -0.769738 3.86974 8.56487
      vertex -0.386731 3.92655 8.56487
    endloop
  endfacet
  facet normal -0.129444 0.872609 0.470954
    outer loop
      vertex -0.407589 4.13833 8.16675
      vertex -0.811254 4.07845 8.16675
      vertex -0.769738 3.86974 8.56487
    endloop
  endfacet
  facet normal -0.280969 0.378846 0.881778
    outer loop
      vertex -1.31385 1.96632 10.1456
      vertex -1.50026 1.82807 10.1456
      vertex -1.24769 1.52032 10.3583
    endloop
  endfacet
  facet normal -0.37716 0.797469 0.470949
    outer loop
      vertex -1.59133 3.84181 8.16675
      vertex -1.96023 3.66734 8.16675
      vertex -1.85992 3.47967 8.56487
    endloop
  endfacet
  facet normal -0.550451 0.7422 0.382286
    outer loop
      vertex -2.40623 3.60118 7.74969
      vertex -2.63803 3.21445 8.16675
      vertex -2.31026 3.45754 8.16675
    endloop
  endfacet
  facet normal -0.302496 0.639603 0.706686
    outer loop
      vertex -1.18217 2.85402 9.60837
      vertex -1.6067 3.00592 9.28917
      vertex -1.45622 2.72441 9.60837
    endloop
  endfacet
  facet normal 0.322429 0.901087 0.28997
    outer loop
      vertex 1.29529 4.27001 7.31771
      vertex 1.25725 4.14461 7.74969
      vertex 1.70759 4.12248 7.31771
    endloop
  endfacet
  facet normal 0.13559 0.914042 0.382285
    outer loop
      vertex 0.844955 4.24788 7.74969
      vertex 0.407589 4.13833 8.16675
      vertex 0.811254 4.07845 8.16675
    endloop
  endfacet
  facet normal 0.224515 0.896354 0.382285
    outer loop
      vertex 0.844955 4.24788 7.74969
      vertex 0.811254 4.07845 8.16675
      vertex 1.25725 4.14461 7.74969
    endloop
  endfacet
  facet normal 0.492015 0.820877 0.28997
    outer loop
      vertex 2.47903 3.71014 7.31771
      vertex 2.10344 3.93526 7.31771
      vertex 2.40623 3.60118 7.74969
    endloop
  endfacet
  facet normal -0.232532 0.928359 0.289962
    outer loop
      vertex -0.870521 4.3764 7.31771
      vertex -1.25725 4.14461 7.74969
      vertex -0.844955 4.24788 7.74969
    endloop
  endfacet
  facet normal -0.045329 0.92293 0.382289
    outer loop
      vertex 0 4.3311 7.74969
      vertex -0.424521 4.31025 7.74969
      vertex -0.407589 4.13833 8.16675
    endloop
  endfacet
  facet normal 0.0490597 0.998796 -0
    outer loop
      vertex 0.450336 4.57234 6.2
      vertex 0 4.59446 6.42571
      vertex 0.450336 4.57234 6.42571
    endloop
  endfacet
  facet normal 0.0490597 0.998796 0
    outer loop
      vertex 0 4.59446 6.42571
      vertex 0.450336 4.57234 6.2
      vertex 0 4.59446 6.2
    endloop
  endfacet
  facet normal -0.0490597 0.998796 0
    outer loop
      vertex 0 4.59446 6.2
      vertex -0.450336 4.57234 6.42571
      vertex 0 4.59446 6.42571
    endloop
  endfacet
  facet normal -0.0490597 0.998796 0
    outer loop
      vertex -0.450336 4.57234 6.42571
      vertex 0 4.59446 6.2
      vertex -0.450336 4.57234 6.2
    endloop
  endfacet
  facet normal 0.903986 0.427563 0
    outer loop
      vertex 4.24473 1.75822 6.42571
      vertex 4.05195 2.16581 6.2
      vertex 4.05195 2.16581 6.42571
    endloop
  endfacet
  facet normal 0.903986 0.427563 0
    outer loop
      vertex 4.05195 2.16581 6.2
      vertex 4.24473 1.75822 6.42571
      vertex 4.24473 1.75822 6.2
    endloop
  endfacet
  facet normal 0.857726 0.514108 0
    outer loop
      vertex 4.05195 2.16581 6.42571
      vertex 3.82015 2.55254 6.2
      vertex 3.82015 2.55254 6.42571
    endloop
  endfacet
  facet normal 0.857726 0.514108 0
    outer loop
      vertex 3.82015 2.55254 6.2
      vertex 4.05195 2.16581 6.42571
      vertex 4.05195 2.16581 6.2
    endloop
  endfacet
  facet normal 0.853606 0.511638 0.0978975
    outer loop
      vertex 4.05195 2.16581 6.42571
      vertex 3.82015 2.55254 6.42571
      vertex 4.01293 2.14495 6.87496
    endloop
  endfacet
  facet normal 0.853606 0.511638 0.097897
    outer loop
      vertex 3.82015 2.55254 6.42571
      vertex 3.78336 2.52796 6.87496
      vertex 4.01293 2.14495 6.87496
    endloop
  endfacet
  facet normal 0.923498 0.330428 0.194855
    outer loop
      vertex 4.35428 1.32086 6.87496
      vertex 4.20385 1.74129 6.87496
      vertex 4.27001 1.29529 7.31771
    endloop
  endfacet
  facet normal 0.768691 0.570115 0.289969
    outer loop
      vertex 3.71014 2.47903 7.31771
      vertex 3.44928 2.83075 7.31771
      vertex 3.60118 2.40623 7.74969
    endloop
  endfacet
  facet normal 0.706684 0.0347124 0.706677
    outer loop
      vertex 3.39196 0.334079 9.28917
      vertex 3.0743 0.302792 9.60837
      vertex 3.40837 0 9.28917
    endloop
  endfacet
  facet normal 0.772449 0.0379454 0.633942
    outer loop
      vertex 3.67696 0.362149 8.94022
      vertex 3.40837 0 9.28917
      vertex 3.69475 0 8.94022
    endloop
  endfacet
  facet normal 0.922931 0.0453326 0.382286
    outer loop
      vertex 4.3311 0 7.74969
      vertex 4.13833 0.407589 8.16675
      vertex 4.15835 0 8.16675
    endloop
  endfacet
  facet normal 0.83078 -0.0408108 0.555102
    outer loop
      vertex 3.69475 0 8.94022
      vertex 3.67696 -0.362149 8.94022
      vertex 3.92655 -0.386731 8.56487
    endloop
  endfacet
  facet normal 0.896341 0.224535 0.382304
    outer loop
      vertex 4.14461 1.25725 7.74969
      vertex 3.97929 1.2071 8.16675
      vertex 4.07845 0.811254 8.16675
    endloop
  endfacet
  facet normal 0.870021 0.311299 0.382304
    outer loop
      vertex 4.14461 1.25725 7.74969
      vertex 3.84181 1.59133 8.16675
      vertex 3.97929 1.2071 8.16675
    endloop
  endfacet
  facet normal 0.881095 -0.0432777 0.470956
    outer loop
      vertex 4.15835 0 8.16675
      vertex 3.94555 0 8.56487
      vertex 4.13833 -0.407589 8.16675
    endloop
  endfacet
  facet normal 0.881095 0.0432777 0.470956
    outer loop
      vertex 4.13833 0.407589 8.16675
      vertex 3.94555 0 8.56487
      vertex 4.15835 0 8.16675
    endloop
  endfacet
  facet normal 0.751909 0.355641 0.555114
    outer loop
      vertex 3.47967 1.85992 8.56487
      vertex 3.25848 1.74169 8.94022
      vertex 3.41351 1.41392 8.94022
    endloop
  endfacet
  facet normal 0.606862 0.363749 0.706687
    outer loop
      vertex 2.83396 1.89359 9.28917
      vertex 2.56855 1.71625 9.60837
      vertex 3.00592 1.6067 9.28917
    endloop
  endfacet
  facet normal 0.955885 0.0469456 0.289965
    outer loop
      vertex 4.44066 0.437366 7.31771
      vertex 4.3311 0 7.74969
      vertex 4.46214 0 7.31771
    endloop
  endfacet
  facet normal 0.984424 0.146024 0.0979131
    outer loop
      vertex 4.57234 0.450336 6.42571
      vertex 4.46278 0.887702 6.87496
      vertex 4.5283 0.445998 6.87496
    endloop
  endfacet
  facet normal 0.993997 0.048824 0.0979062
    outer loop
      vertex 4.57234 0.450336 6.42571
      vertex 4.55021 0 6.87496
      vertex 4.59446 0 6.42571
    endloop
  endfacet
  facet normal 0.91404 -0.135595 0.382289
    outer loop
      vertex 4.31025 -0.424521 7.74969
      vertex 4.13833 -0.407589 8.16675
      vertex 4.24788 -0.844955 7.74969
    endloop
  endfacet
  facet normal 0.896341 -0.224535 0.382304
    outer loop
      vertex 4.07845 -0.811254 8.16675
      vertex 3.97929 -1.2071 8.16675
      vertex 4.14461 -1.25725 7.74969
    endloop
  endfacet
  facet normal 0.555451 0.0272981 0.831101
    outer loop
      vertex 2.72702 0.268588 9.89475
      vertex 2.35349 0.231797 10.1456
      vertex 2.74022 0 9.89475
    endloop
  endfacet
  facet normal 0.634091 0.031163 0.772631
    outer loop
      vertex 3.08917 0 9.60837
      vertex 2.72702 0.268588 9.89475
      vertex 2.74022 0 9.89475
    endloop
  endfacet
  facet normal 0.706681 -0.0347048 0.706681
    outer loop
      vertex 3.08917 0 9.60837
      vertex 3.0743 -0.302792 9.60837
      vertex 3.40837 0 9.28917
    endloop
  endfacet
  facet normal 0.706681 0.0347048 0.706681
    outer loop
      vertex 3.40837 0 9.28917
      vertex 3.0743 0.302792 9.60837
      vertex 3.08917 0 9.60837
    endloop
  endfacet
  facet normal 0.686325 -0.17191 0.706686
    outer loop
      vertex 3.34288 -0.664941 9.28917
      vertex 2.95615 -0.896739 9.60837
      vertex 3.26161 -0.989399 9.28917
    endloop
  endfacet
  facet normal 0.855727 -0.214346 0.470943
    outer loop
      vertex 3.86974 -0.769738 8.56487
      vertex 3.77566 -1.14533 8.56487
      vertex 3.97929 -1.2071 8.16675
    endloop
  endfacet
  facet normal 0.713445 -0.427625 0.555097
    outer loop
      vertex 3.47967 -1.85992 8.56487
      vertex 3.07208 -2.0527 8.94022
      vertex 3.28061 -2.19203 8.56487
    endloop
  endfacet
  facet normal 0.70855 -0.525512 0.470951
    outer loop
      vertex 3.28061 -2.19203 8.56487
      vertex 3.04995 -2.50303 8.56487
      vertex 3.45754 -2.31026 8.16675
    endloop
  endfacet
  facet normal 0.621182 -0.460695 0.63395
    outer loop
      vertex 2.83396 -1.89359 9.28917
      vertex 2.63471 -2.16225 9.28917
      vertex 3.07208 -2.0527 8.94022
    endloop
  endfacet
  facet normal 0.519374 -0.573016 0.633959
    outer loop
      vertex 2.41008 -2.41008 9.28917
      vertex 2.16225 -2.63471 9.28917
      vertex 2.61259 -2.61259 8.94022
    endloop
  endfacet
  facet normal 0.525512 -0.70855 0.470951
    outer loop
      vertex 2.50303 -3.04995 8.56487
      vertex 2.19203 -3.28061 8.56487
      vertex 2.31026 -3.45754 8.16675
    endloop
  endfacet
  facet normal 0.708553 -0.525497 0.470961
    outer loop
      vertex 3.45754 -2.31026 8.16675
      vertex 3.04995 -2.50303 8.56487
      vertex 3.21445 -2.63803 8.16675
    endloop
  endfacet
  facet normal 0.453521 -0.756654 0.47095
    outer loop
      vertex 2.19203 -3.28061 8.56487
      vertex 1.96023 -3.66734 8.16675
      vertex 2.31026 -3.45754 8.16675
    endloop
  endfacet
  facet normal 0.475053 -0.792578 0.382288
    outer loop
      vertex 2.31026 -3.45754 8.16675
      vertex 1.96023 -3.66734 8.16675
      vertex 2.40623 -3.60118 7.74969
    endloop
  endfacet
  facet normal -0.238303 -0.951439 0.194872
    outer loop
      vertex -0.870521 -4.3764 7.31771
      vertex -1.29529 -4.27001 7.31771
      vertex -0.887702 -4.46278 6.87496
    endloop
  endfacet
  facet normal 0.0432777 -0.881095 0.470956
    outer loop
      vertex 0 -3.94555 8.56487
      vertex 0 -4.15835 8.16675
      vertex 0.407589 -4.13833 8.16675
    endloop
  endfacet
  facet normal 0.146736 -0.989176 0
    outer loop
      vertex 0.450336 -4.57234 6.2
      vertex 0.896334 -4.50618 6.42571
      vertex 0.450336 -4.57234 6.42571
    endloop
  endfacet
  facet normal 0.146736 -0.989176 0
    outer loop
      vertex 0.896334 -4.50618 6.42571
      vertex 0.450336 -4.57234 6.2
      vertex 0.896334 -4.50618 6.2
    endloop
  endfacet
  facet normal 0.363748 -0.606862 0.706687
    outer loop
      vertex 1.71625 -2.56855 9.60837
      vertex 1.45622 -2.72441 9.60837
      vertex 1.6067 -3.00592 9.28917
    endloop
  endfacet
  facet normal 0.37818 -0.509922 0.772632
    outer loop
      vertex 1.95975 -2.38796 9.60837
      vertex 1.52238 -2.27841 9.89475
      vertex 1.71625 -2.56855 9.60837
    endloop
  endfacet
  facet normal 0.285891 -0.477002 0.831105
    outer loop
      vertex 1.52238 -2.27841 9.89475
      vertex 1.11479 -2.08563 10.1456
      vertex 1.29173 -2.41665 9.89475
    endloop
  endfacet
  facet normal 0.326364 -0.544531 0.77264
    outer loop
      vertex 1.52238 -2.27841 9.89475
      vertex 1.29173 -2.41665 9.89475
      vertex 1.45622 -2.72441 9.60837
    endloop
  endfacet
  facet normal 0.237782 -0.502717 0.831105
    outer loop
      vertex 1.11479 -2.08563 10.1456
      vertex 1.04864 -2.53163 9.89475
      vertex 1.29173 -2.41665 9.89475
    endloop
  endfacet
  facet normal 0.213876 -0.597738 0.772636
    outer loop
      vertex 1.18217 -2.85402 9.60837
      vertex 0.795443 -2.62222 9.89475
      vertex 0.896739 -2.95615 9.60837
    endloop
  endfacet
  facet normal 0.114605 -0.457532 0.881777
    outer loop
      vertex 0.686486 -2.26304 10.1456
      vertex 0.383694 -1.92896 10.3583
      vertex 0.461363 -2.31943 10.1456
    endloop
  endfacet
  facet normal 0.069222 -0.46656 0.881777
    outer loop
      vertex 0.383694 -1.92896 10.3583
      vertex 0.231797 -2.35349 10.1456
      vertex 0.461363 -2.31943 10.1456
    endloop
  endfacet
  facet normal 0.135125 -0.53945 0.831105
    outer loop
      vertex 0.795443 -2.62222 9.89475
      vertex 0.461363 -2.31943 10.1456
      vertex 0.53459 -2.68756 9.89475
    endloop
  endfacet
  facet normal 0.0816158 -0.550094 0.831105
    outer loop
      vertex 0.461363 -2.31943 10.1456
      vertex 0.231797 -2.35349 10.1456
      vertex 0.53459 -2.68756 9.89475
    endloop
  endfacet
  facet normal -0.122042 -0.822779 0.555104
    outer loop
      vertex -0.72081 -3.62376 8.94022
      vertex -0.769738 -3.86974 8.56487
      vertex -0.362149 -3.67696 8.94022
    endloop
  endfacet
  facet normal -0.187913 -0.750202 0.633945
    outer loop
      vertex -0.664941 -3.34288 9.28917
      vertex -1.07253 -3.53566 8.94022
      vertex -0.72081 -3.62376 8.94022
    endloop
  endfacet
  facet normal 0.17191 -0.686325 0.706686
    outer loop
      vertex 0.896739 -2.95615 9.60837
      vertex 0.664941 -3.34288 9.28917
      vertex 0.989399 -3.26161 9.28917
    endloop
  endfacet
  facet normal 0.18791 -0.750204 0.633943
    outer loop
      vertex 0.989399 -3.26161 9.28917
      vertex 0.664941 -3.34288 9.28917
      vertex 1.07253 -3.53566 8.94022
    endloop
  endfacet
  facet normal 0.10382 -0.699878 0.706677
    outer loop
      vertex 0.664941 -3.34288 9.28917
      vertex 0.302792 -3.0743 9.60837
      vertex 0.334079 -3.39196 9.28917
    endloop
  endfacet
  facet normal 0.0931677 -0.627976 0.772636
    outer loop
      vertex 0.53459 -2.68756 9.89475
      vertex 0.302792 -3.0743 9.60837
      vertex 0.602667 -3.02981 9.60837
    endloop
  endfacet
  facet normal 0.12204 -0.82278 0.555103
    outer loop
      vertex 0.769738 -3.86974 8.56487
      vertex 0.362149 -3.67696 8.94022
      vertex 0.386731 -3.92655 8.56487
    endloop
  endfacet
  facet normal 0.113473 -0.765008 0.633945
    outer loop
      vertex 0.664941 -3.34288 9.28917
      vertex 0.362149 -3.67696 8.94022
      vertex 0.72081 -3.62376 8.94022
    endloop
  endfacet
  facet normal 0.297193 -0.830596 0.470943
    outer loop
      vertex 1.59133 -3.84181 8.16675
      vertex 1.14533 -3.77566 8.56487
      vertex 1.2071 -3.97929 8.16675
    endloop
  endfacet
  facet normal 0.2972 -0.830589 0.47095
    outer loop
      vertex 1.5099 -3.64521 8.56487
      vertex 1.14533 -3.77566 8.56487
      vertex 1.59133 -3.84181 8.16675
    endloop
  endfacet
  facet normal 0.7422 -0.550451 0.382286
    outer loop
      vertex 3.45754 -2.31026 8.16675
      vertex 3.21445 -2.63803 8.16675
      vertex 3.60118 -2.40623 7.74969
    endloop
  endfacet
  facet normal 0.684676 -0.620549 0.382279
    outer loop
      vertex 3.21445 -2.63803 8.16675
      vertex 2.9404 -2.9404 8.16675
      vertex 3.06255 -3.06255 7.74969
    endloop
  endfacet
  facet normal 0.573048 -0.519361 0.63394
    outer loop
      vertex 2.63471 -2.16225 9.28917
      vertex 2.61259 -2.61259 8.94022
      vertex 2.85608 -2.34393 8.94022
    endloop
  endfacet
  facet normal 0.797469 -0.37716 0.470949
    outer loop
      vertex 3.84181 -1.59133 8.16675
      vertex 3.47967 -1.85992 8.56487
      vertex 3.66734 -1.96023 8.16675
    endloop
  endfacet
  facet normal 0.653635 -0.592416 0.470961
    outer loop
      vertex 3.04995 -2.50303 8.56487
      vertex 2.9404 -2.9404 8.16675
      vertex 3.21445 -2.63803 8.16675
    endloop
  endfacet
  facet normal 0.65365 -0.592409 0.47095
    outer loop
      vertex 3.04995 -2.50303 8.56487
      vertex 2.78993 -2.78993 8.56487
      vertex 2.9404 -2.9404 8.16675
    endloop
  endfacet
  facet normal 0.66334 -0.397602 0.63395
    outer loop
      vertex 3.00592 -1.6067 9.28917
      vertex 2.83396 -1.89359 9.28917
      vertex 3.07208 -2.0527 8.94022
    endloop
  endfacet
  facet normal 0.66337 -0.397582 0.633931
    outer loop
      vertex 3.25848 -1.74169 8.94022
      vertex 3.00592 -1.6067 9.28917
      vertex 3.07208 -2.0527 8.94022
    endloop
  endfacet
  facet normal 0.475155 -0.524236 0.706686
    outer loop
      vertex 2.18437 -2.18437 9.60837
      vertex 1.95975 -2.38796 9.60837
      vertex 2.16225 -2.63471 9.28917
    endloop
  endfacet
  facet normal 0.426347 -0.470387 0.772634
    outer loop
      vertex 2.18437 -2.18437 9.60837
      vertex 1.73837 -2.11822 9.89475
      vertex 1.95975 -2.38796 9.60837
    endloop
  endfacet
  facet normal 0.606862 -0.363748 0.706687
    outer loop
      vertex 2.72441 -1.45622 9.60837
      vertex 2.56855 -1.71625 9.60837
      vertex 3.00592 -1.6067 9.28917
    endloop
  endfacet
  facet normal 0.544529 -0.326387 0.772632
    outer loop
      vertex 2.72441 -1.45622 9.60837
      vertex 2.27841 -1.52238 9.89475
      vertex 2.56855 -1.71625 9.60837
    endloop
  endfacet
  facet normal 0.806854 -0.202105 0.555104
    outer loop
      vertex 3.86974 -0.769738 8.56487
      vertex 3.53566 -1.07253 8.94022
      vertex 3.77566 -1.14533 8.56487
    endloop
  endfacet
  facet normal 0.806854 -0.202103 0.555104
    outer loop
      vertex 3.62376 -0.72081 8.94022
      vertex 3.53566 -1.07253 8.94022
      vertex 3.86974 -0.769738 8.56487
    endloop
  endfacet
  facet normal 0.765011 -0.113482 0.63394
    outer loop
      vertex 3.39196 -0.334079 9.28917
      vertex 3.34288 -0.664941 9.28917
      vertex 3.67696 -0.362149 8.94022
    endloop
  endfacet
  facet normal 0.765008 -0.113473 0.633945
    outer loop
      vertex 3.67696 -0.362149 8.94022
      vertex 3.34288 -0.664941 9.28917
      vertex 3.62376 -0.72081 8.94022
    endloop
  endfacet
  facet normal 0.728172 -0.260541 0.633943
    outer loop
      vertex 3.53566 -1.07253 8.94022
      vertex 3.26161 -0.989399 9.28917
      vertex 3.41351 -1.41392 8.94022
    endloop
  endfacet
  facet normal 0.615824 -0.154255 0.772636
    outer loop
      vertex 2.68756 -0.53459 9.89475
      vertex 2.62222 -0.795443 9.89475
      vertex 2.95615 -0.896739 9.60837
    endloop
  endfacet
  facet normal 0.573898 -0.27145 0.772629
    outer loop
      vertex 2.53163 -1.04864 9.89475
      vertex 2.41665 -1.29173 9.89475
      vertex 2.85402 -1.18217 9.60837
    endloop
  endfacet
  facet normal 0.573897 -0.271421 0.77264
    outer loop
      vertex 2.85402 -1.18217 9.60837
      vertex 2.41665 -1.29173 9.89475
      vertex 2.72441 -1.45622 9.60837
    endloop
  endfacet
  facet normal 0.666168 -0.238361 0.706686
    outer loop
      vertex 2.95615 -0.896739 9.60837
      vertex 2.85402 -1.18217 9.60837
      vertex 3.26161 -0.989399 9.28917
    endloop
  endfacet
  facet normal 0.666166 -0.238349 0.706691
    outer loop
      vertex 3.26161 -0.989399 9.28917
      vertex 2.85402 -1.18217 9.60837
      vertex 3.14893 -1.30433 9.28917
    endloop
  endfacet
  facet normal 0.699868 -0.103834 0.706685
    outer loop
      vertex 3.0743 -0.302792 9.60837
      vertex 3.02981 -0.602667 9.60837
      vertex 3.34288 -0.664941 9.28917
    endloop
  endfacet
  facet normal 0.627976 -0.0931677 0.772636
    outer loop
      vertex 3.0743 -0.302792 9.60837
      vertex 2.68756 -0.53459 9.89475
      vertex 3.02981 -0.602667 9.60837
    endloop
  endfacet
  facet normal 0.360775 -0.129078 0.923678
    outer loop
      vertex 1.48296 -0.449852 10.5311
      vertex 1.43173 -0.593041 10.5311
      vertex 1.81704 -0.752644 10.3583
    endloop
  endfacet
  facet normal 0.346384 -0.163825 0.923677
    outer loop
      vertex 1.81704 -0.752644 10.3583
      vertex 1.36671 -0.73052 10.5311
      vertex 1.73452 -0.92712 10.3583
    endloop
  endfacet
  facet normal 0.523611 -0.18734 0.831105
    outer loop
      vertex 2.26304 -0.686486 10.1456
      vertex 2.18486 -0.904997 10.1456
      vertex 2.62222 -0.795443 9.89475
    endloop
  endfacet
  facet normal 0.53945 -0.135125 0.831105
    outer loop
      vertex 2.68756 -0.53459 9.89475
      vertex 2.31943 -0.461363 10.1456
      vertex 2.62222 -0.795443 9.89475
    endloop
  endfacet
  facet normal 0.471099 0.0231285 0.881777
    outer loop
      vertex 2.35349 0.231797 10.1456
      vertex 1.96675 0 10.3583
      vertex 2.36487 0 10.1456
    endloop
  endfacet
  facet normal 0.382708 0.0188004 0.923678
    outer loop
      vertex 1.95728 0.192775 10.3583
      vertex 1.54223 0.151896 10.5311
      vertex 1.96675 0 10.3583
    endloop
  endfacet
  facet normal 0.273543 0.0978688 0.956868
    outer loop
      vertex 1.48296 0.449852 10.5311
      vertex 1.03263 0.427728 10.6621
      vertex 1.06958 0.324453 10.6621
    endloop
  endfacet
  facet normal 0.283914 0.257318 0.923677
    outer loop
      vertex 1.52032 1.24769 10.3583
      vertex 1.0958 1.0958 10.5311
      vertex 1.19793 0.983114 10.5311
    endloop
  endfacet
  facet normal 0.523611 0.18734 0.831105
    outer loop
      vertex 2.53163 1.04864 9.89475
      vertex 2.18486 0.904997 10.1456
      vertex 2.62222 0.795443 9.89475
    endloop
  endfacet
  facet normal 0.262629 0.124209 0.956869
    outer loop
      vertex 1.36671 0.73052 10.5311
      vertex 0.985731 0.526884 10.6621
      vertex 1.43173 0.593041 10.5311
    endloop
  endfacet
  facet normal 0.0981319 0.00482076 0.995162
    outer loop
      vertex 0.67171 0.0661573 10.7502
      vertex 0.225711 0 10.7945
      vertex 0.67496 0 10.7502
    endloop
  endfacet
  facet normal 0.379028 0.0562115 0.923676
    outer loop
      vertex 1.92896 0.383694 10.3583
      vertex 1.51992 0.30233 10.5311
      vertex 1.54223 0.151896 10.5311
    endloop
  endfacet
  facet normal 0.287381 0.0426198 0.956868
    outer loop
      vertex 1.51992 0.30233 10.5311
      vertex 1.11233 0.109554 10.6621
      vertex 1.54223 0.151896 10.5311
    endloop
  endfacet
  facet normal 0.195149 -0.0095834 0.980727
    outer loop
      vertex 1.11771 0 10.6621
      vertex 0.67496 0 10.7502
      vertex 1.11233 -0.109554 10.6621
    endloop
  endfacet
  facet normal 0.23335 0.173064 0.956868
    outer loop
      vertex 1.28852 0.860963 10.5311
      vertex 0.864 0.709066 10.6621
      vertex 0.92934 0.620965 10.6621
    endloop
  endfacet
  facet normal -0.195099 -0.215264 0.956869
    outer loop
      vertex -0.709066 -0.864 10.6621
      vertex -1.0958 -1.0958 10.5311
      vertex -0.983114 -1.19793 10.5311
    endloop
  endfacet
  facet normal 0.116395 0.15693 0.980727
    outer loop
      vertex 0.709066 0.864 10.6621
      vertex 0.374988 0.561209 10.7502
      vertex 0.428189 0.52175 10.7502
    endloop
  endfacet
  facet normal 0.131211 0.144771 0.980727
    outer loop
      vertex 0.709066 0.864 10.6621
      vertex 0.428189 0.52175 10.7502
      vertex 0.790339 0.790339 10.6621
    endloop
  endfacet
  facet normal -0.0286716 0.19327 0.980727
    outer loop
      vertex -0.0661573 0.67171 10.7502
      vertex -0.218054 1.09623 10.6621
      vertex -0.131678 0.66199 10.7502
    endloop
  endfacet
  facet normal 0.0659832 -0.0727962 0.995162
    outer loop
      vertex 0.159601 -0.159601 10.7945
      vertex 0.143189 -0.174477 10.7945
      vertex 0.477268 -0.477268 10.7502
    endloop
  endfacet
  facet normal -0.0981318 0.00482158 0.995162
    outer loop
      vertex -0.224624 0.0221233 10.7945
      vertex -0.67171 0.0661573 10.7502
      vertex -0.225711 0 10.7945
    endloop
  endfacet
  facet normal 0.0835383 -0.176625 0.980727
    outer loop
      vertex 0.318173 -0.595262 10.7502
      vertex 0.258296 -0.623582 10.7502
      vertex 0.526884 -0.985731 10.6621
    endloop
  endfacet
  facet normal 0.12204 0.82278 0.555103
    outer loop
      vertex 0.386731 3.92655 8.56487
      vertex 0.362149 3.67696 8.94022
      vertex 0.769738 3.86974 8.56487
    endloop
  endfacet
  facet normal 0.113473 0.765008 0.633945
    outer loop
      vertex 0.72081 3.62376 8.94022
      vertex 0.362149 3.67696 8.94022
      vertex 0.664941 3.34288 9.28917
    endloop
  endfacet
  facet normal -0.135124 0.53945 0.831104
    outer loop
      vertex -0.461363 2.31943 10.1456
      vertex -0.795443 2.62222 9.89475
      vertex -0.686486 2.26304 10.1456
    endloop
  endfacet
  facet normal -0.131211 0.144771 0.980727
    outer loop
      vertex -0.428189 0.52175 10.7502
      vertex -0.790339 0.790339 10.6621
      vertex -0.477268 0.477268 10.7502
    endloop
  endfacet
  facet normal 0.0347048 0.706681 0.706681
    outer loop
      vertex 0 3.40837 9.28917
      vertex 0 3.08917 9.60837
      vertex 0.302792 3.0743 9.60837
    endloop
  endfacet
  facet normal -0.18734 0.523611 0.831105
    outer loop
      vertex -0.795443 2.62222 9.89475
      vertex -0.904997 2.18486 10.1456
      vertex -0.686486 2.26304 10.1456
    endloop
  endfacet
  facet normal 0.163825 0.346384 0.923677
    outer loop
      vertex 0.752644 1.81704 10.3583
      vertex 0.73052 1.36671 10.5311
      vertex 0.92712 1.73452 10.3583
    endloop
  endfacet
  facet normal 0.129078 0.360775 0.923678
    outer loop
      vertex 0.752644 1.81704 10.3583
      vertex 0.449852 1.48296 10.5311
      vertex 0.593041 1.43173 10.5311
    endloop
  endfacet
  facet normal 0.242492 0.404561 0.881776
    outer loop
      vertex 1.11479 2.08563 10.1456
      vertex 0.92712 1.73452 10.3583
      vertex 1.09267 1.63529 10.3583
    endloop
  endfacet
  facet normal 0.201662 0.426384 0.881776
    outer loop
      vertex 1.11479 2.08563 10.1456
      vertex 0.752644 1.81704 10.3583
      vertex 0.92712 1.73452 10.3583
    endloop
  endfacet
  facet normal -0.523611 -0.18734 0.831105
    outer loop
      vertex -2.18486 -0.904997 10.1456
      vertex -2.62222 -0.795443 9.89475
      vertex -2.53163 -1.04864 9.89475
    endloop
  endfacet
  facet normal -0.634091 0.031163 0.772631
    outer loop
      vertex -2.72702 0.268588 9.89475
      vertex -3.08917 0 9.60837
      vertex -2.74022 0 9.89475
    endloop
  endfacet
  facet normal -0.66334 0.397602 0.63395
    outer loop
      vertex -2.83396 1.89359 9.28917
      vertex -3.07208 2.0527 8.94022
      vertex -3.00592 1.6067 9.28917
    endloop
  endfacet
  facet normal -0.699878 0.10382 0.706677
    outer loop
      vertex -3.34288 0.664941 9.28917
      vertex -3.39196 0.334079 9.28917
      vertex -3.0743 0.302792 9.60837
    endloop
  endfacet
  facet normal -0.706684 0.0347124 0.706677
    outer loop
      vertex -3.39196 0.334079 9.28917
      vertex -3.40837 0 9.28917
      vertex -3.0743 0.302792 9.60837
    endloop
  endfacet
  facet normal -0.634091 -0.031163 0.772631
    outer loop
      vertex -2.74022 0 9.89475
      vertex -3.08917 0 9.60837
      vertex -2.72702 -0.268588 9.89475
    endloop
  endfacet
  facet normal -0.772449 -0.0379454 0.633942
    outer loop
      vertex -3.40837 0 9.28917
      vertex -3.69475 0 8.94022
      vertex -3.67696 -0.362149 8.94022
    endloop
  endfacet
  facet normal -0.772449 0.0379454 0.633942
    outer loop
      vertex -3.67696 0.362149 8.94022
      vertex -3.69475 0 8.94022
      vertex -3.40837 0 9.28917
    endloop
  endfacet
  facet normal -0.550094 -0.0816158 0.831105
    outer loop
      vertex -2.35349 -0.231797 10.1456
      vertex -2.68756 -0.53459 9.89475
      vertex -2.31943 -0.461363 10.1456
    endloop
  endfacet
  facet normal -0.290175 -0.01425 0.956868
    outer loop
      vertex -1.11771 0 10.6621
      vertex -1.54969 0 10.5311
      vertex -1.11233 -0.109554 10.6621
    endloop
  endfacet
  facet normal -0.475155 0.524236 0.706686
    outer loop
      vertex -2.16225 2.63471 9.28917
      vertex -2.18437 2.18437 9.60837
      vertex -1.95975 2.38796 9.60837
    endloop
  endfacet
  facet normal -0.412052 0.373483 0.831098
    outer loop
      vertex -1.93762 1.93762 9.89475
      vertex -2.11822 1.73837 9.89475
      vertex -1.67222 1.67222 10.1456
    endloop
  endfacet
  facet normal -0.379028 0.0562115 0.923676
    outer loop
      vertex -1.51992 0.30233 10.5311
      vertex -1.92896 0.383694 10.3583
      vertex -1.54223 0.151896 10.5311
    endloop
  endfacet
  facet normal -0.183964 0.0658206 0.980727
    outer loop
      vertex -0.623582 0.258296 10.7502
      vertex -1.06958 0.324453 10.6621
      vertex -0.645896 0.19593 10.7502
    endloop
  endfacet
  facet normal 0.18734 0.523611 0.831105
    outer loop
      vertex 1.04864 2.53163 9.89475
      vertex 0.795443 2.62222 9.89475
      vertex 0.904997 2.18486 10.1456
    endloop
  endfacet
  facet normal -0.135125 0.53945 0.831105
    outer loop
      vertex -0.53459 2.68756 9.89475
      vertex -0.795443 2.62222 9.89475
      vertex -0.461363 2.31943 10.1456
    endloop
  endfacet
  facet normal 0.0426198 0.287381 0.956868
    outer loop
      vertex 0.151896 1.54223 10.5311
      vertex 0.109554 1.11233 10.6621
      vertex 0.30233 1.51992 10.5311
    endloop
  endfacet
  facet normal -0.378182 0.509917 0.772634
    outer loop
      vertex -1.52238 2.27841 9.89475
      vertex -1.95975 2.38796 9.60837
      vertex -1.73837 2.11822 9.89475
    endloop
  endfacet
  facet normal -0.285891 0.477002 0.831105
    outer loop
      vertex -1.29173 2.41665 9.89475
      vertex -1.52238 2.27841 9.89475
      vertex -1.11479 2.08563 10.1456
    endloop
  endfacet
  facet normal -0.519361 0.573048 0.63394
    outer loop
      vertex -2.34393 2.85608 8.94022
      vertex -2.61259 2.61259 8.94022
      vertex -2.16225 2.63471 9.28917
    endloop
  endfacet
  facet normal -0.42147 0.568293 0.706686
    outer loop
      vertex -1.89359 2.83396 9.28917
      vertex -1.95975 2.38796 9.60837
      vertex -1.71625 2.56855 9.60837
    endloop
  endfacet
  facet normal 0.470379 0.426351 0.772638
    outer loop
      vertex 2.18437 2.18437 9.60837
      vertex 1.93762 1.93762 9.89475
      vertex 2.11822 1.73837 9.89475
    endloop
  endfacet
  facet normal 0.470387 0.426347 0.772634
    outer loop
      vertex 2.18437 2.18437 9.60837
      vertex 2.11822 1.73837 9.89475
      vertex 2.38796 1.95975 9.60837
    endloop
  endfacet
  facet normal 0.615824 0.154255 0.772636
    outer loop
      vertex 2.95615 0.896739 9.60837
      vertex 2.62222 0.795443 9.89475
      vertex 2.68756 0.53459 9.89475
    endloop
  endfacet
  facet normal 0.426384 0.201662 0.881776
    outer loop
      vertex 2.08563 1.11479 10.1456
      vertex 1.73452 0.92712 10.3583
      vertex 1.81704 0.752644 10.3583
    endloop
  endfacet
  facet normal 0.502717 0.23778 0.831105
    outer loop
      vertex 2.53163 1.04864 9.89475
      vertex 2.08563 1.11479 10.1456
      vertex 2.18486 0.904997 10.1456
    endloop
  endfacet
  facet normal 0.78316 0.280216 0.555103
    outer loop
      vertex 3.77566 1.14533 8.56487
      vertex 3.41351 1.41392 8.94022
      vertex 3.53566 1.07253 8.94022
    endloop
  endfacet
  facet normal 0.69913 0.330663 0.633939
    outer loop
      vertex 3.41351 1.41392 8.94022
      vertex 3.00592 1.6067 9.28917
      vertex 3.14893 1.30433 9.28917
    endloop
  endfacet
  facet normal 0.573016 0.519374 0.633959
    outer loop
      vertex 2.61259 2.61259 8.94022
      vertex 2.41008 2.41008 9.28917
      vertex 2.63471 2.16225 9.28917
    endloop
  endfacet
  facet normal 0.426351 0.470379 0.772638
    outer loop
      vertex 2.18437 2.18437 9.60837
      vertex 1.73837 2.11822 9.89475
      vertex 1.93762 1.93762 9.89475
    endloop
  endfacet
  facet normal 0.568293 0.42147 0.706686
    outer loop
      vertex 2.83396 1.89359 9.28917
      vertex 2.38796 1.95975 9.60837
      vertex 2.56855 1.71625 9.60837
    endloop
  endfacet
  facet normal 0.363749 0.606862 0.706687
    outer loop
      vertex 1.89359 2.83396 9.28917
      vertex 1.6067 3.00592 9.28917
      vertex 1.71625 2.56855 9.60837
    endloop
  endfacet
  facet normal 0.421471 0.568293 0.706686
    outer loop
      vertex 2.16225 2.63471 9.28917
      vertex 1.89359 2.83396 9.28917
      vertex 1.95975 2.38796 9.60837
    endloop
  endfacet
  facet normal 0.355622 0.751932 0.555096
    outer loop
      vertex 1.5099 3.64521 8.56487
      vertex 1.41392 3.41351 8.94022
      vertex 1.85992 3.47967 8.56487
    endloop
  endfacet
  facet normal 0.377159 0.797469 0.47095
    outer loop
      vertex 1.59133 3.84181 8.16675
      vertex 1.5099 3.64521 8.56487
      vertex 1.85992 3.47967 8.56487
    endloop
  endfacet
  facet normal 0.311299 0.870021 0.382304
    outer loop
      vertex 1.25725 4.14461 7.74969
      vertex 1.2071 3.97929 8.16675
      vertex 1.59133 3.84181 8.16675
    endloop
  endfacet
  facet normal 0.311298 0.870021 0.382305
    outer loop
      vertex 1.65744 4.00142 7.74969
      vertex 1.25725 4.14461 7.74969
      vertex 1.59133 3.84181 8.16675
    endloop
  endfacet
  facet normal 0.558579 0.616323 0.5551
    outer loop
      vertex 2.78993 2.78993 8.56487
      vertex 2.50303 3.04995 8.56487
      vertex 2.61259 2.61259 8.94022
    endloop
  endfacet
  facet normal 0.592409 0.65365 0.47095
    outer loop
      vertex 2.9404 2.9404 8.16675
      vertex 2.50303 3.04995 8.56487
      vertex 2.78993 2.78993 8.56487
    endloop
  endfacet
  facet normal 0.525497 0.708553 0.470961
    outer loop
      vertex 2.63803 3.21445 8.16675
      vertex 2.31026 3.45754 8.16675
      vertex 2.50303 3.04995 8.56487
    endloop
  endfacet
  facet normal 0.475055 0.792577 0.382289
    outer loop
      vertex 2.04167 3.81969 7.74969
      vertex 1.96023 3.66734 8.16675
      vertex 2.40623 3.60118 7.74969
    endloop
  endfacet
  facet normal 0.592838 0.79935 0.0978936
    outer loop
      vertex 2.91469 3.55156 6.42571
      vertex 2.52796 3.78336 6.87496
      vertex 2.88662 3.51736 6.87496
    endloop
  endfacet
  facet normal 0.768704 0.570105 0.289955
    outer loop
      vertex 3.44928 2.83075 7.31771
      vertex 3.34799 2.74762 7.74969
      vertex 3.60118 2.40623 7.74969
    endloop
  endfacet
  facet normal 0.835331 0.395067 0.382288
    outer loop
      vertex 3.81969 2.04167 7.74969
      vertex 3.66734 1.96023 8.16675
      vertex 3.84181 1.59133 8.16675
    endloop
  endfacet
  facet normal 0.653635 0.592416 0.470961
    outer loop
      vertex 3.21445 2.63803 8.16675
      vertex 2.9404 2.9404 8.16675
      vertex 3.04995 2.50303 8.56487
    endloop
  endfacet
  facet normal 0.756654 0.453523 0.470949
    outer loop
      vertex 3.66734 1.96023 8.16675
      vertex 3.28061 2.19203 8.56487
      vertex 3.47967 1.85992 8.56487
    endloop
  endfacet
  facet normal 0.998796 0.0490597 0
    outer loop
      vertex 4.59446 0 6.42571
      vertex 4.57234 0.450336 6.2
      vertex 4.57234 0.450336 6.42571
    endloop
  endfacet
  facet normal 0.998796 0.0490597 0
    outer loop
      vertex 4.57234 0.450336 6.2
      vertex 4.59446 0 6.42571
      vertex 4.59446 0 6.2
    endloop
  endfacet
  facet normal 0.993997 -0.048824 0.0979062
    outer loop
      vertex 4.59446 0 6.42571
      vertex 4.55021 0 6.87496
      vertex 4.57234 -0.450336 6.42571
    endloop
  endfacet
  facet normal 0.993996 -0.0488308 0.097913
    outer loop
      vertex 4.55021 0 6.87496
      vertex 4.5283 -0.445998 6.87496
      vertex 4.57234 -0.450336 6.42571
    endloop
  endfacet
  facet normal 0.899644 0.425507 0.0978994
    outer loop
      vertex 4.24473 1.75822 6.42571
      vertex 4.01293 2.14495 6.87496
      vertex 4.20385 1.74129 6.87496
    endloop
  endfacet
  facet normal 0.965372 0.241812 0.0978937
    outer loop
      vertex 4.39662 1.3337 6.42571
      vertex 4.35428 1.32086 6.87496
      vertex 4.46278 0.887702 6.87496
    endloop
  endfacet
  facet normal 0.970028 0.242992 0
    outer loop
      vertex 4.50618 0.896334 6.42571
      vertex 4.39662 1.3337 6.2
      vertex 4.39662 1.3337 6.42571
    endloop
  endfacet
  facet normal 0.970028 0.242992 0
    outer loop
      vertex 4.39662 1.3337 6.2
      vertex 4.50618 0.896334 6.42571
      vertex 4.50618 0.896334 6.2
    endloop
  endfacet
  facet normal 0.550451 0.7422 0.382286
    outer loop
      vertex 2.40623 3.60118 7.74969
      vertex 2.31026 3.45754 8.16675
      vertex 2.63803 3.21445 8.16675
    endloop
  endfacet
  facet normal 0.550449 0.742201 0.382288
    outer loop
      vertex 2.74762 3.34799 7.74969
      vertex 2.40623 3.60118 7.74969
      vertex 2.63803 3.21445 8.16675
    endloop
  endfacet
  facet normal 0.511638 0.853606 0.097897
    outer loop
      vertex 2.55254 3.82015 6.42571
      vertex 2.14495 4.01293 6.87496
      vertex 2.52796 3.78336 6.87496
    endloop
  endfacet
  facet normal 0.511638 0.853606 0.0978975
    outer loop
      vertex 2.16581 4.05195 6.42571
      vertex 2.14495 4.01293 6.87496
      vertex 2.55254 3.82015 6.42571
    endloop
  endfacet
  facet normal 0.40918 0.865153 0.289969
    outer loop
      vertex 2.10344 3.93526 7.31771
      vertex 1.70759 4.12248 7.31771
      vertex 2.04167 3.81969 7.74969
    endloop
  endfacet
  facet normal 0.409192 0.865151 0.289958
    outer loop
      vertex 1.70759 4.12248 7.31771
      vertex 1.65744 4.00142 7.74969
      vertex 2.04167 3.81969 7.74969
    endloop
  endfacet
  facet normal -0.946676 -0.140443 0.289967
    outer loop
      vertex -4.31025 -0.424521 7.74969
      vertex -4.44066 -0.437366 7.31771
      vertex -4.3764 -0.870521 7.31771
    endloop
  endfacet
  facet normal -0.92293 -0.045329 0.382289
    outer loop
      vertex -4.13833 -0.407589 8.16675
      vertex -4.3311 0 7.74969
      vertex -4.31025 -0.424521 7.74969
    endloop
  endfacet
  facet normal -0.946678 0.140437 0.289961
    outer loop
      vertex -4.24788 0.844955 7.74969
      vertex -4.3764 0.870521 7.31771
      vertex -4.31025 0.424521 7.74969
    endloop
  endfacet
  facet normal -0.946676 0.140443 0.289967
    outer loop
      vertex -4.3764 0.870521 7.31771
      vertex -4.44066 0.437366 7.31771
      vertex -4.31025 0.424521 7.74969
    endloop
  endfacet
  facet normal -0.857726 0.514108 0
    outer loop
      vertex -4.05195 2.16581 6.2
      vertex -3.82015 2.55254 6.42571
      vertex -3.82015 2.55254 6.2
    endloop
  endfacet
  facet normal -0.857726 0.514108 0
    outer loop
      vertex -3.82015 2.55254 6.42571
      vertex -4.05195 2.16581 6.2
      vertex -4.05195 2.16581 6.42571
    endloop
  endfacet
  facet normal -0.66337 0.397582 0.633931
    outer loop
      vertex -3.07208 2.0527 8.94022
      vertex -3.25848 1.74169 8.94022
      vertex -3.00592 1.6067 9.28917
    endloop
  endfacet
  facet normal -0.421471 0.568293 0.706686
    outer loop
      vertex -1.89359 2.83396 9.28917
      vertex -2.16225 2.63471 9.28917
      vertex -1.95975 2.38796 9.60837
    endloop
  endfacet
  facet normal -0.475053 0.792578 0.382288
    outer loop
      vertex -1.96023 3.66734 8.16675
      vertex -2.40623 3.60118 7.74969
      vertex -2.31026 3.45754 8.16675
    endloop
  endfacet
  facet normal -0.768691 0.570115 0.289969
    outer loop
      vertex -3.44928 2.83075 7.31771
      vertex -3.71014 2.47903 7.31771
      vertex -3.60118 2.40623 7.74969
    endloop
  endfacet
  facet normal -0.984424 0.146024 0.0979131
    outer loop
      vertex -4.46278 0.887702 6.87496
      vertex -4.57234 0.450336 6.42571
      vertex -4.5283 0.445998 6.87496
    endloop
  endfacet
  facet normal -0.984423 0.146031 0.0979065
    outer loop
      vertex -4.50618 0.896334 6.42571
      vertex -4.57234 0.450336 6.42571
      vertex -4.46278 0.887702 6.87496
    endloop
  endfacet
  facet normal -0.998796 -0.0490597 0
    outer loop
      vertex -4.57234 -0.450336 6.2
      vertex -4.59446 0 6.42571
      vertex -4.59446 0 6.2
    endloop
  endfacet
  facet normal -0.998796 -0.0490597 0
    outer loop
      vertex -4.59446 0 6.42571
      vertex -4.57234 -0.450336 6.2
      vertex -4.57234 -0.450336 6.42571
    endloop
  endfacet
  facet normal -0.425507 0.899644 0.0978994
    outer loop
      vertex -1.75822 4.24473 6.42571
      vertex -2.14495 4.01293 6.87496
      vertex -1.74129 4.20385 6.87496
    endloop
  endfacet
  facet normal -0.584291 0.787804 0.194856
    outer loop
      vertex -2.52796 3.78336 6.87496
      vertex -2.83075 3.44928 7.31771
      vertex -2.47903 3.71014 7.31771
    endloop
  endfacet
  facet normal -0.335267 0.937023 0.0978929
    outer loop
      vertex -1.3337 4.39662 6.42571
      vertex -1.74129 4.20385 6.87496
      vertex -1.32086 4.35428 6.87496
    endloop
  endfacet
  facet normal -0.224535 0.896341 0.382304
    outer loop
      vertex -0.811254 4.07845 8.16675
      vertex -1.25725 4.14461 7.74969
      vertex -1.2071 3.97929 8.16675
    endloop
  endfacet
  facet normal -0.740954 0.671556 0
    outer loop
      vertex -3.55156 2.91469 6.2
      vertex -3.24877 3.24877 6.42571
      vertex -3.24877 3.24877 6.2
    endloop
  endfacet
  facet normal -0.740954 0.671556 0
    outer loop
      vertex -3.24877 3.24877 6.42571
      vertex -3.55156 2.91469 6.2
      vertex -3.55156 2.91469 6.42571
    endloop
  endfacet
  facet normal -0.658669 0.726761 0.194868
    outer loop
      vertex -2.88662 3.51736 6.87496
      vertex -3.21749 3.21749 6.87496
      vertex -2.83075 3.44928 7.31771
    endloop
  endfacet
  facet normal -0.336879 0.941548 0
    outer loop
      vertex -1.3337 4.39662 6.2
      vertex -1.75822 4.24473 6.42571
      vertex -1.3337 4.39662 6.42571
    endloop
  endfacet
  facet normal -0.336879 0.941548 0
    outer loop
      vertex -1.75822 4.24473 6.42571
      vertex -1.3337 4.39662 6.2
      vertex -1.75822 4.24473 6.2
    endloop
  endfacet
  facet normal -0.803206 0.595701 0
    outer loop
      vertex -3.82015 2.55254 6.2
      vertex -3.55156 2.91469 6.42571
      vertex -3.55156 2.91469 6.2
    endloop
  endfacet
  facet normal -0.803206 0.595701 0
    outer loop
      vertex -3.55156 2.91469 6.42571
      vertex -3.82015 2.55254 6.2
      vertex -3.82015 2.55254 6.42571
    endloop
  endfacet
  facet normal -0.514108 0.857726 0
    outer loop
      vertex -2.16581 4.05195 6.2
      vertex -2.55254 3.82015 6.42571
      vertex -2.16581 4.05195 6.42571
    endloop
  endfacet
  facet normal -0.514108 0.857726 0
    outer loop
      vertex -2.55254 3.82015 6.42571
      vertex -2.16581 4.05195 6.2
      vertex -2.55254 3.82015 6.2
    endloop
  endfacet
  facet normal -0.841287 0.504248 0.19486
    outer loop
      vertex -3.71014 2.47903 7.31771
      vertex -4.01293 2.14495 6.87496
      vertex -3.93526 2.10344 7.31771
    endloop
  endfacet
  facet normal -0.768704 0.570105 0.289955
    outer loop
      vertex -3.44928 2.83075 7.31771
      vertex -3.60118 2.40623 7.74969
      vertex -3.34799 2.74762 7.74969
    endloop
  endfacet
  facet normal -0.0971868 -0.0144177 0.995162
    outer loop
      vertex -0.221374 -0.044034 10.7945
      vertex -0.67171 -0.0661573 10.7502
      vertex -0.66199 -0.131678 10.7502
    endloop
  endfacet
  facet normal 0.0144157 -0.0971869 0.995162
    outer loop
      vertex 0.044034 -0.221374 10.7945
      vertex 0.0221233 -0.224624 10.7945
      vertex 0.0661573 -0.67171 10.7502
    endloop
  endfacet
  facet normal -0.0727993 -0.0659805 0.995162
    outer loop
      vertex -0.174477 -0.143189 10.7945
      vertex -0.52175 -0.428189 10.7502
      vertex -0.477268 -0.477268 10.7502
    endloop
  endfacet
  facet normal -0.444096 -0.158891 0.881778
    outer loop
      vertex -1.88206 -0.570918 10.3583
      vertex -2.26304 -0.686486 10.1456
      vertex -2.18486 -0.904997 10.1456
    endloop
  endfacet
  facet normal 0.0981318 -0.00482158 0.995162
    outer loop
      vertex 0.225711 0 10.7945
      vertex 0.224624 -0.0221233 10.7945
      vertex 0.67171 -0.0661573 10.7502
    endloop
  endfacet
  facet normal -0.378846 -0.28097 0.881778
    outer loop
      vertex -1.63529 -1.09267 10.3583
      vertex -1.96632 -1.31385 10.1456
      vertex -1.52032 -1.24769 10.3583
    endloop
  endfacet
  facet normal -0.193267 -0.0286784 0.980727
    outer loop
      vertex -0.67171 -0.0661573 10.7502
      vertex -1.11233 -0.109554 10.6621
      vertex -1.09623 -0.218054 10.6621
    endloop
  endfacet
  facet normal -0.281813 -0.0705862 0.95687
    outer loop
      vertex -1.09623 -0.218054 10.6621
      vertex -1.51992 -0.30233 10.5311
      vertex -1.06958 -0.324453 10.6621
    endloop
  endfacet
  facet normal -0.262629 -0.124209 0.956869
    outer loop
      vertex -0.985731 -0.526884 10.6621
      vertex -1.43173 -0.593041 10.5311
      vertex -1.36671 -0.73052 10.5311
    endloop
  endfacet
  facet normal -0.346384 0.163825 0.923677
    outer loop
      vertex -1.73452 0.92712 10.3583
      vertex -1.81704 0.752644 10.3583
      vertex -1.36671 0.73052 10.5311
    endloop
  endfacet
  facet normal -0.0187957 -0.382707 0.923679
    outer loop
      vertex 0 -1.54969 10.5311
      vertex -0.151896 -1.54223 10.5311
      vertex 0 -1.96675 10.3583
    endloop
  endfacet
  facet normal -0.0142512 -0.290175 0.956867
    outer loop
      vertex -0.109554 -1.11233 10.6621
      vertex -0.151896 -1.54223 10.5311
      vertex 0 -1.54969 10.5311
    endloop
  endfacet
  facet normal -0.360775 -0.129078 0.923678
    outer loop
      vertex -1.48296 -0.449852 10.5311
      vertex -1.81704 -0.752644 10.3583
      vertex -1.43173 -0.593041 10.5311
    endloop
  endfacet
  facet normal -0.502717 -0.23778 0.831105
    outer loop
      vertex -2.18486 -0.904997 10.1456
      vertex -2.53163 -1.04864 9.89475
      vertex -2.08563 -1.11479 10.1456
    endloop
  endfacet
  facet normal -0.228253 -0.307765 0.923678
    outer loop
      vertex -0.860963 -1.28852 10.5311
      vertex -1.24769 -1.52032 10.3583
      vertex -1.09267 -1.63529 10.3583
    endloop
  endfacet
  facet normal -0.135125 -0.53945 0.831105
    outer loop
      vertex -0.461363 -2.31943 10.1456
      vertex -0.795443 -2.62222 9.89475
      vertex -0.53459 -2.68756 9.89475
    endloop
  endfacet
  facet normal 0.0727962 -0.0659832 0.995162
    outer loop
      vertex 0.174477 -0.143189 10.7945
      vertex 0.159601 -0.159601 10.7945
      vertex 0.477268 -0.477268 10.7502
    endloop
  endfacet
  facet normal -0.0981319 -0.00482076 0.995162
    outer loop
      vertex -0.225711 0 10.7945
      vertex -0.67496 0 10.7502
      vertex -0.67171 -0.0661573 10.7502
    endloop
  endfacet
  facet normal 0.0474739 -0.18953 0.980727
    outer loop
      vertex 0.19593 -0.645896 10.7502
      vertex 0.131678 -0.66199 10.7502
      vertex 0.218054 -1.09623 10.6621
    endloop
  endfacet
  facet normal 0.088817 -0.0420077 0.995162
    outer loop
      vertex 0.623582 -0.258296 10.7502
      vertex 0.199059 -0.1064 10.7945
      vertex 0.595262 -0.318173 10.7502
    endloop
  endfacet
  facet normal 0.0925074 -0.0330983 0.995162
    outer loop
      vertex 0.645896 -0.19593 10.7502
      vertex 0.215992 -0.0655203 10.7945
      vertex 0.623582 -0.258296 10.7502
    endloop
  endfacet
  facet normal 0.0789137 -0.05853 0.995162
    outer loop
      vertex 0.561209 -0.374988 10.7502
      vertex 0.174477 -0.143189 10.7945
      vertex 0.52175 -0.428189 10.7502
    endloop
  endfacet
  facet normal 0.0727993 -0.0659805 0.995162
    outer loop
      vertex 0.52175 -0.428189 10.7502
      vertex 0.174477 -0.143189 10.7945
      vertex 0.477268 -0.477268 10.7502
    endloop
  endfacet
  facet normal 0.287371 0.0426421 0.95687
    outer loop
      vertex 1.51992 0.30233 10.5311
      vertex 1.09623 0.218054 10.6621
      vertex 1.11233 0.109554 10.6621
    endloop
  endfacet
  facet normal 0.19327 0.0286716 0.980727
    outer loop
      vertex 1.09623 0.218054 10.6621
      vertex 0.66199 0.131678 10.7502
      vertex 0.67171 0.0661573 10.7502
    endloop
  endfacet
  facet normal 0.379028 -0.0562115 0.923676
    outer loop
      vertex 1.54223 -0.151896 10.5311
      vertex 1.51992 -0.30233 10.5311
      vertex 1.92896 -0.383694 10.3583
    endloop
  endfacet
  facet normal 0.287381 -0.0426198 0.956868
    outer loop
      vertex 1.54223 -0.151896 10.5311
      vertex 1.11233 -0.109554 10.6621
      vertex 1.51992 -0.30233 10.5311
    endloop
  endfacet
  facet normal 0.346384 -0.163821 0.923678
    outer loop
      vertex 1.43173 -0.593041 10.5311
      vertex 1.36671 -0.73052 10.5311
      vertex 1.81704 -0.752644 10.3583
    endloop
  endfacet
  facet normal 0.0505101 0.0842724 0.995162
    outer loop
      vertex 0.318173 0.595262 10.7502
      vertex 0.1064 0.199059 10.7945
      vertex 0.374988 0.561209 10.7502
    endloop
  endfacet
  facet normal -0.129444 -0.872609 0.470954
    outer loop
      vertex -0.769738 -3.86974 8.56487
      vertex -0.811254 -4.07845 8.16675
      vertex -0.407589 -4.13833 8.16675
    endloop
  endfacet
  facet normal -0.238322 -0.951438 0.194854
    outer loop
      vertex -1.29529 -4.27001 7.31771
      vertex -1.32086 -4.35428 6.87496
      vertex -0.887702 -4.46278 6.87496
    endloop
  endfacet
  facet normal -0.0488308 -0.993996 0.097913
    outer loop
      vertex -0.445998 -4.5283 6.87496
      vertex -0.450336 -4.57234 6.42571
      vertex 0 -4.55021 6.87496
    endloop
  endfacet
  facet normal -0.592409 -0.65365 0.47095
    outer loop
      vertex -2.78993 -2.78993 8.56487
      vertex -2.9404 -2.9404 8.16675
      vertex -2.50303 -3.04995 8.56487
    endloop
  endfacet
  facet normal -0.525497 -0.708553 0.470961
    outer loop
      vertex -2.50303 -3.04995 8.56487
      vertex -2.63803 -3.21445 8.16675
      vertex -2.31026 -3.45754 8.16675
    endloop
  endfacet
  facet normal -0.28023 -0.783161 0.555095
    outer loop
      vertex -1.41392 -3.41351 8.94022
      vertex -1.5099 -3.64521 8.56487
      vertex -1.14533 -3.77566 8.56487
    endloop
  endfacet
  facet normal -0.280216 -0.78316 0.555103
    outer loop
      vertex -1.07253 -3.53566 8.94022
      vertex -1.41392 -3.41351 8.94022
      vertex -1.14533 -3.77566 8.56487
    endloop
  endfacet
  facet normal 0.280216 -0.78316 0.555103
    outer loop
      vertex 1.41392 -3.41351 8.94022
      vertex 1.07253 -3.53566 8.94022
      vertex 1.14533 -3.77566 8.56487
    endloop
  endfacet
  facet normal 0.28023 -0.783161 0.555095
    outer loop
      vertex 1.41392 -3.41351 8.94022
      vertex 1.14533 -3.77566 8.56487
      vertex 1.5099 -3.64521 8.56487
    endloop
  endfacet
  facet normal 0.495508 -0.668087 0.555096
    outer loop
      vertex 2.34393 -2.85608 8.94022
      vertex 2.0527 -3.07208 8.94022
      vertex 2.19203 -3.28061 8.56487
    endloop
  endfacet
  facet normal 0.460716 -0.621178 0.633939
    outer loop
      vertex 2.16225 -2.63471 9.28917
      vertex 2.0527 -3.07208 8.94022
      vertex 2.34393 -2.85608 8.94022
    endloop
  endfacet
  facet normal 0.404562 -0.242481 0.881778
    outer loop
      vertex 2.08563 -1.11479 10.1456
      vertex 1.63529 -1.09267 10.3583
      vertex 1.96632 -1.31385 10.1456
    endloop
  endfacet
  facet normal 0.404561 -0.242492 0.881776
    outer loop
      vertex 1.73452 -0.92712 10.3583
      vertex 1.63529 -1.09267 10.3583
      vertex 2.08563 -1.11479 10.1456
    endloop
  endfacet
  facet normal 0.15693 -0.116395 0.980727
    outer loop
      vertex 0.561209 -0.374988 10.7502
      vertex 0.52175 -0.428189 10.7502
      vertex 0.864 -0.709066 10.6621
    endloop
  endfacet
  facet normal 0.283914 -0.257318 0.923677
    outer loop
      vertex 1.19793 -0.983114 10.5311
      vertex 1.0958 -1.0958 10.5311
      vertex 1.52032 -1.24769 10.3583
    endloop
  endfacet
  facet normal 0.373456 -0.41206 0.831106
    outer loop
      vertex 1.67222 -1.67222 10.1456
      vertex 1.50026 -1.82807 10.1456
      vertex 1.73837 -2.11822 9.89475
    endloop
  endfacet
  facet normal 0.41206 -0.373456 0.831106
    outer loop
      vertex 1.82807 -1.50026 10.1456
      vertex 1.67222 -1.67222 10.1456
      vertex 2.11822 -1.73837 9.89475
    endloop
  endfacet
  facet normal 0.173064 -0.23335 0.956868
    outer loop
      vertex 0.709066 -0.864 10.6621
      vertex 0.620965 -0.92934 10.6621
      vertex 0.860963 -1.28852 10.5311
    endloop
  endfacet
  facet normal 0.173059 -0.233352 0.956869
    outer loop
      vertex 0.983114 -1.19793 10.5311
      vertex 0.709066 -0.864 10.6621
      vertex 0.860963 -1.28852 10.5311
    endloop
  endfacet
  facet normal 0.0188004 -0.382708 0.923678
    outer loop
      vertex 0.151896 -1.54223 10.5311
      vertex 0 -1.96675 10.3583
      vertex 0.192775 -1.95728 10.3583
    endloop
  endfacet
  facet normal 0.0562223 -0.379022 0.923678
    outer loop
      vertex 0.383694 -1.92896 10.3583
      vertex 0.151896 -1.54223 10.5311
      vertex 0.192775 -1.95728 10.3583
    endloop
  endfacet
  facet normal 0.100446 -0.167588 0.980727
    outer loop
      vertex 0.374988 -0.561209 10.7502
      vertex 0.318173 -0.595262 10.7502
      vertex 0.526884 -0.985731 10.6621
    endloop
  endfacet
  facet normal 0.0330983 -0.0925074 0.995162
    outer loop
      vertex 0.258296 -0.623582 10.7502
      vertex 0.0655203 -0.215992 10.7945
      vertex 0.19593 -0.645896 10.7502
    endloop
  endfacet
  facet normal 0.124209 -0.262629 0.956869
    outer loop
      vertex 0.73052 -1.36671 10.5311
      vertex 0.526884 -0.985731 10.6621
      vertex 0.593041 -1.43173 10.5311
    endloop
  endfacet
  facet normal 0.196998 -0.328649 0.923678
    outer loop
      vertex 0.860963 -1.28852 10.5311
      vertex 0.73052 -1.36671 10.5311
      vertex 1.09267 -1.63529 10.3583
    endloop
  endfacet
  facet normal 0.201671 -0.426375 0.881779
    outer loop
      vertex 1.11479 -2.08563 10.1456
      vertex 0.752644 -1.81704 10.3583
      vertex 0.904997 -2.18486 10.1456
    endloop
  endfacet
  facet normal 0.0931078 -0.371685 0.923678
    outer loop
      vertex 0.449852 -1.48296 10.5311
      vertex 0.383694 -1.92896 10.3583
      vertex 0.570918 -1.88206 10.3583
    endloop
  endfacet
  facet normal 0.0272691 -0.555439 0.83111
    outer loop
      vertex 0 -2.36487 10.1456
      vertex 0 -2.74022 9.89475
      vertex 0.231797 -2.35349 10.1456
    endloop
  endfacet
  facet normal -0.0231285 -0.471099 0.881777
    outer loop
      vertex 0 -1.96675 10.3583
      vertex -0.231797 -2.35349 10.1456
      vertex 0 -2.36487 10.1456
    endloop
  endfacet
  facet normal -0.237782 -0.502717 0.831105
    outer loop
      vertex -1.11479 -2.08563 10.1456
      vertex -1.29173 -2.41665 9.89475
      vertex -1.04864 -2.53163 9.89475
    endloop
  endfacet
  facet normal -0.129081 -0.360772 0.923678
    outer loop
      vertex -0.449852 -1.48296 10.5311
      vertex -0.752644 -1.81704 10.3583
      vertex -0.570918 -1.88206 10.3583
    endloop
  endfacet
  facet normal -0.0347124 -0.706684 0.706677
    outer loop
      vertex -0.302792 -3.0743 9.60837
      vertex -0.334079 -3.39196 9.28917
      vertex 0 -3.40837 9.28917
    endloop
  endfacet
  facet normal -0.113473 -0.765008 0.633945
    outer loop
      vertex -0.664941 -3.34288 9.28917
      vertex -0.72081 -3.62376 8.94022
      vertex -0.362149 -3.67696 8.94022
    endloop
  endfacet
  facet normal -0.965368 -0.241824 0.0979063
    outer loop
      vertex -4.46278 -0.887702 6.87496
      vertex -4.50618 -0.896334 6.42571
      vertex -4.39662 -1.3337 6.42571
    endloop
  endfacet
  facet normal -0.984423 -0.146031 0.0979065
    outer loop
      vertex -4.46278 -0.887702 6.87496
      vertex -4.57234 -0.450336 6.42571
      vertex -4.50618 -0.896334 6.42571
    endloop
  endfacet
  facet normal -0.937023 -0.335267 0.0978929
    outer loop
      vertex -4.35428 -1.32086 6.87496
      vertex -4.39662 -1.3337 6.42571
      vertex -4.20385 -1.74129 6.87496
    endloop
  endfacet
  facet normal -0.923498 -0.330428 0.194855
    outer loop
      vertex -4.27001 -1.29529 7.31771
      vertex -4.35428 -1.32086 6.87496
      vertex -4.20385 -1.74129 6.87496
    endloop
  endfacet
  facet normal -0.946678 -0.140437 0.289961
    outer loop
      vertex -4.31025 -0.424521 7.74969
      vertex -4.3764 -0.870521 7.31771
      vertex -4.24788 -0.844955 7.74969
    endloop
  endfacet
  facet normal -0.970214 -0.143934 0.194855
    outer loop
      vertex -4.44066 -0.437366 7.31771
      vertex -4.5283 -0.445998 6.87496
      vertex -4.3764 -0.870521 7.31771
    endloop
  endfacet
  facet normal -0.855727 -0.214346 0.470943
    outer loop
      vertex -3.86974 -0.769738 8.56487
      vertex -3.97929 -1.2071 8.16675
      vertex -3.77566 -1.14533 8.56487
    endloop
  endfacet
  facet normal -0.896341 -0.224535 0.382304
    outer loop
      vertex -4.07845 -0.811254 8.16675
      vertex -4.14461 -1.25725 7.74969
      vertex -3.97929 -1.2071 8.16675
    endloop
  endfacet
  facet normal -0.865151 -0.409192 0.289958
    outer loop
      vertex -4.00142 -1.65744 7.74969
      vertex -4.12248 -1.70759 7.31771
      vertex -3.81969 -2.04167 7.74969
    endloop
  endfacet
  facet normal -0.835317 -0.395081 0.382304
    outer loop
      vertex -3.84181 -1.59133 8.16675
      vertex -4.00142 -1.65744 7.74969
      vertex -3.81969 -2.04167 7.74969
    endloop
  endfacet
  facet normal -0.426347 -0.470387 0.772634
    outer loop
      vertex -1.73837 -2.11822 9.89475
      vertex -2.18437 -2.18437 9.60837
      vertex -1.95975 -2.38796 9.60837
    endloop
  endfacet
  facet normal -0.558579 -0.616323 0.5551
    outer loop
      vertex -2.61259 -2.61259 8.94022
      vertex -2.78993 -2.78993 8.56487
      vertex -2.50303 -3.04995 8.56487
    endloop
  endfacet
  facet normal -0.642714 -0.709115 0.289956
    outer loop
      vertex -2.74762 -3.34799 7.74969
      vertex -3.06255 -3.06255 7.74969
      vertex -2.83075 -3.44928 7.31771
    endloop
  endfacet
  facet normal -0.570105 -0.768704 0.289955
    outer loop
      vertex -2.74762 -3.34799 7.74969
      vertex -2.83075 -3.44928 7.31771
      vertex -2.40623 -3.60118 7.74969
    endloop
  endfacet
  facet normal -0.709121 -0.642702 0.289967
    outer loop
      vertex -3.06255 -3.06255 7.74969
      vertex -3.44928 -2.83075 7.31771
      vertex -3.15521 -3.15521 7.31771
    endloop
  endfacet
  facet normal -0.857726 -0.514108 0
    outer loop
      vertex -3.82015 -2.55254 6.2
      vertex -4.05195 -2.16581 6.42571
      vertex -4.05195 -2.16581 6.2
    endloop
  endfacet
  facet normal -0.857726 -0.514108 0
    outer loop
      vertex -4.05195 -2.16581 6.42571
      vertex -3.82015 -2.55254 6.2
      vertex -3.82015 -2.55254 6.42571
    endloop
  endfacet
  facet normal -0.595701 -0.803206 0
    outer loop
      vertex -2.91469 -3.55156 6.2
      vertex -2.55254 -3.82015 6.42571
      vertex -2.91469 -3.55156 6.42571
    endloop
  endfacet
  facet normal -0.595701 -0.803206 -0
    outer loop
      vertex -2.55254 -3.82015 6.42571
      vertex -2.91469 -3.55156 6.2
      vertex -2.55254 -3.82015 6.2
    endloop
  endfacet
  facet normal -0.584291 -0.787804 0.194856
    outer loop
      vertex -2.47903 -3.71014 7.31771
      vertex -2.83075 -3.44928 7.31771
      vertex -2.52796 -3.78336 6.87496
    endloop
  endfacet
  facet normal -0.740954 -0.671556 0
    outer loop
      vertex -3.24877 -3.24877 6.2
      vertex -3.55156 -2.91469 6.42571
      vertex -3.55156 -2.91469 6.2
    endloop
  endfacet
  facet normal -0.740954 -0.671556 0
    outer loop
      vertex -3.55156 -2.91469 6.42571
      vertex -3.24877 -3.24877 6.2
      vertex -3.24877 -3.24877 6.42571
    endloop
  endfacet
  facet normal -0.737396 -0.668332 0.0978768
    outer loop
      vertex -3.21749 -3.21749 6.87496
      vertex -3.55156 -2.91469 6.42571
      vertex -3.24877 -3.24877 6.42571
    endloop
  endfacet
  facet normal -0.853606 -0.511638 0.0978975
    outer loop
      vertex -4.01293 -2.14495 6.87496
      vertex -4.05195 -2.16581 6.42571
      vertex -3.82015 -2.55254 6.42571
    endloop
  endfacet
  facet normal -0.899643 -0.425509 0.0978969
    outer loop
      vertex -4.01293 -2.14495 6.87496
      vertex -4.24473 -1.75822 6.42571
      vertex -4.05195 -2.16581 6.42571
    endloop
  endfacet
  facet normal -0.792578 -0.475053 0.382288
    outer loop
      vertex -3.45754 -2.31026 8.16675
      vertex -3.66734 -1.96023 8.16675
      vertex -3.60118 -2.40623 7.74969
    endloop
  endfacet
  facet normal -0.7422 -0.550451 0.382286
    outer loop
      vertex -3.45754 -2.31026 8.16675
      vertex -3.60118 -2.40623 7.74969
      vertex -3.21445 -2.63803 8.16675
    endloop
  endfacet
  facet normal -0.783161 -0.28023 0.555095
    outer loop
      vertex -3.41351 -1.41392 8.94022
      vertex -3.77566 -1.14533 8.56487
      vertex -3.64521 -1.5099 8.56487
    endloop
  endfacet
  facet normal -0.830589 -0.2972 0.47095
    outer loop
      vertex -3.77566 -1.14533 8.56487
      vertex -3.84181 -1.59133 8.16675
      vertex -3.64521 -1.5099 8.56487
    endloop
  endfacet
  facet normal -0.639603 -0.302496 0.706686
    outer loop
      vertex -2.85402 -1.18217 9.60837
      vertex -3.00592 -1.6067 9.28917
      vertex -2.72441 -1.45622 9.60837
    endloop
  endfacet
  facet normal -0.47516 -0.524235 0.706683
    outer loop
      vertex -2.18437 -2.18437 9.60837
      vertex -2.41008 -2.41008 9.28917
      vertex -2.16225 -2.63471 9.28917
    endloop
  endfacet
  facet normal -0.830778 -0.0408159 0.555106
    outer loop
      vertex -3.69475 0 8.94022
      vertex -3.94555 0 8.56487
      vertex -3.92655 -0.386731 8.56487
    endloop
  endfacet
  facet normal -0.88109 -0.0432877 0.470964
    outer loop
      vertex -3.94555 0 8.56487
      vertex -4.13833 -0.407589 8.16675
      vertex -3.92655 -0.386731 8.56487
    endloop
  endfacet
  facet normal 0.330444 -0.923488 0.194873
    outer loop
      vertex 1.70759 -4.12248 7.31771
      vertex 1.29529 -4.27001 7.31771
      vertex 1.74129 -4.20385 6.87496
    endloop
  endfacet
  facet normal 0.492017 -0.820876 0.289968
    outer loop
      vertex 2.40623 -3.60118 7.74969
      vertex 2.04167 -3.81969 7.74969
      vertex 2.10344 -3.93526 7.31771
    endloop
  endfacet
  facet normal 0.419354 -0.886663 0.194861
    outer loop
      vertex 2.10344 -3.93526 7.31771
      vertex 1.70759 -4.12248 7.31771
      vertex 2.14495 -4.01293 6.87496
    endloop
  endfacet
  facet normal 0.419364 -0.886656 0.194872
    outer loop
      vertex 2.14495 -4.01293 6.87496
      vertex 1.70759 -4.12248 7.31771
      vertex 1.74129 -4.20385 6.87496
    endloop
  endfacet
  facet normal 0.146024 -0.984424 0.0979131
    outer loop
      vertex 0.887702 -4.46278 6.87496
      vertex 0.445998 -4.5283 6.87496
      vertex 0.450336 -4.57234 6.42571
    endloop
  endfacet
  facet normal 0.146031 -0.984423 0.0979065
    outer loop
      vertex 0.887702 -4.46278 6.87496
      vertex 0.450336 -4.57234 6.42571
      vertex 0.896334 -4.50618 6.42571
    endloop
  endfacet
  facet normal 0.13559 -0.914042 0.382285
    outer loop
      vertex 0.811254 -4.07845 8.16675
      vertex 0.407589 -4.13833 8.16675
      vertex 0.844955 -4.24788 7.74969
    endloop
  endfacet
  facet normal 0.0481261 -0.979651 0.194855
    outer loop
      vertex 0.437366 -4.44066 7.31771
      vertex 0 -4.55021 6.87496
      vertex 0.445998 -4.5283 6.87496
    endloop
  endfacet
  facet normal 0.584291 -0.787804 0.194856
    outer loop
      vertex 2.83075 -3.44928 7.31771
      vertex 2.47903 -3.71014 7.31771
      vertex 2.52796 -3.78336 6.87496
    endloop
  endfacet
  facet normal 0.570115 -0.768691 0.289969
    outer loop
      vertex 2.83075 -3.44928 7.31771
      vertex 2.40623 -3.60118 7.74969
      vertex 2.47903 -3.71014 7.31771
    endloop
  endfacet
  facet normal 0.620554 -0.684667 0.382288
    outer loop
      vertex 3.06255 -3.06255 7.74969
      vertex 2.63803 -3.21445 8.16675
      vertex 2.74762 -3.34799 7.74969
    endloop
  endfacet
  facet normal 0.550449 -0.742201 0.382288
    outer loop
      vertex 2.63803 -3.21445 8.16675
      vertex 2.40623 -3.60118 7.74969
      vertex 2.74762 -3.34799 7.74969
    endloop
  endfacet
  facet normal 0.658669 -0.726761 0.194868
    outer loop
      vertex 3.21749 -3.21749 6.87496
      vertex 2.83075 -3.44928 7.31771
      vertex 2.88662 -3.51736 6.87496
    endloop
  endfacet
  facet normal 0.584279 -0.78781 0.194868
    outer loop
      vertex 2.83075 -3.44928 7.31771
      vertex 2.52796 -3.78336 6.87496
      vertex 2.88662 -3.51736 6.87496
    endloop
  endfacet
  facet normal 0.803206 -0.595701 0
    outer loop
      vertex 3.55156 -2.91469 6.42571
      vertex 3.82015 -2.55254 6.2
      vertex 3.82015 -2.55254 6.42571
    endloop
  endfacet
  facet normal 0.803206 -0.595701 0
    outer loop
      vertex 3.82015 -2.55254 6.2
      vertex 3.55156 -2.91469 6.42571
      vertex 3.55156 -2.91469 6.2
    endloop
  endfacet
  facet normal 0.989176 -0.146736 0
    outer loop
      vertex 4.50618 -0.896334 6.42571
      vertex 4.57234 -0.450336 6.2
      vertex 4.57234 -0.450336 6.42571
    endloop
  endfacet
  facet normal 0.989176 -0.146736 0
    outer loop
      vertex 4.57234 -0.450336 6.2
      vertex 4.50618 -0.896334 6.42571
      vertex 4.50618 -0.896334 6.2
    endloop
  endfacet
  facet normal 0.903986 -0.427563 0
    outer loop
      vertex 4.05195 -2.16581 6.42571
      vertex 4.24473 -1.75822 6.2
      vertex 4.24473 -1.75822 6.42571
    endloop
  endfacet
  facet normal 0.903986 -0.427563 0
    outer loop
      vertex 4.24473 -1.75822 6.2
      vertex 4.05195 -2.16581 6.42571
      vertex 4.05195 -2.16581 6.2
    endloop
  endfacet
  facet normal 0.899643 -0.425509 0.0978969
    outer loop
      vertex 4.24473 -1.75822 6.42571
      vertex 4.01293 -2.14495 6.87496
      vertex 4.05195 -2.16581 6.42571
    endloop
  endfacet
  facet normal 0.79935 -0.592838 0.0978936
    outer loop
      vertex 3.78336 -2.52796 6.87496
      vertex 3.51736 -2.88662 6.87496
      vertex 3.55156 -2.91469 6.42571
    endloop
  endfacet
  facet normal 0.78781 -0.584279 0.194868
    outer loop
      vertex 3.78336 -2.52796 6.87496
      vertex 3.44928 -2.83075 7.31771
      vertex 3.51736 -2.88662 6.87496
    endloop
  endfacet
  facet normal 0.865153 -0.40918 0.289969
    outer loop
      vertex 4.12248 -1.70759 7.31771
      vertex 3.81969 -2.04167 7.74969
      vertex 3.93526 -2.10344 7.31771
    endloop
  endfacet
  facet normal 0.937023 -0.335267 0.0978929
    outer loop
      vertex 4.35428 -1.32086 6.87496
      vertex 4.20385 -1.74129 6.87496
      vertex 4.39662 -1.3337 6.42571
    endloop
  endfacet
  facet normal 0.886656 -0.419364 0.194872
    outer loop
      vertex 4.12248 -1.70759 7.31771
      vertex 4.01293 -2.14495 6.87496
      vertex 4.20385 -1.74129 6.87496
    endloop
  endfacet
  facet normal 0.820876 -0.492017 0.289968
    outer loop
      vertex 3.81969 -2.04167 7.74969
      vertex 3.60118 -2.40623 7.74969
      vertex 3.93526 -2.10344 7.31771
    endloop
  endfacet
  facet normal -0.224515 0.896354 0.382285
    outer loop
      vertex -0.844955 4.24788 7.74969
      vertex -1.25725 4.14461 7.74969
      vertex -0.811254 4.07845 8.16675
    endloop
  endfacet
  facet normal -0.40918 0.865153 0.289969
    outer loop
      vertex -1.70759 4.12248 7.31771
      vertex -2.10344 3.93526 7.31771
      vertex -2.04167 3.81969 7.74969
    endloop
  endfacet
  facet normal -0.0408159 0.830778 0.555106
    outer loop
      vertex 0 3.94555 8.56487
      vertex -0.386731 3.92655 8.56487
      vertex 0 3.69475 8.94022
    endloop
  endfacet
  facet normal -0.214346 0.855727 0.470943
    outer loop
      vertex -0.769738 3.86974 8.56487
      vertex -1.2071 3.97929 8.16675
      vertex -1.14533 3.77566 8.56487
    endloop
  endfacet
  facet normal -0.17191 0.686325 0.706686
    outer loop
      vertex -0.664941 3.34288 9.28917
      vertex -0.989399 3.26161 9.28917
      vertex -0.896739 2.95615 9.60837
    endloop
  endfacet
  facet normal -0.171913 0.686326 0.706685
    outer loop
      vertex -0.664941 3.34288 9.28917
      vertex -0.896739 2.95615 9.60837
      vertex -0.602667 3.02981 9.60837
    endloop
  endfacet
  facet normal -0.453523 0.756654 0.470949
    outer loop
      vertex -1.96023 3.66734 8.16675
      vertex -2.19203 3.28061 8.56487
      vertex -1.85992 3.47967 8.56487
    endloop
  endfacet
  facet normal -0.355622 0.751932 0.555096
    outer loop
      vertex -1.5099 3.64521 8.56487
      vertex -1.85992 3.47967 8.56487
      vertex -1.41392 3.41351 8.94022
    endloop
  endfacet
  facet normal -0.355641 0.751909 0.555114
    outer loop
      vertex -1.41392 3.41351 8.94022
      vertex -1.85992 3.47967 8.56487
      vertex -1.74169 3.25848 8.94022
    endloop
  endfacet
  facet normal -0.397582 0.66337 0.633931
    outer loop
      vertex -1.74169 3.25848 8.94022
      vertex -2.0527 3.07208 8.94022
      vertex -1.6067 3.00592 9.28917
    endloop
  endfacet
  facet normal -0.326364 0.544531 0.77264
    outer loop
      vertex -1.45622 2.72441 9.60837
      vertex -1.52238 2.27841 9.89475
      vertex -1.29173 2.41665 9.89475
    endloop
  endfacet
  facet normal -0.271421 0.573897 0.77264
    outer loop
      vertex -1.18217 2.85402 9.60837
      vertex -1.45622 2.72441 9.60837
      vertex -1.29173 2.41665 9.89475
    endloop
  endfacet
  facet normal 0.224535 0.896341 0.382304
    outer loop
      vertex 1.25725 4.14461 7.74969
      vertex 0.811254 4.07845 8.16675
      vertex 1.2071 3.97929 8.16675
    endloop
  endfacet
  facet normal 0.214346 0.855727 0.470943
    outer loop
      vertex 1.2071 3.97929 8.16675
      vertex 0.769738 3.86974 8.56487
      vertex 1.14533 3.77566 8.56487
    endloop
  endfacet
  facet normal 0.232522 0.928359 0.28997
    outer loop
      vertex 1.29529 4.27001 7.31771
      vertex 0.870521 4.3764 7.31771
      vertex 1.25725 4.14461 7.74969
    endloop
  endfacet
  facet normal 0.238303 0.951439 0.194872
    outer loop
      vertex 0.887702 4.46278 6.87496
      vertex 0.870521 4.3764 7.31771
      vertex 1.29529 4.27001 7.31771
    endloop
  endfacet
  facet normal -0.0432777 0.881095 0.470956
    outer loop
      vertex 0 4.15835 8.16675
      vertex -0.407589 4.13833 8.16675
      vertex 0 3.94555 8.56487
    endloop
  endfacet
  facet normal -0.0432877 0.88109 0.470964
    outer loop
      vertex 0 3.94555 8.56487
      vertex -0.407589 4.13833 8.16675
      vertex -0.386731 3.92655 8.56487
    endloop
  endfacet
  facet normal 0.048824 0.993997 0.0979062
    outer loop
      vertex 0 4.59446 6.42571
      vertex 0 4.55021 6.87496
      vertex 0.450336 4.57234 6.42571
    endloop
  endfacet
  facet normal 0.146024 0.984424 0.0979131
    outer loop
      vertex 0.450336 4.57234 6.42571
      vertex 0.445998 4.5283 6.87496
      vertex 0.887702 4.46278 6.87496
    endloop
  endfacet
  facet normal 0.899643 0.425509 0.0978969
    outer loop
      vertex 4.05195 2.16581 6.42571
      vertex 4.01293 2.14495 6.87496
      vertex 4.24473 1.75822 6.42571
    endloop
  endfacet
  facet normal 0.886663 0.419354 0.194861
    outer loop
      vertex 4.01293 2.14495 6.87496
      vertex 3.93526 2.10344 7.31771
      vertex 4.12248 1.70759 7.31771
    endloop
  endfacet
  facet normal 0.841287 0.504248 0.19486
    outer loop
      vertex 4.01293 2.14495 6.87496
      vertex 3.71014 2.47903 7.31771
      vertex 3.93526 2.10344 7.31771
    endloop
  endfacet
  facet normal 0.886656 0.419364 0.194872
    outer loop
      vertex 4.20385 1.74129 6.87496
      vertex 4.01293 2.14495 6.87496
      vertex 4.12248 1.70759 7.31771
    endloop
  endfacet
  facet normal 0.923488 0.330444 0.194873
    outer loop
      vertex 4.20385 1.74129 6.87496
      vertex 4.12248 1.70759 7.31771
      vertex 4.27001 1.29529 7.31771
    endloop
  endfacet
  facet normal 0.772451 -0.0379429 0.63394
    outer loop
      vertex 3.40837 0 9.28917
      vertex 3.39196 -0.334079 9.28917
      vertex 3.67696 -0.362149 8.94022
    endloop
  endfacet
  facet normal 0.706684 -0.0347124 0.706677
    outer loop
      vertex 3.40837 0 9.28917
      vertex 3.0743 -0.302792 9.60837
      vertex 3.39196 -0.334079 9.28917
    endloop
  endfacet
  facet normal 0.806854 0.202105 0.555104
    outer loop
      vertex 3.77566 1.14533 8.56487
      vertex 3.53566 1.07253 8.94022
      vertex 3.86974 0.769738 8.56487
    endloop
  endfacet
  facet normal 0.686325 0.17191 0.706686
    outer loop
      vertex 3.26161 0.989399 9.28917
      vertex 2.95615 0.896739 9.60837
      vertex 3.34288 0.664941 9.28917
    endloop
  endfacet
  facet normal 0.855727 0.214346 0.470943
    outer loop
      vertex 3.97929 1.2071 8.16675
      vertex 3.77566 1.14533 8.56487
      vertex 3.86974 0.769738 8.56487
    endloop
  endfacet
  facet normal 0.830596 0.297193 0.470943
    outer loop
      vertex 3.84181 1.59133 8.16675
      vertex 3.77566 1.14533 8.56487
      vertex 3.97929 1.2071 8.16675
    endloop
  endfacet
  facet normal 0.91404 0.135595 0.382289
    outer loop
      vertex 4.24788 0.844955 7.74969
      vertex 4.13833 0.407589 8.16675
      vertex 4.31025 0.424521 7.74969
    endloop
  endfacet
  facet normal 0.92293 0.045329 0.382289
    outer loop
      vertex 4.31025 0.424521 7.74969
      vertex 4.13833 0.407589 8.16675
      vertex 4.3311 0 7.74969
    endloop
  endfacet
  facet normal 0.830778 0.0408159 0.555106
    outer loop
      vertex 3.92655 0.386731 8.56487
      vertex 3.69475 0 8.94022
      vertex 3.94555 0 8.56487
    endloop
  endfacet
  facet normal 0.922931 -0.0453326 0.382286
    outer loop
      vertex 4.15835 0 8.16675
      vertex 4.13833 -0.407589 8.16675
      vertex 4.3311 0 7.74969
    endloop
  endfacet
  facet normal 0.901087 0.322429 0.28997
    outer loop
      vertex 4.27001 1.29529 7.31771
      vertex 4.12248 1.70759 7.31771
      vertex 4.14461 1.25725 7.74969
    endloop
  endfacet
  facet normal 0.951439 0.238303 0.194872
    outer loop
      vertex 4.46278 0.887702 6.87496
      vertex 4.27001 1.29529 7.31771
      vertex 4.3764 0.870521 7.31771
    endloop
  endfacet
  facet normal 0.970213 0.143916 0.194872
    outer loop
      vertex 4.46278 0.887702 6.87496
      vertex 4.3764 0.870521 7.31771
      vertex 4.5283 0.445998 6.87496
    endloop
  endfacet
  facet normal 0.955884 0.0469475 0.289967
    outer loop
      vertex 4.44066 0.437366 7.31771
      vertex 4.31025 0.424521 7.74969
      vertex 4.3311 0 7.74969
    endloop
  endfacet
  facet normal 0.946678 -0.140437 0.289961
    outer loop
      vertex 4.31025 -0.424521 7.74969
      vertex 4.24788 -0.844955 7.74969
      vertex 4.3764 -0.870521 7.31771
    endloop
  endfacet
  facet normal 0.896354 -0.224515 0.382285
    outer loop
      vertex 4.24788 -0.844955 7.74969
      vertex 4.07845 -0.811254 8.16675
      vertex 4.14461 -1.25725 7.74969
    endloop
  endfacet
  facet normal 0.928359 -0.232532 0.289962
    outer loop
      vertex 4.24788 -0.844955 7.74969
      vertex 4.14461 -1.25725 7.74969
      vertex 4.3764 -0.870521 7.31771
    endloop
  endfacet
  facet normal 0.955884 -0.0469475 0.289967
    outer loop
      vertex 4.3311 0 7.74969
      vertex 4.31025 -0.424521 7.74969
      vertex 4.44066 -0.437366 7.31771
    endloop
  endfacet
  facet normal 0.872609 -0.129444 0.470954
    outer loop
      vertex 4.13833 -0.407589 8.16675
      vertex 3.86974 -0.769738 8.56487
      vertex 4.07845 -0.811254 8.16675
    endloop
  endfacet
  facet normal 0.855718 -0.214359 0.470954
    outer loop
      vertex 4.07845 -0.811254 8.16675
      vertex 3.86974 -0.769738 8.56487
      vertex 3.97929 -1.2071 8.16675
    endloop
  endfacet
  facet normal 0.751932 -0.355622 0.555096
    outer loop
      vertex 3.64521 -1.5099 8.56487
      vertex 3.41351 -1.41392 8.94022
      vertex 3.47967 -1.85992 8.56487
    endloop
  endfacet
  facet normal 0.751909 -0.355641 0.555114
    outer loop
      vertex 3.41351 -1.41392 8.94022
      vertex 3.25848 -1.74169 8.94022
      vertex 3.47967 -1.85992 8.56487
    endloop
  endfacet
  facet normal 0.524235 -0.47516 0.706683
    outer loop
      vertex 2.63471 -2.16225 9.28917
      vertex 2.18437 -2.18437 9.60837
      vertex 2.41008 -2.41008 9.28917
    endloop
  endfacet
  facet normal 0.47516 -0.524235 0.706683
    outer loop
      vertex 2.18437 -2.18437 9.60837
      vertex 2.16225 -2.63471 9.28917
      vertex 2.41008 -2.41008 9.28917
    endloop
  endfacet
  facet normal 0.0453326 -0.922931 0.382286
    outer loop
      vertex 0 -4.15835 8.16675
      vertex 0 -4.3311 7.74969
      vertex 0.407589 -4.13833 8.16675
    endloop
  endfacet
  facet normal -0.0453326 -0.922931 0.382286
    outer loop
      vertex 0 -4.15835 8.16675
      vertex -0.407589 -4.13833 8.16675
      vertex 0 -4.3311 7.74969
    endloop
  endfacet
  facet normal 0.242992 -0.970028 0
    outer loop
      vertex 0.896334 -4.50618 6.2
      vertex 1.3337 -4.39662 6.42571
      vertex 0.896334 -4.50618 6.42571
    endloop
  endfacet
  facet normal 0.242992 -0.970028 0
    outer loop
      vertex 1.3337 -4.39662 6.42571
      vertex 0.896334 -4.50618 6.2
      vertex 1.3337 -4.39662 6.2
    endloop
  endfacet
  facet normal 0.397602 -0.66334 0.63395
    outer loop
      vertex 1.89359 -2.83396 9.28917
      vertex 1.6067 -3.00592 9.28917
      vertex 2.0527 -3.07208 8.94022
    endloop
  endfacet
  facet normal 0.460695 -0.621182 0.63395
    outer loop
      vertex 2.16225 -2.63471 9.28917
      vertex 1.89359 -2.83396 9.28917
      vertex 2.0527 -3.07208 8.94022
    endloop
  endfacet
  facet normal 0.158893 -0.444094 0.881779
    outer loop
      vertex 0.752644 -1.81704 10.3583
      vertex 0.570918 -1.88206 10.3583
      vertex 0.904997 -2.18486 10.1456
    endloop
  endfacet
  facet normal 0.326387 -0.544529 0.772632
    outer loop
      vertex 1.52238 -2.27841 9.89475
      vertex 1.45622 -2.72441 9.60837
      vertex 1.71625 -2.56855 9.60837
    endloop
  endfacet
  facet normal 0.378182 -0.509917 0.772634
    outer loop
      vertex 1.73837 -2.11822 9.89475
      vertex 1.52238 -2.27841 9.89475
      vertex 1.95975 -2.38796 9.60837
    endloop
  endfacet
  facet normal 0.331277 -0.446673 0.831107
    outer loop
      vertex 1.73837 -2.11822 9.89475
      vertex 1.31385 -1.96632 10.1456
      vertex 1.52238 -2.27841 9.89475
    endloop
  endfacet
  facet normal -0.12204 -0.82278 0.555103
    outer loop
      vertex -0.362149 -3.67696 8.94022
      vertex -0.769738 -3.86974 8.56487
      vertex -0.386731 -3.92655 8.56487
    endloop
  endfacet
  facet normal -0.0379429 -0.772451 0.63394
    outer loop
      vertex -0.334079 -3.39196 9.28917
      vertex -0.362149 -3.67696 8.94022
      vertex 0 -3.40837 9.28917
    endloop
  endfacet
  facet normal 0.238349 -0.666166 0.706691
    outer loop
      vertex 1.18217 -2.85402 9.60837
      vertex 0.989399 -3.26161 9.28917
      vertex 1.30433 -3.14893 9.28917
    endloop
  endfacet
  facet normal 0.238361 -0.666168 0.706686
    outer loop
      vertex 1.18217 -2.85402 9.60837
      vertex 0.896739 -2.95615 9.60837
      vertex 0.989399 -3.26161 9.28917
    endloop
  endfacet
  facet normal 0.103834 -0.699868 0.706685
    outer loop
      vertex 0.602667 -3.02981 9.60837
      vertex 0.302792 -3.0743 9.60837
      vertex 0.664941 -3.34288 9.28917
    endloop
  endfacet
  facet normal 0.171913 -0.686326 0.706685
    outer loop
      vertex 0.896739 -2.95615 9.60837
      vertex 0.602667 -3.02981 9.60837
      vertex 0.664941 -3.34288 9.28917
    endloop
  endfacet
  facet normal 0.0311395 -0.634081 0.77264
    outer loop
      vertex 0.268588 -2.72702 9.89475
      vertex 0 -3.08917 9.60837
      vertex 0.302792 -3.0743 9.60837
    endloop
  endfacet
  facet normal -0.0931564 -0.627973 0.77264
    outer loop
      vertex -0.268588 -2.72702 9.89475
      vertex -0.53459 -2.68756 9.89475
      vertex -0.302792 -3.0743 9.60837
    endloop
  endfacet
  facet normal -0.0379454 -0.772449 0.633942
    outer loop
      vertex 0 -3.40837 9.28917
      vertex -0.362149 -3.67696 8.94022
      vertex 0 -3.69475 8.94022
    endloop
  endfacet
  facet normal 0.0408108 -0.83078 0.555102
    outer loop
      vertex 0.362149 -3.67696 8.94022
      vertex 0 -3.69475 8.94022
      vertex 0.386731 -3.92655 8.56487
    endloop
  endfacet
  facet normal 0.616322 -0.55858 0.555099
    outer loop
      vertex 2.85608 -2.34393 8.94022
      vertex 2.61259 -2.61259 8.94022
      vertex 3.04995 -2.50303 8.56487
    endloop
  endfacet
  facet normal 0.668088 -0.495502 0.5551
    outer loop
      vertex 3.28061 -2.19203 8.56487
      vertex 2.85608 -2.34393 8.94022
      vertex 3.04995 -2.50303 8.56487
    endloop
  endfacet
  facet normal 0.684667 -0.620554 0.382288
    outer loop
      vertex 3.21445 -2.63803 8.16675
      vertex 3.06255 -3.06255 7.74969
      vertex 3.34799 -2.74762 7.74969
    endloop
  endfacet
  facet normal 0.742201 -0.550449 0.382288
    outer loop
      vertex 3.60118 -2.40623 7.74969
      vertex 3.21445 -2.63803 8.16675
      vertex 3.34799 -2.74762 7.74969
    endloop
  endfacet
  facet normal 0.470387 -0.426347 0.772634
    outer loop
      vertex 2.38796 -1.95975 9.60837
      vertex 2.11822 -1.73837 9.89475
      vertex 2.18437 -2.18437 9.60837
    endloop
  endfacet
  facet normal 0.509917 -0.378182 0.772634
    outer loop
      vertex 2.27841 -1.52238 9.89475
      vertex 2.11822 -1.73837 9.89475
      vertex 2.38796 -1.95975 9.60837
    endloop
  endfacet
  facet normal 0.42147 -0.568293 0.706686
    outer loop
      vertex 1.95975 -2.38796 9.60837
      vertex 1.71625 -2.56855 9.60837
      vertex 1.89359 -2.83396 9.28917
    endloop
  endfacet
  facet normal 0.421471 -0.568293 0.706686
    outer loop
      vertex 1.95975 -2.38796 9.60837
      vertex 1.89359 -2.83396 9.28917
      vertex 2.16225 -2.63471 9.28917
    endloop
  endfacet
  facet normal 0.457527 -0.114612 0.881778
    outer loop
      vertex 1.92896 -0.383694 10.3583
      vertex 1.88206 -0.570918 10.3583
      vertex 2.26304 -0.686486 10.1456
    endloop
  endfacet
  facet normal 0.444096 -0.158891 0.881778
    outer loop
      vertex 2.26304 -0.686486 10.1456
      vertex 1.88206 -0.570918 10.3583
      vertex 2.18486 -0.904997 10.1456
    endloop
  endfacet
  facet normal 0.555451 -0.0272981 0.831101
    outer loop
      vertex 2.74022 0 9.89475
      vertex 2.35349 -0.231797 10.1456
      vertex 2.72702 -0.268588 9.89475
    endloop
  endfacet
  facet normal 0.555439 -0.0272691 0.83111
    outer loop
      vertex 2.36487 0 10.1456
      vertex 2.35349 -0.231797 10.1456
      vertex 2.74022 0 9.89475
    endloop
  endfacet
  facet normal 0.471093 0.0231422 0.88178
    outer loop
      vertex 2.35349 0.231797 10.1456
      vertex 1.95728 0.192775 10.3583
      vertex 1.96675 0 10.3583
    endloop
  endfacet
  facet normal 0.466556 0.0692066 0.88178
    outer loop
      vertex 2.35349 0.231797 10.1456
      vertex 1.92896 0.383694 10.3583
      vertex 1.95728 0.192775 10.3583
    endloop
  endfacet
  facet normal 0.471093 -0.0231422 0.88178
    outer loop
      vertex 1.96675 0 10.3583
      vertex 1.95728 -0.192775 10.3583
      vertex 2.35349 -0.231797 10.1456
    endloop
  endfacet
  facet normal 0.382708 -0.0188004 0.923678
    outer loop
      vertex 1.96675 0 10.3583
      vertex 1.54223 -0.151896 10.5311
      vertex 1.95728 -0.192775 10.3583
    endloop
  endfacet
  facet normal 0.328654 0.196994 0.923677
    outer loop
      vertex 1.63529 1.09267 10.3583
      vertex 1.36671 0.73052 10.5311
      vertex 1.73452 0.92712 10.3583
    endloop
  endfacet
  facet normal 0.167588 0.100446 0.980727
    outer loop
      vertex 0.985731 0.526884 10.6621
      vertex 0.561209 0.374988 10.7502
      vertex 0.595262 0.318173 10.7502
    endloop
  endfacet
  facet normal 0.444096 0.158891 0.881778
    outer loop
      vertex 2.18486 0.904997 10.1456
      vertex 1.88206 0.570918 10.3583
      vertex 2.26304 0.686486 10.1456
    endloop
  endfacet
  facet normal 0.262628 0.124218 0.956868
    outer loop
      vertex 1.43173 0.593041 10.5311
      vertex 0.985731 0.526884 10.6621
      vertex 1.03263 0.427728 10.6621
    endloop
  endfacet
  facet normal 0.22825 0.30777 0.923677
    outer loop
      vertex 1.24769 1.52032 10.3583
      vertex 0.860963 1.28852 10.5311
      vertex 0.983114 1.19793 10.5311
    endloop
  endfacet
  facet normal 0.257328 0.28391 0.923676
    outer loop
      vertex 1.24769 1.52032 10.3583
      vertex 1.0958 1.0958 10.5311
      vertex 1.3907 1.3907 10.3583
    endloop
  endfacet
  facet normal 0.273543 0.0978678 0.956868
    outer loop
      vertex 1.43173 0.593041 10.5311
      vertex 1.03263 0.427728 10.6621
      vertex 1.48296 0.449852 10.5311
    endloop
  endfacet
  facet normal 0.346384 0.163821 0.923678
    outer loop
      vertex 1.81704 0.752644 10.3583
      vertex 1.36671 0.73052 10.5311
      vertex 1.43173 0.593041 10.5311
    endloop
  endfacet
  facet normal 0.0971868 0.0144177 0.995162
    outer loop
      vertex 0.66199 0.131678 10.7502
      vertex 0.221374 0.044034 10.7945
      vertex 0.67171 0.0661573 10.7502
    endloop
  endfacet
  facet normal 0.195148 0.0095867 0.980727
    outer loop
      vertex 1.11233 0.109554 10.6621
      vertex 0.67171 0.0661573 10.7502
      vertex 0.67496 0 10.7502
    endloop
  endfacet
  facet normal 0.290175 0.01425 0.956868
    outer loop
      vertex 1.54969 0 10.5311
      vertex 1.11233 0.109554 10.6621
      vertex 1.11771 0 10.6621
    endloop
  endfacet
  facet normal 0.290175 -0.01425 0.956868
    outer loop
      vertex 1.11771 0 10.6621
      vertex 1.11233 -0.109554 10.6621
      vertex 1.54969 0 10.5311
    endloop
  endfacet
  facet normal -0.0971869 0.0144157 0.995162
    outer loop
      vertex -0.221374 0.044034 10.7945
      vertex -0.67171 0.0661573 10.7502
      vertex -0.224624 0.0221233 10.7945
    endloop
  endfacet
  facet normal 0.215264 0.195099 0.956869
    outer loop
      vertex 1.0958 1.0958 10.5311
      vertex 0.864 0.709066 10.6621
      vertex 1.19793 0.983114 10.5311
    endloop
  endfacet
  facet normal 0.173064 0.23335 0.956868
    outer loop
      vertex 0.860963 1.28852 10.5311
      vertex 0.620965 0.92934 10.6621
      vertex 0.709066 0.864 10.6621
    endloop
  endfacet
  facet normal 0.0420077 0.088817 0.995162
    outer loop
      vertex 0.258296 0.623582 10.7502
      vertex 0.1064 0.199059 10.7945
      vertex 0.318173 0.595262 10.7502
    endloop
  endfacet
  facet normal 0.0231285 0.471099 0.881777
    outer loop
      vertex 0 2.36487 10.1456
      vertex 0 1.96675 10.3583
      vertex 0.231797 2.35349 10.1456
    endloop
  endfacet
  facet normal 0.00482158 -0.0981318 0.995162
    outer loop
      vertex 0.0221233 -0.224624 10.7945
      vertex 0 -0.225711 10.7945
      vertex 0.0661573 -0.67171 10.7502
    endloop
  endfacet
  facet normal -0.0842724 -0.0505101 0.995162
    outer loop
      vertex -0.199059 -0.1064 10.7945
      vertex -0.595262 -0.318173 10.7502
      vertex -0.561209 -0.374988 10.7502
    endloop
  endfacet
  facet normal 0.0925051 -0.0331033 0.995162
    outer loop
      vertex 0.215992 -0.0655203 10.7945
      vertex 0.208529 -0.0863752 10.7945
      vertex 0.623582 -0.258296 10.7502
    endloop
  endfacet
  facet normal 0.0978678 -0.273543 0.956868
    outer loop
      vertex 0.593041 -1.43173 10.5311
      vertex 0.427728 -1.03263 10.6621
      vertex 0.449852 -1.48296 10.5311
    endloop
  endfacet
  facet normal 0.0585284 0.0789147 0.995162
    outer loop
      vertex 0.374988 0.561209 10.7502
      vertex 0.125398 0.187672 10.7945
      vertex 0.143189 0.174477 10.7945
    endloop
  endfacet
  facet normal -0.12204 0.82278 0.555103
    outer loop
      vertex -0.386731 3.92655 8.56487
      vertex -0.769738 3.86974 8.56487
      vertex -0.362149 3.67696 8.94022
    endloop
  endfacet
  facet normal -0.0408108 0.83078 0.555102
    outer loop
      vertex 0 3.69475 8.94022
      vertex -0.386731 3.92655 8.56487
      vertex -0.362149 3.67696 8.94022
    endloop
  endfacet
  facet normal 0.214359 0.855718 0.470954
    outer loop
      vertex 0.811254 4.07845 8.16675
      vertex 0.769738 3.86974 8.56487
      vertex 1.2071 3.97929 8.16675
    endloop
  endfacet
  facet normal 0.129444 0.872609 0.470954
    outer loop
      vertex 0.811254 4.07845 8.16675
      vertex 0.407589 4.13833 8.16675
      vertex 0.769738 3.86974 8.56487
    endloop
  endfacet
  facet normal 0.27145 0.573898 0.772629
    outer loop
      vertex 1.18217 2.85402 9.60837
      vertex 1.04864 2.53163 9.89475
      vertex 1.29173 2.41665 9.89475
    endloop
  endfacet
  facet normal 0.154254 0.615825 0.772635
    outer loop
      vertex 0.602667 3.02981 9.60837
      vertex 0.53459 2.68756 9.89475
      vertex 0.896739 2.95615 9.60837
    endloop
  endfacet
  facet normal 0.0379429 0.772451 0.63394
    outer loop
      vertex 0.362149 3.67696 8.94022
      vertex 0 3.40837 9.28917
      vertex 0.334079 3.39196 9.28917
    endloop
  endfacet
  facet normal 0.17191 0.686325 0.706686
    outer loop
      vertex 0.989399 3.26161 9.28917
      vertex 0.664941 3.34288 9.28917
      vertex 0.896739 2.95615 9.60837
    endloop
  endfacet
  facet normal 0.0311395 0.634081 0.77264
    outer loop
      vertex 0.302792 3.0743 9.60837
      vertex 0 3.08917 9.60837
      vertex 0.268588 2.72702 9.89475
    endloop
  endfacet
  facet normal 0.135125 0.53945 0.831105
    outer loop
      vertex 0.53459 2.68756 9.89475
      vertex 0.461363 2.31943 10.1456
      vertex 0.795443 2.62222 9.89475
    endloop
  endfacet
  facet normal -0.187913 0.750202 0.633945
    outer loop
      vertex -0.72081 3.62376 8.94022
      vertex -1.07253 3.53566 8.94022
      vertex -0.664941 3.34288 9.28917
    endloop
  endfacet
  facet normal -0.18791 0.750204 0.633943
    outer loop
      vertex -0.664941 3.34288 9.28917
      vertex -1.07253 3.53566 8.94022
      vertex -0.989399 3.26161 9.28917
    endloop
  endfacet
  facet normal 0.154255 0.615824 0.772636
    outer loop
      vertex 0.896739 2.95615 9.60837
      vertex 0.53459 2.68756 9.89475
      vertex 0.795443 2.62222 9.89475
    endloop
  endfacet
  facet normal 0.069222 0.46656 0.881777
    outer loop
      vertex 0.461363 2.31943 10.1456
      vertex 0.231797 2.35349 10.1456
      vertex 0.383694 1.92896 10.3583
    endloop
  endfacet
  facet normal 0.242481 0.404562 0.881778
    outer loop
      vertex 1.11479 2.08563 10.1456
      vertex 1.09267 1.63529 10.3583
      vertex 1.31385 1.96632 10.1456
    endloop
  endfacet
  facet normal 0.349472 0.316751 0.881781
    outer loop
      vertex 1.67222 1.67222 10.1456
      vertex 1.3907 1.3907 10.3583
      vertex 1.52032 1.24769 10.3583
    endloop
  endfacet
  facet normal -0.466556 -0.0692066 0.88178
    outer loop
      vertex -1.95728 -0.192775 10.3583
      vertex -2.35349 -0.231797 10.1456
      vertex -1.92896 -0.383694 10.3583
    endloop
  endfacet
  facet normal -0.471099 0.0231285 0.881777
    outer loop
      vertex -2.35349 0.231797 10.1456
      vertex -2.36487 0 10.1456
      vertex -1.96675 0 10.3583
    endloop
  endfacet
  facet normal -0.639603 0.302496 0.706686
    outer loop
      vertex -2.72441 1.45622 9.60837
      vertex -3.00592 1.6067 9.28917
      vertex -2.85402 1.18217 9.60837
    endloop
  endfacet
  facet normal -0.792577 0.475055 0.382289
    outer loop
      vertex -3.60118 2.40623 7.74969
      vertex -3.81969 2.04167 7.74969
      vertex -3.66734 1.96023 8.16675
    endloop
  endfacet
  facet normal -0.706681 0.0347048 0.706681
    outer loop
      vertex -3.0743 0.302792 9.60837
      vertex -3.40837 0 9.28917
      vertex -3.08917 0 9.60837
    endloop
  endfacet
  facet normal -0.706681 -0.0347048 0.706681
    outer loop
      vertex -3.08917 0 9.60837
      vertex -3.40837 0 9.28917
      vertex -3.0743 -0.302792 9.60837
    endloop
  endfacet
  facet normal -0.615825 0.154254 0.772635
    outer loop
      vertex -2.95615 0.896739 9.60837
      vertex -3.02981 0.602667 9.60837
      vertex -2.68756 0.53459 9.89475
    endloop
  endfacet
  facet normal -0.686326 0.171913 0.706685
    outer loop
      vertex -2.95615 0.896739 9.60837
      vertex -3.34288 0.664941 9.28917
      vertex -3.02981 0.602667 9.60837
    endloop
  endfacet
  facet normal -0.750204 0.18791 0.633943
    outer loop
      vertex -3.26161 0.989399 9.28917
      vertex -3.53566 1.07253 8.94022
      vertex -3.34288 0.664941 9.28917
    endloop
  endfacet
  facet normal -0.699868 0.103834 0.706685
    outer loop
      vertex -3.02981 0.602667 9.60837
      vertex -3.34288 0.664941 9.28917
      vertex -3.0743 0.302792 9.60837
    endloop
  endfacet
  facet normal -0.382707 -0.0187957 0.923679
    outer loop
      vertex -1.54969 0 10.5311
      vertex -1.96675 0 10.3583
      vertex -1.54223 -0.151896 10.5311
    endloop
  endfacet
  facet normal -0.382708 0.0188004 0.923678
    outer loop
      vertex -1.95728 0.192775 10.3583
      vertex -1.96675 0 10.3583
      vertex -1.54223 0.151896 10.5311
    endloop
  endfacet
  facet normal -0.0842724 0.0505101 0.995162
    outer loop
      vertex -0.561209 0.374988 10.7502
      vertex -0.595262 0.318173 10.7502
      vertex -0.199059 0.1064 10.7945
    endloop
  endfacet
  facet normal -0.46656 -0.069222 0.881777
    outer loop
      vertex -1.92896 -0.383694 10.3583
      vertex -2.35349 -0.231797 10.1456
      vertex -2.31943 -0.461363 10.1456
    endloop
  endfacet
  facet normal -0.262628 0.124218 0.956868
    outer loop
      vertex -0.985731 0.526884 10.6621
      vertex -1.43173 0.593041 10.5311
      vertex -1.03263 0.427728 10.6621
    endloop
  endfacet
  facet normal -0.573898 0.27145 0.772629
    outer loop
      vertex -2.41665 1.29173 9.89475
      vertex -2.85402 1.18217 9.60837
      vertex -2.53163 1.04864 9.89475
    endloop
  endfacet
  facet normal -0.290175 0.0142512 0.956867
    outer loop
      vertex -1.54223 0.151896 10.5311
      vertex -1.54969 0 10.5311
      vertex -1.11233 0.109554 10.6621
    endloop
  endfacet
  facet normal -0.290175 0.01425 0.956868
    outer loop
      vertex -1.11233 0.109554 10.6621
      vertex -1.54969 0 10.5311
      vertex -1.11771 0 10.6621
    endloop
  endfacet
  facet normal -0.249183 0.149365 0.956869
    outer loop
      vertex -1.28852 0.860963 10.5311
      vertex -1.36671 0.73052 10.5311
      vertex -0.985731 0.526884 10.6621
    endloop
  endfacet
  facet normal -0.183964 0.0658192 0.980727
    outer loop
      vertex -1.03263 0.427728 10.6621
      vertex -1.06958 0.324453 10.6621
      vertex -0.623582 0.258296 10.7502
    endloop
  endfacet
  facet normal -0.176624 0.08354 0.980727
    outer loop
      vertex -0.985731 0.526884 10.6621
      vertex -1.03263 0.427728 10.6621
      vertex -0.623582 0.258296 10.7502
    endloop
  endfacet
  facet normal -0.404562 0.242481 0.881778
    outer loop
      vertex -1.96632 1.31385 10.1456
      vertex -2.08563 1.11479 10.1456
      vertex -1.63529 1.09267 10.3583
    endloop
  endfacet
  facet normal -0.457527 0.114612 0.881778
    outer loop
      vertex -1.88206 0.570918 10.3583
      vertex -2.26304 0.686486 10.1456
      vertex -1.92896 0.383694 10.3583
    endloop
  endfacet
  facet normal -0.27145 0.573898 0.772629
    outer loop
      vertex -1.18217 2.85402 9.60837
      vertex -1.29173 2.41665 9.89475
      vertex -1.04864 2.53163 9.89475
    endloop
  endfacet
  facet normal -0.283914 0.257318 0.923677
    outer loop
      vertex -1.0958 1.0958 10.5311
      vertex -1.52032 1.24769 10.3583
      vertex -1.19793 0.983114 10.5311
    endloop
  endfacet
  facet normal -0.129078 0.360775 0.923678
    outer loop
      vertex -0.449852 1.48296 10.5311
      vertex -0.752644 1.81704 10.3583
      vertex -0.593041 1.43173 10.5311
    endloop
  endfacet
  facet normal -0.446676 0.331275 0.831106
    outer loop
      vertex -1.82807 1.50026 10.1456
      vertex -2.11822 1.73837 9.89475
      vertex -1.96632 1.31385 10.1456
    endloop
  endfacet
  facet normal 0.373456 0.41206 0.831106
    outer loop
      vertex 1.73837 2.11822 9.89475
      vertex 1.50026 1.82807 10.1456
      vertex 1.67222 1.67222 10.1456
    endloop
  endfacet
  facet normal 0.446673 0.331277 0.831107
    outer loop
      vertex 2.11822 1.73837 9.89475
      vertex 1.96632 1.31385 10.1456
      vertex 2.27841 1.52238 9.89475
    endloop
  endfacet
  facet normal 0.42147 0.568293 0.706686
    outer loop
      vertex 1.89359 2.83396 9.28917
      vertex 1.71625 2.56855 9.60837
      vertex 1.95975 2.38796 9.60837
    endloop
  endfacet
  facet normal 0.378182 0.509917 0.772634
    outer loop
      vertex 1.95975 2.38796 9.60837
      vertex 1.52238 2.27841 9.89475
      vertex 1.73837 2.11822 9.89475
    endloop
  endfacet
  facet normal 0.53945 0.135124 0.831104
    outer loop
      vertex 2.62222 0.795443 9.89475
      vertex 2.26304 0.686486 10.1456
      vertex 2.31943 0.461363 10.1456
    endloop
  endfacet
  facet normal 0.53945 0.135125 0.831105
    outer loop
      vertex 2.62222 0.795443 9.89475
      vertex 2.31943 0.461363 10.1456
      vertex 2.68756 0.53459 9.89475
    endloop
  endfacet
  facet normal 0.615825 0.154254 0.772635
    outer loop
      vertex 2.95615 0.896739 9.60837
      vertex 2.68756 0.53459 9.89475
      vertex 3.02981 0.602667 9.60837
    endloop
  endfacet
  facet normal 0.627976 0.0931677 0.772636
    outer loop
      vertex 3.02981 0.602667 9.60837
      vertex 2.68756 0.53459 9.89475
      vertex 3.0743 0.302792 9.60837
    endloop
  endfacet
  facet normal 0.666168 0.238361 0.706686
    outer loop
      vertex 3.26161 0.989399 9.28917
      vertex 2.85402 1.18217 9.60837
      vertex 2.95615 0.896739 9.60837
    endloop
  endfacet
  facet normal 0.666166 0.238349 0.706691
    outer loop
      vertex 3.14893 1.30433 9.28917
      vertex 2.85402 1.18217 9.60837
      vertex 3.26161 0.989399 9.28917
    endloop
  endfacet
  facet normal 0.66334 0.397602 0.63395
    outer loop
      vertex 3.07208 2.0527 8.94022
      vertex 2.83396 1.89359 9.28917
      vertex 3.00592 1.6067 9.28917
    endloop
  endfacet
  facet normal 0.621178 0.460716 0.633939
    outer loop
      vertex 2.85608 2.34393 8.94022
      vertex 2.63471 2.16225 9.28917
      vertex 3.07208 2.0527 8.94022
    endloop
  endfacet
  facet normal 0.427625 0.713445 0.555097
    outer loop
      vertex 2.19203 3.28061 8.56487
      vertex 1.85992 3.47967 8.56487
      vertex 2.0527 3.07208 8.94022
    endloop
  endfacet
  facet normal 0.427596 0.713448 0.555115
    outer loop
      vertex 1.85992 3.47967 8.56487
      vertex 1.74169 3.25848 8.94022
      vertex 2.0527 3.07208 8.94022
    endloop
  endfacet
  facet normal 0.397582 0.66337 0.633931
    outer loop
      vertex 1.74169 3.25848 8.94022
      vertex 1.6067 3.00592 9.28917
      vertex 2.0527 3.07208 8.94022
    endloop
  endfacet
  facet normal 0.355641 0.751909 0.555114
    outer loop
      vertex 1.85992 3.47967 8.56487
      vertex 1.41392 3.41351 8.94022
      vertex 1.74169 3.25848 8.94022
    endloop
  endfacet
  facet normal 0.2972 0.830589 0.47095
    outer loop
      vertex 1.59133 3.84181 8.16675
      vertex 1.14533 3.77566 8.56487
      vertex 1.5099 3.64521 8.56487
    endloop
  endfacet
  facet normal 0.28023 0.783161 0.555095
    outer loop
      vertex 1.5099 3.64521 8.56487
      vertex 1.14533 3.77566 8.56487
      vertex 1.41392 3.41351 8.94022
    endloop
  endfacet
  facet normal 0.504248 0.841287 0.19486
    outer loop
      vertex 2.14495 4.01293 6.87496
      vertex 2.10344 3.93526 7.31771
      vertex 2.47903 3.71014 7.31771
    endloop
  endfacet
  facet normal 0.570105 0.768704 0.289955
    outer loop
      vertex 2.83075 3.44928 7.31771
      vertex 2.40623 3.60118 7.74969
      vertex 2.74762 3.34799 7.74969
    endloop
  endfacet
  facet normal 0.642702 0.709121 0.289967
    outer loop
      vertex 3.15521 3.15521 7.31771
      vertex 2.83075 3.44928 7.31771
      vertex 3.06255 3.06255 7.74969
    endloop
  endfacet
  facet normal 0.78781 0.584279 0.194868
    outer loop
      vertex 3.51736 2.88662 6.87496
      vertex 3.44928 2.83075 7.31771
      vertex 3.78336 2.52796 6.87496
    endloop
  endfacet
  facet normal 0.865151 0.409192 0.289958
    outer loop
      vertex 4.12248 1.70759 7.31771
      vertex 3.81969 2.04167 7.74969
      vertex 4.00142 1.65744 7.74969
    endloop
  endfacet
  facet normal 0.835317 0.395081 0.382304
    outer loop
      vertex 4.00142 1.65744 7.74969
      vertex 3.81969 2.04167 7.74969
      vertex 3.84181 1.59133 8.16675
    endloop
  endfacet
  facet normal 0.820876 0.492017 0.289968
    outer loop
      vertex 3.93526 2.10344 7.31771
      vertex 3.60118 2.40623 7.74969
      vertex 3.81969 2.04167 7.74969
    endloop
  endfacet
  facet normal 0.820877 0.492015 0.28997
    outer loop
      vertex 3.71014 2.47903 7.31771
      vertex 3.60118 2.40623 7.74969
      vertex 3.93526 2.10344 7.31771
    endloop
  endfacet
  facet normal 0.756654 0.453521 0.47095
    outer loop
      vertex 3.45754 2.31026 8.16675
      vertex 3.28061 2.19203 8.56487
      vertex 3.66734 1.96023 8.16675
    endloop
  endfacet
  facet normal 0.797469 0.37716 0.470949
    outer loop
      vertex 3.66734 1.96023 8.16675
      vertex 3.47967 1.85992 8.56487
      vertex 3.84181 1.59133 8.16675
    endloop
  endfacet
  facet normal 0.616323 0.558579 0.5551
    outer loop
      vertex 2.78993 2.78993 8.56487
      vertex 2.61259 2.61259 8.94022
      vertex 3.04995 2.50303 8.56487
    endloop
  endfacet
  facet normal 0.616322 0.55858 0.555099
    outer loop
      vertex 3.04995 2.50303 8.56487
      vertex 2.61259 2.61259 8.94022
      vertex 2.85608 2.34393 8.94022
    endloop
  endfacet
  facet normal 0.965368 0.241824 0.0979063
    outer loop
      vertex 4.50618 0.896334 6.42571
      vertex 4.39662 1.3337 6.42571
      vertex 4.46278 0.887702 6.87496
    endloop
  endfacet
  facet normal 0.984423 0.146031 0.0979065
    outer loop
      vertex 4.50618 0.896334 6.42571
      vertex 4.46278 0.887702 6.87496
      vertex 4.57234 0.450336 6.42571
    endloop
  endfacet
  facet normal 0.330428 0.923498 0.194855
    outer loop
      vertex 1.32086 4.35428 6.87496
      vertex 1.29529 4.27001 7.31771
      vertex 1.74129 4.20385 6.87496
    endloop
  endfacet
  facet normal 0.241812 0.965372 0.0978937
    outer loop
      vertex 1.3337 4.39662 6.42571
      vertex 0.887702 4.46278 6.87496
      vertex 1.32086 4.35428 6.87496
    endloop
  endfacet
  facet normal -0.955884 0.0469475 0.289967
    outer loop
      vertex -4.31025 0.424521 7.74969
      vertex -4.44066 0.437366 7.31771
      vertex -4.3311 0 7.74969
    endloop
  endfacet
  facet normal -0.92293 0.045329 0.382289
    outer loop
      vertex -4.31025 0.424521 7.74969
      vertex -4.3311 0 7.74969
      vertex -4.13833 0.407589 8.16675
    endloop
  endfacet
  facet normal -0.783161 0.28023 0.555095
    outer loop
      vertex -3.64521 1.5099 8.56487
      vertex -3.77566 1.14533 8.56487
      vertex -3.41351 1.41392 8.94022
    endloop
  endfacet
  facet normal -0.573897 0.271421 0.77264
    outer loop
      vertex -2.72441 1.45622 9.60837
      vertex -2.85402 1.18217 9.60837
      vertex -2.41665 1.29173 9.89475
    endloop
  endfacet
  facet normal -0.397602 0.66334 0.63395
    outer loop
      vertex -1.6067 3.00592 9.28917
      vertex -2.0527 3.07208 8.94022
      vertex -1.89359 2.83396 9.28917
    endloop
  endfacet
  facet normal -0.495508 0.668087 0.555096
    outer loop
      vertex -2.19203 3.28061 8.56487
      vertex -2.34393 2.85608 8.94022
      vertex -2.0527 3.07208 8.94022
    endloop
  endfacet
  facet normal -0.642714 0.709115 0.289956
    outer loop
      vertex -2.83075 3.44928 7.31771
      vertex -3.06255 3.06255 7.74969
      vertex -2.74762 3.34799 7.74969
    endloop
  endfacet
  facet normal -0.620554 0.684667 0.382288
    outer loop
      vertex -2.74762 3.34799 7.74969
      vertex -3.06255 3.06255 7.74969
      vertex -2.63803 3.21445 8.16675
    endloop
  endfacet
  facet normal -0.524235 0.47516 0.706683
    outer loop
      vertex -2.41008 2.41008 9.28917
      vertex -2.63471 2.16225 9.28917
      vertex -2.18437 2.18437 9.60837
    endloop
  endfacet
  facet normal -0.460695 0.621182 0.63395
    outer loop
      vertex -2.0527 3.07208 8.94022
      vertex -2.16225 2.63471 9.28917
      vertex -1.89359 2.83396 9.28917
    endloop
  endfacet
  facet normal -0.989176 -0.146736 0
    outer loop
      vertex -4.50618 -0.896334 6.2
      vertex -4.57234 -0.450336 6.42571
      vertex -4.57234 -0.450336 6.2
    endloop
  endfacet
  facet normal -0.989176 -0.146736 0
    outer loop
      vertex -4.57234 -0.450336 6.42571
      vertex -4.50618 -0.896334 6.2
      vertex -4.50618 -0.896334 6.42571
    endloop
  endfacet
  facet normal -0.492017 0.820876 0.289968
    outer loop
      vertex -2.10344 3.93526 7.31771
      vertex -2.40623 3.60118 7.74969
      vertex -2.04167 3.81969 7.74969
    endloop
  endfacet
  facet normal -0.238322 0.951438 0.194854
    outer loop
      vertex -0.887702 4.46278 6.87496
      vertex -1.32086 4.35428 6.87496
      vertex -1.29529 4.27001 7.31771
    endloop
  endfacet
  facet normal -0.140437 0.946678 0.289961
    outer loop
      vertex -0.424521 4.31025 7.74969
      vertex -0.870521 4.3764 7.31771
      vertex -0.844955 4.24788 7.74969
    endloop
  endfacet
  facet normal -0.241812 0.965372 0.0978937
    outer loop
      vertex -0.887702 4.46278 6.87496
      vertex -1.3337 4.39662 6.42571
      vertex -1.32086 4.35428 6.87496
    endloop
  endfacet
  facet normal -0.511638 0.853606 0.0978975
    outer loop
      vertex -2.16581 4.05195 6.42571
      vertex -2.55254 3.82015 6.42571
      vertex -2.14495 4.01293 6.87496
    endloop
  endfacet
  facet normal -0.511638 0.853606 0.097897
    outer loop
      vertex -2.14495 4.01293 6.87496
      vertex -2.55254 3.82015 6.42571
      vertex -2.52796 3.78336 6.87496
    endloop
  endfacet
  facet normal -0.33526 0.937025 0.0978999
    outer loop
      vertex -1.3337 4.39662 6.42571
      vertex -1.75822 4.24473 6.42571
      vertex -1.74129 4.20385 6.87496
    endloop
  endfacet
  facet normal -0.799348 0.59284 0.0978965
    outer loop
      vertex -3.55156 2.91469 6.42571
      vertex -3.82015 2.55254 6.42571
      vertex -3.78336 2.52796 6.87496
    endloop
  endfacet
  facet normal -0.79935 0.592838 0.0978936
    outer loop
      vertex -3.55156 2.91469 6.42571
      vertex -3.78336 2.52796 6.87496
      vertex -3.51736 2.88662 6.87496
    endloop
  endfacet
  facet normal -0.595701 0.803206 0
    outer loop
      vertex -2.55254 3.82015 6.2
      vertex -2.91469 3.55156 6.42571
      vertex -2.55254 3.82015 6.42571
    endloop
  endfacet
  facet normal -0.595701 0.803206 0
    outer loop
      vertex -2.91469 3.55156 6.42571
      vertex -2.55254 3.82015 6.2
      vertex -2.91469 3.55156 6.2
    endloop
  endfacet
  facet normal -0.820877 0.492015 0.28997
    outer loop
      vertex -3.71014 2.47903 7.31771
      vertex -3.93526 2.10344 7.31771
      vertex -3.60118 2.40623 7.74969
    endloop
  endfacet
  facet normal -0.820876 0.492017 0.289968
    outer loop
      vertex -3.60118 2.40623 7.74969
      vertex -3.93526 2.10344 7.31771
      vertex -3.81969 2.04167 7.74969
    endloop
  endfacet
  facet normal 0.0331033 0.0925051 0.995162
    outer loop
      vertex 0.258296 0.623582 10.7502
      vertex 0.0655203 0.215992 10.7945
      vertex 0.0863752 0.208529 10.7945
    endloop
  endfacet
  facet normal -0.0925074 -0.0330983 0.995162
    outer loop
      vertex -0.215992 -0.0655203 10.7945
      vertex -0.645896 -0.19593 10.7502
      vertex -0.623582 -0.258296 10.7502
    endloop
  endfacet
  facet normal -0.173059 -0.233352 0.956869
    outer loop
      vertex -0.709066 -0.864 10.6621
      vertex -0.983114 -1.19793 10.5311
      vertex -0.860963 -1.28852 10.5311
    endloop
  endfacet
  facet normal -0.116391 -0.156935 0.980727
    outer loop
      vertex -0.374988 -0.561209 10.7502
      vertex -0.709066 -0.864 10.6621
      vertex -0.620965 -0.92934 10.6621
    endloop
  endfacet
  facet normal -0.281813 -0.0706051 0.956868
    outer loop
      vertex -1.06958 -0.324453 10.6621
      vertex -1.51992 -0.30233 10.5311
      vertex -1.48296 -0.449852 10.5311
    endloop
  endfacet
  facet normal -0.371686 -0.0931218 0.923676
    outer loop
      vertex -1.51992 -0.30233 10.5311
      vertex -1.92896 -0.383694 10.3583
      vertex -1.48296 -0.449852 10.5311
    endloop
  endfacet
  facet normal -0.249188 -0.14936 0.956868
    outer loop
      vertex -0.985731 -0.526884 10.6621
      vertex -1.28852 -0.860963 10.5311
      vertex -0.92934 -0.620965 10.6621
    endloop
  endfacet
  facet normal -0.249183 -0.149365 0.956869
    outer loop
      vertex -0.985731 -0.526884 10.6621
      vertex -1.36671 -0.73052 10.5311
      vertex -1.28852 -0.860963 10.5311
    endloop
  endfacet
  facet normal 0.0585284 -0.0789147 0.995162
    outer loop
      vertex 0.143189 -0.174477 10.7945
      vertex 0.125398 -0.187672 10.7945
      vertex 0.374988 -0.561209 10.7502
    endloop
  endfacet
  facet normal -0.18953 -0.047472 0.980727
    outer loop
      vertex -0.645896 -0.19593 10.7502
      vertex -1.09623 -0.218054 10.6621
      vertex -1.06958 -0.324453 10.6621
    endloop
  endfacet
  facet normal 0.100446 0.167588 0.980727
    outer loop
      vertex 0.526884 0.985731 10.6621
      vertex 0.318173 0.595262 10.7502
      vertex 0.374988 0.561209 10.7502
    endloop
  endfacet
  facet normal -0.0981318 -0.00482158 0.995162
    outer loop
      vertex -0.225711 0 10.7945
      vertex -0.67171 -0.0661573 10.7502
      vertex -0.224624 -0.0221233 10.7945
    endloop
  endfacet
  facet normal -0.316751 -0.349472 0.881781
    outer loop
      vertex -1.3907 -1.3907 10.3583
      vertex -1.67222 -1.67222 10.1456
      vertex -1.24769 -1.52032 10.3583
    endloop
  endfacet
  facet normal -0.444094 -0.158893 0.881779
    outer loop
      vertex -1.88206 -0.570918 10.3583
      vertex -2.18486 -0.904997 10.1456
      vertex -1.81704 -0.752644 10.3583
    endloop
  endfacet
  facet normal -0.502717 -0.237782 0.831105
    outer loop
      vertex -2.08563 -1.11479 10.1456
      vertex -2.53163 -1.04864 9.89475
      vertex -2.41665 -1.29173 9.89475
    endloop
  endfacet
  facet normal -0.28391 -0.257328 0.923676
    outer loop
      vertex -1.0958 -1.0958 10.5311
      vertex -1.52032 -1.24769 10.3583
      vertex -1.3907 -1.3907 10.3583
    endloop
  endfacet
  facet normal -0.426375 -0.201671 0.881779
    outer loop
      vertex -1.81704 -0.752644 10.3583
      vertex -2.18486 -0.904997 10.1456
      vertex -2.08563 -1.11479 10.1456
    endloop
  endfacet
  facet normal -0.426384 -0.201662 0.881776
    outer loop
      vertex -1.81704 -0.752644 10.3583
      vertex -2.08563 -1.11479 10.1456
      vertex -1.73452 -0.92712 10.3583
    endloop
  endfacet
  facet normal -0.149365 -0.249183 0.956869
    outer loop
      vertex -0.526884 -0.985731 10.6621
      vertex -0.860963 -1.28852 10.5311
      vertex -0.73052 -1.36671 10.5311
    endloop
  endfacet
  facet normal -0.0095834 -0.195149 0.980727
    outer loop
      vertex 0 -0.67496 10.7502
      vertex -0.109554 -1.11233 10.6621
      vertex 0 -1.11771 10.6621
    endloop
  endfacet
  facet normal -0.28097 -0.378846 0.881778
    outer loop
      vertex -1.24769 -1.52032 10.3583
      vertex -1.31385 -1.96632 10.1456
      vertex -1.09267 -1.63529 10.3583
    endloop
  endfacet
  facet normal -0.0835383 -0.176625 0.980727
    outer loop
      vertex -0.318173 -0.595262 10.7502
      vertex -0.526884 -0.985731 10.6621
      vertex -0.258296 -0.623582 10.7502
    endloop
  endfacet
  facet normal -0.378846 -0.280969 0.881778
    outer loop
      vertex -1.52032 -1.24769 10.3583
      vertex -1.96632 -1.31385 10.1456
      vertex -1.82807 -1.50026 10.1456
    endloop
  endfacet
  facet normal -0.233352 -0.173059 0.956869
    outer loop
      vertex -0.864 -0.709066 10.6621
      vertex -1.28852 -0.860963 10.5311
      vertex -1.19793 -0.983114 10.5311
    endloop
  endfacet
  facet normal -0.196994 -0.328654 0.923677
    outer loop
      vertex -0.73052 -1.36671 10.5311
      vertex -1.09267 -1.63529 10.3583
      vertex -0.92712 -1.73452 10.3583
    endloop
  endfacet
  facet normal -0.22825 -0.30777 0.923677
    outer loop
      vertex -0.983114 -1.19793 10.5311
      vertex -1.24769 -1.52032 10.3583
      vertex -0.860963 -1.28852 10.5311
    endloop
  endfacet
  facet normal -0.095306 -0.0238727 0.995162
    outer loop
      vertex -0.221374 -0.044034 10.7945
      vertex -0.66199 -0.131678 10.7502
      vertex -0.215992 -0.0655203 10.7945
    endloop
  endfacet
  facet normal 0.0505108 -0.0842719 0.995162
    outer loop
      vertex 0.125398 -0.187672 10.7945
      vertex 0.1064 -0.199059 10.7945
      vertex 0.374988 -0.561209 10.7502
    endloop
  endfacet
  facet normal 0.0238725 -0.0953061 0.995162
    outer loop
      vertex 0.19593 -0.645896 10.7502
      vertex 0.0655203 -0.215992 10.7945
      vertex 0.131678 -0.66199 10.7502
    endloop
  endfacet
  facet normal 0.0658206 -0.183964 0.980727
    outer loop
      vertex 0.258296 -0.623582 10.7502
      vertex 0.19593 -0.645896 10.7502
      vertex 0.324453 -1.06958 10.6621
    endloop
  endfacet
  facet normal 0.00482076 -0.0981319 0.995162
    outer loop
      vertex 0 -0.225711 10.7945
      vertex 0 -0.67496 10.7502
      vertex 0.0661573 -0.67171 10.7502
    endloop
  endfacet
  facet normal 0.0095867 -0.195148 0.980727
    outer loop
      vertex 0.0661573 -0.67171 10.7502
      vertex 0 -0.67496 10.7502
      vertex 0.109554 -1.11233 10.6621
    endloop
  endfacet
  facet normal 0.0971869 -0.0144157 0.995162
    outer loop
      vertex 0.224624 -0.0221233 10.7945
      vertex 0.221374 -0.044034 10.7945
      vertex 0.67171 -0.0661573 10.7502
    endloop
  endfacet
  facet normal 0.0789147 -0.0585284 0.995162
    outer loop
      vertex 0.187672 -0.125398 10.7945
      vertex 0.174477 -0.143189 10.7945
      vertex 0.561209 -0.374988 10.7502
    endloop
  endfacet
  facet normal 0.262629 -0.124209 0.956869
    outer loop
      vertex 1.43173 -0.593041 10.5311
      vertex 0.985731 -0.526884 10.6621
      vertex 1.36671 -0.73052 10.5311
    endloop
  endfacet
  facet normal 0.0420077 -0.088817 0.995162
    outer loop
      vertex 0.318173 -0.595262 10.7502
      vertex 0.1064 -0.199059 10.7945
      vertex 0.258296 -0.623582 10.7502
    endloop
  endfacet
  facet normal 0.195101 0.215262 0.956869
    outer loop
      vertex 1.0958 1.0958 10.5311
      vertex 0.709066 0.864 10.6621
      vertex 0.790339 0.790339 10.6621
    endloop
  endfacet
  facet normal 0.281813 -0.0705862 0.95687
    outer loop
      vertex 1.09623 -0.218054 10.6621
      vertex 1.06958 -0.324453 10.6621
      vertex 1.51992 -0.30233 10.5311
    endloop
  endfacet
  facet normal 0.287371 -0.0426421 0.95687
    outer loop
      vertex 1.11233 -0.109554 10.6621
      vertex 1.09623 -0.218054 10.6621
      vertex 1.51992 -0.30233 10.5311
    endloop
  endfacet
  facet normal 0.273543 -0.0978678 0.956868
    outer loop
      vertex 1.48296 -0.449852 10.5311
      vertex 1.03263 -0.427728 10.6621
      vertex 1.43173 -0.593041 10.5311
    endloop
  endfacet
  facet normal 0.176624 -0.08354 0.980727
    outer loop
      vertex 1.03263 -0.427728 10.6621
      vertex 0.623582 -0.258296 10.7502
      vertex 0.985731 -0.526884 10.6621
    endloop
  endfacet
  facet normal -0.514108 -0.857726 0
    outer loop
      vertex -2.55254 -3.82015 6.2
      vertex -2.16581 -4.05195 6.42571
      vertex -2.55254 -3.82015 6.42571
    endloop
  endfacet
  facet normal -0.514108 -0.857726 -0
    outer loop
      vertex -2.16581 -4.05195 6.42571
      vertex -2.55254 -3.82015 6.2
      vertex -2.16581 -4.05195 6.2
    endloop
  endfacet
  facet normal -0.511638 -0.853606 0.0978975
    outer loop
      vertex -2.14495 -4.01293 6.87496
      vertex -2.55254 -3.82015 6.42571
      vertex -2.16581 -4.05195 6.42571
    endloop
  endfacet
  facet normal -0.419354 -0.886663 0.194861
    outer loop
      vertex -2.10344 -3.93526 7.31771
      vertex -2.14495 -4.01293 6.87496
      vertex -1.70759 -4.12248 7.31771
    endloop
  endfacet
  facet normal -0.377159 -0.797469 0.47095
    outer loop
      vertex -1.5099 -3.64521 8.56487
      vertex -1.85992 -3.47967 8.56487
      vertex -1.59133 -3.84181 8.16675
    endloop
  endfacet
  facet normal -0.143916 -0.970213 0.194872
    outer loop
      vertex -0.870521 -4.3764 7.31771
      vertex -0.887702 -4.46278 6.87496
      vertex -0.445998 -4.5283 6.87496
    endloop
  endfacet
  facet normal -0.330444 -0.923488 0.194873
    outer loop
      vertex -1.70759 -4.12248 7.31771
      vertex -1.74129 -4.20385 6.87496
      vertex -1.29529 -4.27001 7.31771
    endloop
  endfacet
  facet normal -0.0469456 -0.955885 0.289965
    outer loop
      vertex 0 -4.3311 7.74969
      vertex -0.437366 -4.44066 7.31771
      vertex 0 -4.46214 7.31771
    endloop
  endfacet
  facet normal -0.045329 -0.92293 0.382289
    outer loop
      vertex -0.407589 -4.13833 8.16675
      vertex -0.424521 -4.31025 7.74969
      vertex 0 -4.3311 7.74969
    endloop
  endfacet
  facet normal -0.232532 -0.928359 0.289962
    outer loop
      vertex -0.844955 -4.24788 7.74969
      vertex -1.25725 -4.14461 7.74969
      vertex -0.870521 -4.3764 7.31771
    endloop
  endfacet
  facet normal -0.140443 -0.946676 0.289967
    outer loop
      vertex -0.424521 -4.31025 7.74969
      vertex -0.870521 -4.3764 7.31771
      vertex -0.437366 -4.44066 7.31771
    endloop
  endfacet
  facet normal 0.0488308 -0.993996 0.097913
    outer loop
      vertex 0.445998 -4.5283 6.87496
      vertex 0 -4.55021 6.87496
      vertex 0.450336 -4.57234 6.42571
    endloop
  endfacet
  facet normal 0.045329 -0.92293 0.382289
    outer loop
      vertex 0.407589 -4.13833 8.16675
      vertex 0 -4.3311 7.74969
      vertex 0.424521 -4.31025 7.74969
    endloop
  endfacet
  facet normal -0.550451 -0.7422 0.382286
    outer loop
      vertex -2.31026 -3.45754 8.16675
      vertex -2.63803 -3.21445 8.16675
      vertex -2.40623 -3.60118 7.74969
    endloop
  endfacet
  facet normal -0.475053 -0.792578 0.382288
    outer loop
      vertex -2.31026 -3.45754 8.16675
      vertex -2.40623 -3.60118 7.74969
      vertex -1.96023 -3.66734 8.16675
    endloop
  endfacet
  facet normal -0.355622 -0.751932 0.555096
    outer loop
      vertex -1.41392 -3.41351 8.94022
      vertex -1.85992 -3.47967 8.56487
      vertex -1.5099 -3.64521 8.56487
    endloop
  endfacet
  facet normal -0.397582 -0.66337 0.633931
    outer loop
      vertex -1.6067 -3.00592 9.28917
      vertex -2.0527 -3.07208 8.94022
      vertex -1.74169 -3.25848 8.94022
    endloop
  endfacet
  facet normal 0.427596 -0.713448 0.555115
    outer loop
      vertex 2.0527 -3.07208 8.94022
      vertex 1.74169 -3.25848 8.94022
      vertex 1.85992 -3.47967 8.56487
    endloop
  endfacet
  facet normal 0.397582 -0.66337 0.633931
    outer loop
      vertex 2.0527 -3.07208 8.94022
      vertex 1.6067 -3.00592 9.28917
      vertex 1.74169 -3.25848 8.94022
    endloop
  endfacet
  facet normal 0.328649 -0.196998 0.923678
    outer loop
      vertex 1.36671 -0.73052 10.5311
      vertex 1.28852 -0.860963 10.5311
      vertex 1.63529 -1.09267 10.3583
    endloop
  endfacet
  facet normal 0.176625 -0.0835383 0.980727
    outer loop
      vertex 0.623582 -0.258296 10.7502
      vertex 0.595262 -0.318173 10.7502
      vertex 0.985731 -0.526884 10.6621
    endloop
  endfacet
  facet normal 0.195099 -0.215264 0.956869
    outer loop
      vertex 1.0958 -1.0958 10.5311
      vertex 0.709066 -0.864 10.6621
      vertex 0.983114 -1.19793 10.5311
    endloop
  endfacet
  facet normal 0.116391 -0.156935 0.980727
    outer loop
      vertex 0.709066 -0.864 10.6621
      vertex 0.374988 -0.561209 10.7502
      vertex 0.620965 -0.92934 10.6621
    endloop
  endfacet
  facet normal 0.28097 -0.378846 0.881778
    outer loop
      vertex 1.24769 -1.52032 10.3583
      vertex 1.09267 -1.63529 10.3583
      vertex 1.31385 -1.96632 10.1456
    endloop
  endfacet
  facet normal 0.228253 -0.307765 0.923678
    outer loop
      vertex 1.24769 -1.52032 10.3583
      vertex 0.860963 -1.28852 10.5311
      vertex 1.09267 -1.63529 10.3583
    endloop
  endfacet
  facet normal -0.05853 -0.0789137 0.995162
    outer loop
      vertex -0.143189 -0.174477 10.7945
      vertex -0.428189 -0.52175 10.7502
      vertex -0.374988 -0.561209 10.7502
    endloop
  endfacet
  facet normal 0.0925051 0.0331033 0.995162
    outer loop
      vertex 0.623582 0.258296 10.7502
      vertex 0.208529 0.0863752 10.7945
      vertex 0.215992 0.0655203 10.7945
    endloop
  endfacet
  facet normal 0.0426198 -0.287381 0.956868
    outer loop
      vertex 0.30233 -1.51992 10.5311
      vertex 0.109554 -1.11233 10.6621
      vertex 0.151896 -1.54223 10.5311
    endloop
  endfacet
  facet normal 0.0562115 -0.379028 0.923676
    outer loop
      vertex 0.30233 -1.51992 10.5311
      vertex 0.151896 -1.54223 10.5311
      vertex 0.383694 -1.92896 10.3583
    endloop
  endfacet
  facet normal 0.047472 -0.18953 0.980727
    outer loop
      vertex 0.324453 -1.06958 10.6621
      vertex 0.19593 -0.645896 10.7502
      vertex 0.218054 -1.09623 10.6621
    endloop
  endfacet
  facet normal 0.0705862 -0.281813 0.95687
    outer loop
      vertex 0.324453 -1.06958 10.6621
      vertex 0.218054 -1.09623 10.6621
      vertex 0.30233 -1.51992 10.5311
    endloop
  endfacet
  facet normal 0.195101 -0.215262 0.956869
    outer loop
      vertex 0.790339 -0.790339 10.6621
      vertex 0.709066 -0.864 10.6621
      vertex 1.0958 -1.0958 10.5311
    endloop
  endfacet
  facet normal 0.116395 -0.15693 0.980727
    outer loop
      vertex 0.428189 -0.52175 10.7502
      vertex 0.374988 -0.561209 10.7502
      vertex 0.709066 -0.864 10.6621
    endloop
  endfacet
  facet normal 0.0658192 -0.183964 0.980727
    outer loop
      vertex 0.427728 -1.03263 10.6621
      vertex 0.258296 -0.623582 10.7502
      vertex 0.324453 -1.06958 10.6621
    endloop
  endfacet
  facet normal 0.0978688 -0.273543 0.956868
    outer loop
      vertex 0.427728 -1.03263 10.6621
      vertex 0.324453 -1.06958 10.6621
      vertex 0.449852 -1.48296 10.5311
    endloop
  endfacet
  facet normal -0.0272981 -0.555451 0.831101
    outer loop
      vertex -0.231797 -2.35349 10.1456
      vertex -0.268588 -2.72702 9.89475
      vertex 0 -2.74022 9.89475
    endloop
  endfacet
  facet normal -0.031163 -0.634091 0.772631
    outer loop
      vertex 0 -2.74022 9.89475
      vertex -0.268588 -2.72702 9.89475
      vertex 0 -3.08917 9.60837
    endloop
  endfacet
  facet normal -0.069222 -0.46656 0.881777
    outer loop
      vertex -0.383694 -1.92896 10.3583
      vertex -0.461363 -2.31943 10.1456
      vertex -0.231797 -2.35349 10.1456
    endloop
  endfacet
  facet normal -0.0426198 -0.287381 0.956868
    outer loop
      vertex -0.109554 -1.11233 10.6621
      vertex -0.30233 -1.51992 10.5311
      vertex -0.151896 -1.54223 10.5311
    endloop
  endfacet
  facet normal -0.0816047 -0.550101 0.831101
    outer loop
      vertex -0.231797 -2.35349 10.1456
      vertex -0.53459 -2.68756 9.89475
      vertex -0.268588 -2.72702 9.89475
    endloop
  endfacet
  facet normal -0.0816158 -0.550094 0.831105
    outer loop
      vertex -0.461363 -2.31943 10.1456
      vertex -0.53459 -2.68756 9.89475
      vertex -0.231797 -2.35349 10.1456
    endloop
  endfacet
  facet normal -0.519374 -0.573016 0.633959
    outer loop
      vertex -2.41008 -2.41008 9.28917
      vertex -2.61259 -2.61259 8.94022
      vertex -2.16225 -2.63471 9.28917
    endloop
  endfacet
  facet normal -0.27145 -0.573898 0.772629
    outer loop
      vertex -1.04864 -2.53163 9.89475
      vertex -1.29173 -2.41665 9.89475
      vertex -1.18217 -2.85402 9.60837
    endloop
  endfacet
  facet normal -0.158891 -0.444096 0.881778
    outer loop
      vertex -0.570918 -1.88206 10.3583
      vertex -0.904997 -2.18486 10.1456
      vertex -0.686486 -2.26304 10.1456
    endloop
  endfacet
  facet normal -0.509922 -0.37818 0.772632
    outer loop
      vertex -2.27841 -1.52238 9.89475
      vertex -2.56855 -1.71625 9.60837
      vertex -2.38796 -1.95975 9.60837
    endloop
  endfacet
  facet normal -0.979651 -0.0481261 0.194855
    outer loop
      vertex -4.44066 -0.437366 7.31771
      vertex -4.55021 0 6.87496
      vertex -4.5283 -0.445998 6.87496
    endloop
  endfacet
  facet normal -0.993996 -0.0488308 0.097913
    outer loop
      vertex -4.55021 0 6.87496
      vertex -4.57234 -0.450336 6.42571
      vertex -4.5283 -0.445998 6.87496
    endloop
  endfacet
  facet normal -0.855718 -0.214359 0.470954
    outer loop
      vertex -3.86974 -0.769738 8.56487
      vertex -4.07845 -0.811254 8.16675
      vertex -3.97929 -1.2071 8.16675
    endloop
  endfacet
  facet normal -0.872609 -0.129444 0.470954
    outer loop
      vertex -3.86974 -0.769738 8.56487
      vertex -4.13833 -0.407589 8.16675
      vertex -4.07845 -0.811254 8.16675
    endloop
  endfacet
  facet normal -0.70855 -0.525512 0.470951
    outer loop
      vertex -3.28061 -2.19203 8.56487
      vertex -3.45754 -2.31026 8.16675
      vertex -3.04995 -2.50303 8.56487
    endloop
  endfacet
  facet normal -0.708553 -0.525497 0.470961
    outer loop
      vertex -3.04995 -2.50303 8.56487
      vertex -3.45754 -2.31026 8.16675
      vertex -3.21445 -2.63803 8.16675
    endloop
  endfacet
  facet normal -0.568293 -0.42147 0.706686
    outer loop
      vertex -2.56855 -1.71625 9.60837
      vertex -2.83396 -1.89359 9.28917
      vertex -2.38796 -1.95975 9.60837
    endloop
  endfacet
  facet normal -0.519361 -0.573048 0.63394
    outer loop
      vertex -2.16225 -2.63471 9.28917
      vertex -2.61259 -2.61259 8.94022
      vertex -2.34393 -2.85608 8.94022
    endloop
  endfacet
  facet normal -0.492015 -0.820877 0.28997
    outer loop
      vertex -2.40623 -3.60118 7.74969
      vertex -2.47903 -3.71014 7.31771
      vertex -2.10344 -3.93526 7.31771
    endloop
  endfacet
  facet normal -0.504248 -0.841287 0.19486
    outer loop
      vertex -2.10344 -3.93526 7.31771
      vertex -2.47903 -3.71014 7.31771
      vertex -2.14495 -4.01293 6.87496
    endloop
  endfacet
  facet normal -0.511638 -0.853606 0.097897
    outer loop
      vertex -2.52796 -3.78336 6.87496
      vertex -2.55254 -3.82015 6.42571
      vertex -2.14495 -4.01293 6.87496
    endloop
  endfacet
  facet normal -0.59284 -0.799348 0.0978965
    outer loop
      vertex -2.52796 -3.78336 6.87496
      vertex -2.91469 -3.55156 6.42571
      vertex -2.55254 -3.82015 6.42571
    endloop
  endfacet
  facet normal -0.841285 -0.504253 0.194855
    outer loop
      vertex -3.71014 -2.47903 7.31771
      vertex -4.01293 -2.14495 6.87496
      vertex -3.78336 -2.52796 6.87496
    endloop
  endfacet
  facet normal -0.668332 -0.737396 0.0978768
    outer loop
      vertex -3.21749 -3.21749 6.87496
      vertex -3.24877 -3.24877 6.42571
      vertex -2.91469 -3.55156 6.42571
    endloop
  endfacet
  facet normal -0.78781 -0.584279 0.194868
    outer loop
      vertex -3.44928 -2.83075 7.31771
      vertex -3.78336 -2.52796 6.87496
      vertex -3.51736 -2.88662 6.87496
    endloop
  endfacet
  facet normal -0.79935 -0.592838 0.0978936
    outer loop
      vertex -3.51736 -2.88662 6.87496
      vertex -3.78336 -2.52796 6.87496
      vertex -3.55156 -2.91469 6.42571
    endloop
  endfacet
  facet normal -0.69913 -0.330663 0.633939
    outer loop
      vertex -3.14893 -1.30433 9.28917
      vertex -3.41351 -1.41392 8.94022
      vertex -3.00592 -1.6067 9.28917
    endloop
  endfacet
  facet normal -0.69913 -0.330677 0.633932
    outer loop
      vertex -3.00592 -1.6067 9.28917
      vertex -3.41351 -1.41392 8.94022
      vertex -3.25848 -1.74169 8.94022
    endloop
  endfacet
  facet normal -0.621182 -0.460695 0.63395
    outer loop
      vertex -2.83396 -1.89359 9.28917
      vertex -3.07208 -2.0527 8.94022
      vertex -2.63471 -2.16225 9.28917
    endloop
  endfacet
  facet normal -0.568293 -0.421471 0.706686
    outer loop
      vertex -2.38796 -1.95975 9.60837
      vertex -2.83396 -1.89359 9.28917
      vertex -2.63471 -2.16225 9.28917
    endloop
  endfacet
  facet normal -0.242992 -0.970028 0
    outer loop
      vertex -1.3337 -4.39662 6.2
      vertex -0.896334 -4.50618 6.42571
      vertex -1.3337 -4.39662 6.42571
    endloop
  endfacet
  facet normal -0.242992 -0.970028 -0
    outer loop
      vertex -0.896334 -4.50618 6.42571
      vertex -1.3337 -4.39662 6.2
      vertex -0.896334 -4.50618 6.2
    endloop
  endfacet
  facet normal 0.336879 -0.941548 0
    outer loop
      vertex 1.3337 -4.39662 6.2
      vertex 1.75822 -4.24473 6.42571
      vertex 1.3337 -4.39662 6.42571
    endloop
  endfacet
  facet normal 0.336879 -0.941548 0
    outer loop
      vertex 1.75822 -4.24473 6.42571
      vertex 1.3337 -4.39662 6.2
      vertex 1.75822 -4.24473 6.2
    endloop
  endfacet
  facet normal 0.511638 -0.853606 0.0978975
    outer loop
      vertex 2.55254 -3.82015 6.42571
      vertex 2.14495 -4.01293 6.87496
      vertex 2.16581 -4.05195 6.42571
    endloop
  endfacet
  facet normal 0.395081 -0.835317 0.382304
    outer loop
      vertex 2.04167 -3.81969 7.74969
      vertex 1.59133 -3.84181 8.16675
      vertex 1.65744 -4.00142 7.74969
    endloop
  endfacet
  facet normal 0.311298 -0.870021 0.382305
    outer loop
      vertex 1.59133 -3.84181 8.16675
      vertex 1.25725 -4.14461 7.74969
      vertex 1.65744 -4.00142 7.74969
    endloop
  endfacet
  facet normal 0.241812 -0.965372 0.0978937
    outer loop
      vertex 1.32086 -4.35428 6.87496
      vertex 0.887702 -4.46278 6.87496
      vertex 1.3337 -4.39662 6.42571
    endloop
  endfacet
  facet normal 0.335267 -0.937023 0.0978929
    outer loop
      vertex 1.74129 -4.20385 6.87496
      vertex 1.32086 -4.35428 6.87496
      vertex 1.3337 -4.39662 6.42571
    endloop
  endfacet
  facet normal 0.668317 -0.737407 0.0978942
    outer loop
      vertex 3.21749 -3.21749 6.87496
      vertex 2.88662 -3.51736 6.87496
      vertex 2.91469 -3.55156 6.42571
    endloop
  endfacet
  facet normal 0.592838 -0.79935 0.0978936
    outer loop
      vertex 2.88662 -3.51736 6.87496
      vertex 2.52796 -3.78336 6.87496
      vertex 2.91469 -3.55156 6.42571
    endloop
  endfacet
  facet normal 0.941548 -0.336879 0
    outer loop
      vertex 4.24473 -1.75822 6.42571
      vertex 4.39662 -1.3337 6.2
      vertex 4.39662 -1.3337 6.42571
    endloop
  endfacet
  facet normal 0.941548 -0.336879 0
    outer loop
      vertex 4.39662 -1.3337 6.2
      vertex 4.24473 -1.75822 6.42571
      vertex 4.24473 -1.75822 6.2
    endloop
  endfacet
  facet normal 0.726761 -0.658669 0.194868
    outer loop
      vertex 3.44928 -2.83075 7.31771
      vertex 3.21749 -3.21749 6.87496
      vertex 3.51736 -2.88662 6.87496
    endloop
  endfacet
  facet normal 0.737407 -0.668317 0.0978942
    outer loop
      vertex 3.51736 -2.88662 6.87496
      vertex 3.21749 -3.21749 6.87496
      vertex 3.55156 -2.91469 6.42571
    endloop
  endfacet
  facet normal 0.923498 -0.330428 0.194855
    outer loop
      vertex 4.27001 -1.29529 7.31771
      vertex 4.20385 -1.74129 6.87496
      vertex 4.35428 -1.32086 6.87496
    endloop
  endfacet
  facet normal 0.965372 -0.241812 0.0978937
    outer loop
      vertex 4.46278 -0.887702 6.87496
      vertex 4.35428 -1.32086 6.87496
      vertex 4.39662 -1.3337 6.42571
    endloop
  endfacet
  facet normal 0.841287 -0.504248 0.19486
    outer loop
      vertex 3.93526 -2.10344 7.31771
      vertex 3.71014 -2.47903 7.31771
      vertex 4.01293 -2.14495 6.87496
    endloop
  endfacet
  facet normal 0.820877 -0.492015 0.28997
    outer loop
      vertex 3.93526 -2.10344 7.31771
      vertex 3.60118 -2.40623 7.74969
      vertex 3.71014 -2.47903 7.31771
    endloop
  endfacet
  facet normal -0.13559 0.914042 0.382285
    outer loop
      vertex -0.407589 4.13833 8.16675
      vertex -0.844955 4.24788 7.74969
      vertex -0.811254 4.07845 8.16675
    endloop
  endfacet
  facet normal -0.322416 0.901095 0.289957
    outer loop
      vertex -1.25725 4.14461 7.74969
      vertex -1.70759 4.12248 7.31771
      vertex -1.65744 4.00142 7.74969
    endloop
  endfacet
  facet normal -0.0453326 0.922931 0.382286
    outer loop
      vertex 0 4.3311 7.74969
      vertex -0.407589 4.13833 8.16675
      vertex 0 4.15835 8.16675
    endloop
  endfacet
  facet normal 0.0453326 0.922931 0.382286
    outer loop
      vertex 0 4.3311 7.74969
      vertex 0 4.15835 8.16675
      vertex 0.407589 4.13833 8.16675
    endloop
  endfacet
  facet normal -0.28023 0.783161 0.555095
    outer loop
      vertex -1.14533 3.77566 8.56487
      vertex -1.5099 3.64521 8.56487
      vertex -1.41392 3.41351 8.94022
    endloop
  endfacet
  facet normal -0.377159 0.797469 0.47095
    outer loop
      vertex -1.59133 3.84181 8.16675
      vertex -1.85992 3.47967 8.56487
      vertex -1.5099 3.64521 8.56487
    endloop
  endfacet
  facet normal -0.10382 0.699878 0.706677
    outer loop
      vertex -0.334079 3.39196 9.28917
      vertex -0.664941 3.34288 9.28917
      vertex -0.302792 3.0743 9.60837
    endloop
  endfacet
  facet normal -0.0347124 0.706684 0.706677
    outer loop
      vertex 0 3.40837 9.28917
      vertex -0.334079 3.39196 9.28917
      vertex -0.302792 3.0743 9.60837
    endloop
  endfacet
  facet normal -0.202105 0.806854 0.555104
    outer loop
      vertex -0.769738 3.86974 8.56487
      vertex -1.14533 3.77566 8.56487
      vertex -1.07253 3.53566 8.94022
    endloop
  endfacet
  facet normal -0.280216 0.78316 0.555103
    outer loop
      vertex -1.14533 3.77566 8.56487
      vertex -1.41392 3.41351 8.94022
      vertex -1.07253 3.53566 8.94022
    endloop
  endfacet
  facet normal -0.475055 0.792577 0.382289
    outer loop
      vertex -2.04167 3.81969 7.74969
      vertex -2.40623 3.60118 7.74969
      vertex -1.96023 3.66734 8.16675
    endloop
  endfacet
  facet normal -0.322429 0.901087 0.28997
    outer loop
      vertex -1.29529 4.27001 7.31771
      vertex -1.70759 4.12248 7.31771
      vertex -1.25725 4.14461 7.74969
    endloop
  endfacet
  facet normal -0.525497 0.708553 0.470961
    outer loop
      vertex -2.31026 3.45754 8.16675
      vertex -2.63803 3.21445 8.16675
      vertex -2.50303 3.04995 8.56487
    endloop
  endfacet
  facet normal -0.525512 0.70855 0.470951
    outer loop
      vertex -2.31026 3.45754 8.16675
      vertex -2.50303 3.04995 8.56487
      vertex -2.19203 3.28061 8.56487
    endloop
  endfacet
  facet normal 0.0408159 0.830778 0.555106
    outer loop
      vertex 0 3.94555 8.56487
      vertex 0 3.69475 8.94022
      vertex 0.386731 3.92655 8.56487
    endloop
  endfacet
  facet normal 0.0432877 0.88109 0.470964
    outer loop
      vertex 0.407589 4.13833 8.16675
      vertex 0 3.94555 8.56487
      vertex 0.386731 3.92655 8.56487
    endloop
  endfacet
  facet normal 0.750202 0.187913 0.633945
    outer loop
      vertex 3.53566 1.07253 8.94022
      vertex 3.34288 0.664941 9.28917
      vertex 3.62376 0.72081 8.94022
    endloop
  endfacet
  facet normal 0.750204 0.18791 0.633943
    outer loop
      vertex 3.53566 1.07253 8.94022
      vertex 3.26161 0.989399 9.28917
      vertex 3.34288 0.664941 9.28917
    endloop
  endfacet
  facet normal 0.88109 0.0432877 0.470964
    outer loop
      vertex 4.13833 0.407589 8.16675
      vertex 3.92655 0.386731 8.56487
      vertex 3.94555 0 8.56487
    endloop
  endfacet
  facet normal 0.872606 0.12943 0.470964
    outer loop
      vertex 4.13833 0.407589 8.16675
      vertex 3.86974 0.769738 8.56487
      vertex 3.92655 0.386731 8.56487
    endloop
  endfacet
  facet normal 0.765011 0.113482 0.63394
    outer loop
      vertex 3.67696 0.362149 8.94022
      vertex 3.34288 0.664941 9.28917
      vertex 3.39196 0.334079 9.28917
    endloop
  endfacet
  facet normal 0.822779 0.122042 0.555104
    outer loop
      vertex 3.86974 0.769738 8.56487
      vertex 3.62376 0.72081 8.94022
      vertex 3.67696 0.362149 8.94022
    endloop
  endfacet
  facet normal 0.928359 0.232522 0.28997
    outer loop
      vertex 4.27001 1.29529 7.31771
      vertex 4.14461 1.25725 7.74969
      vertex 4.3764 0.870521 7.31771
    endloop
  endfacet
  facet normal 0.928359 0.232532 0.289962
    outer loop
      vertex 4.3764 0.870521 7.31771
      vertex 4.14461 1.25725 7.74969
      vertex 4.24788 0.844955 7.74969
    endloop
  endfacet
  facet normal 0.951438 -0.238322 0.194854
    outer loop
      vertex 4.46278 -0.887702 6.87496
      vertex 4.27001 -1.29529 7.31771
      vertex 4.35428 -1.32086 6.87496
    endloop
  endfacet
  facet normal 0.901095 -0.322416 0.289957
    outer loop
      vertex 4.14461 -1.25725 7.74969
      vertex 4.00142 -1.65744 7.74969
      vertex 4.12248 -1.70759 7.31771
    endloop
  endfacet
  facet normal 0.0469475 -0.955884 0.289967
    outer loop
      vertex 0.424521 -4.31025 7.74969
      vertex 0 -4.3311 7.74969
      vertex 0.437366 -4.44066 7.31771
    endloop
  endfacet
  facet normal 0.0469456 -0.955885 0.289965
    outer loop
      vertex 0 -4.3311 7.74969
      vertex 0 -4.46214 7.31771
      vertex 0.437366 -4.44066 7.31771
    endloop
  endfacet
  facet normal 0.158891 -0.444096 0.881778
    outer loop
      vertex 0.904997 -2.18486 10.1456
      vertex 0.570918 -1.88206 10.3583
      vertex 0.686486 -2.26304 10.1456
    endloop
  endfacet
  facet normal 0.18734 -0.523611 0.831105
    outer loop
      vertex 0.904997 -2.18486 10.1456
      vertex 0.686486 -2.26304 10.1456
      vertex 0.795443 -2.62222 9.89475
    endloop
  endfacet
  facet normal -0.171913 -0.686326 0.706685
    outer loop
      vertex -0.602667 -3.02981 9.60837
      vertex -0.896739 -2.95615 9.60837
      vertex -0.664941 -3.34288 9.28917
    endloop
  endfacet
  facet normal -0.18791 -0.750204 0.633943
    outer loop
      vertex -0.989399 -3.26161 9.28917
      vertex -1.07253 -3.53566 8.94022
      vertex -0.664941 -3.34288 9.28917
    endloop
  endfacet
  facet normal 0.0379454 -0.772449 0.633942
    outer loop
      vertex 0 -3.40837 9.28917
      vertex 0 -3.69475 8.94022
      vertex 0.362149 -3.67696 8.94022
    endloop
  endfacet
  facet normal 0.0379429 -0.772451 0.63394
    outer loop
      vertex 0.334079 -3.39196 9.28917
      vertex 0 -3.40837 9.28917
      vertex 0.362149 -3.67696 8.94022
    endloop
  endfacet
  facet normal -0.0408108 -0.83078 0.555102
    outer loop
      vertex -0.362149 -3.67696 8.94022
      vertex -0.386731 -3.92655 8.56487
      vertex 0 -3.69475 8.94022
    endloop
  endfacet
  facet normal -0.0408159 -0.830778 0.555106
    outer loop
      vertex 0 -3.69475 8.94022
      vertex -0.386731 -3.92655 8.56487
      vertex 0 -3.94555 8.56487
    endloop
  endfacet
  facet normal 0.122042 -0.822779 0.555104
    outer loop
      vertex 0.72081 -3.62376 8.94022
      vertex 0.362149 -3.67696 8.94022
      vertex 0.769738 -3.86974 8.56487
    endloop
  endfacet
  facet normal 0.202103 -0.806854 0.555104
    outer loop
      vertex 1.07253 -3.53566 8.94022
      vertex 0.72081 -3.62376 8.94022
      vertex 0.769738 -3.86974 8.56487
    endloop
  endfacet
  facet normal 0.412052 -0.373483 0.831098
    outer loop
      vertex 2.11822 -1.73837 9.89475
      vertex 1.67222 -1.67222 10.1456
      vertex 1.93762 -1.93762 9.89475
    endloop
  endfacet
  facet normal 0.373483 -0.412052 0.831098
    outer loop
      vertex 1.93762 -1.93762 9.89475
      vertex 1.67222 -1.67222 10.1456
      vertex 1.73837 -2.11822 9.89475
    endloop
  endfacet
  facet normal 0.53945 -0.135124 0.831104
    outer loop
      vertex 2.31943 -0.461363 10.1456
      vertex 2.26304 -0.686486 10.1456
      vertex 2.62222 -0.795443 9.89475
    endloop
  endfacet
  facet normal 0.457532 -0.114605 0.881777
    outer loop
      vertex 2.31943 -0.461363 10.1456
      vertex 1.92896 -0.383694 10.3583
      vertex 2.26304 -0.686486 10.1456
    endloop
  endfacet
  facet normal 0.46656 -0.069222 0.881777
    outer loop
      vertex 2.35349 -0.231797 10.1456
      vertex 1.92896 -0.383694 10.3583
      vertex 2.31943 -0.461363 10.1456
    endloop
  endfacet
  facet normal 0.550094 -0.0816158 0.831105
    outer loop
      vertex 2.35349 -0.231797 10.1456
      vertex 2.31943 -0.461363 10.1456
      vertex 2.68756 -0.53459 9.89475
    endloop
  endfacet
  facet normal 0.30777 0.22825 0.923677
    outer loop
      vertex 1.52032 1.24769 10.3583
      vertex 1.19793 0.983114 10.5311
      vertex 1.28852 0.860963 10.5311
    endloop
  endfacet
  facet normal 0.404561 0.242492 0.881776
    outer loop
      vertex 2.08563 1.11479 10.1456
      vertex 1.63529 1.09267 10.3583
      vertex 1.73452 0.92712 10.3583
    endloop
  endfacet
  facet normal 0.509922 0.37818 0.772632
    outer loop
      vertex 2.38796 1.95975 9.60837
      vertex 2.27841 1.52238 9.89475
      vertex 2.56855 1.71625 9.60837
    endloop
  endfacet
  facet normal 0.509917 0.378182 0.772634
    outer loop
      vertex 2.38796 1.95975 9.60837
      vertex 2.11822 1.73837 9.89475
      vertex 2.27841 1.52238 9.89475
    endloop
  endfacet
  facet normal 0.412052 0.373483 0.831098
    outer loop
      vertex 1.93762 1.93762 9.89475
      vertex 1.67222 1.67222 10.1456
      vertex 2.11822 1.73837 9.89475
    endloop
  endfacet
  facet normal 0.328649 0.196998 0.923678
    outer loop
      vertex 1.63529 1.09267 10.3583
      vertex 1.28852 0.860963 10.5311
      vertex 1.36671 0.73052 10.5311
    endloop
  endfacet
  facet normal 0.131211 0.144771 0.980727
    outer loop
      vertex 0.790339 0.790339 10.6621
      vertex 0.428189 0.52175 10.7502
      vertex 0.477268 0.477268 10.7502
    endloop
  endfacet
  facet normal 0.116391 0.156935 0.980727
    outer loop
      vertex 0.620965 0.92934 10.6621
      vertex 0.374988 0.561209 10.7502
      vertex 0.709066 0.864 10.6621
    endloop
  endfacet
  facet normal 0.404562 0.242481 0.881778
    outer loop
      vertex 1.96632 1.31385 10.1456
      vertex 1.63529 1.09267 10.3583
      vertex 2.08563 1.11479 10.1456
    endloop
  endfacet
  facet normal 0.249183 0.149365 0.956869
    outer loop
      vertex 1.28852 0.860963 10.5311
      vertex 0.985731 0.526884 10.6621
      vertex 1.36671 0.73052 10.5311
    endloop
  endfacet
  facet normal 0.0971869 0.0144157 0.995162
    outer loop
      vertex 0.67171 0.0661573 10.7502
      vertex 0.221374 0.044034 10.7945
      vertex 0.224624 0.0221233 10.7945
    endloop
  endfacet
  facet normal 0.0981318 0.00482158 0.995162
    outer loop
      vertex 0.67171 0.0661573 10.7502
      vertex 0.224624 0.0221233 10.7945
      vertex 0.225711 0 10.7945
    endloop
  endfacet
  facet normal 0.281813 0.0705862 0.95687
    outer loop
      vertex 1.51992 0.30233 10.5311
      vertex 1.06958 0.324453 10.6621
      vertex 1.09623 0.218054 10.6621
    endloop
  endfacet
  facet normal 0.18953 0.047472 0.980727
    outer loop
      vertex 1.06958 0.324453 10.6621
      vertex 0.645896 0.19593 10.7502
      vertex 1.09623 0.218054 10.6621
    endloop
  endfacet
  facet normal -0.0144177 -0.0971868 0.995162
    outer loop
      vertex -0.044034 -0.221374 10.7945
      vertex -0.131678 -0.66199 10.7502
      vertex -0.0661573 -0.67171 10.7502
    endloop
  endfacet
  facet normal 0.0727993 0.0659805 0.995162
    outer loop
      vertex 0.477268 0.477268 10.7502
      vertex 0.174477 0.143189 10.7945
      vertex 0.52175 0.428189 10.7502
    endloop
  endfacet
  facet normal -0.0925051 0.0331033 0.995162
    outer loop
      vertex -0.208529 0.0863752 10.7945
      vertex -0.623582 0.258296 10.7502
      vertex -0.215992 0.0655203 10.7945
    endloop
  endfacet
  facet normal 0.0925074 0.0330983 0.995162
    outer loop
      vertex 0.623582 0.258296 10.7502
      vertex 0.215992 0.0655203 10.7945
      vertex 0.645896 0.19593 10.7502
    endloop
  endfacet
  facet normal -0.095306 0.0238727 0.995162
    outer loop
      vertex -0.215992 0.0655203 10.7945
      vertex -0.66199 0.131678 10.7502
      vertex -0.221374 0.044034 10.7945
    endloop
  endfacet
  facet normal -0.0981319 0.00482076 0.995162
    outer loop
      vertex -0.67171 0.0661573 10.7502
      vertex -0.67496 0 10.7502
      vertex -0.225711 0 10.7945
    endloop
  endfacet
  facet normal 0.144771 0.131211 0.980727
    outer loop
      vertex 0.790339 0.790339 10.6621
      vertex 0.477268 0.477268 10.7502
      vertex 0.52175 0.428189 10.7502
    endloop
  endfacet
  facet normal -0.0659832 -0.0727962 0.995162
    outer loop
      vertex -0.159601 -0.159601 10.7945
      vertex -0.477268 -0.477268 10.7502
      vertex -0.143189 -0.174477 10.7945
    endloop
  endfacet
  facet normal 0.144771 0.131211 0.980727
    outer loop
      vertex 0.790339 0.790339 10.6621
      vertex 0.52175 0.428189 10.7502
      vertex 0.864 0.709066 10.6621
    endloop
  endfacet
  facet normal 0.0978678 0.273543 0.956868
    outer loop
      vertex 0.449852 1.48296 10.5311
      vertex 0.427728 1.03263 10.6621
      vertex 0.593041 1.43173 10.5311
    endloop
  endfacet
  facet normal 0.100449 0.167587 0.980727
    outer loop
      vertex 0.526884 0.985731 10.6621
      vertex 0.374988 0.561209 10.7502
      vertex 0.620965 0.92934 10.6621
    endloop
  endfacet
  facet normal -0.0505101 0.0842724 0.995162
    outer loop
      vertex -0.318173 0.595262 10.7502
      vertex -0.374988 0.561209 10.7502
      vertex -0.1064 0.199059 10.7945
    endloop
  endfacet
  facet normal 0.0658206 0.183964 0.980727
    outer loop
      vertex 0.324453 1.06958 10.6621
      vertex 0.19593 0.645896 10.7502
      vertex 0.258296 0.623582 10.7502
    endloop
  endfacet
  facet normal 0.0978688 0.273543 0.956868
    outer loop
      vertex 0.449852 1.48296 10.5311
      vertex 0.324453 1.06958 10.6621
      vertex 0.427728 1.03263 10.6621
    endloop
  endfacet
  facet normal 0.14936 0.249188 0.956868
    outer loop
      vertex 0.860963 1.28852 10.5311
      vertex 0.526884 0.985731 10.6621
      vertex 0.620965 0.92934 10.6621
    endloop
  endfacet
  facet normal 0.0505101 -0.0842724 0.995162
    outer loop
      vertex 0.374988 -0.561209 10.7502
      vertex 0.1064 -0.199059 10.7945
      vertex 0.318173 -0.595262 10.7502
    endloop
  endfacet
  facet normal -0.0420077 -0.088817 0.995162
    outer loop
      vertex -0.1064 -0.199059 10.7945
      vertex -0.318173 -0.595262 10.7502
      vertex -0.258296 -0.623582 10.7502
    endloop
  endfacet
  facet normal -0.14936 0.249188 0.956868
    outer loop
      vertex -0.526884 0.985731 10.6621
      vertex -0.860963 1.28852 10.5311
      vertex -0.620965 0.92934 10.6621
    endloop
  endfacet
  facet normal 0.0789147 0.0585284 0.995162
    outer loop
      vertex 0.561209 0.374988 10.7502
      vertex 0.174477 0.143189 10.7945
      vertex 0.187672 0.125398 10.7945
    endloop
  endfacet
  facet normal -0.0925074 0.0330983 0.995162
    outer loop
      vertex -0.623582 0.258296 10.7502
      vertex -0.645896 0.19593 10.7502
      vertex -0.215992 0.0655203 10.7945
    endloop
  endfacet
  facet normal -0.0971869 -0.0144157 0.995162
    outer loop
      vertex -0.224624 -0.0221233 10.7945
      vertex -0.67171 -0.0661573 10.7502
      vertex -0.221374 -0.044034 10.7945
    endloop
  endfacet
  facet normal 0.302504 0.639592 0.706692
    outer loop
      vertex 1.30433 3.14893 9.28917
      vertex 1.18217 2.85402 9.60837
      vertex 1.6067 3.00592 9.28917
    endloop
  endfacet
  facet normal 0.330663 0.69913 0.633939
    outer loop
      vertex 1.41392 3.41351 8.94022
      vertex 1.30433 3.14893 9.28917
      vertex 1.6067 3.00592 9.28917
    endloop
  endfacet
  facet normal 0.158893 0.444094 0.881779
    outer loop
      vertex 0.904997 2.18486 10.1456
      vertex 0.570918 1.88206 10.3583
      vertex 0.752644 1.81704 10.3583
    endloop
  endfacet
  facet normal 0.213865 0.597749 0.77263
    outer loop
      vertex 1.18217 2.85402 9.60837
      vertex 0.795443 2.62222 9.89475
      vertex 1.04864 2.53163 9.89475
    endloop
  endfacet
  facet normal 0.0408108 0.83078 0.555102
    outer loop
      vertex 0.386731 3.92655 8.56487
      vertex 0 3.69475 8.94022
      vertex 0.362149 3.67696 8.94022
    endloop
  endfacet
  facet normal 0.0379454 0.772449 0.633942
    outer loop
      vertex 0 3.69475 8.94022
      vertex 0 3.40837 9.28917
      vertex 0.362149 3.67696 8.94022
    endloop
  endfacet
  facet normal 0.171913 0.686326 0.706685
    outer loop
      vertex 0.664941 3.34288 9.28917
      vertex 0.602667 3.02981 9.60837
      vertex 0.896739 2.95615 9.60837
    endloop
  endfacet
  facet normal 0.0347124 0.706684 0.706677
    outer loop
      vertex 0.334079 3.39196 9.28917
      vertex 0 3.40837 9.28917
      vertex 0.302792 3.0743 9.60837
    endloop
  endfacet
  facet normal -0.154254 0.615825 0.772635
    outer loop
      vertex -0.602667 3.02981 9.60837
      vertex -0.896739 2.95615 9.60837
      vertex -0.53459 2.68756 9.89475
    endloop
  endfacet
  facet normal -0.0931677 0.627976 0.772636
    outer loop
      vertex -0.302792 3.0743 9.60837
      vertex -0.602667 3.02981 9.60837
      vertex -0.53459 2.68756 9.89475
    endloop
  endfacet
  facet normal -0.0426198 0.287381 0.956868
    outer loop
      vertex -0.151896 1.54223 10.5311
      vertex -0.30233 1.51992 10.5311
      vertex -0.109554 1.11233 10.6621
    endloop
  endfacet
  facet normal 0.0272981 0.555451 0.831101
    outer loop
      vertex 0.268588 2.72702 9.89475
      vertex 0 2.74022 9.89475
      vertex 0.231797 2.35349 10.1456
    endloop
  endfacet
  facet normal 0.135124 0.53945 0.831104
    outer loop
      vertex 0.795443 2.62222 9.89475
      vertex 0.461363 2.31943 10.1456
      vertex 0.686486 2.26304 10.1456
    endloop
  endfacet
  facet normal 0.0816158 0.550094 0.831105
    outer loop
      vertex 0.53459 2.68756 9.89475
      vertex 0.231797 2.35349 10.1456
      vertex 0.461363 2.31943 10.1456
    endloop
  endfacet
  facet normal 0.331275 0.446676 0.831106
    outer loop
      vertex 1.73837 2.11822 9.89475
      vertex 1.31385 1.96632 10.1456
      vertex 1.50026 1.82807 10.1456
    endloop
  endfacet
  facet normal 0.285895 0.476995 0.831107
    outer loop
      vertex 1.52238 2.27841 9.89475
      vertex 1.11479 2.08563 10.1456
      vertex 1.31385 1.96632 10.1456
    endloop
  endfacet
  facet normal -0.457532 -0.114605 0.881777
    outer loop
      vertex -1.92896 -0.383694 10.3583
      vertex -2.31943 -0.461363 10.1456
      vertex -2.26304 -0.686486 10.1456
    endloop
  endfacet
  facet normal -0.523611 -0.18734 0.831105
    outer loop
      vertex -2.26304 -0.686486 10.1456
      vertex -2.62222 -0.795443 9.89475
      vertex -2.18486 -0.904997 10.1456
    endloop
  endfacet
  facet normal -0.806854 0.202103 0.555104
    outer loop
      vertex -3.53566 1.07253 8.94022
      vertex -3.86974 0.769738 8.56487
      vertex -3.62376 0.72081 8.94022
    endloop
  endfacet
  facet normal -0.822779 0.122042 0.555104
    outer loop
      vertex -3.62376 0.72081 8.94022
      vertex -3.86974 0.769738 8.56487
      vertex -3.67696 0.362149 8.94022
    endloop
  endfacet
  facet normal -0.616323 0.558579 0.5551
    outer loop
      vertex -2.78993 2.78993 8.56487
      vertex -3.04995 2.50303 8.56487
      vertex -2.61259 2.61259 8.94022
    endloop
  endfacet
  facet normal -0.7422 0.550451 0.382286
    outer loop
      vertex -3.21445 2.63803 8.16675
      vertex -3.60118 2.40623 7.74969
      vertex -3.45754 2.31026 8.16675
    endloop
  endfacet
  facet normal -0.686325 0.17191 0.706686
    outer loop
      vertex -3.26161 0.989399 9.28917
      vertex -3.34288 0.664941 9.28917
      vertex -2.95615 0.896739 9.60837
    endloop
  endfacet
  facet normal -0.627976 0.0931677 0.772636
    outer loop
      vertex -3.02981 0.602667 9.60837
      vertex -3.0743 0.302792 9.60837
      vertex -2.68756 0.53459 9.89475
    endloop
  endfacet
  facet normal -0.53945 0.135124 0.831104
    outer loop
      vertex -2.26304 0.686486 10.1456
      vertex -2.62222 0.795443 9.89475
      vertex -2.31943 0.461363 10.1456
    endloop
  endfacet
  facet normal -0.597749 0.213865 0.77263
    outer loop
      vertex -2.53163 1.04864 9.89475
      vertex -2.85402 1.18217 9.60837
      vertex -2.62222 0.795443 9.89475
    endloop
  endfacet
  facet normal -0.502717 0.237782 0.831105
    outer loop
      vertex -2.41665 1.29173 9.89475
      vertex -2.53163 1.04864 9.89475
      vertex -2.08563 1.11479 10.1456
    endloop
  endfacet
  facet normal -0.477002 0.285891 0.831105
    outer loop
      vertex -2.27841 1.52238 9.89475
      vertex -2.41665 1.29173 9.89475
      vertex -2.08563 1.11479 10.1456
    endloop
  endfacet
  facet normal -0.597738 0.213876 0.772636
    outer loop
      vertex -2.85402 1.18217 9.60837
      vertex -2.95615 0.896739 9.60837
      vertex -2.62222 0.795443 9.89475
    endloop
  endfacet
  facet normal -0.615824 0.154255 0.772636
    outer loop
      vertex -2.62222 0.795443 9.89475
      vertex -2.95615 0.896739 9.60837
      vertex -2.68756 0.53459 9.89475
    endloop
  endfacet
  facet normal -0.193267 0.0286784 0.980727
    outer loop
      vertex -1.09623 0.218054 10.6621
      vertex -1.11233 0.109554 10.6621
      vertex -0.67171 0.0661573 10.7502
    endloop
  endfacet
  facet normal -0.19327 0.0286716 0.980727
    outer loop
      vertex -0.66199 0.131678 10.7502
      vertex -1.09623 0.218054 10.6621
      vertex -0.67171 0.0661573 10.7502
    endloop
  endfacet
  facet normal -0.18953 0.047472 0.980727
    outer loop
      vertex -1.06958 0.324453 10.6621
      vertex -1.09623 0.218054 10.6621
      vertex -0.645896 0.19593 10.7502
    endloop
  endfacet
  facet normal -0.18953 0.0474739 0.980727
    outer loop
      vertex -0.645896 0.19593 10.7502
      vertex -1.09623 0.218054 10.6621
      vertex -0.66199 0.131678 10.7502
    endloop
  endfacet
  facet normal 0.0727962 0.0659832 0.995162
    outer loop
      vertex 0.477268 0.477268 10.7502
      vertex 0.159601 0.159601 10.7945
      vertex 0.174477 0.143189 10.7945
    endloop
  endfacet
  facet normal -0.167587 0.100449 0.980727
    outer loop
      vertex -0.92934 0.620965 10.6621
      vertex -0.985731 0.526884 10.6621
      vertex -0.561209 0.374988 10.7502
    endloop
  endfacet
  facet normal -0.249188 0.14936 0.956868
    outer loop
      vertex -0.92934 0.620965 10.6621
      vertex -1.28852 0.860963 10.5311
      vertex -0.985731 0.526884 10.6621
    endloop
  endfacet
  facet normal -0.371685 0.0931078 0.923678
    outer loop
      vertex -1.88206 0.570918 10.3583
      vertex -1.92896 0.383694 10.3583
      vertex -1.48296 0.449852 10.5311
    endloop
  endfacet
  facet normal -0.328649 0.196998 0.923678
    outer loop
      vertex -1.28852 0.860963 10.5311
      vertex -1.63529 1.09267 10.3583
      vertex -1.36671 0.73052 10.5311
    endloop
  endfacet
  facet normal -0.22825 0.30777 0.923677
    outer loop
      vertex -0.860963 1.28852 10.5311
      vertex -1.24769 1.52032 10.3583
      vertex -0.983114 1.19793 10.5311
    endloop
  endfacet
  facet normal -0.131211 0.144771 0.980727
    outer loop
      vertex -0.709066 0.864 10.6621
      vertex -0.790339 0.790339 10.6621
      vertex -0.428189 0.52175 10.7502
    endloop
  endfacet
  facet normal 0.114605 0.457532 0.881777
    outer loop
      vertex 0.461363 2.31943 10.1456
      vertex 0.383694 1.92896 10.3583
      vertex 0.686486 2.26304 10.1456
    endloop
  endfacet
  facet normal -0.0931078 0.371685 0.923678
    outer loop
      vertex -0.383694 1.92896 10.3583
      vertex -0.570918 1.88206 10.3583
      vertex -0.449852 1.48296 10.5311
    endloop
  endfacet
  facet normal -0.154255 0.615824 0.772636
    outer loop
      vertex -0.53459 2.68756 9.89475
      vertex -0.896739 2.95615 9.60837
      vertex -0.795443 2.62222 9.89475
    endloop
  endfacet
  facet normal -0.213876 0.597738 0.772636
    outer loop
      vertex -0.896739 2.95615 9.60837
      vertex -1.18217 2.85402 9.60837
      vertex -0.795443 2.62222 9.89475
    endloop
  endfacet
  facet normal -0.41206 0.373456 0.831106
    outer loop
      vertex -1.67222 1.67222 10.1456
      vertex -2.11822 1.73837 9.89475
      vertex -1.82807 1.50026 10.1456
    endloop
  endfacet
  facet normal -0.373483 0.412052 0.831098
    outer loop
      vertex -1.73837 2.11822 9.89475
      vertex -1.93762 1.93762 9.89475
      vertex -1.67222 1.67222 10.1456
    endloop
  endfacet
  facet normal -0.23778 0.502717 0.831105
    outer loop
      vertex -1.04864 2.53163 9.89475
      vertex -1.11479 2.08563 10.1456
      vertex -0.904997 2.18486 10.1456
    endloop
  endfacet
  facet normal -0.237782 0.502717 0.831105
    outer loop
      vertex -1.04864 2.53163 9.89475
      vertex -1.29173 2.41665 9.89475
      vertex -1.11479 2.08563 10.1456
    endloop
  endfacet
  facet normal 0.524236 0.475155 0.706686
    outer loop
      vertex 2.63471 2.16225 9.28917
      vertex 2.18437 2.18437 9.60837
      vertex 2.38796 1.95975 9.60837
    endloop
  endfacet
  facet normal 0.47516 0.524235 0.706683
    outer loop
      vertex 2.41008 2.41008 9.28917
      vertex 2.16225 2.63471 9.28917
      vertex 2.18437 2.18437 9.60837
    endloop
  endfacet
  facet normal 0.363748 0.606862 0.706687
    outer loop
      vertex 1.6067 3.00592 9.28917
      vertex 1.45622 2.72441 9.60837
      vertex 1.71625 2.56855 9.60837
    endloop
  endfacet
  facet normal 0.37818 0.509922 0.772632
    outer loop
      vertex 1.71625 2.56855 9.60837
      vertex 1.52238 2.27841 9.89475
      vertex 1.95975 2.38796 9.60837
    endloop
  endfacet
  facet normal 0.568293 0.421471 0.706686
    outer loop
      vertex 2.63471 2.16225 9.28917
      vertex 2.38796 1.95975 9.60837
      vertex 2.83396 1.89359 9.28917
    endloop
  endfacet
  facet normal 0.621182 0.460695 0.63395
    outer loop
      vertex 3.07208 2.0527 8.94022
      vertex 2.63471 2.16225 9.28917
      vertex 2.83396 1.89359 9.28917
    endloop
  endfacet
  facet normal 0.544529 0.326387 0.772632
    outer loop
      vertex 2.56855 1.71625 9.60837
      vertex 2.27841 1.52238 9.89475
      vertex 2.72441 1.45622 9.60837
    endloop
  endfacet
  facet normal 0.639592 0.302504 0.706692
    outer loop
      vertex 3.00592 1.6067 9.28917
      vertex 2.85402 1.18217 9.60837
      vertex 3.14893 1.30433 9.28917
    endloop
  endfacet
  facet normal 0.668087 0.495508 0.555096
    outer loop
      vertex 3.28061 2.19203 8.56487
      vertex 2.85608 2.34393 8.94022
      vertex 3.07208 2.0527 8.94022
    endloop
  endfacet
  facet normal 0.713445 0.427625 0.555097
    outer loop
      vertex 3.28061 2.19203 8.56487
      vertex 3.07208 2.0527 8.94022
      vertex 3.47967 1.85992 8.56487
    endloop
  endfacet
  facet normal 0.397602 0.66334 0.63395
    outer loop
      vertex 2.0527 3.07208 8.94022
      vertex 1.6067 3.00592 9.28917
      vertex 1.89359 2.83396 9.28917
    endloop
  endfacet
  facet normal 0.460695 0.621182 0.63395
    outer loop
      vertex 2.0527 3.07208 8.94022
      vertex 1.89359 2.83396 9.28917
      vertex 2.16225 2.63471 9.28917
    endloop
  endfacet
  facet normal 0.726761 0.658669 0.194868
    outer loop
      vertex 3.51736 2.88662 6.87496
      vertex 3.21749 3.21749 6.87496
      vertex 3.44928 2.83075 7.31771
    endloop
  endfacet
  facet normal 0.584279 0.78781 0.194868
    outer loop
      vertex 2.88662 3.51736 6.87496
      vertex 2.52796 3.78336 6.87496
      vertex 2.83075 3.44928 7.31771
    endloop
  endfacet
  facet normal 0.570115 0.768691 0.289969
    outer loop
      vertex 2.47903 3.71014 7.31771
      vertex 2.40623 3.60118 7.74969
      vertex 2.83075 3.44928 7.31771
    endloop
  endfacet
  facet normal 0.584291 0.787804 0.194856
    outer loop
      vertex 2.52796 3.78336 6.87496
      vertex 2.47903 3.71014 7.31771
      vertex 2.83075 3.44928 7.31771
    endloop
  endfacet
  facet normal 0.658679 0.726748 0.194883
    outer loop
      vertex 3.21749 3.21749 6.87496
      vertex 2.83075 3.44928 7.31771
      vertex 3.15521 3.15521 7.31771
    endloop
  endfacet
  facet normal 0.79935 0.592838 0.0978936
    outer loop
      vertex 3.55156 2.91469 6.42571
      vertex 3.51736 2.88662 6.87496
      vertex 3.78336 2.52796 6.87496
    endloop
  endfacet
  facet normal 0.425509 0.899643 0.0978969
    outer loop
      vertex 2.16581 4.05195 6.42571
      vertex 1.75822 4.24473 6.42571
      vertex 2.14495 4.01293 6.87496
    endloop
  endfacet
  facet normal 0.33526 0.937025 0.0978999
    outer loop
      vertex 1.75822 4.24473 6.42571
      vertex 1.3337 4.39662 6.42571
      vertex 1.74129 4.20385 6.87496
    endloop
  endfacet
  facet normal 0.419364 0.886656 0.194872
    outer loop
      vertex 1.74129 4.20385 6.87496
      vertex 1.70759 4.12248 7.31771
      vertex 2.14495 4.01293 6.87496
    endloop
  endfacet
  facet normal -0.470379 0.426351 0.772638
    outer loop
      vertex -1.93762 1.93762 9.89475
      vertex -2.18437 2.18437 9.60837
      vertex -2.11822 1.73837 9.89475
    endloop
  endfacet
  facet normal -0.509917 0.378182 0.772634
    outer loop
      vertex -2.11822 1.73837 9.89475
      vertex -2.38796 1.95975 9.60837
      vertex -2.27841 1.52238 9.89475
    endloop
  endfacet
  facet normal -0.426351 0.470379 0.772638
    outer loop
      vertex -1.73837 2.11822 9.89475
      vertex -2.18437 2.18437 9.60837
      vertex -1.93762 1.93762 9.89475
    endloop
  endfacet
  facet normal -0.37818 0.509922 0.772632
    outer loop
      vertex -1.71625 2.56855 9.60837
      vertex -1.95975 2.38796 9.60837
      vertex -1.52238 2.27841 9.89475
    endloop
  endfacet
  facet normal -0.427596 0.713448 0.555115
    outer loop
      vertex -1.85992 3.47967 8.56487
      vertex -2.0527 3.07208 8.94022
      vertex -1.74169 3.25848 8.94022
    endloop
  endfacet
  facet normal -0.427625 0.713445 0.555097
    outer loop
      vertex -1.85992 3.47967 8.56487
      vertex -2.19203 3.28061 8.56487
      vertex -2.0527 3.07208 8.94022
    endloop
  endfacet
  facet normal -0.620549 0.684676 0.382279
    outer loop
      vertex -2.63803 3.21445 8.16675
      vertex -3.06255 3.06255 7.74969
      vertex -2.9404 2.9404 8.16675
    endloop
  endfacet
  facet normal -0.684676 0.620549 0.382279
    outer loop
      vertex -3.06255 3.06255 7.74969
      vertex -3.21445 2.63803 8.16675
      vertex -2.9404 2.9404 8.16675
    endloop
  endfacet
  facet normal -0.550449 0.742201 0.382288
    outer loop
      vertex -2.40623 3.60118 7.74969
      vertex -2.74762 3.34799 7.74969
      vertex -2.63803 3.21445 8.16675
    endloop
  endfacet
  facet normal -0.570105 0.768704 0.289955
    outer loop
      vertex -2.40623 3.60118 7.74969
      vertex -2.83075 3.44928 7.31771
      vertex -2.74762 3.34799 7.74969
    endloop
  endfacet
  facet normal -0.504248 0.841287 0.19486
    outer loop
      vertex -2.14495 4.01293 6.87496
      vertex -2.47903 3.71014 7.31771
      vertex -2.10344 3.93526 7.31771
    endloop
  endfacet
  facet normal -0.419354 0.886663 0.194861
    outer loop
      vertex -1.70759 4.12248 7.31771
      vertex -2.14495 4.01293 6.87496
      vertex -2.10344 3.93526 7.31771
    endloop
  endfacet
  facet normal -0.330428 0.923498 0.194855
    outer loop
      vertex -1.32086 4.35428 6.87496
      vertex -1.74129 4.20385 6.87496
      vertex -1.29529 4.27001 7.31771
    endloop
  endfacet
  facet normal -0.330444 0.923488 0.194873
    outer loop
      vertex -1.29529 4.27001 7.31771
      vertex -1.74129 4.20385 6.87496
      vertex -1.70759 4.12248 7.31771
    endloop
  endfacet
  facet normal -0.427563 0.903986 0
    outer loop
      vertex -1.75822 4.24473 6.2
      vertex -2.16581 4.05195 6.42571
      vertex -1.75822 4.24473 6.42571
    endloop
  endfacet
  facet normal -0.427563 0.903986 0
    outer loop
      vertex -2.16581 4.05195 6.42571
      vertex -1.75822 4.24473 6.2
      vertex -2.16581 4.05195 6.2
    endloop
  endfacet
  facet normal -0.668332 0.737396 0.0978768
    outer loop
      vertex -2.91469 3.55156 6.42571
      vertex -3.24877 3.24877 6.42571
      vertex -3.21749 3.21749 6.87496
    endloop
  endfacet
  facet normal -0.671556 0.740954 0
    outer loop
      vertex -2.91469 3.55156 6.2
      vertex -3.24877 3.24877 6.42571
      vertex -2.91469 3.55156 6.42571
    endloop
  endfacet
  facet normal -0.671556 0.740954 0
    outer loop
      vertex -3.24877 3.24877 6.42571
      vertex -2.91469 3.55156 6.2
      vertex -3.24877 3.24877 6.2
    endloop
  endfacet
  facet normal -0.684667 0.620554 0.382288
    outer loop
      vertex -3.06255 3.06255 7.74969
      vertex -3.34799 2.74762 7.74969
      vertex -3.21445 2.63803 8.16675
    endloop
  endfacet
  facet normal -0.709115 0.642714 0.289956
    outer loop
      vertex -3.06255 3.06255 7.74969
      vertex -3.44928 2.83075 7.31771
      vertex -3.34799 2.74762 7.74969
    endloop
  endfacet
  facet normal -0.14936 -0.249188 0.956868
    outer loop
      vertex -0.620965 -0.92934 10.6621
      vertex -0.860963 -1.28852 10.5311
      vertex -0.526884 -0.985731 10.6621
    endloop
  endfacet
  facet normal -0.0658206 0.183964 0.980727
    outer loop
      vertex -0.19593 0.645896 10.7502
      vertex -0.324453 1.06958 10.6621
      vertex -0.258296 0.623582 10.7502
    endloop
  endfacet
  facet normal -0.0238725 0.0953061 0.995162
    outer loop
      vertex -0.131678 0.66199 10.7502
      vertex -0.19593 0.645896 10.7502
      vertex -0.0655203 0.215992 10.7945
    endloop
  endfacet
  facet normal -0.0925051 -0.0331033 0.995162
    outer loop
      vertex -0.215992 -0.0655203 10.7945
      vertex -0.623582 -0.258296 10.7502
      vertex -0.208529 -0.0863752 10.7945
    endloop
  endfacet
  facet normal -0.131211 -0.144771 0.980727
    outer loop
      vertex -0.477268 -0.477268 10.7502
      vertex -0.790339 -0.790339 10.6621
      vertex -0.428189 -0.52175 10.7502
    endloop
  endfacet
  facet normal -0.287371 -0.0426421 0.95687
    outer loop
      vertex -1.11233 -0.109554 10.6621
      vertex -1.51992 -0.30233 10.5311
      vertex -1.09623 -0.218054 10.6621
    endloop
  endfacet
  facet normal -0.287381 -0.0426198 0.956868
    outer loop
      vertex -1.11233 -0.109554 10.6621
      vertex -1.54223 -0.151896 10.5311
      vertex -1.51992 -0.30233 10.5311
    endloop
  endfacet
  facet normal -0.15693 -0.116395 0.980727
    outer loop
      vertex -0.561209 -0.374988 10.7502
      vertex -0.864 -0.709066 10.6621
      vertex -0.52175 -0.428189 10.7502
    endloop
  endfacet
  facet normal -0.144771 -0.131211 0.980727
    outer loop
      vertex -0.52175 -0.428189 10.7502
      vertex -0.864 -0.709066 10.6621
      vertex -0.790339 -0.790339 10.6621
    endloop
  endfacet
  facet normal -0.0331033 -0.0925051 0.995162
    outer loop
      vertex -0.0863752 -0.208529 10.7945
      vertex -0.258296 -0.623582 10.7502
      vertex -0.0655203 -0.215992 10.7945
    endloop
  endfacet
  facet normal -0.18953 -0.0474739 0.980727
    outer loop
      vertex -0.66199 -0.131678 10.7502
      vertex -1.09623 -0.218054 10.6621
      vertex -0.645896 -0.19593 10.7502
    endloop
  endfacet
  facet normal 0.0144157 0.0971869 0.995162
    outer loop
      vertex 0.0661573 0.67171 10.7502
      vertex 0.0221233 0.224624 10.7945
      vertex 0.044034 0.221374 10.7945
    endloop
  endfacet
  facet normal -0.273543 -0.0978678 0.956868
    outer loop
      vertex -1.03263 -0.427728 10.6621
      vertex -1.48296 -0.449852 10.5311
      vertex -1.43173 -0.593041 10.5311
    endloop
  endfacet
  facet normal 0.00482158 0.0981318 0.995162
    outer loop
      vertex 0.0661573 0.67171 10.7502
      vertex 0 0.225711 10.7945
      vertex 0.0221233 0.224624 10.7945
    endloop
  endfacet
  facet normal -0.0474739 0.18953 0.980727
    outer loop
      vertex -0.131678 0.66199 10.7502
      vertex -0.218054 1.09623 10.6621
      vertex -0.19593 0.645896 10.7502
    endloop
  endfacet
  facet normal -0.53945 -0.135124 0.831104
    outer loop
      vertex -2.31943 -0.461363 10.1456
      vertex -2.62222 -0.795443 9.89475
      vertex -2.26304 -0.686486 10.1456
    endloop
  endfacet
  facet normal -0.53945 -0.135125 0.831105
    outer loop
      vertex -2.31943 -0.461363 10.1456
      vertex -2.68756 -0.53459 9.89475
      vertex -2.62222 -0.795443 9.89475
    endloop
  endfacet
  facet normal -0.666168 -0.238361 0.706686
    outer loop
      vertex -2.95615 -0.896739 9.60837
      vertex -3.26161 -0.989399 9.28917
      vertex -2.85402 -1.18217 9.60837
    endloop
  endfacet
  facet normal -0.666166 -0.238349 0.706691
    outer loop
      vertex -2.85402 -1.18217 9.60837
      vertex -3.26161 -0.989399 9.28917
      vertex -3.14893 -1.30433 9.28917
    endloop
  endfacet
  facet normal -0.41206 -0.373456 0.831106
    outer loop
      vertex -1.82807 -1.50026 10.1456
      vertex -2.11822 -1.73837 9.89475
      vertex -1.67222 -1.67222 10.1456
    endloop
  endfacet
  facet normal -0.349472 -0.316751 0.881781
    outer loop
      vertex -1.52032 -1.24769 10.3583
      vertex -1.67222 -1.67222 10.1456
      vertex -1.3907 -1.3907 10.3583
    endloop
  endfacet
  facet normal -0.360772 -0.129081 0.923678
    outer loop
      vertex -1.48296 -0.449852 10.5311
      vertex -1.88206 -0.570918 10.3583
      vertex -1.81704 -0.752644 10.3583
    endloop
  endfacet
  facet normal -0.371685 -0.0931078 0.923678
    outer loop
      vertex -1.48296 -0.449852 10.5311
      vertex -1.92896 -0.383694 10.3583
      vertex -1.88206 -0.570918 10.3583
    endloop
  endfacet
  facet normal -0.01425 -0.290175 0.956868
    outer loop
      vertex 0 -1.11771 10.6621
      vertex -0.109554 -1.11233 10.6621
      vertex 0 -1.54969 10.5311
    endloop
  endfacet
  facet normal 0.01425 -0.290175 0.956868
    outer loop
      vertex 0 -1.11771 10.6621
      vertex 0 -1.54969 10.5311
      vertex 0.109554 -1.11233 10.6621
    endloop
  endfacet
  facet normal -0.0978688 -0.273543 0.956868
    outer loop
      vertex -0.427728 -1.03263 10.6621
      vertex -0.449852 -1.48296 10.5311
      vertex -0.324453 -1.06958 10.6621
    endloop
  endfacet
  facet normal -0.0144157 -0.0971869 0.995162
    outer loop
      vertex -0.044034 -0.221374 10.7945
      vertex -0.0661573 -0.67171 10.7502
      vertex -0.0221233 -0.224624 10.7945
    endloop
  endfacet
  facet normal -0.0562115 -0.379028 0.923676
    outer loop
      vertex -0.30233 -1.51992 10.5311
      vertex -0.383694 -1.92896 10.3583
      vertex -0.151896 -1.54223 10.5311
    endloop
  endfacet
  facet normal -0.0286716 -0.19327 0.980727
    outer loop
      vertex -0.131678 -0.66199 10.7502
      vertex -0.218054 -1.09623 10.6621
      vertex -0.0661573 -0.67171 10.7502
    endloop
  endfacet
  facet normal -0.257328 -0.28391 0.923676
    outer loop
      vertex -1.0958 -1.0958 10.5311
      vertex -1.3907 -1.3907 10.3583
      vertex -1.24769 -1.52032 10.3583
    endloop
  endfacet
  facet normal -0.349486 -0.316744 0.881778
    outer loop
      vertex -1.52032 -1.24769 10.3583
      vertex -1.82807 -1.50026 10.1456
      vertex -1.67222 -1.67222 10.1456
    endloop
  endfacet
  facet normal -0.257318 -0.283914 0.923677
    outer loop
      vertex -1.0958 -1.0958 10.5311
      vertex -1.24769 -1.52032 10.3583
      vertex -0.983114 -1.19793 10.5311
    endloop
  endfacet
  facet normal -0.173064 -0.23335 0.956868
    outer loop
      vertex -0.709066 -0.864 10.6621
      vertex -0.860963 -1.28852 10.5311
      vertex -0.620965 -0.92934 10.6621
    endloop
  endfacet
  facet normal -0.30777 -0.22825 0.923677
    outer loop
      vertex -1.28852 -0.860963 10.5311
      vertex -1.52032 -1.24769 10.3583
      vertex -1.19793 -0.983114 10.5311
    endloop
  endfacet
  facet normal -0.404562 -0.242481 0.881778
    outer loop
      vertex -1.63529 -1.09267 10.3583
      vertex -2.08563 -1.11479 10.1456
      vertex -1.96632 -1.31385 10.1456
    endloop
  endfacet
  facet normal -0.196998 -0.328649 0.923678
    outer loop
      vertex -0.860963 -1.28852 10.5311
      vertex -1.09267 -1.63529 10.3583
      vertex -0.73052 -1.36671 10.5311
    endloop
  endfacet
  facet normal -0.280969 -0.378846 0.881778
    outer loop
      vertex -1.24769 -1.52032 10.3583
      vertex -1.50026 -1.82807 10.1456
      vertex -1.31385 -1.96632 10.1456
    endloop
  endfacet
  facet normal -0.326387 -0.544529 0.772632
    outer loop
      vertex -1.52238 -2.27841 9.89475
      vertex -1.71625 -2.56855 9.60837
      vertex -1.45622 -2.72441 9.60837
    endloop
  endfacet
  facet normal -0.17191 -0.686325 0.706686
    outer loop
      vertex -0.896739 -2.95615 9.60837
      vertex -0.989399 -3.26161 9.28917
      vertex -0.664941 -3.34288 9.28917
    endloop
  endfacet
  facet normal -0.114612 -0.457527 0.881778
    outer loop
      vertex -0.570918 -1.88206 10.3583
      vertex -0.686486 -2.26304 10.1456
      vertex -0.383694 -1.92896 10.3583
    endloop
  endfacet
  facet normal -0.201671 -0.426375 0.881779
    outer loop
      vertex -0.752644 -1.81704 10.3583
      vertex -1.11479 -2.08563 10.1456
      vertex -0.904997 -2.18486 10.1456
    endloop
  endfacet
  facet normal 0.131211 -0.144771 0.980727
    outer loop
      vertex 0.790339 -0.790339 10.6621
      vertex 0.428189 -0.52175 10.7502
      vertex 0.709066 -0.864 10.6621
    endloop
  endfacet
  facet normal 0.131211 -0.144771 0.980727
    outer loop
      vertex 0.477268 -0.477268 10.7502
      vertex 0.428189 -0.52175 10.7502
      vertex 0.790339 -0.790339 10.6621
    endloop
  endfacet
  facet normal 0.0842724 -0.0505101 0.995162
    outer loop
      vertex 0.595262 -0.318173 10.7502
      vertex 0.199059 -0.1064 10.7945
      vertex 0.561209 -0.374988 10.7502
    endloop
  endfacet
  facet normal 0.0888185 -0.0420035 0.995162
    outer loop
      vertex 0.208529 -0.0863752 10.7945
      vertex 0.199059 -0.1064 10.7945
      vertex 0.623582 -0.258296 10.7502
    endloop
  endfacet
  facet normal 0.273543 -0.0978688 0.956868
    outer loop
      vertex 1.06958 -0.324453 10.6621
      vertex 1.03263 -0.427728 10.6621
      vertex 1.48296 -0.449852 10.5311
    endloop
  endfacet
  facet normal 0.0971868 -0.0144177 0.995162
    outer loop
      vertex 0.67171 -0.0661573 10.7502
      vertex 0.221374 -0.044034 10.7945
      vertex 0.66199 -0.131678 10.7502
    endloop
  endfacet
  facet normal 0.095306 -0.0238727 0.995162
    outer loop
      vertex 0.221374 -0.044034 10.7945
      vertex 0.215992 -0.0655203 10.7945
      vertex 0.66199 -0.131678 10.7502
    endloop
  endfacet
  facet normal 0.193267 -0.0286784 0.980727
    outer loop
      vertex 1.11233 -0.109554 10.6621
      vertex 0.67171 -0.0661573 10.7502
      vertex 1.09623 -0.218054 10.6621
    endloop
  endfacet
  facet normal 0.167588 -0.100446 0.980727
    outer loop
      vertex 0.595262 -0.318173 10.7502
      vertex 0.561209 -0.374988 10.7502
      vertex 0.985731 -0.526884 10.6621
    endloop
  endfacet
  facet normal 0.167587 -0.100449 0.980727
    outer loop
      vertex 0.985731 -0.526884 10.6621
      vertex 0.561209 -0.374988 10.7502
      vertex 0.92934 -0.620965 10.6621
    endloop
  endfacet
  facet normal 0.0842719 0.0505108 0.995162
    outer loop
      vertex 0.561209 0.374988 10.7502
      vertex 0.187672 0.125398 10.7945
      vertex 0.199059 0.1064 10.7945
    endloop
  endfacet
  facet normal 0.0330983 0.0925074 0.995162
    outer loop
      vertex 0.19593 0.645896 10.7502
      vertex 0.0655203 0.215992 10.7945
      vertex 0.258296 0.623582 10.7502
    endloop
  endfacet
  facet normal 0.144771 -0.131211 0.980727
    outer loop
      vertex 0.52175 -0.428189 10.7502
      vertex 0.477268 -0.477268 10.7502
      vertex 0.790339 -0.790339 10.6621
    endloop
  endfacet
  facet normal 0.215262 -0.195101 0.956869
    outer loop
      vertex 0.864 -0.709066 10.6621
      vertex 0.790339 -0.790339 10.6621
      vertex 1.0958 -1.0958 10.5311
    endloop
  endfacet
  facet normal -0.425507 -0.899644 0.0978994
    outer loop
      vertex -1.74129 -4.20385 6.87496
      vertex -2.14495 -4.01293 6.87496
      vertex -1.75822 -4.24473 6.42571
    endloop
  endfacet
  facet normal -0.33526 -0.937025 0.0978999
    outer loop
      vertex -1.74129 -4.20385 6.87496
      vertex -1.75822 -4.24473 6.42571
      vertex -1.3337 -4.39662 6.42571
    endloop
  endfacet
  facet normal -0.395081 -0.835317 0.382304
    outer loop
      vertex -1.59133 -3.84181 8.16675
      vertex -2.04167 -3.81969 7.74969
      vertex -1.65744 -4.00142 7.74969
    endloop
  endfacet
  facet normal -0.409192 -0.865151 0.289958
    outer loop
      vertex -1.65744 -4.00142 7.74969
      vertex -2.04167 -3.81969 7.74969
      vertex -1.70759 -4.12248 7.31771
    endloop
  endfacet
  facet normal -0.214346 -0.855727 0.470943
    outer loop
      vertex -1.14533 -3.77566 8.56487
      vertex -1.2071 -3.97929 8.16675
      vertex -0.769738 -3.86974 8.56487
    endloop
  endfacet
  facet normal -0.297193 -0.830596 0.470943
    outer loop
      vertex -1.14533 -3.77566 8.56487
      vertex -1.59133 -3.84181 8.16675
      vertex -1.2071 -3.97929 8.16675
    endloop
  endfacet
  facet normal -0.143934 -0.970214 0.194855
    outer loop
      vertex -0.437366 -4.44066 7.31771
      vertex -0.870521 -4.3764 7.31771
      vertex -0.445998 -4.5283 6.87496
    endloop
  endfacet
  facet normal -0.0469475 -0.955884 0.289967
    outer loop
      vertex -0.424521 -4.31025 7.74969
      vertex -0.437366 -4.44066 7.31771
      vertex 0 -4.3311 7.74969
    endloop
  endfacet
  facet normal -0.0490597 -0.998796 0
    outer loop
      vertex -0.450336 -4.57234 6.2
      vertex 0 -4.59446 6.42571
      vertex -0.450336 -4.57234 6.42571
    endloop
  endfacet
  facet normal -0.0490597 -0.998796 -0
    outer loop
      vertex 0 -4.59446 6.42571
      vertex -0.450336 -4.57234 6.2
      vertex 0 -4.59446 6.2
    endloop
  endfacet
  facet normal -0.453521 -0.756654 0.47095
    outer loop
      vertex -2.19203 -3.28061 8.56487
      vertex -2.31026 -3.45754 8.16675
      vertex -1.96023 -3.66734 8.16675
    endloop
  endfacet
  facet normal -0.37716 -0.797469 0.470949
    outer loop
      vertex -1.85992 -3.47967 8.56487
      vertex -1.96023 -3.66734 8.16675
      vertex -1.59133 -3.84181 8.16675
    endloop
  endfacet
  facet normal -0.620554 -0.684667 0.382288
    outer loop
      vertex -2.63803 -3.21445 8.16675
      vertex -3.06255 -3.06255 7.74969
      vertex -2.74762 -3.34799 7.74969
    endloop
  endfacet
  facet normal -0.550449 -0.742201 0.382288
    outer loop
      vertex -2.63803 -3.21445 8.16675
      vertex -2.74762 -3.34799 7.74969
      vertex -2.40623 -3.60118 7.74969
    endloop
  endfacet
  facet normal 0.30777 -0.22825 0.923677
    outer loop
      vertex 1.28852 -0.860963 10.5311
      vertex 1.19793 -0.983114 10.5311
      vertex 1.52032 -1.24769 10.3583
    endloop
  endfacet
  facet normal 0.144771 -0.131211 0.980727
    outer loop
      vertex 0.864 -0.709066 10.6621
      vertex 0.52175 -0.428189 10.7502
      vertex 0.790339 -0.790339 10.6621
    endloop
  endfacet
  facet normal 0.316744 -0.349486 0.881778
    outer loop
      vertex 1.67222 -1.67222 10.1456
      vertex 1.24769 -1.52032 10.3583
      vertex 1.50026 -1.82807 10.1456
    endloop
  endfacet
  facet normal 0.280969 -0.378846 0.881778
    outer loop
      vertex 1.50026 -1.82807 10.1456
      vertex 1.24769 -1.52032 10.3583
      vertex 1.31385 -1.96632 10.1456
    endloop
  endfacet
  facet normal 0.316751 -0.349472 0.881781
    outer loop
      vertex 1.3907 -1.3907 10.3583
      vertex 1.24769 -1.52032 10.3583
      vertex 1.67222 -1.67222 10.1456
    endloop
  endfacet
  facet normal 0.349472 -0.316751 0.881781
    outer loop
      vertex 1.52032 -1.24769 10.3583
      vertex 1.3907 -1.3907 10.3583
      vertex 1.67222 -1.67222 10.1456
    endloop
  endfacet
  facet normal 0.242492 -0.404561 0.881776
    outer loop
      vertex 1.09267 -1.63529 10.3583
      vertex 0.92712 -1.73452 10.3583
      vertex 1.11479 -2.08563 10.1456
    endloop
  endfacet
  facet normal 0.242481 -0.404562 0.881778
    outer loop
      vertex 1.31385 -1.96632 10.1456
      vertex 1.09267 -1.63529 10.3583
      vertex 1.11479 -2.08563 10.1456
    endloop
  endfacet
  facet normal -0.0789147 -0.0585284 0.995162
    outer loop
      vertex -0.187672 -0.125398 10.7945
      vertex -0.561209 -0.374988 10.7502
      vertex -0.174477 -0.143189 10.7945
    endloop
  endfacet
  facet normal -0.0585284 -0.0789147 0.995162
    outer loop
      vertex -0.143189 -0.174477 10.7945
      vertex -0.374988 -0.561209 10.7502
      vertex -0.125398 -0.187672 10.7945
    endloop
  endfacet
  facet normal 0.0706051 -0.281813 0.956868
    outer loop
      vertex 0.324453 -1.06958 10.6621
      vertex 0.30233 -1.51992 10.5311
      vertex 0.449852 -1.48296 10.5311
    endloop
  endfacet
  facet normal 0.0426421 -0.287371 0.95687
    outer loop
      vertex 0.218054 -1.09623 10.6621
      vertex 0.109554 -1.11233 10.6621
      vertex 0.30233 -1.51992 10.5311
    endloop
  endfacet
  facet normal 0.100449 -0.167587 0.980727
    outer loop
      vertex 0.620965 -0.92934 10.6621
      vertex 0.374988 -0.561209 10.7502
      vertex 0.526884 -0.985731 10.6621
    endloop
  endfacet
  facet normal 0.14936 -0.249188 0.956868
    outer loop
      vertex 0.620965 -0.92934 10.6621
      vertex 0.526884 -0.985731 10.6621
      vertex 0.860963 -1.28852 10.5311
    endloop
  endfacet
  facet normal 0.124218 -0.262628 0.956868
    outer loop
      vertex 0.526884 -0.985731 10.6621
      vertex 0.427728 -1.03263 10.6621
      vertex 0.593041 -1.43173 10.5311
    endloop
  endfacet
  facet normal 0.08354 -0.176624 0.980727
    outer loop
      vertex 0.526884 -0.985731 10.6621
      vertex 0.258296 -0.623582 10.7502
      vertex 0.427728 -1.03263 10.6621
    endloop
  endfacet
  facet normal -0.0692066 -0.466556 0.88178
    outer loop
      vertex -0.192775 -1.95728 10.3583
      vertex -0.383694 -1.92896 10.3583
      vertex -0.231797 -2.35349 10.1456
    endloop
  endfacet
  facet normal -0.0231422 -0.471093 0.88178
    outer loop
      vertex -0.192775 -1.95728 10.3583
      vertex -0.231797 -2.35349 10.1456
      vertex 0 -1.96675 10.3583
    endloop
  endfacet
  facet normal 0.031163 -0.634091 0.772631
    outer loop
      vertex 0 -2.74022 9.89475
      vertex 0 -3.08917 9.60837
      vertex 0.268588 -2.72702 9.89475
    endloop
  endfacet
  facet normal 0.0272981 -0.555451 0.831101
    outer loop
      vertex 0.231797 -2.35349 10.1456
      vertex 0 -2.74022 9.89475
      vertex 0.268588 -2.72702 9.89475
    endloop
  endfacet
  facet normal -0.154254 -0.615825 0.772635
    outer loop
      vertex -0.53459 -2.68756 9.89475
      vertex -0.896739 -2.95615 9.60837
      vertex -0.602667 -3.02981 9.60837
    endloop
  endfacet
  facet normal -0.0931677 -0.627976 0.772636
    outer loop
      vertex -0.53459 -2.68756 9.89475
      vertex -0.602667 -3.02981 9.60837
      vertex -0.302792 -3.0743 9.60837
    endloop
  endfacet
  facet normal -0.330663 -0.69913 0.633939
    outer loop
      vertex -1.30433 -3.14893 9.28917
      vertex -1.6067 -3.00592 9.28917
      vertex -1.41392 -3.41351 8.94022
    endloop
  endfacet
  facet normal -0.260536 -0.728177 0.63394
    outer loop
      vertex -1.30433 -3.14893 9.28917
      vertex -1.41392 -3.41351 8.94022
      vertex -0.989399 -3.26161 9.28917
    endloop
  endfacet
  facet normal -0.955884 -0.0469475 0.289967
    outer loop
      vertex -4.3311 0 7.74969
      vertex -4.44066 -0.437366 7.31771
      vertex -4.31025 -0.424521 7.74969
    endloop
  endfacet
  facet normal -0.955885 -0.0469456 0.289965
    outer loop
      vertex -4.3311 0 7.74969
      vertex -4.46214 0 7.31771
      vertex -4.44066 -0.437366 7.31771
    endloop
  endfacet
  facet normal -0.616323 -0.558579 0.5551
    outer loop
      vertex -2.61259 -2.61259 8.94022
      vertex -3.04995 -2.50303 8.56487
      vertex -2.78993 -2.78993 8.56487
    endloop
  endfacet
  facet normal -0.65365 -0.592409 0.47095
    outer loop
      vertex -2.78993 -2.78993 8.56487
      vertex -3.04995 -2.50303 8.56487
      vertex -2.9404 -2.9404 8.16675
    endloop
  endfacet
  facet normal -0.421471 -0.568293 0.706686
    outer loop
      vertex -1.95975 -2.38796 9.60837
      vertex -2.16225 -2.63471 9.28917
      vertex -1.89359 -2.83396 9.28917
    endloop
  endfacet
  facet normal -0.495508 -0.668087 0.555096
    outer loop
      vertex -2.0527 -3.07208 8.94022
      vertex -2.34393 -2.85608 8.94022
      vertex -2.19203 -3.28061 8.56487
    endloop
  endfacet
  facet normal -0.37818 -0.509922 0.772632
    outer loop
      vertex -1.52238 -2.27841 9.89475
      vertex -1.95975 -2.38796 9.60837
      vertex -1.71625 -2.56855 9.60837
    endloop
  endfacet
  facet normal -0.509917 -0.378182 0.772634
    outer loop
      vertex -2.27841 -1.52238 9.89475
      vertex -2.38796 -1.95975 9.60837
      vertex -2.11822 -1.73837 9.89475
    endloop
  endfacet
  facet normal -0.492017 -0.820876 0.289968
    outer loop
      vertex -2.04167 -3.81969 7.74969
      vertex -2.40623 -3.60118 7.74969
      vertex -2.10344 -3.93526 7.31771
    endloop
  endfacet
  facet normal -0.40918 -0.865153 0.289969
    outer loop
      vertex -2.04167 -3.81969 7.74969
      vertex -2.10344 -3.93526 7.31771
      vertex -1.70759 -4.12248 7.31771
    endloop
  endfacet
  facet normal -0.427563 -0.903986 0
    outer loop
      vertex -2.16581 -4.05195 6.2
      vertex -1.75822 -4.24473 6.42571
      vertex -2.16581 -4.05195 6.42571
    endloop
  endfacet
  facet normal -0.427563 -0.903986 -0
    outer loop
      vertex -1.75822 -4.24473 6.42571
      vertex -2.16581 -4.05195 6.2
      vertex -1.75822 -4.24473 6.2
    endloop
  endfacet
  facet normal -0.425509 -0.899643 0.0978969
    outer loop
      vertex -2.14495 -4.01293 6.87496
      vertex -2.16581 -4.05195 6.42571
      vertex -1.75822 -4.24473 6.42571
    endloop
  endfacet
  facet normal -0.658669 -0.726761 0.194868
    outer loop
      vertex -2.83075 -3.44928 7.31771
      vertex -3.21749 -3.21749 6.87496
      vertex -2.88662 -3.51736 6.87496
    endloop
  endfacet
  facet normal -0.668317 -0.737407 0.0978942
    outer loop
      vertex -2.88662 -3.51736 6.87496
      vertex -3.21749 -3.21749 6.87496
      vertex -2.91469 -3.55156 6.42571
    endloop
  endfacet
  facet normal -0.671556 -0.740954 0
    outer loop
      vertex -3.24877 -3.24877 6.2
      vertex -2.91469 -3.55156 6.42571
      vertex -3.24877 -3.24877 6.42571
    endloop
  endfacet
  facet normal -0.671556 -0.740954 -0
    outer loop
      vertex -2.91469 -3.55156 6.42571
      vertex -3.24877 -3.24877 6.2
      vertex -2.91469 -3.55156 6.2
    endloop
  endfacet
  facet normal -0.737407 -0.668317 0.0978942
    outer loop
      vertex -3.51736 -2.88662 6.87496
      vertex -3.55156 -2.91469 6.42571
      vertex -3.21749 -3.21749 6.87496
    endloop
  endfacet
  facet normal -0.726761 -0.658669 0.194868
    outer loop
      vertex -3.44928 -2.83075 7.31771
      vertex -3.51736 -2.88662 6.87496
      vertex -3.21749 -3.21749 6.87496
    endloop
  endfacet
  facet normal -0.606862 -0.363749 0.706687
    outer loop
      vertex -2.56855 -1.71625 9.60837
      vertex -3.00592 -1.6067 9.28917
      vertex -2.83396 -1.89359 9.28917
    endloop
  endfacet
  facet normal -0.66334 -0.397602 0.63395
    outer loop
      vertex -3.00592 -1.6067 9.28917
      vertex -3.07208 -2.0527 8.94022
      vertex -2.83396 -1.89359 9.28917
    endloop
  endfacet
  facet normal 0.427563 -0.903986 0
    outer loop
      vertex 1.75822 -4.24473 6.2
      vertex 2.16581 -4.05195 6.42571
      vertex 1.75822 -4.24473 6.42571
    endloop
  endfacet
  facet normal 0.427563 -0.903986 0
    outer loop
      vertex 2.16581 -4.05195 6.42571
      vertex 1.75822 -4.24473 6.2
      vertex 2.16581 -4.05195 6.2
    endloop
  endfacet
  facet normal 0.409192 -0.865151 0.289958
    outer loop
      vertex 2.04167 -3.81969 7.74969
      vertex 1.65744 -4.00142 7.74969
      vertex 1.70759 -4.12248 7.31771
    endloop
  endfacet
  facet normal 0.322416 -0.901095 0.289957
    outer loop
      vertex 1.65744 -4.00142 7.74969
      vertex 1.25725 -4.14461 7.74969
      vertex 1.70759 -4.12248 7.31771
    endloop
  endfacet
  facet normal 0.951439 -0.238303 0.194872
    outer loop
      vertex 4.3764 -0.870521 7.31771
      vertex 4.27001 -1.29529 7.31771
      vertex 4.46278 -0.887702 6.87496
    endloop
  endfacet
  facet normal 0.970213 -0.143916 0.194872
    outer loop
      vertex 4.5283 -0.445998 6.87496
      vertex 4.3764 -0.870521 7.31771
      vertex 4.46278 -0.887702 6.87496
    endloop
  endfacet
  facet normal -0.0469456 0.955885 0.289965
    outer loop
      vertex 0 4.46214 7.31771
      vertex -0.437366 4.44066 7.31771
      vertex 0 4.3311 7.74969
    endloop
  endfacet
  facet normal -0.143934 0.970214 0.194855
    outer loop
      vertex -0.445998 4.5283 6.87496
      vertex -0.870521 4.3764 7.31771
      vertex -0.437366 4.44066 7.31771
    endloop
  endfacet
  facet normal -0.113482 0.765011 0.63394
    outer loop
      vertex -0.362149 3.67696 8.94022
      vertex -0.664941 3.34288 9.28917
      vertex -0.334079 3.39196 9.28917
    endloop
  endfacet
  facet normal -0.0379429 0.772451 0.63394
    outer loop
      vertex 0 3.40837 9.28917
      vertex -0.362149 3.67696 8.94022
      vertex -0.334079 3.39196 9.28917
    endloop
  endfacet
  facet normal -0.238349 0.666166 0.706691
    outer loop
      vertex -0.989399 3.26161 9.28917
      vertex -1.30433 3.14893 9.28917
      vertex -1.18217 2.85402 9.60837
    endloop
  endfacet
  facet normal -0.260536 0.728177 0.63394
    outer loop
      vertex -0.989399 3.26161 9.28917
      vertex -1.41392 3.41351 8.94022
      vertex -1.30433 3.14893 9.28917
    endloop
  endfacet
  facet normal -0.395081 0.835317 0.382304
    outer loop
      vertex -1.65744 4.00142 7.74969
      vertex -2.04167 3.81969 7.74969
      vertex -1.59133 3.84181 8.16675
    endloop
  endfacet
  facet normal -0.409192 0.865151 0.289958
    outer loop
      vertex -1.70759 4.12248 7.31771
      vertex -2.04167 3.81969 7.74969
      vertex -1.65744 4.00142 7.74969
    endloop
  endfacet
  facet normal -0.2972 0.830589 0.47095
    outer loop
      vertex -1.14533 3.77566 8.56487
      vertex -1.59133 3.84181 8.16675
      vertex -1.5099 3.64521 8.56487
    endloop
  endfacet
  facet normal -0.297193 0.830596 0.470943
    outer loop
      vertex -1.2071 3.97929 8.16675
      vertex -1.59133 3.84181 8.16675
      vertex -1.14533 3.77566 8.56487
    endloop
  endfacet
  facet normal 0.830778 -0.0408159 0.555106
    outer loop
      vertex 3.94555 0 8.56487
      vertex 3.69475 0 8.94022
      vertex 3.92655 -0.386731 8.56487
    endloop
  endfacet
  facet normal 0.88109 -0.0432877 0.470964
    outer loop
      vertex 3.94555 0 8.56487
      vertex 3.92655 -0.386731 8.56487
      vertex 4.13833 -0.407589 8.16675
    endloop
  endfacet
  facet normal 0.765008 0.113473 0.633945
    outer loop
      vertex 3.62376 0.72081 8.94022
      vertex 3.34288 0.664941 9.28917
      vertex 3.67696 0.362149 8.94022
    endloop
  endfacet
  facet normal 0.806854 0.202103 0.555104
    outer loop
      vertex 3.86974 0.769738 8.56487
      vertex 3.53566 1.07253 8.94022
      vertex 3.62376 0.72081 8.94022
    endloop
  endfacet
  facet normal 0.686326 0.171913 0.706685
    outer loop
      vertex 3.34288 0.664941 9.28917
      vertex 2.95615 0.896739 9.60837
      vertex 3.02981 0.602667 9.60837
    endloop
  endfacet
  facet normal 0.699868 0.103834 0.706685
    outer loop
      vertex 3.34288 0.664941 9.28917
      vertex 3.02981 0.602667 9.60837
      vertex 3.0743 0.302792 9.60837
    endloop
  endfacet
  facet normal 0.140437 -0.946678 0.289961
    outer loop
      vertex 0.844955 -4.24788 7.74969
      vertex 0.424521 -4.31025 7.74969
      vertex 0.870521 -4.3764 7.31771
    endloop
  endfacet
  facet normal 0.135595 -0.91404 0.382289
    outer loop
      vertex 0.844955 -4.24788 7.74969
      vertex 0.407589 -4.13833 8.16675
      vertex 0.424521 -4.31025 7.74969
    endloop
  endfacet
  facet normal 0.23778 -0.502717 0.831105
    outer loop
      vertex 1.11479 -2.08563 10.1456
      vertex 0.904997 -2.18486 10.1456
      vertex 1.04864 -2.53163 9.89475
    endloop
  endfacet
  facet normal 0.18734 -0.523611 0.831105
    outer loop
      vertex 0.904997 -2.18486 10.1456
      vertex 0.795443 -2.62222 9.89475
      vertex 1.04864 -2.53163 9.89475
    endloop
  endfacet
  facet normal 0.163821 -0.346384 0.923678
    outer loop
      vertex 0.73052 -1.36671 10.5311
      vertex 0.593041 -1.43173 10.5311
      vertex 0.752644 -1.81704 10.3583
    endloop
  endfacet
  facet normal 0.129078 -0.360775 0.923678
    outer loop
      vertex 0.593041 -1.43173 10.5311
      vertex 0.449852 -1.48296 10.5311
      vertex 0.752644 -1.81704 10.3583
    endloop
  endfacet
  facet normal 0.0347048 -0.706681 0.706681
    outer loop
      vertex 0 -3.08917 9.60837
      vertex 0 -3.40837 9.28917
      vertex 0.302792 -3.0743 9.60837
    endloop
  endfacet
  facet normal -0.0347048 -0.706681 0.706681
    outer loop
      vertex 0 -3.08917 9.60837
      vertex -0.302792 -3.0743 9.60837
      vertex 0 -3.40837 9.28917
    endloop
  endfacet
  facet normal 0.523611 0.18734 0.831105
    outer loop
      vertex 2.62222 0.795443 9.89475
      vertex 2.18486 0.904997 10.1456
      vertex 2.26304 0.686486 10.1456
    endloop
  endfacet
  facet normal 0.457527 0.114612 0.881778
    outer loop
      vertex 2.26304 0.686486 10.1456
      vertex 1.88206 0.570918 10.3583
      vertex 1.92896 0.383694 10.3583
    endloop
  endfacet
  facet normal 0.477002 0.285891 0.831105
    outer loop
      vertex 2.27841 1.52238 9.89475
      vertex 2.08563 1.11479 10.1456
      vertex 2.41665 1.29173 9.89475
    endloop
  endfacet
  facet normal 0.502717 0.237782 0.831105
    outer loop
      vertex 2.41665 1.29173 9.89475
      vertex 2.08563 1.11479 10.1456
      vertex 2.53163 1.04864 9.89475
    endloop
  endfacet
  facet normal 0.426375 0.201671 0.881779
    outer loop
      vertex 2.08563 1.11479 10.1456
      vertex 1.81704 0.752644 10.3583
      vertex 2.18486 0.904997 10.1456
    endloop
  endfacet
  facet normal 0.444094 0.158893 0.881779
    outer loop
      vertex 2.18486 0.904997 10.1456
      vertex 1.81704 0.752644 10.3583
      vertex 1.88206 0.570918 10.3583
    endloop
  endfacet
  facet normal 0.28391 0.257328 0.923676
    outer loop
      vertex 1.3907 1.3907 10.3583
      vertex 1.0958 1.0958 10.5311
      vertex 1.52032 1.24769 10.3583
    endloop
  endfacet
  facet normal 0.257318 0.283914 0.923677
    outer loop
      vertex 1.24769 1.52032 10.3583
      vertex 0.983114 1.19793 10.5311
      vertex 1.0958 1.0958 10.5311
    endloop
  endfacet
  facet normal 0.0953061 0.0238725 0.995162
    outer loop
      vertex 0.645896 0.19593 10.7502
      vertex 0.215992 0.0655203 10.7945
      vertex 0.66199 0.131678 10.7502
    endloop
  endfacet
  facet normal 0.095306 0.0238727 0.995162
    outer loop
      vertex 0.66199 0.131678 10.7502
      vertex 0.215992 0.0655203 10.7945
      vertex 0.221374 0.044034 10.7945
    endloop
  endfacet
  facet normal 0.088817 0.0420077 0.995162
    outer loop
      vertex 0.595262 0.318173 10.7502
      vertex 0.199059 0.1064 10.7945
      vertex 0.623582 0.258296 10.7502
    endloop
  endfacet
  facet normal 0.176625 0.0835383 0.980727
    outer loop
      vertex 0.985731 0.526884 10.6621
      vertex 0.595262 0.318173 10.7502
      vertex 0.623582 0.258296 10.7502
    endloop
  endfacet
  facet normal -0.0505108 -0.0842719 0.995162
    outer loop
      vertex -0.125398 -0.187672 10.7945
      vertex -0.374988 -0.561209 10.7502
      vertex -0.1064 -0.199059 10.7945
    endloop
  endfacet
  facet normal -0.0727993 0.0659805 0.995162
    outer loop
      vertex -0.477268 0.477268 10.7502
      vertex -0.52175 0.428189 10.7502
      vertex -0.174477 0.143189 10.7945
    endloop
  endfacet
  facet normal -0.0238727 -0.095306 0.995162
    outer loop
      vertex -0.0655203 -0.215992 10.7945
      vertex -0.131678 -0.66199 10.7502
      vertex -0.044034 -0.221374 10.7945
    endloop
  endfacet
  facet normal -0.0420035 -0.0888185 0.995162
    outer loop
      vertex -0.1064 -0.199059 10.7945
      vertex -0.258296 -0.623582 10.7502
      vertex -0.0863752 -0.208529 10.7945
    endloop
  endfacet
  facet normal 0.15693 0.116395 0.980727
    outer loop
      vertex 0.864 0.709066 10.6621
      vertex 0.52175 0.428189 10.7502
      vertex 0.561209 0.374988 10.7502
    endloop
  endfacet
  facet normal 0.156935 0.116391 0.980727
    outer loop
      vertex 0.864 0.709066 10.6621
      vertex 0.561209 0.374988 10.7502
      vertex 0.92934 0.620965 10.6621
    endloop
  endfacet
  facet normal 0.195099 0.215264 0.956869
    outer loop
      vertex 0.983114 1.19793 10.5311
      vertex 0.709066 0.864 10.6621
      vertex 1.0958 1.0958 10.5311
    endloop
  endfacet
  facet normal 0.173059 0.233352 0.956869
    outer loop
      vertex 0.860963 1.28852 10.5311
      vertex 0.709066 0.864 10.6621
      vertex 0.983114 1.19793 10.5311
    endloop
  endfacet
  facet normal 0.0658192 0.183964 0.980727
    outer loop
      vertex 0.324453 1.06958 10.6621
      vertex 0.258296 0.623582 10.7502
      vertex 0.427728 1.03263 10.6621
    endloop
  endfacet
  facet normal 0.149365 0.249183 0.956869
    outer loop
      vertex 0.73052 1.36671 10.5311
      vertex 0.526884 0.985731 10.6621
      vertex 0.860963 1.28852 10.5311
    endloop
  endfacet
  facet normal -0.0142512 0.290175 0.956867
    outer loop
      vertex 0 1.54969 10.5311
      vertex -0.151896 1.54223 10.5311
      vertex -0.109554 1.11233 10.6621
    endloop
  endfacet
  facet normal 0.114612 0.457527 0.881778
    outer loop
      vertex 0.686486 2.26304 10.1456
      vertex 0.383694 1.92896 10.3583
      vertex 0.570918 1.88206 10.3583
    endloop
  endfacet
  facet normal -0.0095867 0.195148 0.980727
    outer loop
      vertex 0 0.67496 10.7502
      vertex -0.109554 1.11233 10.6621
      vertex -0.0661573 0.67171 10.7502
    endloop
  endfacet
  facet normal 0.0095834 0.195149 0.980727
    outer loop
      vertex 0 1.11771 10.6621
      vertex 0 0.67496 10.7502
      vertex 0.109554 1.11233 10.6621
    endloop
  endfacet
  facet normal -0.08354 0.176624 0.980727
    outer loop
      vertex -0.427728 1.03263 10.6621
      vertex -0.526884 0.985731 10.6621
      vertex -0.258296 0.623582 10.7502
    endloop
  endfacet
  facet normal -0.100449 0.167587 0.980727
    outer loop
      vertex -0.526884 0.985731 10.6621
      vertex -0.620965 0.92934 10.6621
      vertex -0.374988 0.561209 10.7502
    endloop
  endfacet
  facet normal 0.0706051 0.281813 0.956868
    outer loop
      vertex 0.449852 1.48296 10.5311
      vertex 0.30233 1.51992 10.5311
      vertex 0.324453 1.06958 10.6621
    endloop
  endfacet
  facet normal 0.047472 0.18953 0.980727
    outer loop
      vertex 0.218054 1.09623 10.6621
      vertex 0.19593 0.645896 10.7502
      vertex 0.324453 1.06958 10.6621
    endloop
  endfacet
  facet normal -0.0953061 -0.0238725 0.995162
    outer loop
      vertex -0.215992 -0.0655203 10.7945
      vertex -0.66199 -0.131678 10.7502
      vertex -0.645896 -0.19593 10.7502
    endloop
  endfacet
  facet normal -0.0330983 -0.0925074 0.995162
    outer loop
      vertex -0.0655203 -0.215992 10.7945
      vertex -0.258296 -0.623582 10.7502
      vertex -0.19593 -0.645896 10.7502
    endloop
  endfacet
  facet normal -0.088817 -0.0420077 0.995162
    outer loop
      vertex -0.199059 -0.1064 10.7945
      vertex -0.623582 -0.258296 10.7502
      vertex -0.595262 -0.318173 10.7502
    endloop
  endfacet
  facet normal 0.05853 0.0789137 0.995162
    outer loop
      vertex 0.374988 0.561209 10.7502
      vertex 0.143189 0.174477 10.7945
      vertex 0.428189 0.52175 10.7502
    endloop
  endfacet
  facet normal -0.173059 0.233352 0.956869
    outer loop
      vertex -0.860963 1.28852 10.5311
      vertex -0.983114 1.19793 10.5311
      vertex -0.709066 0.864 10.6621
    endloop
  endfacet
  facet normal -0.167588 0.100446 0.980727
    outer loop
      vertex -0.561209 0.374988 10.7502
      vertex -0.985731 0.526884 10.6621
      vertex -0.595262 0.318173 10.7502
    endloop
  endfacet
  facet normal 0.113482 0.765011 0.63394
    outer loop
      vertex 0.362149 3.67696 8.94022
      vertex 0.334079 3.39196 9.28917
      vertex 0.664941 3.34288 9.28917
    endloop
  endfacet
  facet normal 0.260536 0.728177 0.63394
    outer loop
      vertex 1.41392 3.41351 8.94022
      vertex 0.989399 3.26161 9.28917
      vertex 1.30433 3.14893 9.28917
    endloop
  endfacet
  facet normal 0.201671 0.426375 0.881779
    outer loop
      vertex 0.904997 2.18486 10.1456
      vertex 0.752644 1.81704 10.3583
      vertex 1.11479 2.08563 10.1456
    endloop
  endfacet
  facet normal 0.237782 0.502717 0.831105
    outer loop
      vertex 1.29173 2.41665 9.89475
      vertex 1.04864 2.53163 9.89475
      vertex 1.11479 2.08563 10.1456
    endloop
  endfacet
  facet normal 0.0931677 0.627976 0.772636
    outer loop
      vertex 0.602667 3.02981 9.60837
      vertex 0.302792 3.0743 9.60837
      vertex 0.53459 2.68756 9.89475
    endloop
  endfacet
  facet normal 0.0931564 0.627973 0.77264
    outer loop
      vertex 0.302792 3.0743 9.60837
      vertex 0.268588 2.72702 9.89475
      vertex 0.53459 2.68756 9.89475
    endloop
  endfacet
  facet normal -0.031163 0.634091 0.772631
    outer loop
      vertex 0 3.08917 9.60837
      vertex -0.268588 2.72702 9.89475
      vertex 0 2.74022 9.89475
    endloop
  endfacet
  facet normal -0.0311395 0.634081 0.77264
    outer loop
      vertex 0 3.08917 9.60837
      vertex -0.302792 3.0743 9.60837
      vertex -0.268588 2.72702 9.89475
    endloop
  endfacet
  facet normal 0.326387 0.544529 0.772632
    outer loop
      vertex 1.71625 2.56855 9.60837
      vertex 1.45622 2.72441 9.60837
      vertex 1.52238 2.27841 9.89475
    endloop
  endfacet
  facet normal 0.326364 0.544531 0.77264
    outer loop
      vertex 1.45622 2.72441 9.60837
      vertex 1.29173 2.41665 9.89475
      vertex 1.52238 2.27841 9.89475
    endloop
  endfacet
  facet normal -0.750202 0.187913 0.633945
    outer loop
      vertex -3.53566 1.07253 8.94022
      vertex -3.62376 0.72081 8.94022
      vertex -3.34288 0.664941 9.28917
    endloop
  endfacet
  facet normal -0.765008 0.113473 0.633945
    outer loop
      vertex -3.62376 0.72081 8.94022
      vertex -3.67696 0.362149 8.94022
      vertex -3.34288 0.664941 9.28917
    endloop
  endfacet
  facet normal -0.708553 0.525497 0.470961
    outer loop
      vertex -3.21445 2.63803 8.16675
      vertex -3.45754 2.31026 8.16675
      vertex -3.04995 2.50303 8.56487
    endloop
  endfacet
  facet normal -0.830589 0.2972 0.47095
    outer loop
      vertex -3.64521 1.5099 8.56487
      vertex -3.84181 1.59133 8.16675
      vertex -3.77566 1.14533 8.56487
    endloop
  endfacet
  facet normal -0.78316 0.280216 0.555103
    outer loop
      vertex -3.41351 1.41392 8.94022
      vertex -3.77566 1.14533 8.56487
      vertex -3.53566 1.07253 8.94022
    endloop
  endfacet
  facet normal -0.666166 0.238349 0.706691
    outer loop
      vertex -3.14893 1.30433 9.28917
      vertex -3.26161 0.989399 9.28917
      vertex -2.85402 1.18217 9.60837
    endloop
  endfacet
  facet normal -0.756654 0.453523 0.470949
    outer loop
      vertex -3.28061 2.19203 8.56487
      vertex -3.66734 1.96023 8.16675
      vertex -3.47967 1.85992 8.56487
    endloop
  endfacet
  facet normal -0.653635 0.592416 0.470961
    outer loop
      vertex -2.9404 2.9404 8.16675
      vertex -3.21445 2.63803 8.16675
      vertex -3.04995 2.50303 8.56487
    endloop
  endfacet
  facet normal -0.555451 0.0272981 0.831101
    outer loop
      vertex -2.72702 0.268588 9.89475
      vertex -2.74022 0 9.89475
      vertex -2.35349 0.231797 10.1456
    endloop
  endfacet
  facet normal -0.550101 0.0816047 0.831101
    outer loop
      vertex -2.68756 0.53459 9.89475
      vertex -2.72702 0.268588 9.89475
      vertex -2.35349 0.231797 10.1456
    endloop
  endfacet
  facet normal -0.555451 -0.0272981 0.831101
    outer loop
      vertex -2.35349 -0.231797 10.1456
      vertex -2.74022 0 9.89475
      vertex -2.72702 -0.268588 9.89475
    endloop
  endfacet
  facet normal -0.550101 -0.0816047 0.831101
    outer loop
      vertex -2.35349 -0.231797 10.1456
      vertex -2.72702 -0.268588 9.89475
      vertex -2.68756 -0.53459 9.89475
    endloop
  endfacet
  facet normal -0.502717 0.23778 0.831105
    outer loop
      vertex -2.08563 1.11479 10.1456
      vertex -2.53163 1.04864 9.89475
      vertex -2.18486 0.904997 10.1456
    endloop
  endfacet
  facet normal -0.550094 0.0816158 0.831105
    outer loop
      vertex -2.31943 0.461363 10.1456
      vertex -2.68756 0.53459 9.89475
      vertex -2.35349 0.231797 10.1456
    endloop
  endfacet
  facet normal -0.281813 0.0705862 0.95687
    outer loop
      vertex -1.06958 0.324453 10.6621
      vertex -1.51992 0.30233 10.5311
      vertex -1.09623 0.218054 10.6621
    endloop
  endfacet
  facet normal -0.281813 0.0706051 0.956868
    outer loop
      vertex -1.48296 0.449852 10.5311
      vertex -1.51992 0.30233 10.5311
      vertex -1.06958 0.324453 10.6621
    endloop
  endfacet
  facet normal -0.23335 0.173064 0.956868
    outer loop
      vertex -0.864 0.709066 10.6621
      vertex -1.28852 0.860963 10.5311
      vertex -0.92934 0.620965 10.6621
    endloop
  endfacet
  facet normal -0.156935 0.116391 0.980727
    outer loop
      vertex -0.864 0.709066 10.6621
      vertex -0.92934 0.620965 10.6621
      vertex -0.561209 0.374988 10.7502
    endloop
  endfacet
  facet normal -0.0888185 0.0420035 0.995162
    outer loop
      vertex -0.199059 0.1064 10.7945
      vertex -0.623582 0.258296 10.7502
      vertex -0.208529 0.0863752 10.7945
    endloop
  endfacet
  facet normal -0.0789137 0.05853 0.995162
    outer loop
      vertex -0.52175 0.428189 10.7502
      vertex -0.561209 0.374988 10.7502
      vertex -0.174477 0.143189 10.7945
    endloop
  endfacet
  facet normal -0.346384 0.163821 0.923678
    outer loop
      vertex -1.36671 0.73052 10.5311
      vertex -1.81704 0.752644 10.3583
      vertex -1.43173 0.593041 10.5311
    endloop
  endfacet
  facet normal -0.262629 0.124209 0.956869
    outer loop
      vertex -1.36671 0.73052 10.5311
      vertex -1.43173 0.593041 10.5311
      vertex -0.985731 0.526884 10.6621
    endloop
  endfacet
  facet normal -0.176625 0.0835383 0.980727
    outer loop
      vertex -0.595262 0.318173 10.7502
      vertex -0.985731 0.526884 10.6621
      vertex -0.623582 0.258296 10.7502
    endloop
  endfacet
  facet normal -0.088817 0.0420077 0.995162
    outer loop
      vertex -0.595262 0.318173 10.7502
      vertex -0.623582 0.258296 10.7502
      vertex -0.199059 0.1064 10.7945
    endloop
  endfacet
  facet normal -0.328654 0.196994 0.923677
    outer loop
      vertex -1.63529 1.09267 10.3583
      vertex -1.73452 0.92712 10.3583
      vertex -1.36671 0.73052 10.5311
    endloop
  endfacet
  facet normal -0.444096 0.158891 0.881778
    outer loop
      vertex -2.18486 0.904997 10.1456
      vertex -2.26304 0.686486 10.1456
      vertex -1.88206 0.570918 10.3583
    endloop
  endfacet
  facet normal -0.378846 0.280969 0.881778
    outer loop
      vertex -1.82807 1.50026 10.1456
      vertex -1.96632 1.31385 10.1456
      vertex -1.52032 1.24769 10.3583
    endloop
  endfacet
  facet normal -0.378846 0.28097 0.881778
    outer loop
      vertex -1.52032 1.24769 10.3583
      vertex -1.96632 1.31385 10.1456
      vertex -1.63529 1.09267 10.3583
    endloop
  endfacet
  facet normal -0.215264 0.195099 0.956869
    outer loop
      vertex -1.0958 1.0958 10.5311
      vertex -1.19793 0.983114 10.5311
      vertex -0.864 0.709066 10.6621
    endloop
  endfacet
  facet normal -0.233352 0.173059 0.956869
    outer loop
      vertex -1.19793 0.983114 10.5311
      vertex -1.28852 0.860963 10.5311
      vertex -0.864 0.709066 10.6621
    endloop
  endfacet
  facet normal -0.316751 0.349472 0.881781
    outer loop
      vertex -1.24769 1.52032 10.3583
      vertex -1.67222 1.67222 10.1456
      vertex -1.3907 1.3907 10.3583
    endloop
  endfacet
  facet normal -0.257318 0.283914 0.923677
    outer loop
      vertex -0.983114 1.19793 10.5311
      vertex -1.24769 1.52032 10.3583
      vertex -1.0958 1.0958 10.5311
    endloop
  endfacet
  facet normal -0.0272981 0.555451 0.831101
    outer loop
      vertex 0 2.74022 9.89475
      vertex -0.268588 2.72702 9.89475
      vertex -0.231797 2.35349 10.1456
    endloop
  endfacet
  facet normal -0.0816047 0.550101 0.831101
    outer loop
      vertex -0.268588 2.72702 9.89475
      vertex -0.53459 2.68756 9.89475
      vertex -0.231797 2.35349 10.1456
    endloop
  endfacet
  facet normal -0.18734 0.523611 0.831105
    outer loop
      vertex -0.795443 2.62222 9.89475
      vertex -1.04864 2.53163 9.89475
      vertex -0.904997 2.18486 10.1456
    endloop
  endfacet
  facet normal -0.213865 0.597749 0.77263
    outer loop
      vertex -0.795443 2.62222 9.89475
      vertex -1.18217 2.85402 9.60837
      vertex -1.04864 2.53163 9.89475
    endloop
  endfacet
  facet normal -0.331275 0.446676 0.831106
    outer loop
      vertex -1.31385 1.96632 10.1456
      vertex -1.73837 2.11822 9.89475
      vertex -1.50026 1.82807 10.1456
    endloop
  endfacet
  facet normal -0.331277 0.446673 0.831107
    outer loop
      vertex -1.52238 2.27841 9.89475
      vertex -1.73837 2.11822 9.89475
      vertex -1.31385 1.96632 10.1456
    endloop
  endfacet
  facet normal 0.639603 0.302496 0.706686
    outer loop
      vertex 3.00592 1.6067 9.28917
      vertex 2.72441 1.45622 9.60837
      vertex 2.85402 1.18217 9.60837
    endloop
  endfacet
  facet normal 0.606862 0.363748 0.706687
    outer loop
      vertex 3.00592 1.6067 9.28917
      vertex 2.56855 1.71625 9.60837
      vertex 2.72441 1.45622 9.60837
    endloop
  endfacet
  facet normal 0.70855 0.525512 0.470951
    outer loop
      vertex 3.45754 2.31026 8.16675
      vertex 3.04995 2.50303 8.56487
      vertex 3.28061 2.19203 8.56487
    endloop
  endfacet
  facet normal 0.668088 0.495502 0.5551
    outer loop
      vertex 3.04995 2.50303 8.56487
      vertex 2.85608 2.34393 8.94022
      vertex 3.28061 2.19203 8.56487
    endloop
  endfacet
  facet normal 0.737407 0.668317 0.0978942
    outer loop
      vertex 3.55156 2.91469 6.42571
      vertex 3.21749 3.21749 6.87496
      vertex 3.51736 2.88662 6.87496
    endloop
  endfacet
  facet normal 0.671556 0.740954 -0
    outer loop
      vertex 3.24877 3.24877 6.2
      vertex 2.91469 3.55156 6.42571
      vertex 3.24877 3.24877 6.42571
    endloop
  endfacet
  facet normal 0.671556 0.740954 0
    outer loop
      vertex 2.91469 3.55156 6.42571
      vertex 3.24877 3.24877 6.2
      vertex 2.91469 3.55156 6.2
    endloop
  endfacet
  facet normal 0.737396 0.668332 0.0978768
    outer loop
      vertex 3.24877 3.24877 6.42571
      vertex 3.21749 3.21749 6.87496
      vertex 3.55156 2.91469 6.42571
    endloop
  endfacet
  facet normal 0.427563 0.903986 -0
    outer loop
      vertex 2.16581 4.05195 6.2
      vertex 1.75822 4.24473 6.42571
      vertex 2.16581 4.05195 6.42571
    endloop
  endfacet
  facet normal 0.427563 0.903986 0
    outer loop
      vertex 1.75822 4.24473 6.42571
      vertex 2.16581 4.05195 6.2
      vertex 1.75822 4.24473 6.2
    endloop
  endfacet
  facet normal -0.495502 0.668088 0.5551
    outer loop
      vertex -2.19203 3.28061 8.56487
      vertex -2.50303 3.04995 8.56487
      vertex -2.34393 2.85608 8.94022
    endloop
  endfacet
  facet normal -0.55858 0.616322 0.555099
    outer loop
      vertex -2.50303 3.04995 8.56487
      vertex -2.61259 2.61259 8.94022
      vertex -2.34393 2.85608 8.94022
    endloop
  endfacet
  facet normal -0.311298 0.870021 0.382305
    outer loop
      vertex -1.25725 4.14461 7.74969
      vertex -1.65744 4.00142 7.74969
      vertex -1.59133 3.84181 8.16675
    endloop
  endfacet
  facet normal -0.311299 0.870021 0.382304
    outer loop
      vertex -1.25725 4.14461 7.74969
      vertex -1.59133 3.84181 8.16675
      vertex -1.2071 3.97929 8.16675
    endloop
  endfacet
  facet normal -0.592838 0.79935 0.0978936
    outer loop
      vertex -2.52796 3.78336 6.87496
      vertex -2.91469 3.55156 6.42571
      vertex -2.88662 3.51736 6.87496
    endloop
  endfacet
  facet normal -0.59284 0.799348 0.0978965
    outer loop
      vertex -2.55254 3.82015 6.42571
      vertex -2.91469 3.55156 6.42571
      vertex -2.52796 3.78336 6.87496
    endloop
  endfacet
  facet normal -0.116395 -0.15693 0.980727
    outer loop
      vertex -0.428189 -0.52175 10.7502
      vertex -0.709066 -0.864 10.6621
      vertex -0.374988 -0.561209 10.7502
    endloop
  endfacet
  facet normal -0.131211 -0.144771 0.980727
    outer loop
      vertex -0.428189 -0.52175 10.7502
      vertex -0.790339 -0.790339 10.6621
      vertex -0.709066 -0.864 10.6621
    endloop
  endfacet
  facet normal -0.158893 -0.444094 0.881779
    outer loop
      vertex -0.752644 -1.81704 10.3583
      vertex -0.904997 -2.18486 10.1456
      vertex -0.570918 -1.88206 10.3583
    endloop
  endfacet
  facet normal -0.08354 -0.176624 0.980727
    outer loop
      vertex -0.258296 -0.623582 10.7502
      vertex -0.526884 -0.985731 10.6621
      vertex -0.427728 -1.03263 10.6621
    endloop
  endfacet
  facet normal 0.0331033 -0.0925051 0.995162
    outer loop
      vertex 0.0863752 -0.208529 10.7945
      vertex 0.0655203 -0.215992 10.7945
      vertex 0.258296 -0.623582 10.7502
    endloop
  endfacet
  facet normal 0.0420035 -0.0888185 0.995162
    outer loop
      vertex 0.1064 -0.199059 10.7945
      vertex 0.0863752 -0.208529 10.7945
      vertex 0.258296 -0.623582 10.7502
    endloop
  endfacet
  facet normal 0.0953061 -0.0238725 0.995162
    outer loop
      vertex 0.66199 -0.131678 10.7502
      vertex 0.215992 -0.0655203 10.7945
      vertex 0.645896 -0.19593 10.7502
    endloop
  endfacet
  facet normal -0.176624 -0.08354 0.980727
    outer loop
      vertex -0.623582 -0.258296 10.7502
      vertex -1.03263 -0.427728 10.6621
      vertex -0.985731 -0.526884 10.6621
    endloop
  endfacet
  facet normal -0.183964 -0.0658192 0.980727
    outer loop
      vertex -0.623582 -0.258296 10.7502
      vertex -1.06958 -0.324453 10.6621
      vertex -1.03263 -0.427728 10.6621
    endloop
  endfacet
  facet normal -0.346384 -0.163821 0.923678
    outer loop
      vertex -1.43173 -0.593041 10.5311
      vertex -1.81704 -0.752644 10.3583
      vertex -1.36671 -0.73052 10.5311
    endloop
  endfacet
  facet normal -0.346384 -0.163825 0.923677
    outer loop
      vertex -1.36671 -0.73052 10.5311
      vertex -1.81704 -0.752644 10.3583
      vertex -1.73452 -0.92712 10.3583
    endloop
  endfacet
  facet normal -0.23335 -0.173064 0.956868
    outer loop
      vertex -0.92934 -0.620965 10.6621
      vertex -1.28852 -0.860963 10.5311
      vertex -0.864 -0.709066 10.6621
    endloop
  endfacet
  facet normal -0.156935 -0.116391 0.980727
    outer loop
      vertex -0.561209 -0.374988 10.7502
      vertex -0.92934 -0.620965 10.6621
      vertex -0.864 -0.709066 10.6621
    endloop
  endfacet
  facet normal -0.176625 -0.0835383 0.980727
    outer loop
      vertex -0.623582 -0.258296 10.7502
      vertex -0.985731 -0.526884 10.6621
      vertex -0.595262 -0.318173 10.7502
    endloop
  endfacet
  facet normal -0.167588 -0.100446 0.980727
    outer loop
      vertex -0.595262 -0.318173 10.7502
      vertex -0.985731 -0.526884 10.6621
      vertex -0.561209 -0.374988 10.7502
    endloop
  endfacet
  facet normal -0.0888185 -0.0420035 0.995162
    outer loop
      vertex -0.208529 -0.0863752 10.7945
      vertex -0.623582 -0.258296 10.7502
      vertex -0.199059 -0.1064 10.7945
    endloop
  endfacet
  facet normal -0.606862 -0.363748 0.706687
    outer loop
      vertex -2.72441 -1.45622 9.60837
      vertex -3.00592 -1.6067 9.28917
      vertex -2.56855 -1.71625 9.60837
    endloop
  endfacet
  facet normal -0.544529 -0.326387 0.772632
    outer loop
      vertex -2.27841 -1.52238 9.89475
      vertex -2.72441 -1.45622 9.60837
      vertex -2.56855 -1.71625 9.60837
    endloop
  endfacet
  facet normal -0.404561 -0.242492 0.881776
    outer loop
      vertex -1.73452 -0.92712 10.3583
      vertex -2.08563 -1.11479 10.1456
      vertex -1.63529 -1.09267 10.3583
    endloop
  endfacet
  facet normal -0.475155 -0.524236 0.706686
    outer loop
      vertex -1.95975 -2.38796 9.60837
      vertex -2.18437 -2.18437 9.60837
      vertex -2.16225 -2.63471 9.28917
    endloop
  endfacet
  facet normal -0.470379 -0.426351 0.772638
    outer loop
      vertex -2.11822 -1.73837 9.89475
      vertex -2.18437 -2.18437 9.60837
      vertex -1.93762 -1.93762 9.89475
    endloop
  endfacet
  facet normal -0.412052 -0.373483 0.831098
    outer loop
      vertex -1.67222 -1.67222 10.1456
      vertex -2.11822 -1.73837 9.89475
      vertex -1.93762 -1.93762 9.89475
    endloop
  endfacet
  facet normal -0.0705862 -0.281813 0.95687
    outer loop
      vertex -0.218054 -1.09623 10.6621
      vertex -0.324453 -1.06958 10.6621
      vertex -0.30233 -1.51992 10.5311
    endloop
  endfacet
  facet normal -0.0095867 -0.195148 0.980727
    outer loop
      vertex -0.0661573 -0.67171 10.7502
      vertex -0.109554 -1.11233 10.6621
      vertex 0 -0.67496 10.7502
    endloop
  endfacet
  facet normal -0.0474739 -0.18953 0.980727
    outer loop
      vertex -0.19593 -0.645896 10.7502
      vertex -0.218054 -1.09623 10.6621
      vertex -0.131678 -0.66199 10.7502
    endloop
  endfacet
  facet normal -0.0658206 -0.183964 0.980727
    outer loop
      vertex -0.258296 -0.623582 10.7502
      vertex -0.324453 -1.06958 10.6621
      vertex -0.19593 -0.645896 10.7502
    endloop
  endfacet
  facet normal -0.0931078 -0.371685 0.923678
    outer loop
      vertex -0.449852 -1.48296 10.5311
      vertex -0.570918 -1.88206 10.3583
      vertex -0.383694 -1.92896 10.3583
    endloop
  endfacet
  facet normal -0.124218 -0.262628 0.956868
    outer loop
      vertex -0.526884 -0.985731 10.6621
      vertex -0.593041 -1.43173 10.5311
      vertex -0.427728 -1.03263 10.6621
    endloop
  endfacet
  facet normal -0.201662 -0.426384 0.881776
    outer loop
      vertex -0.92712 -1.73452 10.3583
      vertex -1.11479 -2.08563 10.1456
      vertex -0.752644 -1.81704 10.3583
    endloop
  endfacet
  facet normal -0.163825 -0.346384 0.923677
    outer loop
      vertex -0.73052 -1.36671 10.5311
      vertex -0.92712 -1.73452 10.3583
      vertex -0.752644 -1.81704 10.3583
    endloop
  endfacet
  facet normal -0.283914 -0.257318 0.923677
    outer loop
      vertex -1.19793 -0.983114 10.5311
      vertex -1.52032 -1.24769 10.3583
      vertex -1.0958 -1.0958 10.5311
    endloop
  endfacet
  facet normal -0.215264 -0.195099 0.956869
    outer loop
      vertex -0.864 -0.709066 10.6621
      vertex -1.19793 -0.983114 10.5311
      vertex -1.0958 -1.0958 10.5311
    endloop
  endfacet
  facet normal -0.476995 -0.285895 0.831107
    outer loop
      vertex -2.08563 -1.11479 10.1456
      vertex -2.27841 -1.52238 9.89475
      vertex -1.96632 -1.31385 10.1456
    endloop
  endfacet
  facet normal -0.446673 -0.331277 0.831107
    outer loop
      vertex -1.96632 -1.31385 10.1456
      vertex -2.27841 -1.52238 9.89475
      vertex -2.11822 -1.73837 9.89475
    endloop
  endfacet
  facet normal -0.331275 -0.446676 0.831106
    outer loop
      vertex -1.50026 -1.82807 10.1456
      vertex -1.73837 -2.11822 9.89475
      vertex -1.31385 -1.96632 10.1456
    endloop
  endfacet
  facet normal -0.373456 -0.41206 0.831106
    outer loop
      vertex -1.67222 -1.67222 10.1456
      vertex -1.73837 -2.11822 9.89475
      vertex -1.50026 -1.82807 10.1456
    endloop
  endfacet
  facet normal -0.23778 -0.502717 0.831105
    outer loop
      vertex -0.904997 -2.18486 10.1456
      vertex -1.11479 -2.08563 10.1456
      vertex -1.04864 -2.53163 9.89475
    endloop
  endfacet
  facet normal -0.18734 -0.523611 0.831105
    outer loop
      vertex -0.904997 -2.18486 10.1456
      vertex -1.04864 -2.53163 9.89475
      vertex -0.795443 -2.62222 9.89475
    endloop
  endfacet
  facet normal 0.195148 -0.0095867 0.980727
    outer loop
      vertex 0.67496 0 10.7502
      vertex 0.67171 -0.0661573 10.7502
      vertex 1.11233 -0.109554 10.6621
    endloop
  endfacet
  facet normal 0.0981319 -0.00482076 0.995162
    outer loop
      vertex 0.67496 0 10.7502
      vertex 0.225711 0 10.7945
      vertex 0.67171 -0.0661573 10.7502
    endloop
  endfacet
  facet normal 0.0659832 0.0727962 0.995162
    outer loop
      vertex 0.477268 0.477268 10.7502
      vertex 0.143189 0.174477 10.7945
      vertex 0.159601 0.159601 10.7945
    endloop
  endfacet
  facet normal 0.18953 -0.047472 0.980727
    outer loop
      vertex 1.09623 -0.218054 10.6621
      vertex 0.645896 -0.19593 10.7502
      vertex 1.06958 -0.324453 10.6621
    endloop
  endfacet
  facet normal 0.183964 -0.0658206 0.980727
    outer loop
      vertex 0.645896 -0.19593 10.7502
      vertex 0.623582 -0.258296 10.7502
      vertex 1.06958 -0.324453 10.6621
    endloop
  endfacet
  facet normal -0.0659832 0.0727962 0.995162
    outer loop
      vertex -0.143189 0.174477 10.7945
      vertex -0.477268 0.477268 10.7502
      vertex -0.159601 0.159601 10.7945
    endloop
  endfacet
  facet normal 0.0659805 0.0727993 0.995162
    outer loop
      vertex 0.428189 0.52175 10.7502
      vertex 0.143189 0.174477 10.7945
      vertex 0.477268 0.477268 10.7502
    endloop
  endfacet
  facet normal -0.330428 -0.923498 0.194855
    outer loop
      vertex -1.29529 -4.27001 7.31771
      vertex -1.74129 -4.20385 6.87496
      vertex -1.32086 -4.35428 6.87496
    endloop
  endfacet
  facet normal -0.335267 -0.937023 0.0978929
    outer loop
      vertex -1.32086 -4.35428 6.87496
      vertex -1.74129 -4.20385 6.87496
      vertex -1.3337 -4.39662 6.42571
    endloop
  endfacet
  facet normal -0.224535 -0.896341 0.382304
    outer loop
      vertex -1.2071 -3.97929 8.16675
      vertex -1.25725 -4.14461 7.74969
      vertex -0.811254 -4.07845 8.16675
    endloop
  endfacet
  facet normal -0.311299 -0.870021 0.382304
    outer loop
      vertex -1.2071 -3.97929 8.16675
      vertex -1.59133 -3.84181 8.16675
      vertex -1.25725 -4.14461 7.74969
    endloop
  endfacet
  facet normal -0.135595 -0.91404 0.382289
    outer loop
      vertex -0.407589 -4.13833 8.16675
      vertex -0.844955 -4.24788 7.74969
      vertex -0.424521 -4.31025 7.74969
    endloop
  endfacet
  facet normal -0.140437 -0.946678 0.289961
    outer loop
      vertex -0.844955 -4.24788 7.74969
      vertex -0.870521 -4.3764 7.31771
      vertex -0.424521 -4.31025 7.74969
    endloop
  endfacet
  facet normal -0.146031 -0.984423 0.0979065
    outer loop
      vertex -0.887702 -4.46278 6.87496
      vertex -0.896334 -4.50618 6.42571
      vertex -0.450336 -4.57234 6.42571
    endloop
  endfacet
  facet normal -0.241824 -0.965368 0.0979063
    outer loop
      vertex -0.887702 -4.46278 6.87496
      vertex -1.3337 -4.39662 6.42571
      vertex -0.896334 -4.50618 6.42571
    endloop
  endfacet
  facet normal -0.460716 -0.621178 0.633939
    outer loop
      vertex -2.16225 -2.63471 9.28917
      vertex -2.34393 -2.85608 8.94022
      vertex -2.0527 -3.07208 8.94022
    endloop
  endfacet
  facet normal -0.460695 -0.621182 0.63395
    outer loop
      vertex -1.89359 -2.83396 9.28917
      vertex -2.16225 -2.63471 9.28917
      vertex -2.0527 -3.07208 8.94022
    endloop
  endfacet
  facet normal 0.233352 -0.173059 0.956869
    outer loop
      vertex 1.28852 -0.860963 10.5311
      vertex 0.864 -0.709066 10.6621
      vertex 1.19793 -0.983114 10.5311
    endloop
  endfacet
  facet normal 0.23335 -0.173064 0.956868
    outer loop
      vertex 0.92934 -0.620965 10.6621
      vertex 0.864 -0.709066 10.6621
      vertex 1.28852 -0.860963 10.5311
    endloop
  endfacet
  facet normal -0.0330983 0.0925074 0.995162
    outer loop
      vertex -0.19593 0.645896 10.7502
      vertex -0.258296 0.623582 10.7502
      vertex -0.0655203 0.215992 10.7945
    endloop
  endfacet
  facet normal 0.0286716 -0.19327 0.980727
    outer loop
      vertex 0.131678 -0.66199 10.7502
      vertex 0.0661573 -0.67171 10.7502
      vertex 0.218054 -1.09623 10.6621
    endloop
  endfacet
  facet normal 0.0286784 -0.193267 0.980727
    outer loop
      vertex 0.218054 -1.09623 10.6621
      vertex 0.0661573 -0.67171 10.7502
      vertex 0.109554 -1.11233 10.6621
    endloop
  endfacet
  facet normal -0.0562223 -0.379022 0.923678
    outer loop
      vertex -0.151896 -1.54223 10.5311
      vertex -0.383694 -1.92896 10.3583
      vertex -0.192775 -1.95728 10.3583
    endloop
  endfacet
  facet normal -0.0188004 -0.382708 0.923678
    outer loop
      vertex -0.151896 -1.54223 10.5311
      vertex -0.192775 -1.95728 10.3583
      vertex 0 -1.96675 10.3583
    endloop
  endfacet
  facet normal -0.114605 -0.457532 0.881777
    outer loop
      vertex -0.383694 -1.92896 10.3583
      vertex -0.686486 -2.26304 10.1456
      vertex -0.461363 -2.31943 10.1456
    endloop
  endfacet
  facet normal -0.135124 -0.53945 0.831104
    outer loop
      vertex -0.686486 -2.26304 10.1456
      vertex -0.795443 -2.62222 9.89475
      vertex -0.461363 -2.31943 10.1456
    endloop
  endfacet
  facet normal -0.302504 -0.639592 0.706692
    outer loop
      vertex -1.18217 -2.85402 9.60837
      vertex -1.6067 -3.00592 9.28917
      vertex -1.30433 -3.14893 9.28917
    endloop
  endfacet
  facet normal -0.238349 -0.666166 0.706691
    outer loop
      vertex -1.18217 -2.85402 9.60837
      vertex -1.30433 -3.14893 9.28917
      vertex -0.989399 -3.26161 9.28917
    endloop
  endfacet
  facet normal -0.524235 -0.47516 0.706683
    outer loop
      vertex -2.18437 -2.18437 9.60837
      vertex -2.63471 -2.16225 9.28917
      vertex -2.41008 -2.41008 9.28917
    endloop
  endfacet
  facet normal -0.573016 -0.519374 0.633959
    outer loop
      vertex -2.41008 -2.41008 9.28917
      vertex -2.63471 -2.16225 9.28917
      vertex -2.61259 -2.61259 8.94022
    endloop
  endfacet
  facet normal -0.42147 -0.568293 0.706686
    outer loop
      vertex -1.71625 -2.56855 9.60837
      vertex -1.95975 -2.38796 9.60837
      vertex -1.89359 -2.83396 9.28917
    endloop
  endfacet
  facet normal -0.271421 -0.573897 0.77264
    outer loop
      vertex -1.29173 -2.41665 9.89475
      vertex -1.45622 -2.72441 9.60837
      vertex -1.18217 -2.85402 9.60837
    endloop
  endfacet
  facet normal -0.395067 -0.835331 0.382288
    outer loop
      vertex -1.96023 -3.66734 8.16675
      vertex -2.04167 -3.81969 7.74969
      vertex -1.59133 -3.84181 8.16675
    endloop
  endfacet
  facet normal -0.475055 -0.792577 0.382289
    outer loop
      vertex -1.96023 -3.66734 8.16675
      vertex -2.40623 -3.60118 7.74969
      vertex -2.04167 -3.81969 7.74969
    endloop
  endfacet
  facet normal -0.336879 -0.941548 0
    outer loop
      vertex -1.75822 -4.24473 6.2
      vertex -1.3337 -4.39662 6.42571
      vertex -1.75822 -4.24473 6.42571
    endloop
  endfacet
  facet normal -0.336879 -0.941548 -0
    outer loop
      vertex -1.3337 -4.39662 6.42571
      vertex -1.75822 -4.24473 6.2
      vertex -1.3337 -4.39662 6.2
    endloop
  endfacet
  facet normal 0.901087 -0.322429 0.28997
    outer loop
      vertex 4.14461 -1.25725 7.74969
      vertex 4.12248 -1.70759 7.31771
      vertex 4.27001 -1.29529 7.31771
    endloop
  endfacet
  facet normal 0.923488 -0.330444 0.194873
    outer loop
      vertex 4.27001 -1.29529 7.31771
      vertex 4.12248 -1.70759 7.31771
      vertex 4.20385 -1.74129 6.87496
    endloop
  endfacet
  facet normal 0.0481261 0.979651 0.194855
    outer loop
      vertex 0.445998 4.5283 6.87496
      vertex 0 4.55021 6.87496
      vertex 0.437366 4.44066 7.31771
    endloop
  endfacet
  facet normal 0.0488308 0.993996 0.097913
    outer loop
      vertex 0.450336 4.57234 6.42571
      vertex 0 4.55021 6.87496
      vertex 0.445998 4.5283 6.87496
    endloop
  endfacet
  facet normal -0.238303 0.951439 0.194872
    outer loop
      vertex -0.887702 4.46278 6.87496
      vertex -1.29529 4.27001 7.31771
      vertex -0.870521 4.3764 7.31771
    endloop
  endfacet
  facet normal -0.232522 0.928359 0.28997
    outer loop
      vertex -0.870521 4.3764 7.31771
      vertex -1.29529 4.27001 7.31771
      vertex -1.25725 4.14461 7.74969
    endloop
  endfacet
  facet normal -0.0469475 0.955884 0.289967
    outer loop
      vertex 0 4.3311 7.74969
      vertex -0.437366 4.44066 7.31771
      vertex -0.424521 4.31025 7.74969
    endloop
  endfacet
  facet normal -0.140443 0.946676 0.289967
    outer loop
      vertex -0.437366 4.44066 7.31771
      vertex -0.870521 4.3764 7.31771
      vertex -0.424521 4.31025 7.74969
    endloop
  endfacet
  facet normal 0.0481127 0.979649 0.194868
    outer loop
      vertex 0 4.55021 6.87496
      vertex 0 4.46214 7.31771
      vertex 0.437366 4.44066 7.31771
    endloop
  endfacet
  facet normal -0.0481127 0.979649 0.194868
    outer loop
      vertex 0 4.55021 6.87496
      vertex -0.437366 4.44066 7.31771
      vertex 0 4.46214 7.31771
    endloop
  endfacet
  facet normal -0.113473 0.765008 0.633945
    outer loop
      vertex -0.362149 3.67696 8.94022
      vertex -0.72081 3.62376 8.94022
      vertex -0.664941 3.34288 9.28917
    endloop
  endfacet
  facet normal -0.122042 0.822779 0.555104
    outer loop
      vertex -0.362149 3.67696 8.94022
      vertex -0.769738 3.86974 8.56487
      vertex -0.72081 3.62376 8.94022
    endloop
  endfacet
  facet normal -0.330663 0.69913 0.633939
    outer loop
      vertex -1.41392 3.41351 8.94022
      vertex -1.6067 3.00592 9.28917
      vertex -1.30433 3.14893 9.28917
    endloop
  endfacet
  facet normal -0.302504 0.639592 0.706692
    outer loop
      vertex -1.30433 3.14893 9.28917
      vertex -1.6067 3.00592 9.28917
      vertex -1.18217 2.85402 9.60837
    endloop
  endfacet
  facet normal 0.346384 0.163825 0.923677
    outer loop
      vertex 1.73452 0.92712 10.3583
      vertex 1.36671 0.73052 10.5311
      vertex 1.81704 0.752644 10.3583
    endloop
  endfacet
  facet normal 0.371685 0.0931078 0.923678
    outer loop
      vertex 1.88206 0.570918 10.3583
      vertex 1.48296 0.449852 10.5311
      vertex 1.92896 0.383694 10.3583
    endloop
  endfacet
  facet normal 0.28097 0.378846 0.881778
    outer loop
      vertex 1.31385 1.96632 10.1456
      vertex 1.09267 1.63529 10.3583
      vertex 1.24769 1.52032 10.3583
    endloop
  endfacet
  facet normal 0.228253 0.307765 0.923678
    outer loop
      vertex 1.09267 1.63529 10.3583
      vertex 0.860963 1.28852 10.5311
      vertex 1.24769 1.52032 10.3583
    endloop
  endfacet
  facet normal 0.476995 0.285895 0.831107
    outer loop
      vertex 2.27841 1.52238 9.89475
      vertex 1.96632 1.31385 10.1456
      vertex 2.08563 1.11479 10.1456
    endloop
  endfacet
  facet normal 0.307765 0.228253 0.923678
    outer loop
      vertex 1.52032 1.24769 10.3583
      vertex 1.28852 0.860963 10.5311
      vertex 1.63529 1.09267 10.3583
    endloop
  endfacet
  facet normal -0.116391 0.156935 0.980727
    outer loop
      vertex -0.620965 0.92934 10.6621
      vertex -0.709066 0.864 10.6621
      vertex -0.374988 0.561209 10.7502
    endloop
  endfacet
  facet normal -0.163821 0.346384 0.923678
    outer loop
      vertex -0.593041 1.43173 10.5311
      vertex -0.752644 1.81704 10.3583
      vertex -0.73052 1.36671 10.5311
    endloop
  endfacet
  facet normal 0.0835383 0.176625 0.980727
    outer loop
      vertex 0.526884 0.985731 10.6621
      vertex 0.258296 0.623582 10.7502
      vertex 0.318173 0.595262 10.7502
    endloop
  endfacet
  facet normal 0.0505108 0.0842719 0.995162
    outer loop
      vertex 0.374988 0.561209 10.7502
      vertex 0.1064 0.199059 10.7945
      vertex 0.125398 0.187672 10.7945
    endloop
  endfacet
  facet normal 0.124209 0.262629 0.956869
    outer loop
      vertex 0.593041 1.43173 10.5311
      vertex 0.526884 0.985731 10.6621
      vertex 0.73052 1.36671 10.5311
    endloop
  endfacet
  facet normal 0.163821 0.346384 0.923678
    outer loop
      vertex 0.752644 1.81704 10.3583
      vertex 0.593041 1.43173 10.5311
      vertex 0.73052 1.36671 10.5311
    endloop
  endfacet
  facet normal 0.0931078 0.371685 0.923678
    outer loop
      vertex 0.570918 1.88206 10.3583
      vertex 0.383694 1.92896 10.3583
      vertex 0.449852 1.48296 10.5311
    endloop
  endfacet
  facet normal 0.129081 0.360772 0.923678
    outer loop
      vertex 0.570918 1.88206 10.3583
      vertex 0.449852 1.48296 10.5311
      vertex 0.752644 1.81704 10.3583
    endloop
  endfacet
  facet normal 0.0705862 0.281813 0.95687
    outer loop
      vertex 0.30233 1.51992 10.5311
      vertex 0.218054 1.09623 10.6621
      vertex 0.324453 1.06958 10.6621
    endloop
  endfacet
  facet normal -0.0931218 0.371686 0.923676
    outer loop
      vertex -0.383694 1.92896 10.3583
      vertex -0.449852 1.48296 10.5311
      vertex -0.30233 1.51992 10.5311
    endloop
  endfacet
  facet normal 0.00482076 0.0981319 0.995162
    outer loop
      vertex 0 0.67496 10.7502
      vertex 0 0.225711 10.7945
      vertex 0.0661573 0.67171 10.7502
    endloop
  endfacet
  facet normal -0.0144177 0.0971868 0.995162
    outer loop
      vertex -0.0661573 0.67171 10.7502
      vertex -0.131678 0.66199 10.7502
      vertex -0.044034 0.221374 10.7945
    endloop
  endfacet
  facet normal -0.0426421 0.287371 0.95687
    outer loop
      vertex -0.109554 1.11233 10.6621
      vertex -0.30233 1.51992 10.5311
      vertex -0.218054 1.09623 10.6621
    endloop
  endfacet
  facet normal -0.149365 0.249183 0.956869
    outer loop
      vertex -0.73052 1.36671 10.5311
      vertex -0.860963 1.28852 10.5311
      vertex -0.526884 0.985731 10.6621
    endloop
  endfacet
  facet normal -0.196998 0.328649 0.923678
    outer loop
      vertex -0.73052 1.36671 10.5311
      vertex -1.09267 1.63529 10.3583
      vertex -0.860963 1.28852 10.5311
    endloop
  endfacet
  facet normal 0.0426421 0.287371 0.95687
    outer loop
      vertex 0.30233 1.51992 10.5311
      vertex 0.109554 1.11233 10.6621
      vertex 0.218054 1.09623 10.6621
    endloop
  endfacet
  facet normal 0.0286784 0.193267 0.980727
    outer loop
      vertex 0.109554 1.11233 10.6621
      vertex 0.0661573 0.67171 10.7502
      vertex 0.218054 1.09623 10.6621
    endloop
  endfacet
  facet normal 0.08354 0.176624 0.980727
    outer loop
      vertex 0.427728 1.03263 10.6621
      vertex 0.258296 0.623582 10.7502
      vertex 0.526884 0.985731 10.6621
    endloop
  endfacet
  facet normal 0.124218 0.262628 0.956868
    outer loop
      vertex 0.593041 1.43173 10.5311
      vertex 0.427728 1.03263 10.6621
      vertex 0.526884 0.985731 10.6621
    endloop
  endfacet
  facet normal 0.0238725 0.0953061 0.995162
    outer loop
      vertex 0.131678 0.66199 10.7502
      vertex 0.0655203 0.215992 10.7945
      vertex 0.19593 0.645896 10.7502
    endloop
  endfacet
  facet normal 0.0474739 0.18953 0.980727
    outer loop
      vertex 0.218054 1.09623 10.6621
      vertex 0.131678 0.66199 10.7502
      vertex 0.19593 0.645896 10.7502
    endloop
  endfacet
  facet normal -0.116395 0.15693 0.980727
    outer loop
      vertex -0.374988 0.561209 10.7502
      vertex -0.709066 0.864 10.6621
      vertex -0.428189 0.52175 10.7502
    endloop
  endfacet
  facet normal 0.238349 0.666166 0.706691
    outer loop
      vertex 1.30433 3.14893 9.28917
      vertex 0.989399 3.26161 9.28917
      vertex 1.18217 2.85402 9.60837
    endloop
  endfacet
  facet normal 0.187913 0.750202 0.633945
    outer loop
      vertex 0.72081 3.62376 8.94022
      vertex 0.664941 3.34288 9.28917
      vertex 1.07253 3.53566 8.94022
    endloop
  endfacet
  facet normal 0.18734 0.523611 0.831105
    outer loop
      vertex 0.795443 2.62222 9.89475
      vertex 0.686486 2.26304 10.1456
      vertex 0.904997 2.18486 10.1456
    endloop
  endfacet
  facet normal 0.158891 0.444096 0.881778
    outer loop
      vertex 0.686486 2.26304 10.1456
      vertex 0.570918 1.88206 10.3583
      vertex 0.904997 2.18486 10.1456
    endloop
  endfacet
  facet normal -0.728172 0.260541 0.633943
    outer loop
      vertex -3.41351 1.41392 8.94022
      vertex -3.53566 1.07253 8.94022
      vertex -3.26161 0.989399 9.28917
    endloop
  endfacet
  facet normal -0.728177 0.260536 0.63394
    outer loop
      vertex -3.14893 1.30433 9.28917
      vertex -3.41351 1.41392 8.94022
      vertex -3.26161 0.989399 9.28917
    endloop
  endfacet
  facet normal -0.751909 0.355641 0.555114
    outer loop
      vertex -3.25848 1.74169 8.94022
      vertex -3.47967 1.85992 8.56487
      vertex -3.41351 1.41392 8.94022
    endloop
  endfacet
  facet normal -0.558579 0.616323 0.5551
    outer loop
      vertex -2.50303 3.04995 8.56487
      vertex -2.78993 2.78993 8.56487
      vertex -2.61259 2.61259 8.94022
    endloop
  endfacet
  facet normal -0.792578 0.475053 0.382288
    outer loop
      vertex -3.60118 2.40623 7.74969
      vertex -3.66734 1.96023 8.16675
      vertex -3.45754 2.31026 8.16675
    endloop
  endfacet
  facet normal -0.544531 0.326364 0.77264
    outer loop
      vertex -2.27841 1.52238 9.89475
      vertex -2.72441 1.45622 9.60837
      vertex -2.41665 1.29173 9.89475
    endloop
  endfacet
  facet normal -0.379022 0.0562223 0.923678
    outer loop
      vertex -1.92896 0.383694 10.3583
      vertex -1.95728 0.192775 10.3583
      vertex -1.54223 0.151896 10.5311
    endloop
  endfacet
  facet normal -0.471099 -0.0231285 0.881777
    outer loop
      vertex -1.96675 0 10.3583
      vertex -2.36487 0 10.1456
      vertex -2.35349 -0.231797 10.1456
    endloop
  endfacet
  facet normal -0.46656 0.069222 0.881777
    outer loop
      vertex -2.31943 0.461363 10.1456
      vertex -2.35349 0.231797 10.1456
      vertex -1.92896 0.383694 10.3583
    endloop
  endfacet
  facet normal -0.457532 0.114605 0.881777
    outer loop
      vertex -2.26304 0.686486 10.1456
      vertex -2.31943 0.461363 10.1456
      vertex -1.92896 0.383694 10.3583
    endloop
  endfacet
  facet normal -0.360772 0.129081 0.923678
    outer loop
      vertex -1.81704 0.752644 10.3583
      vertex -1.88206 0.570918 10.3583
      vertex -1.48296 0.449852 10.5311
    endloop
  endfacet
  facet normal -0.444094 0.158893 0.881779
    outer loop
      vertex -1.81704 0.752644 10.3583
      vertex -2.18486 0.904997 10.1456
      vertex -1.88206 0.570918 10.3583
    endloop
  endfacet
  facet normal -0.360775 0.129078 0.923678
    outer loop
      vertex -1.43173 0.593041 10.5311
      vertex -1.81704 0.752644 10.3583
      vertex -1.48296 0.449852 10.5311
    endloop
  endfacet
  facet normal -0.273543 0.0978678 0.956868
    outer loop
      vertex -1.43173 0.593041 10.5311
      vertex -1.48296 0.449852 10.5311
      vertex -1.03263 0.427728 10.6621
    endloop
  endfacet
  facet normal -0.404561 0.242492 0.881776
    outer loop
      vertex -1.63529 1.09267 10.3583
      vertex -2.08563 1.11479 10.1456
      vertex -1.73452 0.92712 10.3583
    endloop
  endfacet
  facet normal -0.426384 0.201662 0.881776
    outer loop
      vertex -1.73452 0.92712 10.3583
      vertex -2.08563 1.11479 10.1456
      vertex -1.81704 0.752644 10.3583
    endloop
  endfacet
  facet normal -0.523611 0.18734 0.831105
    outer loop
      vertex -2.53163 1.04864 9.89475
      vertex -2.62222 0.795443 9.89475
      vertex -2.18486 0.904997 10.1456
    endloop
  endfacet
  facet normal -0.523611 0.18734 0.831105
    outer loop
      vertex -2.18486 0.904997 10.1456
      vertex -2.62222 0.795443 9.89475
      vertex -2.26304 0.686486 10.1456
    endloop
  endfacet
  facet normal -0.15693 0.116395 0.980727
    outer loop
      vertex -0.52175 0.428189 10.7502
      vertex -0.864 0.709066 10.6621
      vertex -0.561209 0.374988 10.7502
    endloop
  endfacet
  facet normal -0.195101 0.215262 0.956869
    outer loop
      vertex -0.709066 0.864 10.6621
      vertex -1.0958 1.0958 10.5311
      vertex -0.790339 0.790339 10.6621
    endloop
  endfacet
  facet normal -0.124218 0.262628 0.956868
    outer loop
      vertex -0.427728 1.03263 10.6621
      vertex -0.593041 1.43173 10.5311
      vertex -0.526884 0.985731 10.6621
    endloop
  endfacet
  facet normal -0.173064 0.23335 0.956868
    outer loop
      vertex -0.620965 0.92934 10.6621
      vertex -0.860963 1.28852 10.5311
      vertex -0.709066 0.864 10.6621
    endloop
  endfacet
  facet normal -0.307765 0.228253 0.923678
    outer loop
      vertex -1.52032 1.24769 10.3583
      vertex -1.63529 1.09267 10.3583
      vertex -1.28852 0.860963 10.5311
    endloop
  endfacet
  facet normal -0.30777 0.22825 0.923677
    outer loop
      vertex -1.19793 0.983114 10.5311
      vertex -1.52032 1.24769 10.3583
      vertex -1.28852 0.860963 10.5311
    endloop
  endfacet
  facet normal -0.158891 0.444096 0.881778
    outer loop
      vertex -0.686486 2.26304 10.1456
      vertex -0.904997 2.18486 10.1456
      vertex -0.570918 1.88206 10.3583
    endloop
  endfacet
  facet normal -0.0231285 0.471099 0.881777
    outer loop
      vertex 0 2.36487 10.1456
      vertex -0.231797 2.35349 10.1456
      vertex 0 1.96675 10.3583
    endloop
  endfacet
  facet normal 0.0692066 0.466556 0.88178
    outer loop
      vertex 0.231797 2.35349 10.1456
      vertex 0.192775 1.95728 10.3583
      vertex 0.383694 1.92896 10.3583
    endloop
  endfacet
  facet normal -0.0231422 0.471093 0.88178
    outer loop
      vertex 0 1.96675 10.3583
      vertex -0.231797 2.35349 10.1456
      vertex -0.192775 1.95728 10.3583
    endloop
  endfacet
  facet normal -0.349486 0.316744 0.881778
    outer loop
      vertex -1.67222 1.67222 10.1456
      vertex -1.82807 1.50026 10.1456
      vertex -1.52032 1.24769 10.3583
    endloop
  endfacet
  facet normal -0.349472 0.316751 0.881781
    outer loop
      vertex -1.3907 1.3907 10.3583
      vertex -1.67222 1.67222 10.1456
      vertex -1.52032 1.24769 10.3583
    endloop
  endfacet
  facet normal 0.668332 0.737396 0.0978768
    outer loop
      vertex 3.24877 3.24877 6.42571
      vertex 2.91469 3.55156 6.42571
      vertex 3.21749 3.21749 6.87496
    endloop
  endfacet
  facet normal 0.668317 0.737407 0.0978942
    outer loop
      vertex 2.91469 3.55156 6.42571
      vertex 2.88662 3.51736 6.87496
      vertex 3.21749 3.21749 6.87496
    endloop
  endfacet
  facet normal -0.0505101 -0.0842724 0.995162
    outer loop
      vertex -0.1064 -0.199059 10.7945
      vertex -0.374988 -0.561209 10.7502
      vertex -0.318173 -0.595262 10.7502
    endloop
  endfacet
  facet normal -0.100446 -0.167588 0.980727
    outer loop
      vertex -0.374988 -0.561209 10.7502
      vertex -0.526884 -0.985731 10.6621
      vertex -0.318173 -0.595262 10.7502
    endloop
  endfacet
  facet normal -0.00482158 0.0981318 0.995162
    outer loop
      vertex 0 0.225711 10.7945
      vertex -0.0661573 0.67171 10.7502
      vertex -0.0221233 0.224624 10.7945
    endloop
  endfacet
  facet normal -0.047472 -0.18953 0.980727
    outer loop
      vertex -0.19593 -0.645896 10.7502
      vertex -0.324453 -1.06958 10.6621
      vertex -0.218054 -1.09623 10.6621
    endloop
  endfacet
  facet normal -0.0238725 -0.0953061 0.995162
    outer loop
      vertex -0.0655203 -0.215992 10.7945
      vertex -0.19593 -0.645896 10.7502
      vertex -0.131678 -0.66199 10.7502
    endloop
  endfacet
  facet normal 0.0238727 0.095306 0.995162
    outer loop
      vertex 0.131678 0.66199 10.7502
      vertex 0.044034 0.221374 10.7945
      vertex 0.0655203 0.215992 10.7945
    endloop
  endfacet
  facet normal 0.0144177 0.0971868 0.995162
    outer loop
      vertex 0.0661573 0.67171 10.7502
      vertex 0.044034 0.221374 10.7945
      vertex 0.131678 0.66199 10.7502
    endloop
  endfacet
  facet normal -0.0727962 0.0659832 0.995162
    outer loop
      vertex -0.159601 0.159601 10.7945
      vertex -0.477268 0.477268 10.7502
      vertex -0.174477 0.143189 10.7945
    endloop
  endfacet
  facet normal -0.573898 -0.27145 0.772629
    outer loop
      vertex -2.53163 -1.04864 9.89475
      vertex -2.85402 -1.18217 9.60837
      vertex -2.41665 -1.29173 9.89475
    endloop
  endfacet
  facet normal -0.573897 -0.271421 0.77264
    outer loop
      vertex -2.41665 -1.29173 9.89475
      vertex -2.85402 -1.18217 9.60837
      vertex -2.72441 -1.45622 9.60837
    endloop
  endfacet
  facet normal -0.524236 -0.475155 0.706686
    outer loop
      vertex -2.38796 -1.95975 9.60837
      vertex -2.63471 -2.16225 9.28917
      vertex -2.18437 -2.18437 9.60837
    endloop
  endfacet
  facet normal -0.470387 -0.426347 0.772634
    outer loop
      vertex -2.11822 -1.73837 9.89475
      vertex -2.38796 -1.95975 9.60837
      vertex -2.18437 -2.18437 9.60837
    endloop
  endfacet
  facet normal -0.0426421 -0.287371 0.95687
    outer loop
      vertex -0.218054 -1.09623 10.6621
      vertex -0.30233 -1.51992 10.5311
      vertex -0.109554 -1.11233 10.6621
    endloop
  endfacet
  facet normal -0.0286784 -0.193267 0.980727
    outer loop
      vertex -0.0661573 -0.67171 10.7502
      vertex -0.218054 -1.09623 10.6621
      vertex -0.109554 -1.11233 10.6621
    endloop
  endfacet
  facet normal -0.163821 -0.346384 0.923678
    outer loop
      vertex -0.73052 -1.36671 10.5311
      vertex -0.752644 -1.81704 10.3583
      vertex -0.593041 -1.43173 10.5311
    endloop
  endfacet
  facet normal -0.124209 -0.262629 0.956869
    outer loop
      vertex -0.526884 -0.985731 10.6621
      vertex -0.73052 -1.36671 10.5311
      vertex -0.593041 -1.43173 10.5311
    endloop
  endfacet
  facet normal -0.129078 -0.360775 0.923678
    outer loop
      vertex -0.593041 -1.43173 10.5311
      vertex -0.752644 -1.81704 10.3583
      vertex -0.449852 -1.48296 10.5311
    endloop
  endfacet
  facet normal -0.0978678 -0.273543 0.956868
    outer loop
      vertex -0.427728 -1.03263 10.6621
      vertex -0.593041 -1.43173 10.5311
      vertex -0.449852 -1.48296 10.5311
    endloop
  endfacet
  facet normal -0.242481 -0.404562 0.881778
    outer loop
      vertex -1.09267 -1.63529 10.3583
      vertex -1.31385 -1.96632 10.1456
      vertex -1.11479 -2.08563 10.1456
    endloop
  endfacet
  facet normal -0.242492 -0.404561 0.881776
    outer loop
      vertex -1.09267 -1.63529 10.3583
      vertex -1.11479 -2.08563 10.1456
      vertex -0.92712 -1.73452 10.3583
    endloop
  endfacet
  facet normal -0.307765 -0.228253 0.923678
    outer loop
      vertex -1.28852 -0.860963 10.5311
      vertex -1.63529 -1.09267 10.3583
      vertex -1.52032 -1.24769 10.3583
    endloop
  endfacet
  facet normal -0.328649 -0.196998 0.923678
    outer loop
      vertex -1.36671 -0.73052 10.5311
      vertex -1.63529 -1.09267 10.3583
      vertex -1.28852 -0.860963 10.5311
    endloop
  endfacet
  facet normal -0.285895 -0.476995 0.831107
    outer loop
      vertex -1.31385 -1.96632 10.1456
      vertex -1.52238 -2.27841 9.89475
      vertex -1.11479 -2.08563 10.1456
    endloop
  endfacet
  facet normal -0.331277 -0.446673 0.831107
    outer loop
      vertex -1.31385 -1.96632 10.1456
      vertex -1.73837 -2.11822 9.89475
      vertex -1.52238 -2.27841 9.89475
    endloop
  endfacet
  facet normal 0.18953 -0.0474739 0.980727
    outer loop
      vertex 0.66199 -0.131678 10.7502
      vertex 0.645896 -0.19593 10.7502
      vertex 1.09623 -0.218054 10.6621
    endloop
  endfacet
  facet normal 0.19327 -0.0286716 0.980727
    outer loop
      vertex 0.67171 -0.0661573 10.7502
      vertex 0.66199 -0.131678 10.7502
      vertex 1.09623 -0.218054 10.6621
    endloop
  endfacet
  facet normal -0.13559 -0.914042 0.382285
    outer loop
      vertex -0.811254 -4.07845 8.16675
      vertex -0.844955 -4.24788 7.74969
      vertex -0.407589 -4.13833 8.16675
    endloop
  endfacet
  facet normal -0.224515 -0.896354 0.382285
    outer loop
      vertex -0.811254 -4.07845 8.16675
      vertex -1.25725 -4.14461 7.74969
      vertex -0.844955 -4.24788 7.74969
    endloop
  endfacet
  facet normal -0.146736 -0.989176 0
    outer loop
      vertex -0.896334 -4.50618 6.2
      vertex -0.450336 -4.57234 6.42571
      vertex -0.896334 -4.50618 6.42571
    endloop
  endfacet
  facet normal -0.146736 -0.989176 -0
    outer loop
      vertex -0.450336 -4.57234 6.42571
      vertex -0.896334 -4.50618 6.2
      vertex -0.450336 -4.57234 6.2
    endloop
  endfacet
  facet normal -0.453523 -0.756654 0.470949
    outer loop
      vertex -1.85992 -3.47967 8.56487
      vertex -2.19203 -3.28061 8.56487
      vertex -1.96023 -3.66734 8.16675
    endloop
  endfacet
  facet normal -0.397602 -0.66334 0.63395
    outer loop
      vertex -1.89359 -2.83396 9.28917
      vertex -2.0527 -3.07208 8.94022
      vertex -1.6067 -3.00592 9.28917
    endloop
  endfacet
  facet normal -0.154255 -0.615824 0.772636
    outer loop
      vertex -0.795443 -2.62222 9.89475
      vertex -0.896739 -2.95615 9.60837
      vertex -0.53459 -2.68756 9.89475
    endloop
  endfacet
  facet normal -0.213876 -0.597738 0.772636
    outer loop
      vertex -0.795443 -2.62222 9.89475
      vertex -1.18217 -2.85402 9.60837
      vertex -0.896739 -2.95615 9.60837
    endloop
  endfacet
  facet normal -0.048824 0.993997 0.0979062
    outer loop
      vertex 0 4.59446 6.42571
      vertex -0.450336 4.57234 6.42571
      vertex 0 4.55021 6.87496
    endloop
  endfacet
  facet normal -0.0488308 0.993996 0.097913
    outer loop
      vertex 0 4.55021 6.87496
      vertex -0.450336 4.57234 6.42571
      vertex -0.445998 4.5283 6.87496
    endloop
  endfacet
  facet normal 0.360775 0.129078 0.923678
    outer loop
      vertex 1.81704 0.752644 10.3583
      vertex 1.43173 0.593041 10.5311
      vertex 1.48296 0.449852 10.5311
    endloop
  endfacet
  facet normal 0.360772 0.129081 0.923678
    outer loop
      vertex 1.81704 0.752644 10.3583
      vertex 1.48296 0.449852 10.5311
      vertex 1.88206 0.570918 10.3583
    endloop
  endfacet
  facet normal 0.349486 0.316744 0.881778
    outer loop
      vertex 1.67222 1.67222 10.1456
      vertex 1.52032 1.24769 10.3583
      vertex 1.82807 1.50026 10.1456
    endloop
  endfacet
  facet normal 0.41206 0.373456 0.831106
    outer loop
      vertex 2.11822 1.73837 9.89475
      vertex 1.67222 1.67222 10.1456
      vertex 1.82807 1.50026 10.1456
    endloop
  endfacet
  facet normal 0.378846 0.280969 0.881778
    outer loop
      vertex 1.82807 1.50026 10.1456
      vertex 1.52032 1.24769 10.3583
      vertex 1.96632 1.31385 10.1456
    endloop
  endfacet
  facet normal 0.378846 0.28097 0.881778
    outer loop
      vertex 1.96632 1.31385 10.1456
      vertex 1.52032 1.24769 10.3583
      vertex 1.63529 1.09267 10.3583
    endloop
  endfacet
  facet normal -0.0842719 -0.0505108 0.995162
    outer loop
      vertex -0.199059 -0.1064 10.7945
      vertex -0.561209 -0.374988 10.7502
      vertex -0.187672 -0.125398 10.7945
    endloop
  endfacet
  facet normal -0.0706051 0.281813 0.956868
    outer loop
      vertex -0.30233 1.51992 10.5311
      vertex -0.449852 1.48296 10.5311
      vertex -0.324453 1.06958 10.6621
    endloop
  endfacet
  facet normal -0.0978688 0.273543 0.956868
    outer loop
      vertex -0.324453 1.06958 10.6621
      vertex -0.449852 1.48296 10.5311
      vertex -0.427728 1.03263 10.6621
    endloop
  endfacet
  facet normal 0.0562223 0.379022 0.923678
    outer loop
      vertex 0.192775 1.95728 10.3583
      vertex 0.151896 1.54223 10.5311
      vertex 0.383694 1.92896 10.3583
    endloop
  endfacet
  facet normal 0.0187957 0.382707 0.923679
    outer loop
      vertex 0 1.96675 10.3583
      vertex 0 1.54969 10.5311
      vertex 0.151896 1.54223 10.5311
    endloop
  endfacet
  facet normal -0.00482076 0.0981319 0.995162
    outer loop
      vertex 0 0.67496 10.7502
      vertex -0.0661573 0.67171 10.7502
      vertex 0 0.225711 10.7945
    endloop
  endfacet
  facet normal -0.242492 0.404561 0.881776
    outer loop
      vertex -0.92712 1.73452 10.3583
      vertex -1.11479 2.08563 10.1456
      vertex -1.09267 1.63529 10.3583
    endloop
  endfacet
  facet normal -0.28097 0.378846 0.881778
    outer loop
      vertex -1.09267 1.63529 10.3583
      vertex -1.31385 1.96632 10.1456
      vertex -1.24769 1.52032 10.3583
    endloop
  endfacet
  facet normal -0.0144157 0.0971869 0.995162
    outer loop
      vertex -0.0221233 0.224624 10.7945
      vertex -0.0661573 0.67171 10.7502
      vertex -0.044034 0.221374 10.7945
    endloop
  endfacet
  facet normal -0.0331033 0.0925051 0.995162
    outer loop
      vertex -0.0655203 0.215992 10.7945
      vertex -0.258296 0.623582 10.7502
      vertex -0.0863752 0.208529 10.7945
    endloop
  endfacet
  facet normal -0.0420077 0.088817 0.995162
    outer loop
      vertex -0.258296 0.623582 10.7502
      vertex -0.318173 0.595262 10.7502
      vertex -0.1064 0.199059 10.7945
    endloop
  endfacet
  facet normal -0.0842719 0.0505108 0.995162
    outer loop
      vertex -0.187672 0.125398 10.7945
      vertex -0.561209 0.374988 10.7502
      vertex -0.199059 0.1064 10.7945
    endloop
  endfacet
  facet normal -0.0789147 0.0585284 0.995162
    outer loop
      vertex -0.174477 0.143189 10.7945
      vertex -0.561209 0.374988 10.7502
      vertex -0.187672 0.125398 10.7945
    endloop
  endfacet
  facet normal 0.260541 0.728172 0.633943
    outer loop
      vertex 1.07253 3.53566 8.94022
      vertex 0.989399 3.26161 9.28917
      vertex 1.41392 3.41351 8.94022
    endloop
  endfacet
  facet normal 0.18791 0.750204 0.633943
    outer loop
      vertex 1.07253 3.53566 8.94022
      vertex 0.664941 3.34288 9.28917
      vertex 0.989399 3.26161 9.28917
    endloop
  endfacet
  facet normal -0.713448 0.427596 0.555115
    outer loop
      vertex -3.07208 2.0527 8.94022
      vertex -3.47967 1.85992 8.56487
      vertex -3.25848 1.74169 8.94022
    endloop
  endfacet
  facet normal -0.524236 0.475155 0.706686
    outer loop
      vertex -2.18437 2.18437 9.60837
      vertex -2.63471 2.16225 9.28917
      vertex -2.38796 1.95975 9.60837
    endloop
  endfacet
  facet normal -0.835331 0.395067 0.382288
    outer loop
      vertex -3.81969 2.04167 7.74969
      vertex -3.84181 1.59133 8.16675
      vertex -3.66734 1.96023 8.16675
    endloop
  endfacet
  facet normal -0.70855 0.525512 0.470951
    outer loop
      vertex -3.04995 2.50303 8.56487
      vertex -3.45754 2.31026 8.16675
      vertex -3.28061 2.19203 8.56487
    endloop
  endfacet
  facet normal -0.69913 0.330677 0.633932
    outer loop
      vertex -3.25848 1.74169 8.94022
      vertex -3.41351 1.41392 8.94022
      vertex -3.00592 1.6067 9.28917
    endloop
  endfacet
  facet normal -0.69913 0.330663 0.633939
    outer loop
      vertex -3.00592 1.6067 9.28917
      vertex -3.41351 1.41392 8.94022
      vertex -3.14893 1.30433 9.28917
    endloop
  endfacet
  facet normal -0.470387 0.426347 0.772634
    outer loop
      vertex -2.18437 2.18437 9.60837
      vertex -2.38796 1.95975 9.60837
      vertex -2.11822 1.73837 9.89475
    endloop
  endfacet
  facet normal -0.606862 0.363749 0.706687
    outer loop
      vertex -2.83396 1.89359 9.28917
      vertex -3.00592 1.6067 9.28917
      vertex -2.56855 1.71625 9.60837
    endloop
  endfacet
  facet normal -0.47516 0.524235 0.706683
    outer loop
      vertex -2.16225 2.63471 9.28917
      vertex -2.41008 2.41008 9.28917
      vertex -2.18437 2.18437 9.60837
    endloop
  endfacet
  facet normal -0.621182 0.460695 0.63395
    outer loop
      vertex -2.63471 2.16225 9.28917
      vertex -3.07208 2.0527 8.94022
      vertex -2.83396 1.89359 9.28917
    endloop
  endfacet
  facet normal -0.382708 -0.0188004 0.923678
    outer loop
      vertex -1.54223 -0.151896 10.5311
      vertex -1.96675 0 10.3583
      vertex -1.95728 -0.192775 10.3583
    endloop
  endfacet
  facet normal -0.471093 -0.0231422 0.88178
    outer loop
      vertex -1.96675 0 10.3583
      vertex -2.35349 -0.231797 10.1456
      vertex -1.95728 -0.192775 10.3583
    endloop
  endfacet
  facet normal -0.466556 0.0692066 0.88178
    outer loop
      vertex -1.92896 0.383694 10.3583
      vertex -2.35349 0.231797 10.1456
      vertex -1.95728 0.192775 10.3583
    endloop
  endfacet
  facet normal -0.471093 0.0231422 0.88178
    outer loop
      vertex -1.95728 0.192775 10.3583
      vertex -2.35349 0.231797 10.1456
      vertex -1.96675 0 10.3583
    endloop
  endfacet
  facet normal -0.555439 0.0272691 0.83111
    outer loop
      vertex -2.35349 0.231797 10.1456
      vertex -2.74022 0 9.89475
      vertex -2.36487 0 10.1456
    endloop
  endfacet
  facet normal -0.555439 -0.0272691 0.83111
    outer loop
      vertex -2.36487 0 10.1456
      vertex -2.74022 0 9.89475
      vertex -2.35349 -0.231797 10.1456
    endloop
  endfacet
  facet normal -0.144771 0.131211 0.980727
    outer loop
      vertex -0.790339 0.790339 10.6621
      vertex -0.864 0.709066 10.6621
      vertex -0.52175 0.428189 10.7502
    endloop
  endfacet
  facet normal -0.144771 0.131211 0.980727
    outer loop
      vertex -0.477268 0.477268 10.7502
      vertex -0.790339 0.790339 10.6621
      vertex -0.52175 0.428189 10.7502
    endloop
  endfacet
  facet normal -0.05853 0.0789137 0.995162
    outer loop
      vertex -0.374988 0.561209 10.7502
      vertex -0.428189 0.52175 10.7502
      vertex -0.143189 0.174477 10.7945
    endloop
  endfacet
  facet normal -0.0585284 0.0789147 0.995162
    outer loop
      vertex -0.125398 0.187672 10.7945
      vertex -0.374988 0.561209 10.7502
      vertex -0.143189 0.174477 10.7945
    endloop
  endfacet
  facet normal -0.100446 0.167588 0.980727
    outer loop
      vertex -0.318173 0.595262 10.7502
      vertex -0.526884 0.985731 10.6621
      vertex -0.374988 0.561209 10.7502
    endloop
  endfacet
  facet normal -0.0835383 0.176625 0.980727
    outer loop
      vertex -0.258296 0.623582 10.7502
      vertex -0.526884 0.985731 10.6621
      vertex -0.318173 0.595262 10.7502
    endloop
  endfacet
  facet normal -0.28391 0.257328 0.923676
    outer loop
      vertex -1.3907 1.3907 10.3583
      vertex -1.52032 1.24769 10.3583
      vertex -1.0958 1.0958 10.5311
    endloop
  endfacet
  facet normal -0.257328 0.28391 0.923676
    outer loop
      vertex -1.24769 1.52032 10.3583
      vertex -1.3907 1.3907 10.3583
      vertex -1.0958 1.0958 10.5311
    endloop
  endfacet
  facet normal -0.114612 0.457527 0.881778
    outer loop
      vertex -0.383694 1.92896 10.3583
      vertex -0.686486 2.26304 10.1456
      vertex -0.570918 1.88206 10.3583
    endloop
  endfacet
  facet normal -0.129081 0.360772 0.923678
    outer loop
      vertex -0.570918 1.88206 10.3583
      vertex -0.752644 1.81704 10.3583
      vertex -0.449852 1.48296 10.5311
    endloop
  endfacet
  facet normal -0.0816158 0.550094 0.831105
    outer loop
      vertex -0.231797 2.35349 10.1456
      vertex -0.53459 2.68756 9.89475
      vertex -0.461363 2.31943 10.1456
    endloop
  endfacet
  facet normal -0.069222 0.46656 0.881777
    outer loop
      vertex -0.231797 2.35349 10.1456
      vertex -0.461363 2.31943 10.1456
      vertex -0.383694 1.92896 10.3583
    endloop
  endfacet
  facet normal -0.373456 0.41206 0.831106
    outer loop
      vertex -1.50026 1.82807 10.1456
      vertex -1.73837 2.11822 9.89475
      vertex -1.67222 1.67222 10.1456
    endloop
  endfacet
  facet normal -0.316744 0.349486 0.881778
    outer loop
      vertex -1.50026 1.82807 10.1456
      vertex -1.67222 1.67222 10.1456
      vertex -1.24769 1.52032 10.3583
    endloop
  endfacet
  facet normal -0.0420035 0.0888185 0.995162
    outer loop
      vertex -0.0863752 0.208529 10.7945
      vertex -0.258296 0.623582 10.7502
      vertex -0.1064 0.199059 10.7945
    endloop
  endfacet
  facet normal -0.0931218 -0.371686 0.923676
    outer loop
      vertex -0.30233 -1.51992 10.5311
      vertex -0.449852 -1.48296 10.5311
      vertex -0.383694 -1.92896 10.3583
    endloop
  endfacet
  facet normal -0.0706051 -0.281813 0.956868
    outer loop
      vertex -0.324453 -1.06958 10.6621
      vertex -0.449852 -1.48296 10.5311
      vertex -0.30233 -1.51992 10.5311
    endloop
  endfacet
  facet normal -0.363748 -0.606862 0.706687
    outer loop
      vertex -1.45622 -2.72441 9.60837
      vertex -1.71625 -2.56855 9.60837
      vertex -1.6067 -3.00592 9.28917
    endloop
  endfacet
  facet normal -0.302496 -0.639603 0.706686
    outer loop
      vertex -1.45622 -2.72441 9.60837
      vertex -1.6067 -3.00592 9.28917
      vertex -1.18217 -2.85402 9.60837
    endloop
  endfacet
  facet normal -0.427625 -0.713445 0.555097
    outer loop
      vertex -2.0527 -3.07208 8.94022
      vertex -2.19203 -3.28061 8.56487
      vertex -1.85992 -3.47967 8.56487
    endloop
  endfacet
  facet normal -0.427596 -0.713448 0.555115
    outer loop
      vertex -1.74169 -3.25848 8.94022
      vertex -2.0527 -3.07208 8.94022
      vertex -1.85992 -3.47967 8.56487
    endloop
  endfacet
  facet normal 0.316744 0.349486 0.881778
    outer loop
      vertex 1.50026 1.82807 10.1456
      vertex 1.24769 1.52032 10.3583
      vertex 1.67222 1.67222 10.1456
    endloop
  endfacet
  facet normal 0.316751 0.349472 0.881781
    outer loop
      vertex 1.67222 1.67222 10.1456
      vertex 1.24769 1.52032 10.3583
      vertex 1.3907 1.3907 10.3583
    endloop
  endfacet
  facet normal -0.0978678 0.273543 0.956868
    outer loop
      vertex -0.449852 1.48296 10.5311
      vertex -0.593041 1.43173 10.5311
      vertex -0.427728 1.03263 10.6621
    endloop
  endfacet
  facet normal -0.0658192 0.183964 0.980727
    outer loop
      vertex -0.324453 1.06958 10.6621
      vertex -0.427728 1.03263 10.6621
      vertex -0.258296 0.623582 10.7502
    endloop
  endfacet
  facet normal -0.0286784 0.193267 0.980727
    outer loop
      vertex -0.109554 1.11233 10.6621
      vertex -0.218054 1.09623 10.6621
      vertex -0.0661573 0.67171 10.7502
    endloop
  endfacet
  facet normal -0.0095834 0.195149 0.980727
    outer loop
      vertex 0 1.11771 10.6621
      vertex -0.109554 1.11233 10.6621
      vertex 0 0.67496 10.7502
    endloop
  endfacet
  facet normal 0.0931218 0.371686 0.923676
    outer loop
      vertex 0.383694 1.92896 10.3583
      vertex 0.30233 1.51992 10.5311
      vertex 0.449852 1.48296 10.5311
    endloop
  endfacet
  facet normal 0.0562115 0.379028 0.923676
    outer loop
      vertex 0.383694 1.92896 10.3583
      vertex 0.151896 1.54223 10.5311
      vertex 0.30233 1.51992 10.5311
    endloop
  endfacet
  facet normal 0.0231422 0.471093 0.88178
    outer loop
      vertex 0.231797 2.35349 10.1456
      vertex 0 1.96675 10.3583
      vertex 0.192775 1.95728 10.3583
    endloop
  endfacet
  facet normal 0.0188004 0.382708 0.923678
    outer loop
      vertex 0.192775 1.95728 10.3583
      vertex 0 1.96675 10.3583
      vertex 0.151896 1.54223 10.5311
    endloop
  endfacet
  facet normal 0 0 1
    outer loop
      vertex 0.224624 0.0221233 10.7945
      vertex 0.224624 -0.0221233 10.7945
      vertex 0.225711 0 10.7945
    endloop
  endfacet
  facet normal 0 0 1
    outer loop
      vertex 0.221374 0.044034 10.7945
      vertex 0.224624 -0.0221233 10.7945
      vertex 0.224624 0.0221233 10.7945
    endloop
  endfacet
  facet normal 0 0 1
    outer loop
      vertex 0.221374 0.044034 10.7945
      vertex 0.221374 -0.044034 10.7945
      vertex 0.224624 -0.0221233 10.7945
    endloop
  endfacet
  facet normal 0 0 1
    outer loop
      vertex 0.215992 0.0655203 10.7945
      vertex 0.221374 -0.044034 10.7945
      vertex 0.221374 0.044034 10.7945
    endloop
  endfacet
  facet normal 0 0 1
    outer loop
      vertex 0.215992 0.0655203 10.7945
      vertex 0.215992 -0.0655203 10.7945
      vertex 0.221374 -0.044034 10.7945
    endloop
  endfacet
  facet normal 0 0 1
    outer loop
      vertex 0.208529 0.0863752 10.7945
      vertex 0.215992 -0.0655203 10.7945
      vertex 0.215992 0.0655203 10.7945
    endloop
  endfacet
  facet normal 0 0 1
    outer loop
      vertex 0.208529 0.0863752 10.7945
      vertex 0.208529 -0.0863752 10.7945
      vertex 0.215992 -0.0655203 10.7945
    endloop
  endfacet
  facet normal 0 0 1
    outer loop
      vertex 0.199059 0.1064 10.7945
      vertex 0.208529 -0.0863752 10.7945
      vertex 0.208529 0.0863752 10.7945
    endloop
  endfacet
  facet normal 0 0 1
    outer loop
      vertex 0.199059 0.1064 10.7945
      vertex 0.199059 -0.1064 10.7945
      vertex 0.208529 -0.0863752 10.7945
    endloop
  endfacet
  facet normal 0 0 1
    outer loop
      vertex 0.187672 0.125398 10.7945
      vertex 0.199059 -0.1064 10.7945
      vertex 0.199059 0.1064 10.7945
    endloop
  endfacet
  facet normal 0 0 1
    outer loop
      vertex 0.187672 0.125398 10.7945
      vertex 0.187672 -0.125398 10.7945
      vertex 0.199059 -0.1064 10.7945
    endloop
  endfacet
  facet normal 0 0 1
    outer loop
      vertex 0.174477 0.143189 10.7945
      vertex 0.187672 -0.125398 10.7945
      vertex 0.187672 0.125398 10.7945
    endloop
  endfacet
  facet normal 0 0 1
    outer loop
      vertex 0.174477 0.143189 10.7945
      vertex 0.174477 -0.143189 10.7945
      vertex 0.187672 -0.125398 10.7945
    endloop
  endfacet
  facet normal 0 0 1
    outer loop
      vertex 0.159601 0.159601 10.7945
      vertex 0.174477 -0.143189 10.7945
      vertex 0.174477 0.143189 10.7945
    endloop
  endfacet
  facet normal 0 0 1
    outer loop
      vertex 0.159601 0.159601 10.7945
      vertex 0.159601 -0.159601 10.7945
      vertex 0.174477 -0.143189 10.7945
    endloop
  endfacet
  facet normal 0 0 1
    outer loop
      vertex 0.143189 0.174477 10.7945
      vertex 0.159601 -0.159601 10.7945
      vertex 0.159601 0.159601 10.7945
    endloop
  endfacet
  facet normal 0 0 1
    outer loop
      vertex 0.143189 0.174477 10.7945
      vertex 0.143189 -0.174477 10.7945
      vertex 0.159601 -0.159601 10.7945
    endloop
  endfacet
  facet normal 0 0 1
    outer loop
      vertex 0.125398 0.187672 10.7945
      vertex 0.143189 -0.174477 10.7945
      vertex 0.143189 0.174477 10.7945
    endloop
  endfacet
  facet normal 0 0 1
    outer loop
      vertex 0.125398 0.187672 10.7945
      vertex 0.125398 -0.187672 10.7945
      vertex 0.143189 -0.174477 10.7945
    endloop
  endfacet
  facet normal 0 0 1
    outer loop
      vertex 0.1064 0.199059 10.7945
      vertex 0.125398 -0.187672 10.7945
      vertex 0.125398 0.187672 10.7945
    endloop
  endfacet
  facet normal 0 0 1
    outer loop
      vertex 0.1064 0.199059 10.7945
      vertex 0.1064 -0.199059 10.7945
      vertex 0.125398 -0.187672 10.7945
    endloop
  endfacet
  facet normal 0 0 1
    outer loop
      vertex 0.0863752 0.208529 10.7945
      vertex 0.1064 -0.199059 10.7945
      vertex 0.1064 0.199059 10.7945
    endloop
  endfacet
  facet normal 0 0 1
    outer loop
      vertex 0.0863752 0.208529 10.7945
      vertex 0.0863752 -0.208529 10.7945
      vertex 0.1064 -0.199059 10.7945
    endloop
  endfacet
  facet normal 0 0 1
    outer loop
      vertex 0.0655203 0.215992 10.7945
      vertex 0.0863752 -0.208529 10.7945
      vertex 0.0863752 0.208529 10.7945
    endloop
  endfacet
  facet normal 0 0 1
    outer loop
      vertex 0.0655203 0.215992 10.7945
      vertex 0.0655203 -0.215992 10.7945
      vertex 0.0863752 -0.208529 10.7945
    endloop
  endfacet
  facet normal 0 0 1
    outer loop
      vertex 0.044034 0.221374 10.7945
      vertex 0.0655203 -0.215992 10.7945
      vertex 0.0655203 0.215992 10.7945
    endloop
  endfacet
  facet normal 0 0 1
    outer loop
      vertex 0.044034 0.221374 10.7945
      vertex 0.044034 -0.221374 10.7945
      vertex 0.0655203 -0.215992 10.7945
    endloop
  endfacet
  facet normal 0 0 1
    outer loop
      vertex 0.0221233 0.224624 10.7945
      vertex 0.044034 -0.221374 10.7945
      vertex 0.044034 0.221374 10.7945
    endloop
  endfacet
  facet normal 0 0 1
    outer loop
      vertex 0.0221233 0.224624 10.7945
      vertex 0.0221233 -0.224624 10.7945
      vertex 0.044034 -0.221374 10.7945
    endloop
  endfacet
  facet normal 0 0 1
    outer loop
      vertex 0 0.225711 10.7945
      vertex 0.0221233 -0.224624 10.7945
      vertex 0.0221233 0.224624 10.7945
    endloop
  endfacet
  facet normal 0 0 1
    outer loop
      vertex 0 0.225711 10.7945
      vertex 0 -0.225711 10.7945
      vertex 0.0221233 -0.224624 10.7945
    endloop
  endfacet
  facet normal -0 0 1
    outer loop
      vertex -0.0221233 0.224624 10.7945
      vertex 0 -0.225711 10.7945
      vertex 0 0.225711 10.7945
    endloop
  endfacet
  facet normal 0 0 1
    outer loop
      vertex -0.0221233 0.224624 10.7945
      vertex -0.0221233 -0.224624 10.7945
      vertex 0 -0.225711 10.7945
    endloop
  endfacet
  facet normal -0 0 1
    outer loop
      vertex -0.044034 0.221374 10.7945
      vertex -0.0221233 -0.224624 10.7945
      vertex -0.0221233 0.224624 10.7945
    endloop
  endfacet
  facet normal 0 0 1
    outer loop
      vertex -0.044034 0.221374 10.7945
      vertex -0.044034 -0.221374 10.7945
      vertex -0.0221233 -0.224624 10.7945
    endloop
  endfacet
  facet normal -0 0 1
    outer loop
      vertex -0.0655203 0.215992 10.7945
      vertex -0.044034 -0.221374 10.7945
      vertex -0.044034 0.221374 10.7945
    endloop
  endfacet
  facet normal 0 0 1
    outer loop
      vertex -0.0655203 0.215992 10.7945
      vertex -0.0655203 -0.215992 10.7945
      vertex -0.044034 -0.221374 10.7945
    endloop
  endfacet
  facet normal -0 0 1
    outer loop
      vertex -0.0863752 0.208529 10.7945
      vertex -0.0655203 -0.215992 10.7945
      vertex -0.0655203 0.215992 10.7945
    endloop
  endfacet
  facet normal 0 0 1
    outer loop
      vertex -0.0863752 0.208529 10.7945
      vertex -0.0863752 -0.208529 10.7945
      vertex -0.0655203 -0.215992 10.7945
    endloop
  endfacet
  facet normal -0 0 1
    outer loop
      vertex -0.1064 0.199059 10.7945
      vertex -0.0863752 -0.208529 10.7945
      vertex -0.0863752 0.208529 10.7945
    endloop
  endfacet
  facet normal 0 0 1
    outer loop
      vertex -0.1064 0.199059 10.7945
      vertex -0.1064 -0.199059 10.7945
      vertex -0.0863752 -0.208529 10.7945
    endloop
  endfacet
  facet normal -0 0 1
    outer loop
      vertex -0.125398 0.187672 10.7945
      vertex -0.1064 -0.199059 10.7945
      vertex -0.1064 0.199059 10.7945
    endloop
  endfacet
  facet normal 0 0 1
    outer loop
      vertex -0.125398 0.187672 10.7945
      vertex -0.125398 -0.187672 10.7945
      vertex -0.1064 -0.199059 10.7945
    endloop
  endfacet
  facet normal -0 0 1
    outer loop
      vertex -0.143189 0.174477 10.7945
      vertex -0.125398 -0.187672 10.7945
      vertex -0.125398 0.187672 10.7945
    endloop
  endfacet
  facet normal 0 0 1
    outer loop
      vertex -0.143189 0.174477 10.7945
      vertex -0.143189 -0.174477 10.7945
      vertex -0.125398 -0.187672 10.7945
    endloop
  endfacet
  facet normal -0 0 1
    outer loop
      vertex -0.159601 0.159601 10.7945
      vertex -0.143189 -0.174477 10.7945
      vertex -0.143189 0.174477 10.7945
    endloop
  endfacet
  facet normal 0 0 1
    outer loop
      vertex -0.159601 0.159601 10.7945
      vertex -0.159601 -0.159601 10.7945
      vertex -0.143189 -0.174477 10.7945
    endloop
  endfacet
  facet normal -0 0 1
    outer loop
      vertex -0.174477 0.143189 10.7945
      vertex -0.159601 -0.159601 10.7945
      vertex -0.159601 0.159601 10.7945
    endloop
  endfacet
  facet normal 0 0 1
    outer loop
      vertex -0.174477 0.143189 10.7945
      vertex -0.174477 -0.143189 10.7945
      vertex -0.159601 -0.159601 10.7945
    endloop
  endfacet
  facet normal -0 0 1
    outer loop
      vertex -0.187672 0.125398 10.7945
      vertex -0.174477 -0.143189 10.7945
      vertex -0.174477 0.143189 10.7945
    endloop
  endfacet
  facet normal 0 0 1
    outer loop
      vertex -0.187672 0.125398 10.7945
      vertex -0.187672 -0.125398 10.7945
      vertex -0.174477 -0.143189 10.7945
    endloop
  endfacet
  facet normal -0 0 1
    outer loop
      vertex -0.199059 0.1064 10.7945
      vertex -0.187672 -0.125398 10.7945
      vertex -0.187672 0.125398 10.7945
    endloop
  endfacet
  facet normal 0 0 1
    outer loop
      vertex -0.199059 0.1064 10.7945
      vertex -0.199059 -0.1064 10.7945
      vertex -0.187672 -0.125398 10.7945
    endloop
  endfacet
  facet normal -0 0 1
    outer loop
      vertex -0.208529 0.0863752 10.7945
      vertex -0.199059 -0.1064 10.7945
      vertex -0.199059 0.1064 10.7945
    endloop
  endfacet
  facet normal 0 0 1
    outer loop
      vertex -0.208529 0.0863752 10.7945
      vertex -0.208529 -0.0863752 10.7945
      vertex -0.199059 -0.1064 10.7945
    endloop
  endfacet
  facet normal -0 0 1
    outer loop
      vertex -0.215992 0.0655203 10.7945
      vertex -0.208529 -0.0863752 10.7945
      vertex -0.208529 0.0863752 10.7945
    endloop
  endfacet
  facet normal 0 0 1
    outer loop
      vertex -0.215992 0.0655203 10.7945
      vertex -0.215992 -0.0655203 10.7945
      vertex -0.208529 -0.0863752 10.7945
    endloop
  endfacet
  facet normal -0 0 1
    outer loop
      vertex -0.221374 0.044034 10.7945
      vertex -0.215992 -0.0655203 10.7945
      vertex -0.215992 0.0655203 10.7945
    endloop
  endfacet
  facet normal 0 0 1
    outer loop
      vertex -0.221374 0.044034 10.7945
      vertex -0.221374 -0.044034 10.7945
      vertex -0.215992 -0.0655203 10.7945
    endloop
  endfacet
  facet normal -0 0 1
    outer loop
      vertex -0.224624 0.0221233 10.7945
      vertex -0.221374 -0.044034 10.7945
      vertex -0.221374 0.044034 10.7945
    endloop
  endfacet
  facet normal 0 0 1
    outer loop
      vertex -0.224624 0.0221233 10.7945
      vertex -0.224624 -0.0221233 10.7945
      vertex -0.221374 -0.044034 10.7945
    endloop
  endfacet
  facet normal 0 -0 1
    outer loop
      vertex -0.224624 -0.0221233 10.7945
      vertex -0.224624 0.0221233 10.7945
      vertex -0.225711 0 10.7945
    endloop
  endfacet
  facet normal -0.201662 0.426384 0.881776
    outer loop
      vertex -0.752644 1.81704 10.3583
      vertex -1.11479 2.08563 10.1456
      vertex -0.92712 1.73452 10.3583
    endloop
  endfacet
  facet normal -0.201671 0.426375 0.881779
    outer loop
      vertex -0.904997 2.18486 10.1456
      vertex -1.11479 2.08563 10.1456
      vertex -0.752644 1.81704 10.3583
    endloop
  endfacet
  facet normal 0.213876 0.597738 0.772636
    outer loop
      vertex 0.896739 2.95615 9.60837
      vertex 0.795443 2.62222 9.89475
      vertex 1.18217 2.85402 9.60837
    endloop
  endfacet
  facet normal 0.238361 0.666168 0.706686
    outer loop
      vertex 0.989399 3.26161 9.28917
      vertex 0.896739 2.95615 9.60837
      vertex 1.18217 2.85402 9.60837
    endloop
  endfacet
  facet normal -0.592409 0.65365 0.47095
    outer loop
      vertex -2.50303 3.04995 8.56487
      vertex -2.9404 2.9404 8.16675
      vertex -2.78993 2.78993 8.56487
    endloop
  endfacet
  facet normal -0.65365 0.592409 0.47095
    outer loop
      vertex -2.9404 2.9404 8.16675
      vertex -3.04995 2.50303 8.56487
      vertex -2.78993 2.78993 8.56487
    endloop
  endfacet
  facet normal -0.668088 0.495502 0.5551
    outer loop
      vertex -3.04995 2.50303 8.56487
      vertex -3.28061 2.19203 8.56487
      vertex -2.85608 2.34393 8.94022
    endloop
  endfacet
  facet normal -0.668087 0.495508 0.555096
    outer loop
      vertex -2.85608 2.34393 8.94022
      vertex -3.28061 2.19203 8.56487
      vertex -3.07208 2.0527 8.94022
    endloop
  endfacet
  facet normal -0.797469 0.37716 0.470949
    outer loop
      vertex -3.66734 1.96023 8.16675
      vertex -3.84181 1.59133 8.16675
      vertex -3.47967 1.85992 8.56487
    endloop
  endfacet
  facet normal -0.756654 0.453521 0.47095
    outer loop
      vertex -3.45754 2.31026 8.16675
      vertex -3.66734 1.96023 8.16675
      vertex -3.28061 2.19203 8.56487
    endloop
  endfacet
  facet normal -0.713445 0.427625 0.555097
    outer loop
      vertex -3.28061 2.19203 8.56487
      vertex -3.47967 1.85992 8.56487
      vertex -3.07208 2.0527 8.94022
    endloop
  endfacet
  facet normal -0.621178 0.460716 0.633939
    outer loop
      vertex -2.85608 2.34393 8.94022
      vertex -3.07208 2.0527 8.94022
      vertex -2.63471 2.16225 9.28917
    endloop
  endfacet
  facet normal -0.544529 0.326387 0.772632
    outer loop
      vertex -2.56855 1.71625 9.60837
      vertex -2.72441 1.45622 9.60837
      vertex -2.27841 1.52238 9.89475
    endloop
  endfacet
  facet normal -0.606862 0.363748 0.706687
    outer loop
      vertex -2.56855 1.71625 9.60837
      vertex -3.00592 1.6067 9.28917
      vertex -2.72441 1.45622 9.60837
    endloop
  endfacet
  facet normal -0.568293 0.421471 0.706686
    outer loop
      vertex -2.63471 2.16225 9.28917
      vertex -2.83396 1.89359 9.28917
      vertex -2.38796 1.95975 9.60837
    endloop
  endfacet
  facet normal -0.568293 0.42147 0.706686
    outer loop
      vertex -2.38796 1.95975 9.60837
      vertex -2.83396 1.89359 9.28917
      vertex -2.56855 1.71625 9.60837
    endloop
  endfacet
  facet normal -0.519374 0.573016 0.633959
    outer loop
      vertex -2.16225 2.63471 9.28917
      vertex -2.61259 2.61259 8.94022
      vertex -2.41008 2.41008 9.28917
    endloop
  endfacet
  facet normal -0.573016 0.519374 0.633959
    outer loop
      vertex -2.61259 2.61259 8.94022
      vertex -2.63471 2.16225 9.28917
      vertex -2.41008 2.41008 9.28917
    endloop
  endfacet
  facet normal -0.0692066 0.466556 0.88178
    outer loop
      vertex -0.231797 2.35349 10.1456
      vertex -0.383694 1.92896 10.3583
      vertex -0.192775 1.95728 10.3583
    endloop
  endfacet
  facet normal -0.0187957 0.382707 0.923679
    outer loop
      vertex 0 1.96675 10.3583
      vertex -0.151896 1.54223 10.5311
      vertex 0 1.54969 10.5311
    endloop
  endfacet
  facet normal 0.0272691 0.555439 0.83111
    outer loop
      vertex 0 2.74022 9.89475
      vertex 0 2.36487 10.1456
      vertex 0.231797 2.35349 10.1456
    endloop
  endfacet
  facet normal -0.0272691 0.555439 0.83111
    outer loop
      vertex 0 2.74022 9.89475
      vertex -0.231797 2.35349 10.1456
      vertex 0 2.36487 10.1456
    endloop
  endfacet
  facet normal -0.285891 -0.477002 0.831105
    outer loop
      vertex -1.11479 -2.08563 10.1456
      vertex -1.52238 -2.27841 9.89475
      vertex -1.29173 -2.41665 9.89475
    endloop
  endfacet
  facet normal -0.326364 -0.544531 0.77264
    outer loop
      vertex -1.29173 -2.41665 9.89475
      vertex -1.52238 -2.27841 9.89475
      vertex -1.45622 -2.72441 9.60837
    endloop
  endfacet
  facet normal -0.047472 0.18953 0.980727
    outer loop
      vertex -0.218054 1.09623 10.6621
      vertex -0.324453 1.06958 10.6621
      vertex -0.19593 0.645896 10.7502
    endloop
  endfacet
  facet normal -0.0705862 0.281813 0.95687
    outer loop
      vertex -0.30233 1.51992 10.5311
      vertex -0.324453 1.06958 10.6621
      vertex -0.218054 1.09623 10.6621
    endloop
  endfacet
  facet normal -0.01425 0.290175 0.956868
    outer loop
      vertex 0 1.54969 10.5311
      vertex -0.109554 1.11233 10.6621
      vertex 0 1.11771 10.6621
    endloop
  endfacet
  facet normal -0.0188004 0.382708 0.923678
    outer loop
      vertex 0 1.96675 10.3583
      vertex -0.192775 1.95728 10.3583
      vertex -0.151896 1.54223 10.5311
    endloop
  endfacet
  facet normal -0.163825 0.346384 0.923677
    outer loop
      vertex -0.752644 1.81704 10.3583
      vertex -0.92712 1.73452 10.3583
      vertex -0.73052 1.36671 10.5311
    endloop
  endfacet
  facet normal -0.196994 0.328654 0.923677
    outer loop
      vertex -0.92712 1.73452 10.3583
      vertex -1.09267 1.63529 10.3583
      vertex -0.73052 1.36671 10.5311
    endloop
  endfacet
  facet normal -0.285895 0.476995 0.831107
    outer loop
      vertex -1.11479 2.08563 10.1456
      vertex -1.52238 2.27841 9.89475
      vertex -1.31385 1.96632 10.1456
    endloop
  endfacet
  facet normal -0.242481 0.404562 0.881778
    outer loop
      vertex -1.11479 2.08563 10.1456
      vertex -1.31385 1.96632 10.1456
      vertex -1.09267 1.63529 10.3583
    endloop
  endfacet
  facet normal -0.573048 0.519361 0.63394
    outer loop
      vertex -2.61259 2.61259 8.94022
      vertex -2.85608 2.34393 8.94022
      vertex -2.63471 2.16225 9.28917
    endloop
  endfacet
  facet normal -0.616322 0.55858 0.555099
    outer loop
      vertex -2.61259 2.61259 8.94022
      vertex -3.04995 2.50303 8.56487
      vertex -2.85608 2.34393 8.94022
    endloop
  endfacet
  facet normal -0.0562223 0.379022 0.923678
    outer loop
      vertex -0.192775 1.95728 10.3583
      vertex -0.383694 1.92896 10.3583
      vertex -0.151896 1.54223 10.5311
    endloop
  endfacet
  facet normal -0.0562115 0.379028 0.923676
    outer loop
      vertex -0.151896 1.54223 10.5311
      vertex -0.383694 1.92896 10.3583
      vertex -0.30233 1.51992 10.5311
    endloop
  endfacet
  facet normal 0 0 -1
    outer loop
      vertex 4.57234 -0.450336 6.2
      vertex 4.57234 0.450336 6.2
      vertex 4.59446 0 6.2
    endloop
  endfacet
  facet normal 0 0 -1
    outer loop
      vertex 4.50618 -0.896334 6.2
      vertex 4.57234 0.450336 6.2
      vertex 4.57234 -0.450336 6.2
    endloop
  endfacet
  facet normal 0 0 -1
    outer loop
      vertex 4.50618 -0.896334 6.2
      vertex 4.50618 0.896334 6.2
      vertex 4.57234 0.450336 6.2
    endloop
  endfacet
  facet normal 0 0 -1
    outer loop
      vertex 4.39662 -1.3337 6.2
      vertex 4.50618 0.896334 6.2
      vertex 4.50618 -0.896334 6.2
    endloop
  endfacet
  facet normal 0 0 -1
    outer loop
      vertex 4.39662 -1.3337 6.2
      vertex 4.39662 1.3337 6.2
      vertex 4.50618 0.896334 6.2
    endloop
  endfacet
  facet normal 0 0 -1
    outer loop
      vertex 4.24473 -1.75822 6.2
      vertex 4.39662 1.3337 6.2
      vertex 4.39662 -1.3337 6.2
    endloop
  endfacet
  facet normal 0 0 -1
    outer loop
      vertex 4.24473 -1.75822 6.2
      vertex 4.24473 1.75822 6.2
      vertex 4.39662 1.3337 6.2
    endloop
  endfacet
  facet normal 0 0 -1
    outer loop
      vertex 4.05195 -2.16581 6.2
      vertex 4.24473 1.75822 6.2
      vertex 4.24473 -1.75822 6.2
    endloop
  endfacet
  facet normal 0 0 -1
    outer loop
      vertex 4.05195 -2.16581 6.2
      vertex 4.05195 2.16581 6.2
      vertex 4.24473 1.75822 6.2
    endloop
  endfacet
  facet normal 0 0 -1
    outer loop
      vertex 3.82015 -2.55254 6.2
      vertex 4.05195 2.16581 6.2
      vertex 4.05195 -2.16581 6.2
    endloop
  endfacet
  facet normal 0 0 -1
    outer loop
      vertex 3.82015 -2.55254 6.2
      vertex 3.82015 2.55254 6.2
      vertex 4.05195 2.16581 6.2
    endloop
  endfacet
  facet normal 0 0 -1
    outer loop
      vertex 3.55156 -2.91469 6.2
      vertex 3.82015 2.55254 6.2
      vertex 3.82015 -2.55254 6.2
    endloop
  endfacet
  facet normal 0 0 -1
    outer loop
      vertex 3.55156 -2.91469 6.2
      vertex 3.55156 2.91469 6.2
      vertex 3.82015 2.55254 6.2
    endloop
  endfacet
  facet normal 0 0 -1
    outer loop
      vertex 3.24877 -3.24877 6.2
      vertex 3.55156 2.91469 6.2
      vertex 3.55156 -2.91469 6.2
    endloop
  endfacet
  facet normal 0 0 -1
    outer loop
      vertex 3.24877 -3.24877 6.2
      vertex 3.24877 3.24877 6.2
      vertex 3.55156 2.91469 6.2
    endloop
  endfacet
  facet normal 0 0 -1
    outer loop
      vertex 2.91469 -3.55156 6.2
      vertex 3.24877 3.24877 6.2
      vertex 3.24877 -3.24877 6.2
    endloop
  endfacet
  facet normal 0 0 -1
    outer loop
      vertex 2.91469 -3.55156 6.2
      vertex 2.91469 3.55156 6.2
      vertex 3.24877 3.24877 6.2
    endloop
  endfacet
  facet normal 0 0 -1
    outer loop
      vertex 2.55254 -3.82015 6.2
      vertex 2.91469 3.55156 6.2
      vertex 2.91469 -3.55156 6.2
    endloop
  endfacet
  facet normal 0 0 -1
    outer loop
      vertex 2.55254 -3.82015 6.2
      vertex 2.55254 3.82015 6.2
      vertex 2.91469 3.55156 6.2
    endloop
  endfacet
  facet normal 0 0 -1
    outer loop
      vertex 2.16581 -4.05195 6.2
      vertex 2.55254 3.82015 6.2
      vertex 2.55254 -3.82015 6.2
    endloop
  endfacet
  facet normal 0 0 -1
    outer loop
      vertex 2.16581 -4.05195 6.2
      vertex 2.16581 4.05195 6.2
      vertex 2.55254 3.82015 6.2
    endloop
  endfacet
  facet normal 0 0 -1
    outer loop
      vertex 1.75822 -4.24473 6.2
      vertex 2.16581 4.05195 6.2
      vertex 2.16581 -4.05195 6.2
    endloop
  endfacet
  facet normal 0 0 -1
    outer loop
      vertex 1.75822 -4.24473 6.2
      vertex 1.75822 4.24473 6.2
      vertex 2.16581 4.05195 6.2
    endloop
  endfacet
  facet normal 0 0 -1
    outer loop
      vertex 1.3337 -4.39662 6.2
      vertex 1.75822 4.24473 6.2
      vertex 1.75822 -4.24473 6.2
    endloop
  endfacet
  facet normal 0 0 -1
    outer loop
      vertex 1.3337 -4.39662 6.2
      vertex 1.3337 4.39662 6.2
      vertex 1.75822 4.24473 6.2
    endloop
  endfacet
  facet normal 0 0 -1
    outer loop
      vertex 0.896334 -4.50618 6.2
      vertex 1.3337 4.39662 6.2
      vertex 1.3337 -4.39662 6.2
    endloop
  endfacet
  facet normal 0 0 -1
    outer loop
      vertex 0.896334 -4.50618 6.2
      vertex 0.896334 4.50618 6.2
      vertex 1.3337 4.39662 6.2
    endloop
  endfacet
  facet normal 0 0 -1
    outer loop
      vertex 0.450336 -4.57234 6.2
      vertex 0.896334 4.50618 6.2
      vertex 0.896334 -4.50618 6.2
    endloop
  endfacet
  facet normal 0 0 -1
    outer loop
      vertex 0.450336 -4.57234 6.2
      vertex 0.450336 4.57234 6.2
      vertex 0.896334 4.50618 6.2
    endloop
  endfacet
  facet normal 0 0 -1
    outer loop
      vertex 0 -4.59446 6.2
      vertex 0.450336 4.57234 6.2
      vertex 0.450336 -4.57234 6.2
    endloop
  endfacet
  facet normal 0 0 -1
    outer loop
      vertex 0 -4.59446 6.2
      vertex 0 4.59446 6.2
      vertex 0.450336 4.57234 6.2
    endloop
  endfacet
  facet normal 0 0 -1
    outer loop
      vertex -0.450336 -4.57234 6.2
      vertex 0 4.59446 6.2
      vertex 0 -4.59446 6.2
    endloop
  endfacet
  facet normal 0 0 -1
    outer loop
      vertex -0.450336 -4.57234 6.2
      vertex -0.450336 4.57234 6.2
      vertex 0 4.59446 6.2
    endloop
  endfacet
  facet normal 0 0 -1
    outer loop
      vertex -0.896334 -4.50618 6.2
      vertex -0.450336 4.57234 6.2
      vertex -0.450336 -4.57234 6.2
    endloop
  endfacet
  facet normal 0 0 -1
    outer loop
      vertex -0.896334 -4.50618 6.2
      vertex -0.896334 4.50618 6.2
      vertex -0.450336 4.57234 6.2
    endloop
  endfacet
  facet normal 0 0 -1
    outer loop
      vertex -1.3337 -4.39662 6.2
      vertex -0.896334 4.50618 6.2
      vertex -0.896334 -4.50618 6.2
    endloop
  endfacet
  facet normal 0 0 -1
    outer loop
      vertex -1.3337 -4.39662 6.2
      vertex -1.3337 4.39662 6.2
      vertex -0.896334 4.50618 6.2
    endloop
  endfacet
  facet normal 0 0 -1
    outer loop
      vertex -1.75822 -4.24473 6.2
      vertex -1.3337 4.39662 6.2
      vertex -1.3337 -4.39662 6.2
    endloop
  endfacet
  facet normal 0 0 -1
    outer loop
      vertex -1.75822 -4.24473 6.2
      vertex -1.75822 4.24473 6.2
      vertex -1.3337 4.39662 6.2
    endloop
  endfacet
  facet normal 0 0 -1
    outer loop
      vertex -2.16581 -4.05195 6.2
      vertex -1.75822 4.24473 6.2
      vertex -1.75822 -4.24473 6.2
    endloop
  endfacet
  facet normal 0 0 -1
    outer loop
      vertex -2.16581 -4.05195 6.2
      vertex -2.16581 4.05195 6.2
      vertex -1.75822 4.24473 6.2
    endloop
  endfacet
  facet normal 0 0 -1
    outer loop
      vertex -2.55254 -3.82015 6.2
      vertex -2.16581 4.05195 6.2
      vertex -2.16581 -4.05195 6.2
    endloop
  endfacet
  facet normal 0 0 -1
    outer loop
      vertex -2.55254 -3.82015 6.2
      vertex -2.55254 3.82015 6.2
      vertex -2.16581 4.05195 6.2
    endloop
  endfacet
  facet normal 0 0 -1
    outer loop
      vertex -2.91469 -3.55156 6.2
      vertex -2.55254 3.82015 6.2
      vertex -2.55254 -3.82015 6.2
    endloop
  endfacet
  facet normal 0 0 -1
    outer loop
      vertex -2.91469 -3.55156 6.2
      vertex -2.91469 3.55156 6.2
      vertex -2.55254 3.82015 6.2
    endloop
  endfacet
  facet normal 0 0 -1
    outer loop
      vertex -3.24877 -3.24877 6.2
      vertex -2.91469 3.55156 6.2
      vertex -2.91469 -3.55156 6.2
    endloop
  endfacet
  facet normal 0 0 -1
    outer loop
      vertex -3.24877 -3.24877 6.2
      vertex -3.24877 3.24877 6.2
      vertex -2.91469 3.55156 6.2
    endloop
  endfacet
  facet normal 0 0 -1
    outer loop
      vertex -3.55156 -2.91469 6.2
      vertex -3.24877 3.24877 6.2
      vertex -3.24877 -3.24877 6.2
    endloop
  endfacet
  facet normal 0 0 -1
    outer loop
      vertex -3.55156 -2.91469 6.2
      vertex -3.55156 2.91469 6.2
      vertex -3.24877 3.24877 6.2
    endloop
  endfacet
  facet normal 0 0 -1
    outer loop
      vertex -3.82015 -2.55254 6.2
      vertex -3.55156 2.91469 6.2
      vertex -3.55156 -2.91469 6.2
    endloop
  endfacet
  facet normal 0 0 -1
    outer loop
      vertex -3.82015 -2.55254 6.2
      vertex -3.82015 2.55254 6.2
      vertex -3.55156 2.91469 6.2
    endloop
  endfacet
  facet normal 0 0 -1
    outer loop
      vertex -4.05195 -2.16581 6.2
      vertex -3.82015 2.55254 6.2
      vertex -3.82015 -2.55254 6.2
    endloop
  endfacet
  facet normal 0 0 -1
    outer loop
      vertex -4.05195 -2.16581 6.2
      vertex -4.05195 2.16581 6.2
      vertex -3.82015 2.55254 6.2
    endloop
  endfacet
  facet normal 0 0 -1
    outer loop
      vertex -4.24473 -1.75822 6.2
      vertex -4.05195 2.16581 6.2
      vertex -4.05195 -2.16581 6.2
    endloop
  endfacet
  facet normal 0 0 -1
    outer loop
      vertex -4.24473 -1.75822 6.2
      vertex -4.24473 1.75822 6.2
      vertex -4.05195 2.16581 6.2
    endloop
  endfacet
  facet normal 0 0 -1
    outer loop
      vertex -4.39662 -1.3337 6.2
      vertex -4.24473 1.75822 6.2
      vertex -4.24473 -1.75822 6.2
    endloop
  endfacet
  facet normal 0 0 -1
    outer loop
      vertex -4.39662 -1.3337 6.2
      vertex -4.39662 1.3337 6.2
      vertex -4.24473 1.75822 6.2
    endloop
  endfacet
  facet normal 0 0 -1
    outer loop
      vertex -4.50618 -0.896334 6.2
      vertex -4.39662 1.3337 6.2
      vertex -4.39662 -1.3337 6.2
    endloop
  endfacet
  facet normal 0 0 -1
    outer loop
      vertex -4.50618 -0.896334 6.2
      vertex -4.50618 0.896334 6.2
      vertex -4.39662 1.3337 6.2
    endloop
  endfacet
  facet normal 0 0 -1
    outer loop
      vertex -4.57234 -0.450336 6.2
      vertex -4.50618 0.896334 6.2
      vertex -4.50618 -0.896334 6.2
    endloop
  endfacet
  facet normal 0 0 -1
    outer loop
      vertex -4.57234 -0.450336 6.2
      vertex -4.57234 0.450336 6.2
      vertex -4.50618 0.896334 6.2
    endloop
  endfacet
  facet normal 0 -0 -1
    outer loop
      vertex -4.57234 0.450336 6.2
      vertex -4.57234 -0.450336 6.2
      vertex -4.59446 0 6.2
    endloop
  endfacet
  facet normal 0.989176 0.146736 0
    outer loop
      vertex 5.07544 0.499887 6.2
      vertex 5.002 0.99496 5
      vertex 5.002 0.99496 6.2
    endloop
  endfacet
  facet normal 0.989176 0.146736 0
    outer loop
      vertex 5.002 0.99496 5
      vertex 5.07544 0.499887 6.2
      vertex 5.07544 0.499887 5
    endloop
  endfacet
  facet normal 0.998795 0.0490719 0
    outer loop
      vertex 5.1 0 6.2
      vertex 5.07544 0.499887 5
      vertex 5.07544 0.499887 6.2
    endloop
  endfacet
  facet normal 0.998795 0.0490719 0
    outer loop
      vertex 5.07544 0.499887 5
      vertex 5.1 0 6.2
      vertex 5.1 0 5
    endloop
  endfacet
  facet normal 0.970031 0.242982 0
    outer loop
      vertex 5.002 0.99496 6.2
      vertex 4.88039 1.48045 5
      vertex 4.88039 1.48045 6.2
    endloop
  endfacet
  facet normal 0.970031 0.242982 0
    outer loop
      vertex 4.88039 1.48045 5
      vertex 5.002 0.99496 6.2
      vertex 5.002 0.99496 5
    endloop
  endfacet
  facet normal 0.427558 -0.903988 0
    outer loop
      vertex 1.95168 -4.71179 5
      vertex 2.40412 -4.4978 6.2
      vertex 1.95168 -4.71179 6.2
    endloop
  endfacet
  facet normal 0.427558 -0.903988 0
    outer loop
      vertex 2.40412 -4.4978 6.2
      vertex 1.95168 -4.71179 5
      vertex 2.40412 -4.4978 5
    endloop
  endfacet
  facet normal 0.427558 0.903988 -0
    outer loop
      vertex 2.40412 4.4978 5
      vertex 1.95168 4.71179 6.2
      vertex 2.40412 4.4978 6.2
    endloop
  endfacet
  facet normal 0.427558 0.903988 0
    outer loop
      vertex 1.95168 4.71179 6.2
      vertex 2.40412 4.4978 5
      vertex 1.95168 4.71179 5
    endloop
  endfacet
  facet normal -0.903988 0.427558 0
    outer loop
      vertex -4.71179 1.95168 5
      vertex -4.4978 2.40412 6.2
      vertex -4.4978 2.40412 5
    endloop
  endfacet
  facet normal -0.903988 0.427558 0
    outer loop
      vertex -4.4978 2.40412 6.2
      vertex -4.71179 1.95168 5
      vertex -4.71179 1.95168 6.2
    endloop
  endfacet
  facet normal -0.427558 0.903988 0
    outer loop
      vertex -1.95168 4.71179 5
      vertex -2.40412 4.4978 6.2
      vertex -1.95168 4.71179 6.2
    endloop
  endfacet
  facet normal -0.427558 0.903988 0
    outer loop
      vertex -2.40412 4.4978 6.2
      vertex -1.95168 4.71179 5
      vertex -2.40412 4.4978 5
    endloop
  endfacet
  facet normal 0.595704 0.803204 -0
    outer loop
      vertex 3.2354 3.94235 5
      vertex 2.83341 4.24049 6.2
      vertex 3.2354 3.94235 6.2
    endloop
  endfacet
  facet normal 0.595704 0.803204 0
    outer loop
      vertex 2.83341 4.24049 6.2
      vertex 3.2354 3.94235 5
      vertex 2.83341 4.24049 5
    endloop
  endfacet
  facet normal 0.242982 0.970031 -0
    outer loop
      vertex 1.48045 4.88039 5
      vertex 0.99496 5.002 6.2
      vertex 1.48045 4.88039 6.2
    endloop
  endfacet
  facet normal 0.242982 0.970031 0
    outer loop
      vertex 0.99496 5.002 6.2
      vertex 1.48045 4.88039 5
      vertex 0.99496 5.002 5
    endloop
  endfacet
  facet normal -0.970031 0.242982 0
    outer loop
      vertex -5.002 0.99496 5
      vertex -4.88039 1.48045 6.2
      vertex -4.88039 1.48045 5
    endloop
  endfacet
  facet normal -0.970031 0.242982 0
    outer loop
      vertex -4.88039 1.48045 6.2
      vertex -5.002 0.99496 5
      vertex -5.002 0.99496 6.2
    endloop
  endfacet
  facet normal 0.514108 -0.857726 0
    outer loop
      vertex 2.40412 -4.4978 5
      vertex 2.83341 -4.24049 6.2
      vertex 2.40412 -4.4978 6.2
    endloop
  endfacet
  facet normal 0.514108 -0.857726 0
    outer loop
      vertex 2.83341 -4.24049 6.2
      vertex 2.40412 -4.4978 5
      vertex 2.83341 -4.24049 5
    endloop
  endfacet
  facet normal 0.595704 -0.803204 0
    outer loop
      vertex 2.83341 -4.24049 5
      vertex 3.2354 -3.94235 6.2
      vertex 2.83341 -4.24049 6.2
    endloop
  endfacet
  facet normal 0.595704 -0.803204 0
    outer loop
      vertex 3.2354 -3.94235 6.2
      vertex 2.83341 -4.24049 5
      vertex 3.2354 -3.94235 5
    endloop
  endfacet
  facet normal 0.903988 0.427558 0
    outer loop
      vertex 4.71179 1.95168 6.2
      vertex 4.4978 2.40412 5
      vertex 4.4978 2.40412 6.2
    endloop
  endfacet
  facet normal 0.903988 0.427558 0
    outer loop
      vertex 4.4978 2.40412 5
      vertex 4.71179 1.95168 6.2
      vertex 4.71179 1.95168 5
    endloop
  endfacet
  facet normal 0.0490719 0.998795 -0
    outer loop
      vertex 0.499887 5.07544 5
      vertex 0 5.1 6.2
      vertex 0.499887 5.07544 6.2
    endloop
  endfacet
  facet normal 0.0490719 0.998795 0
    outer loop
      vertex 0 5.1 6.2
      vertex 0.499887 5.07544 5
      vertex 0 5.1 5
    endloop
  endfacet
  facet normal -0.242982 0.970031 0
    outer loop
      vertex -0.99496 5.002 5
      vertex -1.48045 4.88039 6.2
      vertex -0.99496 5.002 6.2
    endloop
  endfacet
  facet normal -0.242982 0.970031 0
    outer loop
      vertex -1.48045 4.88039 6.2
      vertex -0.99496 5.002 5
      vertex -1.48045 4.88039 5
    endloop
  endfacet
  facet normal 0.514108 0.857726 -0
    outer loop
      vertex 2.83341 4.24049 5
      vertex 2.40412 4.4978 6.2
      vertex 2.83341 4.24049 6.2
    endloop
  endfacet
  facet normal 0.514108 0.857726 0
    outer loop
      vertex 2.40412 4.4978 6.2
      vertex 2.83341 4.24049 5
      vertex 2.40412 4.4978 5
    endloop
  endfacet
  facet normal -0.989176 0.146736 0
    outer loop
      vertex -5.07544 0.499887 5
      vertex -5.002 0.99496 6.2
      vertex -5.002 0.99496 5
    endloop
  endfacet
  facet normal -0.989176 0.146736 0
    outer loop
      vertex -5.002 0.99496 6.2
      vertex -5.07544 0.499887 5
      vertex -5.07544 0.499887 6.2
    endloop
  endfacet
  facet normal 0.998795 -0.0490719 0
    outer loop
      vertex 5.07544 -0.499887 6.2
      vertex 5.1 0 5
      vertex 5.1 0 6.2
    endloop
  endfacet
  facet normal 0.998795 -0.0490719 0
    outer loop
      vertex 5.1 0 5
      vertex 5.07544 -0.499887 6.2
      vertex 5.07544 -0.499887 5
    endloop
  endfacet
  facet normal -0.595704 -0.803204 0
    outer loop
      vertex -3.2354 -3.94235 5
      vertex -2.83341 -4.24049 6.2
      vertex -3.2354 -3.94235 6.2
    endloop
  endfacet
  facet normal -0.595704 -0.803204 -0
    outer loop
      vertex -2.83341 -4.24049 6.2
      vertex -3.2354 -3.94235 5
      vertex -2.83341 -4.24049 5
    endloop
  endfacet
  facet normal 0.242982 -0.970031 0
    outer loop
      vertex 0.99496 -5.002 5
      vertex 1.48045 -4.88039 6.2
      vertex 0.99496 -5.002 6.2
    endloop
  endfacet
  facet normal 0.242982 -0.970031 0
    outer loop
      vertex 1.48045 -4.88039 6.2
      vertex 0.99496 -5.002 5
      vertex 1.48045 -4.88039 5
    endloop
  endfacet
  facet normal 0.803204 0.595704 0
    outer loop
      vertex 4.24049 2.83341 6.2
      vertex 3.94235 3.2354 5
      vertex 3.94235 3.2354 6.2
    endloop
  endfacet
  facet normal 0.803204 0.595704 0
    outer loop
      vertex 3.94235 3.2354 5
      vertex 4.24049 2.83341 6.2
      vertex 4.24049 2.83341 5
    endloop
  endfacet
  facet normal 0.146736 -0.989176 0
    outer loop
      vertex 0.499887 -5.07544 5
      vertex 0.99496 -5.002 6.2
      vertex 0.499887 -5.07544 6.2
    endloop
  endfacet
  facet normal 0.146736 -0.989176 0
    outer loop
      vertex 0.99496 -5.002 6.2
      vertex 0.499887 -5.07544 5
      vertex 0.99496 -5.002 5
    endloop
  endfacet
  facet normal -0.94155 0.336874 0
    outer loop
      vertex -4.88039 1.48045 5
      vertex -4.71179 1.95168 6.2
      vertex -4.71179 1.95168 5
    endloop
  endfacet
  facet normal -0.94155 0.336874 0
    outer loop
      vertex -4.71179 1.95168 6.2
      vertex -4.88039 1.48045 5
      vertex -4.88039 1.48045 6.2
    endloop
  endfacet
  facet normal 0.336874 -0.94155 0
    outer loop
      vertex 1.48045 -4.88039 5
      vertex 1.95168 -4.71179 6.2
      vertex 1.48045 -4.88039 6.2
    endloop
  endfacet
  facet normal 0.336874 -0.94155 0
    outer loop
      vertex 1.95168 -4.71179 6.2
      vertex 1.48045 -4.88039 5
      vertex 1.95168 -4.71179 5
    endloop
  endfacet
  facet normal 0.989176 -0.146736 0
    outer loop
      vertex 5.002 -0.99496 6.2
      vertex 5.07544 -0.499887 5
      vertex 5.07544 -0.499887 6.2
    endloop
  endfacet
  facet normal 0.989176 -0.146736 0
    outer loop
      vertex 5.07544 -0.499887 5
      vertex 5.002 -0.99496 6.2
      vertex 5.002 -0.99496 5
    endloop
  endfacet
  facet normal -0.94155 -0.336874 0
    outer loop
      vertex -4.71179 -1.95168 5
      vertex -4.88039 -1.48045 6.2
      vertex -4.88039 -1.48045 5
    endloop
  endfacet
  facet normal -0.94155 -0.336874 0
    outer loop
      vertex -4.88039 -1.48045 6.2
      vertex -4.71179 -1.95168 5
      vertex -4.71179 -1.95168 6.2
    endloop
  endfacet
  facet normal 0.903988 -0.427558 0
    outer loop
      vertex 4.4978 -2.40412 6.2
      vertex 4.71179 -1.95168 5
      vertex 4.71179 -1.95168 6.2
    endloop
  endfacet
  facet normal 0.903988 -0.427558 0
    outer loop
      vertex 4.71179 -1.95168 5
      vertex 4.4978 -2.40412 6.2
      vertex 4.4978 -2.40412 5
    endloop
  endfacet
  facet normal -0.595704 0.803204 0
    outer loop
      vertex -2.83341 4.24049 5
      vertex -3.2354 3.94235 6.2
      vertex -2.83341 4.24049 6.2
    endloop
  endfacet
  facet normal -0.595704 0.803204 0
    outer loop
      vertex -3.2354 3.94235 6.2
      vertex -2.83341 4.24049 5
      vertex -3.2354 3.94235 5
    endloop
  endfacet
  facet normal -0.514108 0.857726 0
    outer loop
      vertex -2.40412 4.4978 5
      vertex -2.83341 4.24049 6.2
      vertex -2.40412 4.4978 6.2
    endloop
  endfacet
  facet normal -0.514108 0.857726 0
    outer loop
      vertex -2.83341 4.24049 6.2
      vertex -2.40412 4.4978 5
      vertex -2.83341 4.24049 5
    endloop
  endfacet
  facet normal -0.970031 -0.242982 0
    outer loop
      vertex -4.88039 -1.48045 5
      vertex -5.002 -0.99496 6.2
      vertex -5.002 -0.99496 5
    endloop
  endfacet
  facet normal -0.970031 -0.242982 0
    outer loop
      vertex -5.002 -0.99496 6.2
      vertex -4.88039 -1.48045 5
      vertex -4.88039 -1.48045 6.2
    endloop
  endfacet
  facet normal -0.998795 -0.0490719 0
    outer loop
      vertex -5.07544 -0.499887 5
      vertex -5.1 0 6.2
      vertex -5.1 0 5
    endloop
  endfacet
  facet normal -0.998795 -0.0490719 0
    outer loop
      vertex -5.1 0 6.2
      vertex -5.07544 -0.499887 5
      vertex -5.07544 -0.499887 6.2
    endloop
  endfacet
  facet normal 0.146736 0.989176 -0
    outer loop
      vertex 0.99496 5.002 5
      vertex 0.499887 5.07544 6.2
      vertex 0.99496 5.002 6.2
    endloop
  endfacet
  facet normal 0.146736 0.989176 0
    outer loop
      vertex 0.499887 5.07544 6.2
      vertex 0.99496 5.002 5
      vertex 0.499887 5.07544 5
    endloop
  endfacet
  facet normal 0.94155 -0.336874 0
    outer loop
      vertex 4.71179 -1.95168 6.2
      vertex 4.88039 -1.48045 5
      vertex 4.88039 -1.48045 6.2
    endloop
  endfacet
  facet normal 0.94155 -0.336874 0
    outer loop
      vertex 4.88039 -1.48045 5
      vertex 4.71179 -1.95168 6.2
      vertex 4.71179 -1.95168 5
    endloop
  endfacet
  facet normal 0.857726 0.514108 0
    outer loop
      vertex 4.4978 2.40412 6.2
      vertex 4.24049 2.83341 5
      vertex 4.24049 2.83341 6.2
    endloop
  endfacet
  facet normal 0.857726 0.514108 0
    outer loop
      vertex 4.24049 2.83341 5
      vertex 4.4978 2.40412 6.2
      vertex 4.4978 2.40412 5
    endloop
  endfacet
  facet normal 0.94155 0.336874 0
    outer loop
      vertex 4.88039 1.48045 6.2
      vertex 4.71179 1.95168 5
      vertex 4.71179 1.95168 6.2
    endloop
  endfacet
  facet normal 0.94155 0.336874 0
    outer loop
      vertex 4.71179 1.95168 5
      vertex 4.88039 1.48045 6.2
      vertex 4.88039 1.48045 5
    endloop
  endfacet
  facet normal -0.0490719 0.998795 0
    outer loop
      vertex 0 5.1 5
      vertex -0.499887 5.07544 6.2
      vertex 0 5.1 6.2
    endloop
  endfacet
  facet normal -0.0490719 0.998795 0
    outer loop
      vertex -0.499887 5.07544 6.2
      vertex 0 5.1 5
      vertex -0.499887 5.07544 5
    endloop
  endfacet
  facet normal -0.427558 -0.903988 0
    outer loop
      vertex -2.40412 -4.4978 5
      vertex -1.95168 -4.71179 6.2
      vertex -2.40412 -4.4978 6.2
    endloop
  endfacet
  facet normal -0.427558 -0.903988 -0
    outer loop
      vertex -1.95168 -4.71179 6.2
      vertex -2.40412 -4.4978 5
      vertex -1.95168 -4.71179 5
    endloop
  endfacet
  facet normal -0.740951 0.671559 0
    outer loop
      vertex -3.94235 3.2354 5
      vertex -3.60624 3.60624 6.2
      vertex -3.60624 3.60624 5
    endloop
  endfacet
  facet normal -0.740951 0.671559 0
    outer loop
      vertex -3.60624 3.60624 6.2
      vertex -3.94235 3.2354 5
      vertex -3.94235 3.2354 6.2
    endloop
  endfacet
  facet normal 0.970031 -0.242982 0
    outer loop
      vertex 4.88039 -1.48045 6.2
      vertex 5.002 -0.99496 5
      vertex 5.002 -0.99496 6.2
    endloop
  endfacet
  facet normal 0.970031 -0.242982 0
    outer loop
      vertex 5.002 -0.99496 5
      vertex 4.88039 -1.48045 6.2
      vertex 4.88039 -1.48045 5
    endloop
  endfacet
  facet normal -0.146736 0.989176 0
    outer loop
      vertex -0.499887 5.07544 5
      vertex -0.99496 5.002 6.2
      vertex -0.499887 5.07544 6.2
    endloop
  endfacet
  facet normal -0.146736 0.989176 0
    outer loop
      vertex -0.99496 5.002 6.2
      vertex -0.499887 5.07544 5
      vertex -0.99496 5.002 5
    endloop
  endfacet
  facet normal 0.0490719 -0.998795 0
    outer loop
      vertex 0 -5.1 5
      vertex 0.499887 -5.07544 6.2
      vertex 0 -5.1 6.2
    endloop
  endfacet
  facet normal 0.0490719 -0.998795 0
    outer loop
      vertex 0.499887 -5.07544 6.2
      vertex 0 -5.1 5
      vertex 0.499887 -5.07544 5
    endloop
  endfacet
  facet normal 0 0 -1
    outer loop
      vertex 3.8 0 5
      vertex 5.1 0 5
      vertex 5.07544 -0.499887 5
    endloop
  endfacet
  facet normal 0 0 -1
    outer loop
      vertex 3.7817 -0.372464 5
      vertex 5.07544 -0.499887 5
      vertex 5.002 -0.99496 5
    endloop
  endfacet
  facet normal 0 0 -1
    outer loop
      vertex 5.1 0 5
      vertex 3.8 0 5
      vertex 5.07544 0.499887 5
    endloop
  endfacet
  facet normal 0 0 -1
    outer loop
      vertex 3.72698 -0.741343 5
      vertex 5.002 -0.99496 5
      vertex 4.88039 -1.48045 5
    endloop
  endfacet
  facet normal 0 0 -1
    outer loop
      vertex 3.7817 0.372464 5
      vertex 5.07544 0.499887 5
      vertex 3.8 0 5
    endloop
  endfacet
  facet normal 0 0 -1
    outer loop
      vertex 3.63637 -1.10308 5
      vertex 4.88039 -1.48045 5
      vertex 4.71179 -1.95168 5
    endloop
  endfacet
  facet normal -0 0 -1
    outer loop
      vertex 5.07544 0.499887 5
      vertex 3.7817 0.372464 5
      vertex 5.002 0.99496 5
    endloop
  endfacet
  facet normal 0 0 -1
    outer loop
      vertex 3.51074 -1.4542 5
      vertex 4.71179 -1.95168 5
      vertex 4.4978 -2.40412 5
    endloop
  endfacet
  facet normal 0 0 -1
    outer loop
      vertex 3.72698 0.741343 5
      vertex 5.002 0.99496 5
      vertex 3.7817 0.372464 5
    endloop
  endfacet
  facet normal 0 0 -1
    outer loop
      vertex 3.3513 -1.79131 5
      vertex 4.4978 -2.40412 5
      vertex 4.24049 -2.83341 5
    endloop
  endfacet
  facet normal -0 0 -1
    outer loop
      vertex 5.002 0.99496 5
      vertex 3.72698 0.741343 5
      vertex 4.88039 1.48045 5
    endloop
  endfacet
  facet normal 0 0 -1
    outer loop
      vertex 3.15958 -2.11117 5
      vertex 4.24049 -2.83341 5
      vertex 3.94235 -3.2354 5
    endloop
  endfacet
  facet normal 0 0 -1
    outer loop
      vertex 3.63637 1.10308 5
      vertex 4.88039 1.48045 5
      vertex 3.72698 0.741343 5
    endloop
  endfacet
  facet normal -0 0 -1
    outer loop
      vertex 4.88039 1.48045 5
      vertex 3.63637 1.10308 5
      vertex 4.71179 1.95168 5
    endloop
  endfacet
  facet normal 0 0 -1
    outer loop
      vertex 5.07544 -0.499887 5
      vertex 3.7817 -0.372464 5
      vertex 3.8 0 5
    endloop
  endfacet
  facet normal 0 0 -1
    outer loop
      vertex 5.002 -0.99496 5
      vertex 3.72698 -0.741343 5
      vertex 3.7817 -0.372464 5
    endloop
  endfacet
  facet normal 0 0 -1
    outer loop
      vertex 4.88039 -1.48045 5
      vertex 3.63637 -1.10308 5
      vertex 3.72698 -0.741343 5
    endloop
  endfacet
  facet normal 0 0 -1
    outer loop
      vertex 2.93744 -2.41069 5
      vertex 3.94235 -3.2354 5
      vertex 3.60624 -3.60624 5
    endloop
  endfacet
  facet normal 0 0 -1
    outer loop
      vertex 4.71179 -1.95168 5
      vertex 3.51074 -1.4542 5
      vertex 3.63637 -1.10308 5
    endloop
  endfacet
  facet normal 0 0 -1
    outer loop
      vertex 4.4978 -2.40412 5
      vertex 3.3513 -1.79131 5
      vertex 3.51074 -1.4542 5
    endloop
  endfacet
  facet normal 0 0 -1
    outer loop
      vertex 2.68701 -2.68701 5
      vertex 3.60624 -3.60624 5
      vertex 3.2354 -3.94235 5
    endloop
  endfacet
  facet normal 0 0 -1
    outer loop
      vertex 4.24049 -2.83341 5
      vertex 3.15958 -2.11117 5
      vertex 3.3513 -1.79131 5
    endloop
  endfacet
  facet normal 0 0 -1
    outer loop
      vertex 3.94235 -3.2354 5
      vertex 2.93744 -2.41069 5
      vertex 3.15958 -2.11117 5
    endloop
  endfacet
  facet normal 0 0 -1
    outer loop
      vertex 2.41069 -2.93744 5
      vertex 3.2354 -3.94235 5
      vertex 2.83341 -4.24049 5
    endloop
  endfacet
  facet normal 0 0 -1
    outer loop
      vertex 3.60624 -3.60624 5
      vertex 2.68701 -2.68701 5
      vertex 2.93744 -2.41069 5
    endloop
  endfacet
  facet normal 0 0 -1
    outer loop
      vertex 3.2354 -3.94235 5
      vertex 2.41069 -2.93744 5
      vertex 2.68701 -2.68701 5
    endloop
  endfacet
  facet normal 0 0 -1
    outer loop
      vertex 2.11117 -3.15958 5
      vertex 2.83341 -4.24049 5
      vertex 2.40412 -4.4978 5
    endloop
  endfacet
  facet normal 0 0 -1
    outer loop
      vertex 2.83341 -4.24049 5
      vertex 2.11117 -3.15958 5
      vertex 2.41069 -2.93744 5
    endloop
  endfacet
  facet normal 0 0 -1
    outer loop
      vertex 1.79131 -3.3513 5
      vertex 2.40412 -4.4978 5
      vertex 1.95168 -4.71179 5
    endloop
  endfacet
  facet normal 0 0 -1
    outer loop
      vertex 2.40412 -4.4978 5
      vertex 1.79131 -3.3513 5
      vertex 2.11117 -3.15958 5
    endloop
  endfacet
  facet normal 0 0 -1
    outer loop
      vertex 1.4542 -3.51074 5
      vertex 1.95168 -4.71179 5
      vertex 1.48045 -4.88039 5
    endloop
  endfacet
  facet normal 0 0 -1
    outer loop
      vertex 1.95168 -4.71179 5
      vertex 1.4542 -3.51074 5
      vertex 1.79131 -3.3513 5
    endloop
  endfacet
  facet normal 0 0 -1
    outer loop
      vertex 1.48045 -4.88039 5
      vertex 1.10308 -3.63637 5
      vertex 1.4542 -3.51074 5
    endloop
  endfacet
  facet normal 0 0 -1
    outer loop
      vertex 0.99496 -5.002 5
      vertex 1.10308 -3.63637 5
      vertex 1.48045 -4.88039 5
    endloop
  endfacet
  facet normal 0 0 -1
    outer loop
      vertex 0.99496 -5.002 5
      vertex 0.741343 -3.72698 5
      vertex 1.10308 -3.63637 5
    endloop
  endfacet
  facet normal 0 0 -1
    outer loop
      vertex 0.499887 -5.07544 5
      vertex 0.741343 -3.72698 5
      vertex 0.99496 -5.002 5
    endloop
  endfacet
  facet normal 0 0 -1
    outer loop
      vertex 0.499887 -5.07544 5
      vertex 0.372464 -3.7817 5
      vertex 0.741343 -3.72698 5
    endloop
  endfacet
  facet normal 0 0 -1
    outer loop
      vertex 0 -5.1 5
      vertex 0.372464 -3.7817 5
      vertex 0.499887 -5.07544 5
    endloop
  endfacet
  facet normal 0 0 -1
    outer loop
      vertex 0 -5.1 5
      vertex 0 -3.8 5
      vertex 0.372464 -3.7817 5
    endloop
  endfacet
  facet normal 0 0 -1
    outer loop
      vertex 0 -5.1 5
      vertex -0.372464 -3.7817 5
      vertex 0 -3.8 5
    endloop
  endfacet
  facet normal 0 0 -1
    outer loop
      vertex -0.499887 -5.07544 5
      vertex -0.372464 -3.7817 5
      vertex 0 -5.1 5
    endloop
  endfacet
  facet normal 0 0 -1
    outer loop
      vertex -0.499887 -5.07544 5
      vertex -0.741343 -3.72698 5
      vertex -0.372464 -3.7817 5
    endloop
  endfacet
  facet normal 0 0 -1
    outer loop
      vertex -0.99496 -5.002 5
      vertex -0.741343 -3.72698 5
      vertex -0.499887 -5.07544 5
    endloop
  endfacet
  facet normal 0 0 -1
    outer loop
      vertex -0.99496 -5.002 5
      vertex -1.10308 -3.63637 5
      vertex -0.741343 -3.72698 5
    endloop
  endfacet
  facet normal 0 0 -1
    outer loop
      vertex -1.48045 -4.88039 5
      vertex -1.10308 -3.63637 5
      vertex -0.99496 -5.002 5
    endloop
  endfacet
  facet normal -0 0 -1
    outer loop
      vertex -1.10308 -3.63637 5
      vertex -1.48045 -4.88039 5
      vertex -1.4542 -3.51074 5
    endloop
  endfacet
  facet normal 0 0 -1
    outer loop
      vertex -1.95168 -4.71179 5
      vertex -1.4542 -3.51074 5
      vertex -1.48045 -4.88039 5
    endloop
  endfacet
  facet normal -0 0 -1
    outer loop
      vertex -1.4542 -3.51074 5
      vertex -1.95168 -4.71179 5
      vertex -1.79131 -3.3513 5
    endloop
  endfacet
  facet normal 0 0 -1
    outer loop
      vertex -2.40412 -4.4978 5
      vertex -1.79131 -3.3513 5
      vertex -1.95168 -4.71179 5
    endloop
  endfacet
  facet normal -0 0 -1
    outer loop
      vertex -1.79131 -3.3513 5
      vertex -2.40412 -4.4978 5
      vertex -2.11117 -3.15958 5
    endloop
  endfacet
  facet normal 0 0 -1
    outer loop
      vertex -2.83341 -4.24049 5
      vertex -2.11117 -3.15958 5
      vertex -2.40412 -4.4978 5
    endloop
  endfacet
  facet normal -0 0 -1
    outer loop
      vertex -2.11117 -3.15958 5
      vertex -2.83341 -4.24049 5
      vertex -2.41069 -2.93744 5
    endloop
  endfacet
  facet normal 0 0 -1
    outer loop
      vertex -3.2354 -3.94235 5
      vertex -2.41069 -2.93744 5
      vertex -2.83341 -4.24049 5
    endloop
  endfacet
  facet normal -0 0 -1
    outer loop
      vertex -2.41069 -2.93744 5
      vertex -3.2354 -3.94235 5
      vertex -2.68701 -2.68701 5
    endloop
  endfacet
  facet normal 0 0 -1
    outer loop
      vertex -3.60624 -3.60624 5
      vertex -2.68701 -2.68701 5
      vertex -3.2354 -3.94235 5
    endloop
  endfacet
  facet normal -0 0 -1
    outer loop
      vertex -2.68701 -2.68701 5
      vertex -3.60624 -3.60624 5
      vertex -2.93744 -2.41069 5
    endloop
  endfacet
  facet normal 0 0 -1
    outer loop
      vertex -3.94235 -3.2354 5
      vertex -2.93744 -2.41069 5
      vertex -3.60624 -3.60624 5
    endloop
  endfacet
  facet normal -0 0 -1
    outer loop
      vertex -2.93744 -2.41069 5
      vertex -3.94235 -3.2354 5
      vertex -3.15958 -2.11117 5
    endloop
  endfacet
  facet normal 0 0 -1
    outer loop
      vertex -4.24049 -2.83341 5
      vertex -3.15958 -2.11117 5
      vertex -3.94235 -3.2354 5
    endloop
  endfacet
  facet normal -0 0 -1
    outer loop
      vertex -3.15958 -2.11117 5
      vertex -4.24049 -2.83341 5
      vertex -3.3513 -1.79131 5
    endloop
  endfacet
  facet normal 0 0 -1
    outer loop
      vertex -4.4978 -2.40412 5
      vertex -3.3513 -1.79131 5
      vertex -4.24049 -2.83341 5
    endloop
  endfacet
  facet normal -0 0 -1
    outer loop
      vertex -3.3513 -1.79131 5
      vertex -4.4978 -2.40412 5
      vertex -3.51074 -1.4542 5
    endloop
  endfacet
  facet normal -0 0 -1
    outer loop
      vertex -3.51074 -1.4542 5
      vertex -4.71179 -1.95168 5
      vertex -3.63637 -1.10308 5
    endloop
  endfacet
  facet normal 0 0 -1
    outer loop
      vertex -4.71179 -1.95168 5
      vertex -3.51074 -1.4542 5
      vertex -4.4978 -2.40412 5
    endloop
  endfacet
  facet normal 0 0 -1
    outer loop
      vertex 3.51074 1.4542 5
      vertex 4.71179 1.95168 5
      vertex 3.63637 1.10308 5
    endloop
  endfacet
  facet normal -0 0 -1
    outer loop
      vertex 4.71179 1.95168 5
      vertex 3.51074 1.4542 5
      vertex 4.4978 2.40412 5
    endloop
  endfacet
  facet normal 0 0 -1
    outer loop
      vertex 3.3513 1.79131 5
      vertex 4.4978 2.40412 5
      vertex 3.51074 1.4542 5
    endloop
  endfacet
  facet normal -0 0 -1
    outer loop
      vertex 4.4978 2.40412 5
      vertex 3.3513 1.79131 5
      vertex 4.24049 2.83341 5
    endloop
  endfacet
  facet normal 0 0 -1
    outer loop
      vertex 3.15958 2.11117 5
      vertex 4.24049 2.83341 5
      vertex 3.3513 1.79131 5
    endloop
  endfacet
  facet normal -0 0 -1
    outer loop
      vertex 4.24049 2.83341 5
      vertex 3.15958 2.11117 5
      vertex 3.94235 3.2354 5
    endloop
  endfacet
  facet normal 0 0 -1
    outer loop
      vertex 2.93744 2.41069 5
      vertex 3.94235 3.2354 5
      vertex 3.15958 2.11117 5
    endloop
  endfacet
  facet normal -0 0 -1
    outer loop
      vertex 3.94235 3.2354 5
      vertex 2.93744 2.41069 5
      vertex 3.60624 3.60624 5
    endloop
  endfacet
  facet normal 0 0 -1
    outer loop
      vertex 2.68701 2.68701 5
      vertex 3.60624 3.60624 5
      vertex 2.93744 2.41069 5
    endloop
  endfacet
  facet normal -0 0 -1
    outer loop
      vertex 3.60624 3.60624 5
      vertex 2.68701 2.68701 5
      vertex 3.2354 3.94235 5
    endloop
  endfacet
  facet normal 0 0 -1
    outer loop
      vertex 2.41069 2.93744 5
      vertex 3.2354 3.94235 5
      vertex 2.68701 2.68701 5
    endloop
  endfacet
  facet normal -0 0 -1
    outer loop
      vertex 3.2354 3.94235 5
      vertex 2.41069 2.93744 5
      vertex 2.83341 4.24049 5
    endloop
  endfacet
  facet normal 0 0 -1
    outer loop
      vertex 2.11117 3.15958 5
      vertex 2.83341 4.24049 5
      vertex 2.41069 2.93744 5
    endloop
  endfacet
  facet normal -0 0 -1
    outer loop
      vertex 2.83341 4.24049 5
      vertex 2.11117 3.15958 5
      vertex 2.40412 4.4978 5
    endloop
  endfacet
  facet normal 0 0 -1
    outer loop
      vertex 1.79131 3.3513 5
      vertex 2.40412 4.4978 5
      vertex 2.11117 3.15958 5
    endloop
  endfacet
  facet normal -0 0 -1
    outer loop
      vertex 2.40412 4.4978 5
      vertex 1.79131 3.3513 5
      vertex 1.95168 4.71179 5
    endloop
  endfacet
  facet normal 0 0 -1
    outer loop
      vertex 1.4542 3.51074 5
      vertex 1.95168 4.71179 5
      vertex 1.79131 3.3513 5
    endloop
  endfacet
  facet normal -0 0 -1
    outer loop
      vertex 1.95168 4.71179 5
      vertex 1.4542 3.51074 5
      vertex 1.48045 4.88039 5
    endloop
  endfacet
  facet normal 0 0 -1
    outer loop
      vertex 1.10308 3.63637 5
      vertex 1.48045 4.88039 5
      vertex 1.4542 3.51074 5
    endloop
  endfacet
  facet normal 0 0 -1
    outer loop
      vertex 1.10308 3.63637 5
      vertex 0.99496 5.002 5
      vertex 1.48045 4.88039 5
    endloop
  endfacet
  facet normal 0 0 -1
    outer loop
      vertex 0.741343 3.72698 5
      vertex 0.99496 5.002 5
      vertex 1.10308 3.63637 5
    endloop
  endfacet
  facet normal 0 0 -1
    outer loop
      vertex 0.741343 3.72698 5
      vertex 0.499887 5.07544 5
      vertex 0.99496 5.002 5
    endloop
  endfacet
  facet normal 0 0 -1
    outer loop
      vertex 0.372464 3.7817 5
      vertex 0.499887 5.07544 5
      vertex 0.741343 3.72698 5
    endloop
  endfacet
  facet normal 0 0 -1
    outer loop
      vertex 0 3.8 5
      vertex 0.499887 5.07544 5
      vertex 0.372464 3.7817 5
    endloop
  endfacet
  facet normal 0 0 -1
    outer loop
      vertex 0 3.8 5
      vertex 0 5.1 5
      vertex 0.499887 5.07544 5
    endloop
  endfacet
  facet normal 0 0 -1
    outer loop
      vertex -0.372464 3.7817 5
      vertex 0 5.1 5
      vertex 0 3.8 5
    endloop
  endfacet
  facet normal 0 0 -1
    outer loop
      vertex -0.372464 3.7817 5
      vertex -0.499887 5.07544 5
      vertex 0 5.1 5
    endloop
  endfacet
  facet normal 0 0 -1
    outer loop
      vertex -0.741343 3.72698 5
      vertex -0.499887 5.07544 5
      vertex -0.372464 3.7817 5
    endloop
  endfacet
  facet normal 0 0 -1
    outer loop
      vertex -0.741343 3.72698 5
      vertex -0.99496 5.002 5
      vertex -0.499887 5.07544 5
    endloop
  endfacet
  facet normal 0 0 -1
    outer loop
      vertex -1.10308 3.63637 5
      vertex -0.99496 5.002 5
      vertex -0.741343 3.72698 5
    endloop
  endfacet
  facet normal 0 0 -1
    outer loop
      vertex -1.48045 4.88039 5
      vertex -1.10308 3.63637 5
      vertex -1.4542 3.51074 5
    endloop
  endfacet
  facet normal 0 0 -1
    outer loop
      vertex -1.10308 3.63637 5
      vertex -1.48045 4.88039 5
      vertex -0.99496 5.002 5
    endloop
  endfacet
  facet normal 0 0 -1
    outer loop
      vertex -1.95168 4.71179 5
      vertex -1.4542 3.51074 5
      vertex -1.79131 3.3513 5
    endloop
  endfacet
  facet normal 0 0 -1
    outer loop
      vertex -1.4542 3.51074 5
      vertex -1.95168 4.71179 5
      vertex -1.48045 4.88039 5
    endloop
  endfacet
  facet normal 0 0 -1
    outer loop
      vertex -2.40412 4.4978 5
      vertex -1.79131 3.3513 5
      vertex -2.11117 3.15958 5
    endloop
  endfacet
  facet normal 0 0 -1
    outer loop
      vertex -1.79131 3.3513 5
      vertex -2.40412 4.4978 5
      vertex -1.95168 4.71179 5
    endloop
  endfacet
  facet normal 0 0 -1
    outer loop
      vertex -2.83341 4.24049 5
      vertex -2.11117 3.15958 5
      vertex -2.41069 2.93744 5
    endloop
  endfacet
  facet normal 0 0 -1
    outer loop
      vertex -3.2354 3.94235 5
      vertex -2.41069 2.93744 5
      vertex -2.68701 2.68701 5
    endloop
  endfacet
  facet normal 0 0 -1
    outer loop
      vertex -2.11117 3.15958 5
      vertex -2.83341 4.24049 5
      vertex -2.40412 4.4978 5
    endloop
  endfacet
  facet normal 0 0 -1
    outer loop
      vertex -3.60624 3.60624 5
      vertex -2.68701 2.68701 5
      vertex -2.93744 2.41069 5
    endloop
  endfacet
  facet normal 0 0 -1
    outer loop
      vertex -3.94235 3.2354 5
      vertex -2.93744 2.41069 5
      vertex -3.15958 2.11117 5
    endloop
  endfacet
  facet normal 0 0 -1
    outer loop
      vertex -2.41069 2.93744 5
      vertex -3.2354 3.94235 5
      vertex -2.83341 4.24049 5
    endloop
  endfacet
  facet normal 0 0 -1
    outer loop
      vertex -4.24049 2.83341 5
      vertex -3.15958 2.11117 5
      vertex -3.3513 1.79131 5
    endloop
  endfacet
  facet normal 0 0 -1
    outer loop
      vertex -4.4978 2.40412 5
      vertex -3.3513 1.79131 5
      vertex -3.51074 1.4542 5
    endloop
  endfacet
  facet normal 0 0 -1
    outer loop
      vertex -2.68701 2.68701 5
      vertex -3.60624 3.60624 5
      vertex -3.2354 3.94235 5
    endloop
  endfacet
  facet normal 0 0 -1
    outer loop
      vertex -4.71179 1.95168 5
      vertex -3.51074 1.4542 5
      vertex -3.63637 1.10308 5
    endloop
  endfacet
  facet normal 0 0 -1
    outer loop
      vertex -4.88039 1.48045 5
      vertex -3.63637 1.10308 5
      vertex -3.72698 0.741343 5
    endloop
  endfacet
  facet normal 0 0 -1
    outer loop
      vertex -5.002 0.99496 5
      vertex -3.72698 0.741343 5
      vertex -3.7817 0.372464 5
    endloop
  endfacet
  facet normal 0 0 -1
    outer loop
      vertex -2.93744 2.41069 5
      vertex -3.94235 3.2354 5
      vertex -3.60624 3.60624 5
    endloop
  endfacet
  facet normal 0 0 -1
    outer loop
      vertex -5.07544 0.499887 5
      vertex -3.7817 0.372464 5
      vertex -3.8 0 5
    endloop
  endfacet
  facet normal 0 0 -1
    outer loop
      vertex -4.88039 -1.48045 5
      vertex -3.63637 -1.10308 5
      vertex -4.71179 -1.95168 5
    endloop
  endfacet
  facet normal -0 0 -1
    outer loop
      vertex -3.63637 -1.10308 5
      vertex -4.88039 -1.48045 5
      vertex -3.72698 -0.741343 5
    endloop
  endfacet
  facet normal 0 0 -1
    outer loop
      vertex -3.15958 2.11117 5
      vertex -4.24049 2.83341 5
      vertex -3.94235 3.2354 5
    endloop
  endfacet
  facet normal 0 0 -1
    outer loop
      vertex -5.002 -0.99496 5
      vertex -3.72698 -0.741343 5
      vertex -4.88039 -1.48045 5
    endloop
  endfacet
  facet normal 0 0 -1
    outer loop
      vertex -3.3513 1.79131 5
      vertex -4.4978 2.40412 5
      vertex -4.24049 2.83341 5
    endloop
  endfacet
  facet normal -0 0 -1
    outer loop
      vertex -3.72698 -0.741343 5
      vertex -5.002 -0.99496 5
      vertex -3.7817 -0.372464 5
    endloop
  endfacet
  facet normal 0 0 -1
    outer loop
      vertex -3.51074 1.4542 5
      vertex -4.71179 1.95168 5
      vertex -4.4978 2.40412 5
    endloop
  endfacet
  facet normal 0 0 -1
    outer loop
      vertex -5.07544 -0.499887 5
      vertex -3.7817 -0.372464 5
      vertex -5.002 -0.99496 5
    endloop
  endfacet
  facet normal 0 0 -1
    outer loop
      vertex -3.63637 1.10308 5
      vertex -4.88039 1.48045 5
      vertex -4.71179 1.95168 5
    endloop
  endfacet
  facet normal -0 0 -1
    outer loop
      vertex -3.7817 -0.372464 5
      vertex -5.07544 -0.499887 5
      vertex -3.8 0 5
    endloop
  endfacet
  facet normal 0 0 -1
    outer loop
      vertex -3.72698 0.741343 5
      vertex -5.002 0.99496 5
      vertex -4.88039 1.48045 5
    endloop
  endfacet
  facet normal 0 0 -1
    outer loop
      vertex -5.1 0 5
      vertex -3.8 0 5
      vertex -5.07544 -0.499887 5
    endloop
  endfacet
  facet normal 0 0 -1
    outer loop
      vertex -3.7817 0.372464 5
      vertex -5.07544 0.499887 5
      vertex -5.002 0.99496 5
    endloop
  endfacet
  facet normal 0 0 -1
    outer loop
      vertex -3.8 0 5
      vertex -5.1 0 5
      vertex -5.07544 0.499887 5
    endloop
  endfacet
  facet normal 0.803204 -0.595704 0
    outer loop
      vertex 3.94235 -3.2354 6.2
      vertex 4.24049 -2.83341 5
      vertex 4.24049 -2.83341 6.2
    endloop
  endfacet
  facet normal 0.803204 -0.595704 0
    outer loop
      vertex 4.24049 -2.83341 5
      vertex 3.94235 -3.2354 6.2
      vertex 3.94235 -3.2354 5
    endloop
  endfacet
  facet normal 0.857726 -0.514108 0
    outer loop
      vertex 4.24049 -2.83341 6.2
      vertex 4.4978 -2.40412 5
      vertex 4.4978 -2.40412 6.2
    endloop
  endfacet
  facet normal 0.857726 -0.514108 0
    outer loop
      vertex 4.4978 -2.40412 5
      vertex 4.24049 -2.83341 6.2
      vertex 4.24049 -2.83341 5
    endloop
  endfacet
  facet normal -0.146736 -0.989176 0
    outer loop
      vertex -0.99496 -5.002 5
      vertex -0.499887 -5.07544 6.2
      vertex -0.99496 -5.002 6.2
    endloop
  endfacet
  facet normal -0.146736 -0.989176 -0
    outer loop
      vertex -0.499887 -5.07544 6.2
      vertex -0.99496 -5.002 5
      vertex -0.499887 -5.07544 5
    endloop
  endfacet
  facet normal -0.857726 -0.514108 0
    outer loop
      vertex -4.24049 -2.83341 5
      vertex -4.4978 -2.40412 6.2
      vertex -4.4978 -2.40412 5
    endloop
  endfacet
  facet normal -0.857726 -0.514108 0
    outer loop
      vertex -4.4978 -2.40412 6.2
      vertex -4.24049 -2.83341 5
      vertex -4.24049 -2.83341 6.2
    endloop
  endfacet
  facet normal 0.671559 0.740951 -0
    outer loop
      vertex 3.60624 3.60624 5
      vertex 3.2354 3.94235 6.2
      vertex 3.60624 3.60624 6.2
    endloop
  endfacet
  facet normal 0.671559 0.740951 0
    outer loop
      vertex 3.2354 3.94235 6.2
      vertex 3.60624 3.60624 5
      vertex 3.2354 3.94235 5
    endloop
  endfacet
  facet normal -0.336874 0.94155 0
    outer loop
      vertex -1.48045 4.88039 5
      vertex -1.95168 4.71179 6.2
      vertex -1.48045 4.88039 6.2
    endloop
  endfacet
  facet normal -0.336874 0.94155 0
    outer loop
      vertex -1.95168 4.71179 6.2
      vertex -1.48045 4.88039 5
      vertex -1.95168 4.71179 5
    endloop
  endfacet
  facet normal -0.740951 -0.671559 0
    outer loop
      vertex -3.60624 -3.60624 5
      vertex -3.94235 -3.2354 6.2
      vertex -3.94235 -3.2354 5
    endloop
  endfacet
  facet normal -0.740951 -0.671559 0
    outer loop
      vertex -3.94235 -3.2354 6.2
      vertex -3.60624 -3.60624 5
      vertex -3.60624 -3.60624 6.2
    endloop
  endfacet
  facet normal -0.671559 0.740951 0
    outer loop
      vertex -3.2354 3.94235 5
      vertex -3.60624 3.60624 6.2
      vertex -3.2354 3.94235 6.2
    endloop
  endfacet
  facet normal -0.671559 0.740951 0
    outer loop
      vertex -3.60624 3.60624 6.2
      vertex -3.2354 3.94235 5
      vertex -3.60624 3.60624 5
    endloop
  endfacet
  facet normal 0.336874 0.94155 -0
    outer loop
      vertex 1.95168 4.71179 5
      vertex 1.48045 4.88039 6.2
      vertex 1.95168 4.71179 6.2
    endloop
  endfacet
  facet normal 0.336874 0.94155 0
    outer loop
      vertex 1.48045 4.88039 6.2
      vertex 1.95168 4.71179 5
      vertex 1.48045 4.88039 5
    endloop
  endfacet
  facet normal -0.514108 -0.857726 0
    outer loop
      vertex -2.83341 -4.24049 5
      vertex -2.40412 -4.4978 6.2
      vertex -2.83341 -4.24049 6.2
    endloop
  endfacet
  facet normal -0.514108 -0.857726 -0
    outer loop
      vertex -2.40412 -4.4978 6.2
      vertex -2.83341 -4.24049 5
      vertex -2.40412 -4.4978 5
    endloop
  endfacet
  facet normal -0.803204 -0.595704 0
    outer loop
      vertex -3.94235 -3.2354 5
      vertex -4.24049 -2.83341 6.2
      vertex -4.24049 -2.83341 5
    endloop
  endfacet
  facet normal -0.803204 -0.595704 0
    outer loop
      vertex -4.24049 -2.83341 6.2
      vertex -3.94235 -3.2354 5
      vertex -3.94235 -3.2354 6.2
    endloop
  endfacet
  facet normal -0.989176 -0.146736 0
    outer loop
      vertex -5.002 -0.99496 5
      vertex -5.07544 -0.499887 6.2
      vertex -5.07544 -0.499887 5
    endloop
  endfacet
  facet normal -0.989176 -0.146736 0
    outer loop
      vertex -5.07544 -0.499887 6.2
      vertex -5.002 -0.99496 5
      vertex -5.002 -0.99496 6.2
    endloop
  endfacet
  facet normal -0.903988 -0.427558 0
    outer loop
      vertex -4.4978 -2.40412 5
      vertex -4.71179 -1.95168 6.2
      vertex -4.71179 -1.95168 5
    endloop
  endfacet
  facet normal -0.903988 -0.427558 0
    outer loop
      vertex -4.71179 -1.95168 6.2
      vertex -4.4978 -2.40412 5
      vertex -4.4978 -2.40412 6.2
    endloop
  endfacet
  facet normal -0.242982 -0.970031 0
    outer loop
      vertex -1.48045 -4.88039 5
      vertex -0.99496 -5.002 6.2
      vertex -1.48045 -4.88039 6.2
    endloop
  endfacet
  facet normal -0.242982 -0.970031 -0
    outer loop
      vertex -0.99496 -5.002 6.2
      vertex -1.48045 -4.88039 5
      vertex -0.99496 -5.002 5
    endloop
  endfacet
  facet normal 0.740951 0.671559 0
    outer loop
      vertex 3.94235 3.2354 6.2
      vertex 3.60624 3.60624 5
      vertex 3.60624 3.60624 6.2
    endloop
  endfacet
  facet normal 0.740951 0.671559 0
    outer loop
      vertex 3.60624 3.60624 5
      vertex 3.94235 3.2354 6.2
      vertex 3.94235 3.2354 5
    endloop
  endfacet
  facet normal -0.671559 -0.740951 0
    outer loop
      vertex -3.60624 -3.60624 5
      vertex -3.2354 -3.94235 6.2
      vertex -3.60624 -3.60624 6.2
    endloop
  endfacet
  facet normal -0.671559 -0.740951 -0
    outer loop
      vertex -3.2354 -3.94235 6.2
      vertex -3.60624 -3.60624 5
      vertex -3.2354 -3.94235 5
    endloop
  endfacet
  facet normal -0.803204 0.595704 0
    outer loop
      vertex -4.24049 2.83341 5
      vertex -3.94235 3.2354 6.2
      vertex -3.94235 3.2354 5
    endloop
  endfacet
  facet normal -0.803204 0.595704 0
    outer loop
      vertex -3.94235 3.2354 6.2
      vertex -4.24049 2.83341 5
      vertex -4.24049 2.83341 6.2
    endloop
  endfacet
  facet normal -0.857726 0.514108 0
    outer loop
      vertex -4.4978 2.40412 5
      vertex -4.24049 2.83341 6.2
      vertex -4.24049 2.83341 5
    endloop
  endfacet
  facet normal -0.857726 0.514108 0
    outer loop
      vertex -4.24049 2.83341 6.2
      vertex -4.4978 2.40412 5
      vertex -4.4978 2.40412 6.2
    endloop
  endfacet
  facet normal 0 0 1
    outer loop
      vertex 5.07544 0.499887 6.2
      vertex 5.07544 -0.499887 6.2
      vertex 5.1 0 6.2
    endloop
  endfacet
  facet normal 0 0 1
    outer loop
      vertex 5.002 0.99496 6.2
      vertex 5.07544 -0.499887 6.2
      vertex 5.07544 0.499887 6.2
    endloop
  endfacet
  facet normal 0 0 1
    outer loop
      vertex 5.002 0.99496 6.2
      vertex 5.002 -0.99496 6.2
      vertex 5.07544 -0.499887 6.2
    endloop
  endfacet
  facet normal 0 0 1
    outer loop
      vertex 4.88039 1.48045 6.2
      vertex 5.002 -0.99496 6.2
      vertex 5.002 0.99496 6.2
    endloop
  endfacet
  facet normal 0 0 1
    outer loop
      vertex 4.88039 1.48045 6.2
      vertex 4.88039 -1.48045 6.2
      vertex 5.002 -0.99496 6.2
    endloop
  endfacet
  facet normal 0 0 1
    outer loop
      vertex 4.71179 1.95168 6.2
      vertex 4.88039 -1.48045 6.2
      vertex 4.88039 1.48045 6.2
    endloop
  endfacet
  facet normal 0 0 1
    outer loop
      vertex 4.71179 1.95168 6.2
      vertex 4.71179 -1.95168 6.2
      vertex 4.88039 -1.48045 6.2
    endloop
  endfacet
  facet normal 0 0 1
    outer loop
      vertex 4.4978 2.40412 6.2
      vertex 4.71179 -1.95168 6.2
      vertex 4.71179 1.95168 6.2
    endloop
  endfacet
  facet normal 0 0 1
    outer loop
      vertex 4.4978 2.40412 6.2
      vertex 4.4978 -2.40412 6.2
      vertex 4.71179 -1.95168 6.2
    endloop
  endfacet
  facet normal 0 0 1
    outer loop
      vertex 4.24049 2.83341 6.2
      vertex 4.4978 -2.40412 6.2
      vertex 4.4978 2.40412 6.2
    endloop
  endfacet
  facet normal 0 0 1
    outer loop
      vertex 4.24049 2.83341 6.2
      vertex 4.24049 -2.83341 6.2
      vertex 4.4978 -2.40412 6.2
    endloop
  endfacet
  facet normal 0 0 1
    outer loop
      vertex 3.94235 3.2354 6.2
      vertex 4.24049 -2.83341 6.2
      vertex 4.24049 2.83341 6.2
    endloop
  endfacet
  facet normal 0 0 1
    outer loop
      vertex 3.94235 3.2354 6.2
      vertex 3.94235 -3.2354 6.2
      vertex 4.24049 -2.83341 6.2
    endloop
  endfacet
  facet normal 0 0 1
    outer loop
      vertex 3.60624 3.60624 6.2
      vertex 3.94235 -3.2354 6.2
      vertex 3.94235 3.2354 6.2
    endloop
  endfacet
  facet normal 0 0 1
    outer loop
      vertex 3.60624 3.60624 6.2
      vertex 3.60624 -3.60624 6.2
      vertex 3.94235 -3.2354 6.2
    endloop
  endfacet
  facet normal 0 0 1
    outer loop
      vertex 3.2354 3.94235 6.2
      vertex 3.60624 -3.60624 6.2
      vertex 3.60624 3.60624 6.2
    endloop
  endfacet
  facet normal 0 0 1
    outer loop
      vertex 3.2354 3.94235 6.2
      vertex 3.2354 -3.94235 6.2
      vertex 3.60624 -3.60624 6.2
    endloop
  endfacet
  facet normal 0 0 1
    outer loop
      vertex 2.83341 4.24049 6.2
      vertex 3.2354 -3.94235 6.2
      vertex 3.2354 3.94235 6.2
    endloop
  endfacet
  facet normal 0 0 1
    outer loop
      vertex 2.83341 4.24049 6.2
      vertex 2.83341 -4.24049 6.2
      vertex 3.2354 -3.94235 6.2
    endloop
  endfacet
  facet normal 0 0 1
    outer loop
      vertex 2.40412 4.4978 6.2
      vertex 2.83341 -4.24049 6.2
      vertex 2.83341 4.24049 6.2
    endloop
  endfacet
  facet normal 0 0 1
    outer loop
      vertex 2.40412 4.4978 6.2
      vertex 2.40412 -4.4978 6.2
      vertex 2.83341 -4.24049 6.2
    endloop
  endfacet
  facet normal 0 0 1
    outer loop
      vertex 1.95168 4.71179 6.2
      vertex 2.40412 -4.4978 6.2
      vertex 2.40412 4.4978 6.2
    endloop
  endfacet
  facet normal 0 0 1
    outer loop
      vertex 1.95168 4.71179 6.2
      vertex 1.95168 -4.71179 6.2
      vertex 2.40412 -4.4978 6.2
    endloop
  endfacet
  facet normal 0 0 1
    outer loop
      vertex 1.48045 4.88039 6.2
      vertex 1.95168 -4.71179 6.2
      vertex 1.95168 4.71179 6.2
    endloop
  endfacet
  facet normal 0 0 1
    outer loop
      vertex 1.48045 4.88039 6.2
      vertex 1.48045 -4.88039 6.2
      vertex 1.95168 -4.71179 6.2
    endloop
  endfacet
  facet normal 0 0 1
    outer loop
      vertex 0.99496 5.002 6.2
      vertex 1.48045 -4.88039 6.2
      vertex 1.48045 4.88039 6.2
    endloop
  endfacet
  facet normal 0 0 1
    outer loop
      vertex 0.99496 5.002 6.2
      vertex 0.99496 -5.002 6.2
      vertex 1.48045 -4.88039 6.2
    endloop
  endfacet
  facet normal 0 0 1
    outer loop
      vertex 0.499887 5.07544 6.2
      vertex 0.99496 -5.002 6.2
      vertex 0.99496 5.002 6.2
    endloop
  endfacet
  facet normal 0 0 1
    outer loop
      vertex 0.499887 5.07544 6.2
      vertex 0.499887 -5.07544 6.2
      vertex 0.99496 -5.002 6.2
    endloop
  endfacet
  facet normal 0 0 1
    outer loop
      vertex 0 5.1 6.2
      vertex 0.499887 -5.07544 6.2
      vertex 0.499887 5.07544 6.2
    endloop
  endfacet
  facet normal 0 0 1
    outer loop
      vertex 0 5.1 6.2
      vertex 0 -5.1 6.2
      vertex 0.499887 -5.07544 6.2
    endloop
  endfacet
  facet normal -0 0 1
    outer loop
      vertex -0.499887 5.07544 6.2
      vertex 0 -5.1 6.2
      vertex 0 5.1 6.2
    endloop
  endfacet
  facet normal 0 0 1
    outer loop
      vertex -0.499887 5.07544 6.2
      vertex -0.499887 -5.07544 6.2
      vertex 0 -5.1 6.2
    endloop
  endfacet
  facet normal -0 0 1
    outer loop
      vertex -0.99496 5.002 6.2
      vertex -0.499887 -5.07544 6.2
      vertex -0.499887 5.07544 6.2
    endloop
  endfacet
  facet normal 0 0 1
    outer loop
      vertex -0.99496 5.002 6.2
      vertex -0.99496 -5.002 6.2
      vertex -0.499887 -5.07544 6.2
    endloop
  endfacet
  facet normal -0 0 1
    outer loop
      vertex -1.48045 4.88039 6.2
      vertex -0.99496 -5.002 6.2
      vertex -0.99496 5.002 6.2
    endloop
  endfacet
  facet normal 0 0 1
    outer loop
      vertex -1.48045 4.88039 6.2
      vertex -1.48045 -4.88039 6.2
      vertex -0.99496 -5.002 6.2
    endloop
  endfacet
  facet normal -0 0 1
    outer loop
      vertex -1.95168 4.71179 6.2
      vertex -1.48045 -4.88039 6.2
      vertex -1.48045 4.88039 6.2
    endloop
  endfacet
  facet normal 0 0 1
    outer loop
      vertex -1.95168 4.71179 6.2
      vertex -1.95168 -4.71179 6.2
      vertex -1.48045 -4.88039 6.2
    endloop
  endfacet
  facet normal -0 0 1
    outer loop
      vertex -2.40412 4.4978 6.2
      vertex -1.95168 -4.71179 6.2
      vertex -1.95168 4.71179 6.2
    endloop
  endfacet
  facet normal 0 0 1
    outer loop
      vertex -2.40412 4.4978 6.2
      vertex -2.40412 -4.4978 6.2
      vertex -1.95168 -4.71179 6.2
    endloop
  endfacet
  facet normal -0 0 1
    outer loop
      vertex -2.83341 4.24049 6.2
      vertex -2.40412 -4.4978 6.2
      vertex -2.40412 4.4978 6.2
    endloop
  endfacet
  facet normal 0 0 1
    outer loop
      vertex -2.83341 4.24049 6.2
      vertex -2.83341 -4.24049 6.2
      vertex -2.40412 -4.4978 6.2
    endloop
  endfacet
  facet normal -0 0 1
    outer loop
      vertex -3.2354 3.94235 6.2
      vertex -2.83341 -4.24049 6.2
      vertex -2.83341 4.24049 6.2
    endloop
  endfacet
  facet normal 0 0 1
    outer loop
      vertex -3.2354 3.94235 6.2
      vertex -3.2354 -3.94235 6.2
      vertex -2.83341 -4.24049 6.2
    endloop
  endfacet
  facet normal -0 0 1
    outer loop
      vertex -3.60624 3.60624 6.2
      vertex -3.2354 -3.94235 6.2
      vertex -3.2354 3.94235 6.2
    endloop
  endfacet
  facet normal 0 0 1
    outer loop
      vertex -3.60624 3.60624 6.2
      vertex -3.60624 -3.60624 6.2
      vertex -3.2354 -3.94235 6.2
    endloop
  endfacet
  facet normal -0 0 1
    outer loop
      vertex -3.94235 3.2354 6.2
      vertex -3.60624 -3.60624 6.2
      vertex -3.60624 3.60624 6.2
    endloop
  endfacet
  facet normal 0 0 1
    outer loop
      vertex -3.94235 3.2354 6.2
      vertex -3.94235 -3.2354 6.2
      vertex -3.60624 -3.60624 6.2
    endloop
  endfacet
  facet normal -0 0 1
    outer loop
      vertex -4.24049 2.83341 6.2
      vertex -3.94235 -3.2354 6.2
      vertex -3.94235 3.2354 6.2
    endloop
  endfacet
  facet normal 0 0 1
    outer loop
      vertex -4.24049 2.83341 6.2
      vertex -4.24049 -2.83341 6.2
      vertex -3.94235 -3.2354 6.2
    endloop
  endfacet
  facet normal -0 0 1
    outer loop
      vertex -4.4978 2.40412 6.2
      vertex -4.24049 -2.83341 6.2
      vertex -4.24049 2.83341 6.2
    endloop
  endfacet
  facet normal 0 0 1
    outer loop
      vertex -4.4978 2.40412 6.2
      vertex -4.4978 -2.40412 6.2
      vertex -4.24049 -2.83341 6.2
    endloop
  endfacet
  facet normal -0 0 1
    outer loop
      vertex -4.71179 1.95168 6.2
      vertex -4.4978 -2.40412 6.2
      vertex -4.4978 2.40412 6.2
    endloop
  endfacet
  facet normal 0 0 1
    outer loop
      vertex -4.71179 1.95168 6.2
      vertex -4.71179 -1.95168 6.2
      vertex -4.4978 -2.40412 6.2
    endloop
  endfacet
  facet normal -0 0 1
    outer loop
      vertex -4.88039 1.48045 6.2
      vertex -4.71179 -1.95168 6.2
      vertex -4.71179 1.95168 6.2
    endloop
  endfacet
  facet normal 0 0 1
    outer loop
      vertex -4.88039 1.48045 6.2
      vertex -4.88039 -1.48045 6.2
      vertex -4.71179 -1.95168 6.2
    endloop
  endfacet
  facet normal -0 0 1
    outer loop
      vertex -5.002 0.99496 6.2
      vertex -4.88039 -1.48045 6.2
      vertex -4.88039 1.48045 6.2
    endloop
  endfacet
  facet normal 0 0 1
    outer loop
      vertex -5.002 0.99496 6.2
      vertex -5.002 -0.99496 6.2
      vertex -4.88039 -1.48045 6.2
    endloop
  endfacet
  facet normal -0 0 1
    outer loop
      vertex -5.07544 0.499887 6.2
      vertex -5.002 -0.99496 6.2
      vertex -5.002 0.99496 6.2
    endloop
  endfacet
  facet normal 0 0 1
    outer loop
      vertex -5.07544 0.499887 6.2
      vertex -5.07544 -0.499887 6.2
      vertex -5.002 -0.99496 6.2
    endloop
  endfacet
  facet normal 0 -0 1
    outer loop
      vertex -5.07544 -0.499887 6.2
      vertex -5.07544 0.499887 6.2
      vertex -5.1 0 6.2
    endloop
  endfacet
  facet normal -0.0490719 -0.998795 0
    outer loop
      vertex -0.499887 -5.07544 5
      vertex 0 -5.1 6.2
      vertex -0.499887 -5.07544 6.2
    endloop
  endfacet
  facet normal -0.0490719 -0.998795 -0
    outer loop
      vertex 0 -5.1 6.2
      vertex -0.499887 -5.07544 5
      vertex 0 -5.1 5
    endloop
  endfacet
  facet normal -0.998795 0.0490719 0
    outer loop
      vertex -5.1 0 5
      vertex -5.07544 0.499887 6.2
      vertex -5.07544 0.499887 5
    endloop
  endfacet
  facet normal -0.998795 0.0490719 0
    outer loop
      vertex -5.07544 0.499887 6.2
      vertex -5.1 0 5
      vertex -5.1 0 6.2
    endloop
  endfacet
  facet normal -0.336874 -0.94155 0
    outer loop
      vertex -1.95168 -4.71179 5
      vertex -1.48045 -4.88039 6.2
      vertex -1.95168 -4.71179 6.2
    endloop
  endfacet
  facet normal -0.336874 -0.94155 -0
    outer loop
      vertex -1.48045 -4.88039 6.2
      vertex -1.95168 -4.71179 5
      vertex -1.48045 -4.88039 5
    endloop
  endfacet
  facet normal 0.740951 -0.671559 0
    outer loop
      vertex 3.60624 -3.60624 6.2
      vertex 3.94235 -3.2354 5
      vertex 3.94235 -3.2354 6.2
    endloop
  endfacet
  facet normal 0.740951 -0.671559 0
    outer loop
      vertex 3.94235 -3.2354 5
      vertex 3.60624 -3.60624 6.2
      vertex 3.60624 -3.60624 5
    endloop
  endfacet
  facet normal 0.671559 -0.740951 0
    outer loop
      vertex 3.2354 -3.94235 5
      vertex 3.60624 -3.60624 6.2
      vertex 3.2354 -3.94235 6.2
    endloop
  endfacet
  facet normal 0.671559 -0.740951 0
    outer loop
      vertex 3.60624 -3.60624 6.2
      vertex 3.2354 -3.94235 5
      vertex 3.60624 -3.60624 5
    endloop
  endfacet
  facet normal 0.989176 0.146736 0
    outer loop
      vertex 3.7817 0.372464 5
      vertex 3.72698 0.741343 3
      vertex 3.72698 0.741343 5
    endloop
  endfacet
  facet normal 0.989176 0.146736 0
    outer loop
      vertex 3.72698 0.741343 3
      vertex 3.7817 0.372464 5
      vertex 3.7817 0.372464 3
    endloop
  endfacet
  facet normal 0.998795 0.0490731 0
    outer loop
      vertex 3.8 0 5
      vertex 3.7817 0.372464 3
      vertex 3.7817 0.372464 5
    endloop
  endfacet
  facet normal 0.998795 0.0490731 0
    outer loop
      vertex 3.7817 0.372464 3
      vertex 3.8 0 5
      vertex 3.8 0 3
    endloop
  endfacet
  facet normal 0.970032 0.242979 0
    outer loop
      vertex 3.72698 0.741343 5
      vertex 3.63637 1.10308 3
      vertex 3.63637 1.10308 5
    endloop
  endfacet
  facet normal 0.970032 0.242979 0
    outer loop
      vertex 3.63637 1.10308 3
      vertex 3.72698 0.741343 5
      vertex 3.72698 0.741343 3
    endloop
  endfacet
  facet normal 0.336883 -0.941546 0
    outer loop
      vertex 1.10308 -3.63637 3
      vertex 1.4542 -3.51074 5
      vertex 1.10308 -3.63637 5
    endloop
  endfacet
  facet normal 0.336883 -0.941546 0
    outer loop
      vertex 1.4542 -3.51074 5
      vertex 1.10308 -3.63637 3
      vertex 1.4542 -3.51074 3
    endloop
  endfacet
  facet normal 0.427553 0.90399 -0
    outer loop
      vertex 1.79131 3.3513 3
      vertex 1.4542 3.51074 5
      vertex 1.79131 3.3513 5
    endloop
  endfacet
  facet normal 0.427553 0.90399 0
    outer loop
      vertex 1.4542 3.51074 5
      vertex 1.79131 3.3513 3
      vertex 1.4542 3.51074 3
    endloop
  endfacet
  facet normal 0.998795 -0.0490731 0
    outer loop
      vertex 3.7817 -0.372464 5
      vertex 3.8 0 3
      vertex 3.8 0 5
    endloop
  endfacet
  facet normal 0.998795 -0.0490731 0
    outer loop
      vertex 3.8 0 3
      vertex 3.7817 -0.372464 5
      vertex 3.7817 -0.372464 3
    endloop
  endfacet
  facet normal 0.989176 -0.146736 0
    outer loop
      vertex 3.72698 -0.741343 5
      vertex 3.7817 -0.372464 3
      vertex 3.7817 -0.372464 5
    endloop
  endfacet
  facet normal 0.989176 -0.146736 0
    outer loop
      vertex 3.7817 -0.372464 3
      vertex 3.72698 -0.741343 5
      vertex 3.72698 -0.741343 3
    endloop
  endfacet
  facet normal 0.595701 0.803206 -0
    outer loop
      vertex 2.41069 2.93744 3
      vertex 2.11117 3.15958 5
      vertex 2.41069 2.93744 5
    endloop
  endfacet
  facet normal 0.595701 0.803206 0
    outer loop
      vertex 2.11117 3.15958 5
      vertex 2.41069 2.93744 3
      vertex 2.11117 3.15958 3
    endloop
  endfacet
  facet normal 0.427553 -0.90399 0
    outer loop
      vertex 1.4542 -3.51074 3
      vertex 1.79131 -3.3513 5
      vertex 1.4542 -3.51074 5
    endloop
  endfacet
  facet normal 0.427553 -0.90399 0
    outer loop
      vertex 1.79131 -3.3513 5
      vertex 1.4542 -3.51074 3
      vertex 1.79131 -3.3513 3
    endloop
  endfacet
  facet normal 0.90399 -0.427553 0
    outer loop
      vertex 3.3513 -1.79131 5
      vertex 3.51074 -1.4542 3
      vertex 3.51074 -1.4542 5
    endloop
  endfacet
  facet normal 0.90399 -0.427553 0
    outer loop
      vertex 3.51074 -1.4542 3
      vertex 3.3513 -1.79131 5
      vertex 3.3513 -1.79131 3
    endloop
  endfacet
  facet normal -0.514109 0.857725 0
    outer loop
      vertex -1.79131 3.3513 3
      vertex -2.11117 3.15958 5
      vertex -1.79131 3.3513 5
    endloop
  endfacet
  facet normal -0.514109 0.857725 0
    outer loop
      vertex -2.11117 3.15958 5
      vertex -1.79131 3.3513 3
      vertex -2.11117 3.15958 3
    endloop
  endfacet
  facet normal 0.90399 0.427553 0
    outer loop
      vertex 3.51074 1.4542 5
      vertex 3.3513 1.79131 3
      vertex 3.3513 1.79131 5
    endloop
  endfacet
  facet normal 0.90399 0.427553 0
    outer loop
      vertex 3.3513 1.79131 3
      vertex 3.51074 1.4542 5
      vertex 3.51074 1.4542 3
    endloop
  endfacet
  facet normal -0.90399 -0.427553 0
    outer loop
      vertex -3.3513 -1.79131 3
      vertex -3.51074 -1.4542 5
      vertex -3.51074 -1.4542 3
    endloop
  endfacet
  facet normal -0.90399 -0.427553 0
    outer loop
      vertex -3.51074 -1.4542 5
      vertex -3.3513 -1.79131 3
      vertex -3.3513 -1.79131 5
    endloop
  endfacet
  facet normal -0.242979 0.970032 0
    outer loop
      vertex -0.741343 3.72698 3
      vertex -1.10308 3.63637 5
      vertex -0.741343 3.72698 5
    endloop
  endfacet
  facet normal -0.242979 0.970032 0
    outer loop
      vertex -1.10308 3.63637 5
      vertex -0.741343 3.72698 3
      vertex -1.10308 3.63637 3
    endloop
  endfacet
  facet normal 0.514109 0.857725 -0
    outer loop
      vertex 2.11117 3.15958 3
      vertex 1.79131 3.3513 5
      vertex 2.11117 3.15958 5
    endloop
  endfacet
  facet normal 0.514109 0.857725 0
    outer loop
      vertex 1.79131 3.3513 5
      vertex 2.11117 3.15958 3
      vertex 1.79131 3.3513 3
    endloop
  endfacet
  facet normal -0.595701 -0.803206 0
    outer loop
      vertex -2.41069 -2.93744 3
      vertex -2.11117 -3.15958 5
      vertex -2.41069 -2.93744 5
    endloop
  endfacet
  facet normal -0.595701 -0.803206 -0
    outer loop
      vertex -2.11117 -3.15958 5
      vertex -2.41069 -2.93744 3
      vertex -2.11117 -3.15958 3
    endloop
  endfacet
  facet normal -0.427553 0.90399 0
    outer loop
      vertex -1.4542 3.51074 3
      vertex -1.79131 3.3513 5
      vertex -1.4542 3.51074 5
    endloop
  endfacet
  facet normal -0.427553 0.90399 0
    outer loop
      vertex -1.79131 3.3513 5
      vertex -1.4542 3.51074 3
      vertex -1.79131 3.3513 3
    endloop
  endfacet
  facet normal 0.595701 -0.803206 0
    outer loop
      vertex 2.11117 -3.15958 3
      vertex 2.41069 -2.93744 5
      vertex 2.11117 -3.15958 5
    endloop
  endfacet
  facet normal 0.595701 -0.803206 0
    outer loop
      vertex 2.41069 -2.93744 5
      vertex 2.11117 -3.15958 3
      vertex 2.41069 -2.93744 3
    endloop
  endfacet
  facet normal 0.803206 0.595701 0
    outer loop
      vertex 3.15958 2.11117 5
      vertex 2.93744 2.41069 3
      vertex 2.93744 2.41069 5
    endloop
  endfacet
  facet normal 0.803206 0.595701 0
    outer loop
      vertex 2.93744 2.41069 3
      vertex 3.15958 2.11117 5
      vertex 3.15958 2.11117 3
    endloop
  endfacet
  facet normal 0.146736 -0.989176 0
    outer loop
      vertex 0.372464 -3.7817 3
      vertex 0.741343 -3.72698 5
      vertex 0.372464 -3.7817 5
    endloop
  endfacet
  facet normal 0.146736 -0.989176 0
    outer loop
      vertex 0.741343 -3.72698 5
      vertex 0.372464 -3.7817 3
      vertex 0.741343 -3.72698 3
    endloop
  endfacet
  facet normal -0.941546 -0.336883 0
    outer loop
      vertex -3.51074 -1.4542 3
      vertex -3.63637 -1.10308 5
      vertex -3.63637 -1.10308 3
    endloop
  endfacet
  facet normal -0.941546 -0.336883 0
    outer loop
      vertex -3.63637 -1.10308 5
      vertex -3.51074 -1.4542 3
      vertex -3.51074 -1.4542 5
    endloop
  endfacet
  facet normal -0.989176 0.146736 0
    outer loop
      vertex -3.7817 0.372464 3
      vertex -3.72698 0.741343 5
      vertex -3.72698 0.741343 3
    endloop
  endfacet
  facet normal -0.989176 0.146736 0
    outer loop
      vertex -3.72698 0.741343 5
      vertex -3.7817 0.372464 3
      vertex -3.7817 0.372464 5
    endloop
  endfacet
  facet normal -0.595701 0.803206 0
    outer loop
      vertex -2.11117 3.15958 3
      vertex -2.41069 2.93744 5
      vertex -2.11117 3.15958 5
    endloop
  endfacet
  facet normal -0.595701 0.803206 0
    outer loop
      vertex -2.41069 2.93744 5
      vertex -2.11117 3.15958 3
      vertex -2.41069 2.93744 3
    endloop
  endfacet
  facet normal -0.427553 -0.90399 0
    outer loop
      vertex -1.79131 -3.3513 3
      vertex -1.4542 -3.51074 5
      vertex -1.79131 -3.3513 5
    endloop
  endfacet
  facet normal -0.427553 -0.90399 -0
    outer loop
      vertex -1.4542 -3.51074 5
      vertex -1.79131 -3.3513 3
      vertex -1.4542 -3.51074 3
    endloop
  endfacet
  facet normal -0.970032 -0.242979 0
    outer loop
      vertex -3.63637 -1.10308 3
      vertex -3.72698 -0.741343 5
      vertex -3.72698 -0.741343 3
    endloop
  endfacet
  facet normal -0.970032 -0.242979 0
    outer loop
      vertex -3.72698 -0.741343 5
      vertex -3.63637 -1.10308 3
      vertex -3.63637 -1.10308 5
    endloop
  endfacet
  facet normal -0.998795 -0.0490731 0
    outer loop
      vertex -3.7817 -0.372464 3
      vertex -3.8 0 5
      vertex -3.8 0 3
    endloop
  endfacet
  facet normal -0.998795 -0.0490731 0
    outer loop
      vertex -3.8 0 5
      vertex -3.7817 -0.372464 3
      vertex -3.7817 -0.372464 5
    endloop
  endfacet
  facet normal 0.970032 -0.242979 0
    outer loop
      vertex 3.63637 -1.10308 5
      vertex 3.72698 -0.741343 3
      vertex 3.72698 -0.741343 5
    endloop
  endfacet
  facet normal 0.970032 -0.242979 0
    outer loop
      vertex 3.72698 -0.741343 3
      vertex 3.63637 -1.10308 5
      vertex 3.63637 -1.10308 3
    endloop
  endfacet
  facet normal 0.941546 -0.336883 0
    outer loop
      vertex 3.51074 -1.4542 5
      vertex 3.63637 -1.10308 3
      vertex 3.63637 -1.10308 5
    endloop
  endfacet
  facet normal 0.941546 -0.336883 0
    outer loop
      vertex 3.63637 -1.10308 3
      vertex 3.51074 -1.4542 5
      vertex 3.51074 -1.4542 3
    endloop
  endfacet
  facet normal 0.941546 0.336883 0
    outer loop
      vertex 3.63637 1.10308 5
      vertex 3.51074 1.4542 3
      vertex 3.51074 1.4542 5
    endloop
  endfacet
  facet normal 0.941546 0.336883 0
    outer loop
      vertex 3.51074 1.4542 3
      vertex 3.63637 1.10308 5
      vertex 3.63637 1.10308 3
    endloop
  endfacet
  facet normal 0.242979 0.970032 -0
    outer loop
      vertex 1.10308 3.63637 3
      vertex 0.741343 3.72698 5
      vertex 1.10308 3.63637 5
    endloop
  endfacet
  facet normal 0.242979 0.970032 0
    outer loop
      vertex 0.741343 3.72698 5
      vertex 1.10308 3.63637 3
      vertex 0.741343 3.72698 3
    endloop
  endfacet
  facet normal -0.0490731 0.998795 0
    outer loop
      vertex 0 3.8 3
      vertex -0.372464 3.7817 5
      vertex 0 3.8 5
    endloop
  endfacet
  facet normal -0.0490731 0.998795 0
    outer loop
      vertex -0.372464 3.7817 5
      vertex 0 3.8 3
      vertex -0.372464 3.7817 3
    endloop
  endfacet
  facet normal 0.0490731 0.998795 -0
    outer loop
      vertex 0.372464 3.7817 3
      vertex 0 3.8 5
      vertex 0.372464 3.7817 5
    endloop
  endfacet
  facet normal 0.0490731 0.998795 0
    outer loop
      vertex 0 3.8 5
      vertex 0.372464 3.7817 3
      vertex 0 3.8 3
    endloop
  endfacet
  facet normal -0.941546 0.336883 0
    outer loop
      vertex -3.63637 1.10308 3
      vertex -3.51074 1.4542 5
      vertex -3.51074 1.4542 3
    endloop
  endfacet
  facet normal -0.941546 0.336883 0
    outer loop
      vertex -3.51074 1.4542 5
      vertex -3.63637 1.10308 3
      vertex -3.63637 1.10308 5
    endloop
  endfacet
  facet normal -0.740967 0.671542 0
    outer loop
      vertex -2.93744 2.41069 3
      vertex -2.68701 2.68701 5
      vertex -2.68701 2.68701 3
    endloop
  endfacet
  facet normal -0.740967 0.671542 0
    outer loop
      vertex -2.68701 2.68701 5
      vertex -2.93744 2.41069 3
      vertex -2.93744 2.41069 5
    endloop
  endfacet
  facet normal -0.90399 0.427553 0
    outer loop
      vertex -3.51074 1.4542 3
      vertex -3.3513 1.79131 5
      vertex -3.3513 1.79131 3
    endloop
  endfacet
  facet normal -0.90399 0.427553 0
    outer loop
      vertex -3.3513 1.79131 5
      vertex -3.51074 1.4542 3
      vertex -3.51074 1.4542 5
    endloop
  endfacet
  facet normal -0.146736 0.989176 0
    outer loop
      vertex -0.372464 3.7817 3
      vertex -0.741343 3.72698 5
      vertex -0.372464 3.7817 5
    endloop
  endfacet
  facet normal -0.146736 0.989176 0
    outer loop
      vertex -0.741343 3.72698 5
      vertex -0.372464 3.7817 3
      vertex -0.741343 3.72698 3
    endloop
  endfacet
  facet normal 0.0490731 -0.998795 0
    outer loop
      vertex 0 -3.8 3
      vertex 0.372464 -3.7817 5
      vertex 0 -3.8 5
    endloop
  endfacet
  facet normal 0.0490731 -0.998795 0
    outer loop
      vertex 0.372464 -3.7817 5
      vertex 0 -3.8 3
      vertex 0.372464 -3.7817 3
    endloop
  endfacet
  facet normal 0.242979 -0.970032 0
    outer loop
      vertex 0.741343 -3.72698 3
      vertex 1.10308 -3.63637 5
      vertex 0.741343 -3.72698 5
    endloop
  endfacet
  facet normal 0.242979 -0.970032 0
    outer loop
      vertex 1.10308 -3.63637 5
      vertex 0.741343 -3.72698 3
      vertex 1.10308 -3.63637 3
    endloop
  endfacet
  facet normal 0.803206 -0.595701 0
    outer loop
      vertex 2.93744 -2.41069 5
      vertex 3.15958 -2.11117 3
      vertex 3.15958 -2.11117 5
    endloop
  endfacet
  facet normal 0.803206 -0.595701 0
    outer loop
      vertex 3.15958 -2.11117 3
      vertex 2.93744 -2.41069 5
      vertex 2.93744 -2.41069 3
    endloop
  endfacet
  facet normal 0.514109 -0.857725 0
    outer loop
      vertex 1.79131 -3.3513 3
      vertex 2.11117 -3.15958 5
      vertex 1.79131 -3.3513 5
    endloop
  endfacet
  facet normal 0.514109 -0.857725 0
    outer loop
      vertex 2.11117 -3.15958 5
      vertex 1.79131 -3.3513 3
      vertex 2.11117 -3.15958 3
    endloop
  endfacet
  facet normal 0.857725 -0.514109 0
    outer loop
      vertex 3.15958 -2.11117 5
      vertex 3.3513 -1.79131 3
      vertex 3.3513 -1.79131 5
    endloop
  endfacet
  facet normal 0.857725 -0.514109 0
    outer loop
      vertex 3.3513 -1.79131 3
      vertex 3.15958 -2.11117 5
      vertex 3.15958 -2.11117 3
    endloop
  endfacet
  facet normal -0.146736 -0.989176 0
    outer loop
      vertex -0.741343 -3.72698 3
      vertex -0.372464 -3.7817 5
      vertex -0.741343 -3.72698 5
    endloop
  endfacet
  facet normal -0.146736 -0.989176 -0
    outer loop
      vertex -0.372464 -3.7817 5
      vertex -0.741343 -3.72698 3
      vertex -0.372464 -3.7817 3
    endloop
  endfacet
  facet normal -0.857725 -0.514109 0
    outer loop
      vertex -3.15958 -2.11117 3
      vertex -3.3513 -1.79131 5
      vertex -3.3513 -1.79131 3
    endloop
  endfacet
  facet normal -0.857725 -0.514109 0
    outer loop
      vertex -3.3513 -1.79131 5
      vertex -3.15958 -2.11117 3
      vertex -3.15958 -2.11117 5
    endloop
  endfacet
  facet normal 0.857725 0.514109 0
    outer loop
      vertex 3.3513 1.79131 5
      vertex 3.15958 2.11117 3
      vertex 3.15958 2.11117 5
    endloop
  endfacet
  facet normal 0.857725 0.514109 0
    outer loop
      vertex 3.15958 2.11117 3
      vertex 3.3513 1.79131 5
      vertex 3.3513 1.79131 3
    endloop
  endfacet
  facet normal 0.671542 0.740967 -0
    outer loop
      vertex 2.68701 2.68701 3
      vertex 2.41069 2.93744 5
      vertex 2.68701 2.68701 5
    endloop
  endfacet
  facet normal 0.671542 0.740967 0
    outer loop
      vertex 2.41069 2.93744 5
      vertex 2.68701 2.68701 3
      vertex 2.41069 2.93744 3
    endloop
  endfacet
  facet normal -0.336883 0.941546 0
    outer loop
      vertex -1.10308 3.63637 3
      vertex -1.4542 3.51074 5
      vertex -1.10308 3.63637 5
    endloop
  endfacet
  facet normal -0.336883 0.941546 0
    outer loop
      vertex -1.4542 3.51074 5
      vertex -1.10308 3.63637 3
      vertex -1.4542 3.51074 3
    endloop
  endfacet
  facet normal -0.740967 -0.671542 0
    outer loop
      vertex -2.68701 -2.68701 3
      vertex -2.93744 -2.41069 5
      vertex -2.93744 -2.41069 3
    endloop
  endfacet
  facet normal -0.740967 -0.671542 0
    outer loop
      vertex -2.93744 -2.41069 5
      vertex -2.68701 -2.68701 3
      vertex -2.68701 -2.68701 5
    endloop
  endfacet
  facet normal -0.671542 0.740967 0
    outer loop
      vertex -2.41069 2.93744 3
      vertex -2.68701 2.68701 5
      vertex -2.41069 2.93744 5
    endloop
  endfacet
  facet normal -0.671542 0.740967 0
    outer loop
      vertex -2.68701 2.68701 5
      vertex -2.41069 2.93744 3
      vertex -2.68701 2.68701 3
    endloop
  endfacet
  facet normal -0.514109 -0.857725 0
    outer loop
      vertex -2.11117 -3.15958 3
      vertex -1.79131 -3.3513 5
      vertex -2.11117 -3.15958 5
    endloop
  endfacet
  facet normal -0.514109 -0.857725 -0
    outer loop
      vertex -1.79131 -3.3513 5
      vertex -2.11117 -3.15958 3
      vertex -1.79131 -3.3513 3
    endloop
  endfacet
  facet normal 0.146736 0.989176 -0
    outer loop
      vertex 0.741343 3.72698 3
      vertex 0.372464 3.7817 5
      vertex 0.741343 3.72698 5
    endloop
  endfacet
  facet normal 0.146736 0.989176 0
    outer loop
      vertex 0.372464 3.7817 5
      vertex 0.741343 3.72698 3
      vertex 0.372464 3.7817 3
    endloop
  endfacet
  facet normal -0.803206 -0.595701 0
    outer loop
      vertex -2.93744 -2.41069 3
      vertex -3.15958 -2.11117 5
      vertex -3.15958 -2.11117 3
    endloop
  endfacet
  facet normal -0.803206 -0.595701 0
    outer loop
      vertex -3.15958 -2.11117 5
      vertex -2.93744 -2.41069 3
      vertex -2.93744 -2.41069 5
    endloop
  endfacet
  facet normal -0.989176 -0.146736 0
    outer loop
      vertex -3.72698 -0.741343 3
      vertex -3.7817 -0.372464 5
      vertex -3.7817 -0.372464 3
    endloop
  endfacet
  facet normal -0.989176 -0.146736 0
    outer loop
      vertex -3.7817 -0.372464 5
      vertex -3.72698 -0.741343 3
      vertex -3.72698 -0.741343 5
    endloop
  endfacet
  facet normal -0.970032 0.242979 0
    outer loop
      vertex -3.72698 0.741343 3
      vertex -3.63637 1.10308 5
      vertex -3.63637 1.10308 3
    endloop
  endfacet
  facet normal -0.970032 0.242979 0
    outer loop
      vertex -3.63637 1.10308 5
      vertex -3.72698 0.741343 3
      vertex -3.72698 0.741343 5
    endloop
  endfacet
  facet normal 0 0 -1
    outer loop
      vertex 2.5 0 3
      vertex 3.8 0 3
      vertex 3.7817 -0.372464 3
    endloop
  endfacet
  facet normal 0 0 -1
    outer loop
      vertex 2.48796 -0.245043 3
      vertex 3.7817 -0.372464 3
      vertex 3.72698 -0.741343 3
    endloop
  endfacet
  facet normal 0 0 -1
    outer loop
      vertex 3.8 0 3
      vertex 2.5 0 3
      vertex 3.7817 0.372464 3
    endloop
  endfacet
  facet normal 0 0 -1
    outer loop
      vertex 2.45196 -0.487725 3
      vertex 3.72698 -0.741343 3
      vertex 3.63637 -1.10308 3
    endloop
  endfacet
  facet normal 0 0 -1
    outer loop
      vertex 2.48796 0.245043 3
      vertex 3.7817 0.372464 3
      vertex 2.5 0 3
    endloop
  endfacet
  facet normal 0 0 -1
    outer loop
      vertex 2.39235 -0.725711 3
      vertex 3.63637 -1.10308 3
      vertex 3.51074 -1.4542 3
    endloop
  endfacet
  facet normal -0 0 -1
    outer loop
      vertex 3.7817 0.372464 3
      vertex 2.48796 0.245043 3
      vertex 3.72698 0.741343 3
    endloop
  endfacet
  facet normal 0 0 -1
    outer loop
      vertex 2.3097 -0.956708 3
      vertex 3.51074 -1.4542 3
      vertex 3.3513 -1.79131 3
    endloop
  endfacet
  facet normal 0 0 -1
    outer loop
      vertex 2.45196 0.487725 3
      vertex 3.72698 0.741343 3
      vertex 2.48796 0.245043 3
    endloop
  endfacet
  facet normal 0 0 -1
    outer loop
      vertex 2.2048 -1.17849 3
      vertex 3.3513 -1.79131 3
      vertex 3.15958 -2.11117 3
    endloop
  endfacet
  facet normal -0 0 -1
    outer loop
      vertex 3.72698 0.741343 3
      vertex 2.45196 0.487725 3
      vertex 3.63637 1.10308 3
    endloop
  endfacet
  facet normal 0 0 -1
    outer loop
      vertex 2.07867 -1.38893 3
      vertex 3.15958 -2.11117 3
      vertex 2.93744 -2.41069 3
    endloop
  endfacet
  facet normal 0 0 -1
    outer loop
      vertex 2.39235 0.725711 3
      vertex 3.63637 1.10308 3
      vertex 2.45196 0.487725 3
    endloop
  endfacet
  facet normal 0 0 -1
    outer loop
      vertex 1.93253 -1.58598 3
      vertex 2.93744 -2.41069 3
      vertex 2.68701 -2.68701 3
    endloop
  endfacet
  facet normal -0 0 -1
    outer loop
      vertex 3.63637 1.10308 3
      vertex 2.39235 0.725711 3
      vertex 3.51074 1.4542 3
    endloop
  endfacet
  facet normal 0 0 -1
    outer loop
      vertex 2.3097 0.956708 3
      vertex 3.51074 1.4542 3
      vertex 2.39235 0.725711 3
    endloop
  endfacet
  facet normal 0 0 -1
    outer loop
      vertex 3.7817 -0.372464 3
      vertex 2.48796 -0.245043 3
      vertex 2.5 0 3
    endloop
  endfacet
  facet normal 0 0 -1
    outer loop
      vertex 3.72698 -0.741343 3
      vertex 2.45196 -0.487725 3
      vertex 2.48796 -0.245043 3
    endloop
  endfacet
  facet normal 0 0 -1
    outer loop
      vertex 1.76777 -1.76777 3
      vertex 2.68701 -2.68701 3
      vertex 2.41069 -2.93744 3
    endloop
  endfacet
  facet normal 0 0 -1
    outer loop
      vertex 3.63637 -1.10308 3
      vertex 2.39235 -0.725711 3
      vertex 2.45196 -0.487725 3
    endloop
  endfacet
  facet normal 0 0 -1
    outer loop
      vertex 3.51074 -1.4542 3
      vertex 2.3097 -0.956708 3
      vertex 2.39235 -0.725711 3
    endloop
  endfacet
  facet normal 0 0 -1
    outer loop
      vertex 3.3513 -1.79131 3
      vertex 2.2048 -1.17849 3
      vertex 2.3097 -0.956708 3
    endloop
  endfacet
  facet normal 0 0 -1
    outer loop
      vertex 1.58598 -1.93253 3
      vertex 2.41069 -2.93744 3
      vertex 2.11117 -3.15958 3
    endloop
  endfacet
  facet normal 0 0 -1
    outer loop
      vertex 3.15958 -2.11117 3
      vertex 2.07867 -1.38893 3
      vertex 2.2048 -1.17849 3
    endloop
  endfacet
  facet normal 0 0 -1
    outer loop
      vertex 2.93744 -2.41069 3
      vertex 1.93253 -1.58598 3
      vertex 2.07867 -1.38893 3
    endloop
  endfacet
  facet normal 0 0 -1
    outer loop
      vertex 1.38893 -2.07867 3
      vertex 2.11117 -3.15958 3
      vertex 1.79131 -3.3513 3
    endloop
  endfacet
  facet normal 0 0 -1
    outer loop
      vertex 2.68701 -2.68701 3
      vertex 1.76777 -1.76777 3
      vertex 1.93253 -1.58598 3
    endloop
  endfacet
  facet normal 0 0 -1
    outer loop
      vertex 2.41069 -2.93744 3
      vertex 1.58598 -1.93253 3
      vertex 1.76777 -1.76777 3
    endloop
  endfacet
  facet normal 0 0 -1
    outer loop
      vertex 1.17849 -2.2048 3
      vertex 1.79131 -3.3513 3
      vertex 1.4542 -3.51074 3
    endloop
  endfacet
  facet normal 0 0 -1
    outer loop
      vertex 2.11117 -3.15958 3
      vertex 1.38893 -2.07867 3
      vertex 1.58598 -1.93253 3
    endloop
  endfacet
  facet normal 0 0 -1
    outer loop
      vertex 1.79131 -3.3513 3
      vertex 1.17849 -2.2048 3
      vertex 1.38893 -2.07867 3
    endloop
  endfacet
  facet normal 0 0 -1
    outer loop
      vertex 0.956708 -2.3097 3
      vertex 1.4542 -3.51074 3
      vertex 1.10308 -3.63637 3
    endloop
  endfacet
  facet normal 0 0 -1
    outer loop
      vertex 1.4542 -3.51074 3
      vertex 0.956708 -2.3097 3
      vertex 1.17849 -2.2048 3
    endloop
  endfacet
  facet normal 0 0 -1
    outer loop
      vertex 0.725711 -2.39235 3
      vertex 1.10308 -3.63637 3
      vertex 0.741343 -3.72698 3
    endloop
  endfacet
  facet normal 0 0 -1
    outer loop
      vertex 1.10308 -3.63637 3
      vertex 0.725711 -2.39235 3
      vertex 0.956708 -2.3097 3
    endloop
  endfacet
  facet normal 0 0 -1
    outer loop
      vertex 0.741343 -3.72698 3
      vertex 0.487725 -2.45196 3
      vertex 0.725711 -2.39235 3
    endloop
  endfacet
  facet normal 0 0 -1
    outer loop
      vertex 0.372464 -3.7817 3
      vertex 0.487725 -2.45196 3
      vertex 0.741343 -3.72698 3
    endloop
  endfacet
  facet normal 0 0 -1
    outer loop
      vertex 0.372464 -3.7817 3
      vertex 0.245043 -2.48796 3
      vertex 0.487725 -2.45196 3
    endloop
  endfacet
  facet normal 0 0 -1
    outer loop
      vertex 0 -3.8 3
      vertex 0.245043 -2.48796 3
      vertex 0.372464 -3.7817 3
    endloop
  endfacet
  facet normal 0 0 -1
    outer loop
      vertex 0 -3.8 3
      vertex 0 -2.5 3
      vertex 0.245043 -2.48796 3
    endloop
  endfacet
  facet normal 0 0 -1
    outer loop
      vertex 0 -3.8 3
      vertex -0.245043 -2.48796 3
      vertex 0 -2.5 3
    endloop
  endfacet
  facet normal 0 0 -1
    outer loop
      vertex -0.372464 -3.7817 3
      vertex -0.245043 -2.48796 3
      vertex 0 -3.8 3
    endloop
  endfacet
  facet normal 0 0 -1
    outer loop
      vertex -0.372464 -3.7817 3
      vertex -0.487725 -2.45196 3
      vertex -0.245043 -2.48796 3
    endloop
  endfacet
  facet normal 0 0 -1
    outer loop
      vertex -0.741343 -3.72698 3
      vertex -0.487725 -2.45196 3
      vertex -0.372464 -3.7817 3
    endloop
  endfacet
  facet normal -0 0 -1
    outer loop
      vertex -0.487725 -2.45196 3
      vertex -0.741343 -3.72698 3
      vertex -0.725711 -2.39235 3
    endloop
  endfacet
  facet normal 0 0 -1
    outer loop
      vertex -1.10308 -3.63637 3
      vertex -0.725711 -2.39235 3
      vertex -0.741343 -3.72698 3
    endloop
  endfacet
  facet normal -0 0 -1
    outer loop
      vertex -0.725711 -2.39235 3
      vertex -1.10308 -3.63637 3
      vertex -0.956708 -2.3097 3
    endloop
  endfacet
  facet normal 0 0 -1
    outer loop
      vertex -1.4542 -3.51074 3
      vertex -0.956708 -2.3097 3
      vertex -1.10308 -3.63637 3
    endloop
  endfacet
  facet normal -0 0 -1
    outer loop
      vertex -0.956708 -2.3097 3
      vertex -1.4542 -3.51074 3
      vertex -1.17849 -2.2048 3
    endloop
  endfacet
  facet normal 0 0 -1
    outer loop
      vertex -1.79131 -3.3513 3
      vertex -1.17849 -2.2048 3
      vertex -1.4542 -3.51074 3
    endloop
  endfacet
  facet normal -0 0 -1
    outer loop
      vertex -1.17849 -2.2048 3
      vertex -1.79131 -3.3513 3
      vertex -1.38893 -2.07867 3
    endloop
  endfacet
  facet normal 0 0 -1
    outer loop
      vertex -2.11117 -3.15958 3
      vertex -1.38893 -2.07867 3
      vertex -1.79131 -3.3513 3
    endloop
  endfacet
  facet normal -0 0 -1
    outer loop
      vertex -1.38893 -2.07867 3
      vertex -2.11117 -3.15958 3
      vertex -1.58598 -1.93253 3
    endloop
  endfacet
  facet normal 0 0 -1
    outer loop
      vertex -2.41069 -2.93744 3
      vertex -1.58598 -1.93253 3
      vertex -2.11117 -3.15958 3
    endloop
  endfacet
  facet normal -0 0 -1
    outer loop
      vertex -1.58598 -1.93253 3
      vertex -2.41069 -2.93744 3
      vertex -1.76777 -1.76777 3
    endloop
  endfacet
  facet normal 0 0 -1
    outer loop
      vertex -2.68701 -2.68701 3
      vertex -1.76777 -1.76777 3
      vertex -2.41069 -2.93744 3
    endloop
  endfacet
  facet normal -0 0 -1
    outer loop
      vertex -1.76777 -1.76777 3
      vertex -2.68701 -2.68701 3
      vertex -1.93253 -1.58598 3
    endloop
  endfacet
  facet normal 0 0 -1
    outer loop
      vertex -2.93744 -2.41069 3
      vertex -1.93253 -1.58598 3
      vertex -2.68701 -2.68701 3
    endloop
  endfacet
  facet normal -0 0 -1
    outer loop
      vertex -1.93253 -1.58598 3
      vertex -2.93744 -2.41069 3
      vertex -2.07867 -1.38893 3
    endloop
  endfacet
  facet normal 0 0 -1
    outer loop
      vertex -3.15958 -2.11117 3
      vertex -2.07867 -1.38893 3
      vertex -2.93744 -2.41069 3
    endloop
  endfacet
  facet normal -0 0 -1
    outer loop
      vertex -2.07867 -1.38893 3
      vertex -3.15958 -2.11117 3
      vertex -2.2048 -1.17849 3
    endloop
  endfacet
  facet normal 0 0 -1
    outer loop
      vertex -3.3513 -1.79131 3
      vertex -2.2048 -1.17849 3
      vertex -3.15958 -2.11117 3
    endloop
  endfacet
  facet normal -0 0 -1
    outer loop
      vertex -2.2048 -1.17849 3
      vertex -3.3513 -1.79131 3
      vertex -2.3097 -0.956708 3
    endloop
  endfacet
  facet normal 0 0 -1
    outer loop
      vertex -3.51074 -1.4542 3
      vertex -2.3097 -0.956708 3
      vertex -3.3513 -1.79131 3
    endloop
  endfacet
  facet normal -0 0 -1
    outer loop
      vertex 3.51074 1.4542 3
      vertex 2.3097 0.956708 3
      vertex 3.3513 1.79131 3
    endloop
  endfacet
  facet normal 0 0 -1
    outer loop
      vertex 2.2048 1.17849 3
      vertex 3.3513 1.79131 3
      vertex 2.3097 0.956708 3
    endloop
  endfacet
  facet normal -0 0 -1
    outer loop
      vertex 3.3513 1.79131 3
      vertex 2.2048 1.17849 3
      vertex 3.15958 2.11117 3
    endloop
  endfacet
  facet normal 0 0 -1
    outer loop
      vertex 2.07867 1.38893 3
      vertex 3.15958 2.11117 3
      vertex 2.2048 1.17849 3
    endloop
  endfacet
  facet normal -0 0 -1
    outer loop
      vertex 3.15958 2.11117 3
      vertex 2.07867 1.38893 3
      vertex 2.93744 2.41069 3
    endloop
  endfacet
  facet normal 0 0 -1
    outer loop
      vertex 1.93253 1.58598 3
      vertex 2.93744 2.41069 3
      vertex 2.07867 1.38893 3
    endloop
  endfacet
  facet normal -0 0 -1
    outer loop
      vertex 2.93744 2.41069 3
      vertex 1.93253 1.58598 3
      vertex 2.68701 2.68701 3
    endloop
  endfacet
  facet normal 0 0 -1
    outer loop
      vertex 1.76777 1.76777 3
      vertex 2.68701 2.68701 3
      vertex 1.93253 1.58598 3
    endloop
  endfacet
  facet normal -0 0 -1
    outer loop
      vertex 2.68701 2.68701 3
      vertex 1.76777 1.76777 3
      vertex 2.41069 2.93744 3
    endloop
  endfacet
  facet normal 0 0 -1
    outer loop
      vertex 1.58598 1.93253 3
      vertex 2.41069 2.93744 3
      vertex 1.76777 1.76777 3
    endloop
  endfacet
  facet normal -0 0 -1
    outer loop
      vertex 2.41069 2.93744 3
      vertex 1.58598 1.93253 3
      vertex 2.11117 3.15958 3
    endloop
  endfacet
  facet normal 0 0 -1
    outer loop
      vertex 1.38893 2.07867 3
      vertex 2.11117 3.15958 3
      vertex 1.58598 1.93253 3
    endloop
  endfacet
  facet normal -0 0 -1
    outer loop
      vertex 2.11117 3.15958 3
      vertex 1.38893 2.07867 3
      vertex 1.79131 3.3513 3
    endloop
  endfacet
  facet normal 0 0 -1
    outer loop
      vertex 1.17849 2.2048 3
      vertex 1.79131 3.3513 3
      vertex 1.38893 2.07867 3
    endloop
  endfacet
  facet normal -0 0 -1
    outer loop
      vertex 1.79131 3.3513 3
      vertex 1.17849 2.2048 3
      vertex 1.4542 3.51074 3
    endloop
  endfacet
  facet normal 0 0 -1
    outer loop
      vertex 0.956708 2.3097 3
      vertex 1.4542 3.51074 3
      vertex 1.17849 2.2048 3
    endloop
  endfacet
  facet normal -0 0 -1
    outer loop
      vertex 1.4542 3.51074 3
      vertex 0.956708 2.3097 3
      vertex 1.10308 3.63637 3
    endloop
  endfacet
  facet normal 0 0 -1
    outer loop
      vertex 0.725711 2.39235 3
      vertex 1.10308 3.63637 3
      vertex 0.956708 2.3097 3
    endloop
  endfacet
  facet normal -0 0 -1
    outer loop
      vertex 1.10308 3.63637 3
      vertex 0.725711 2.39235 3
      vertex 0.741343 3.72698 3
    endloop
  endfacet
  facet normal 0 0 -1
    outer loop
      vertex 0.487725 2.45196 3
      vertex 0.741343 3.72698 3
      vertex 0.725711 2.39235 3
    endloop
  endfacet
  facet normal 0 0 -1
    outer loop
      vertex 0.487725 2.45196 3
      vertex 0.372464 3.7817 3
      vertex 0.741343 3.72698 3
    endloop
  endfacet
  facet normal 0 0 -1
    outer loop
      vertex 0.245043 2.48796 3
      vertex 0.372464 3.7817 3
      vertex 0.487725 2.45196 3
    endloop
  endfacet
  facet normal 0 0 -1
    outer loop
      vertex 0 2.5 3
      vertex 0.372464 3.7817 3
      vertex 0.245043 2.48796 3
    endloop
  endfacet
  facet normal 0 0 -1
    outer loop
      vertex 0 2.5 3
      vertex 0 3.8 3
      vertex 0.372464 3.7817 3
    endloop
  endfacet
  facet normal 0 0 -1
    outer loop
      vertex -0.245043 2.48796 3
      vertex 0 3.8 3
      vertex 0 2.5 3
    endloop
  endfacet
  facet normal 0 0 -1
    outer loop
      vertex -0.245043 2.48796 3
      vertex -0.372464 3.7817 3
      vertex 0 3.8 3
    endloop
  endfacet
  facet normal 0 0 -1
    outer loop
      vertex -0.487725 2.45196 3
      vertex -0.372464 3.7817 3
      vertex -0.245043 2.48796 3
    endloop
  endfacet
  facet normal 0 0 -1
    outer loop
      vertex -0.741343 3.72698 3
      vertex -0.487725 2.45196 3
      vertex -0.725711 2.39235 3
    endloop
  endfacet
  facet normal 0 0 -1
    outer loop
      vertex -0.487725 2.45196 3
      vertex -0.741343 3.72698 3
      vertex -0.372464 3.7817 3
    endloop
  endfacet
  facet normal 0 0 -1
    outer loop
      vertex -1.10308 3.63637 3
      vertex -0.725711 2.39235 3
      vertex -0.956708 2.3097 3
    endloop
  endfacet
  facet normal 0 0 -1
    outer loop
      vertex -0.725711 2.39235 3
      vertex -1.10308 3.63637 3
      vertex -0.741343 3.72698 3
    endloop
  endfacet
  facet normal 0 0 -1
    outer loop
      vertex -1.4542 3.51074 3
      vertex -0.956708 2.3097 3
      vertex -1.17849 2.2048 3
    endloop
  endfacet
  facet normal 0 0 -1
    outer loop
      vertex -1.79131 3.3513 3
      vertex -1.17849 2.2048 3
      vertex -1.38893 2.07867 3
    endloop
  endfacet
  facet normal 0 0 -1
    outer loop
      vertex -0.956708 2.3097 3
      vertex -1.4542 3.51074 3
      vertex -1.10308 3.63637 3
    endloop
  endfacet
  facet normal 0 0 -1
    outer loop
      vertex -2.11117 3.15958 3
      vertex -1.38893 2.07867 3
      vertex -1.58598 1.93253 3
    endloop
  endfacet
  facet normal 0 0 -1
    outer loop
      vertex -2.41069 2.93744 3
      vertex -1.58598 1.93253 3
      vertex -1.76777 1.76777 3
    endloop
  endfacet
  facet normal 0 0 -1
    outer loop
      vertex -1.17849 2.2048 3
      vertex -1.79131 3.3513 3
      vertex -1.4542 3.51074 3
    endloop
  endfacet
  facet normal 0 0 -1
    outer loop
      vertex -2.68701 2.68701 3
      vertex -1.76777 1.76777 3
      vertex -1.93253 1.58598 3
    endloop
  endfacet
  facet normal 0 0 -1
    outer loop
      vertex -2.93744 2.41069 3
      vertex -1.93253 1.58598 3
      vertex -2.07867 1.38893 3
    endloop
  endfacet
  facet normal 0 0 -1
    outer loop
      vertex -1.38893 2.07867 3
      vertex -2.11117 3.15958 3
      vertex -1.79131 3.3513 3
    endloop
  endfacet
  facet normal 0 0 -1
    outer loop
      vertex -3.15958 2.11117 3
      vertex -2.07867 1.38893 3
      vertex -2.2048 1.17849 3
    endloop
  endfacet
  facet normal 0 0 -1
    outer loop
      vertex -3.3513 1.79131 3
      vertex -2.2048 1.17849 3
      vertex -2.3097 0.956708 3
    endloop
  endfacet
  facet normal 0 0 -1
    outer loop
      vertex -3.51074 1.4542 3
      vertex -2.3097 0.956708 3
      vertex -2.39235 0.725711 3
    endloop
  endfacet
  facet normal 0 0 -1
    outer loop
      vertex -1.58598 1.93253 3
      vertex -2.41069 2.93744 3
      vertex -2.11117 3.15958 3
    endloop
  endfacet
  facet normal 0 0 -1
    outer loop
      vertex -3.63637 1.10308 3
      vertex -2.39235 0.725711 3
      vertex -2.45196 0.487725 3
    endloop
  endfacet
  facet normal 0 0 -1
    outer loop
      vertex -3.72698 0.741343 3
      vertex -2.45196 0.487725 3
      vertex -2.48796 0.245043 3
    endloop
  endfacet
  facet normal 0 0 -1
    outer loop
      vertex -3.7817 0.372464 3
      vertex -2.48796 0.245043 3
      vertex -2.5 0 3
    endloop
  endfacet
  facet normal -0 0 -1
    outer loop
      vertex -2.3097 -0.956708 3
      vertex -3.51074 -1.4542 3
      vertex -2.39235 -0.725711 3
    endloop
  endfacet
  facet normal 0 0 -1
    outer loop
      vertex -1.76777 1.76777 3
      vertex -2.68701 2.68701 3
      vertex -2.41069 2.93744 3
    endloop
  endfacet
  facet normal 0 0 -1
    outer loop
      vertex -3.63637 -1.10308 3
      vertex -2.39235 -0.725711 3
      vertex -3.51074 -1.4542 3
    endloop
  endfacet
  facet normal 0 0 -1
    outer loop
      vertex -1.93253 1.58598 3
      vertex -2.93744 2.41069 3
      vertex -2.68701 2.68701 3
    endloop
  endfacet
  facet normal -0 0 -1
    outer loop
      vertex -2.39235 -0.725711 3
      vertex -3.63637 -1.10308 3
      vertex -2.45196 -0.487725 3
    endloop
  endfacet
  facet normal 0 0 -1
    outer loop
      vertex -2.07867 1.38893 3
      vertex -3.15958 2.11117 3
      vertex -2.93744 2.41069 3
    endloop
  endfacet
  facet normal 0 0 -1
    outer loop
      vertex -3.72698 -0.741343 3
      vertex -2.45196 -0.487725 3
      vertex -3.63637 -1.10308 3
    endloop
  endfacet
  facet normal 0 0 -1
    outer loop
      vertex -2.2048 1.17849 3
      vertex -3.3513 1.79131 3
      vertex -3.15958 2.11117 3
    endloop
  endfacet
  facet normal -0 0 -1
    outer loop
      vertex -2.45196 -0.487725 3
      vertex -3.72698 -0.741343 3
      vertex -2.48796 -0.245043 3
    endloop
  endfacet
  facet normal 0 0 -1
    outer loop
      vertex -2.3097 0.956708 3
      vertex -3.51074 1.4542 3
      vertex -3.3513 1.79131 3
    endloop
  endfacet
  facet normal 0 0 -1
    outer loop
      vertex -3.7817 -0.372464 3
      vertex -2.48796 -0.245043 3
      vertex -3.72698 -0.741343 3
    endloop
  endfacet
  facet normal 0 0 -1
    outer loop
      vertex -2.39235 0.725711 3
      vertex -3.63637 1.10308 3
      vertex -3.51074 1.4542 3
    endloop
  endfacet
  facet normal -0 0 -1
    outer loop
      vertex -2.48796 -0.245043 3
      vertex -3.7817 -0.372464 3
      vertex -2.5 0 3
    endloop
  endfacet
  facet normal 0 0 -1
    outer loop
      vertex -2.45196 0.487725 3
      vertex -3.72698 0.741343 3
      vertex -3.63637 1.10308 3
    endloop
  endfacet
  facet normal 0 0 -1
    outer loop
      vertex -3.8 0 3
      vertex -2.5 0 3
      vertex -3.7817 -0.372464 3
    endloop
  endfacet
  facet normal 0 0 -1
    outer loop
      vertex -2.48796 0.245043 3
      vertex -3.7817 0.372464 3
      vertex -3.72698 0.741343 3
    endloop
  endfacet
  facet normal 0 0 -1
    outer loop
      vertex -2.5 0 3
      vertex -3.8 0 3
      vertex -3.7817 0.372464 3
    endloop
  endfacet
  facet normal -0.671542 -0.740967 0
    outer loop
      vertex -2.68701 -2.68701 3
      vertex -2.41069 -2.93744 5
      vertex -2.68701 -2.68701 5
    endloop
  endfacet
  facet normal -0.671542 -0.740967 -0
    outer loop
      vertex -2.41069 -2.93744 5
      vertex -2.68701 -2.68701 3
      vertex -2.41069 -2.93744 3
    endloop
  endfacet
  facet normal -0.242979 -0.970032 0
    outer loop
      vertex -1.10308 -3.63637 3
      vertex -0.741343 -3.72698 5
      vertex -1.10308 -3.63637 5
    endloop
  endfacet
  facet normal -0.242979 -0.970032 -0
    outer loop
      vertex -0.741343 -3.72698 5
      vertex -1.10308 -3.63637 3
      vertex -0.741343 -3.72698 3
    endloop
  endfacet
  facet normal 0.740967 0.671542 0
    outer loop
      vertex 2.93744 2.41069 5
      vertex 2.68701 2.68701 3
      vertex 2.68701 2.68701 5
    endloop
  endfacet
  facet normal 0.740967 0.671542 0
    outer loop
      vertex 2.68701 2.68701 3
      vertex 2.93744 2.41069 5
      vertex 2.93744 2.41069 3
    endloop
  endfacet
  facet normal -0.803206 0.595701 0
    outer loop
      vertex -3.15958 2.11117 3
      vertex -2.93744 2.41069 5
      vertex -2.93744 2.41069 3
    endloop
  endfacet
  facet normal -0.803206 0.595701 0
    outer loop
      vertex -2.93744 2.41069 5
      vertex -3.15958 2.11117 3
      vertex -3.15958 2.11117 5
    endloop
  endfacet
  facet normal -0.857725 0.514109 0
    outer loop
      vertex -3.3513 1.79131 3
      vertex -3.15958 2.11117 5
      vertex -3.15958 2.11117 3
    endloop
  endfacet
  facet normal -0.857725 0.514109 0
    outer loop
      vertex -3.15958 2.11117 5
      vertex -3.3513 1.79131 3
      vertex -3.3513 1.79131 5
    endloop
  endfacet
  facet normal -0.0490731 -0.998795 0
    outer loop
      vertex -0.372464 -3.7817 3
      vertex 0 -3.8 5
      vertex -0.372464 -3.7817 5
    endloop
  endfacet
  facet normal -0.0490731 -0.998795 -0
    outer loop
      vertex 0 -3.8 5
      vertex -0.372464 -3.7817 3
      vertex 0 -3.8 3
    endloop
  endfacet
  facet normal -0.998795 0.0490731 0
    outer loop
      vertex -3.8 0 3
      vertex -3.7817 0.372464 5
      vertex -3.7817 0.372464 3
    endloop
  endfacet
  facet normal -0.998795 0.0490731 0
    outer loop
      vertex -3.7817 0.372464 5
      vertex -3.8 0 3
      vertex -3.8 0 5
    endloop
  endfacet
  facet normal -0.336883 -0.941546 0
    outer loop
      vertex -1.4542 -3.51074 3
      vertex -1.10308 -3.63637 5
      vertex -1.4542 -3.51074 5
    endloop
  endfacet
  facet normal -0.336883 -0.941546 -0
    outer loop
      vertex -1.10308 -3.63637 5
      vertex -1.4542 -3.51074 3
      vertex -1.10308 -3.63637 3
    endloop
  endfacet
  facet normal 0.336883 0.941546 -0
    outer loop
      vertex 1.4542 3.51074 3
      vertex 1.10308 3.63637 5
      vertex 1.4542 3.51074 5
    endloop
  endfacet
  facet normal 0.336883 0.941546 0
    outer loop
      vertex 1.10308 3.63637 5
      vertex 1.4542 3.51074 3
      vertex 1.10308 3.63637 3
    endloop
  endfacet
  facet normal 0.740967 -0.671542 0
    outer loop
      vertex 2.68701 -2.68701 5
      vertex 2.93744 -2.41069 3
      vertex 2.93744 -2.41069 5
    endloop
  endfacet
  facet normal 0.740967 -0.671542 0
    outer loop
      vertex 2.93744 -2.41069 3
      vertex 2.68701 -2.68701 5
      vertex 2.68701 -2.68701 3
    endloop
  endfacet
  facet normal 0.671542 -0.740967 0
    outer loop
      vertex 2.41069 -2.93744 3
      vertex 2.68701 -2.68701 5
      vertex 2.41069 -2.93744 5
    endloop
  endfacet
  facet normal 0.671542 -0.740967 0
    outer loop
      vertex 2.68701 -2.68701 5
      vertex 2.41069 -2.93744 3
      vertex 2.68701 -2.68701 3
    endloop
  endfacet
  facet normal 0.857734 -0.514094 0
    outer loop
      vertex 2.07867 -1.38893 3
      vertex 2.2048 -1.17849 0
      vertex 2.2048 -1.17849 3
    endloop
  endfacet
  facet normal 0.857734 -0.514094 0
    outer loop
      vertex 2.2048 -1.17849 0
      vertex 2.07867 -1.38893 3
      vertex 2.07867 -1.38893 0
    endloop
  endfacet
  facet normal 0.989176 0.146737 0
    outer loop
      vertex 2.48796 0.245043 3
      vertex 2.45196 0.487725 0
      vertex 2.45196 0.487725 3
    endloop
  endfacet
  facet normal 0.989176 0.146737 0
    outer loop
      vertex 2.45196 0.487725 0
      vertex 2.48796 0.245043 3
      vertex 2.48796 0.245043 0
    endloop
  endfacet
  facet normal 0.998795 0.049075 0
    outer loop
      vertex 2.5 0 3
      vertex 2.48796 0.245043 0
      vertex 2.48796 0.245043 3
    endloop
  endfacet
  facet normal 0.998795 0.049075 0
    outer loop
      vertex 2.48796 0.245043 0
      vertex 2.5 0 3
      vertex 2.5 0 0
    endloop
  endfacet
  facet normal 0.970034 0.242971 0
    outer loop
      vertex 2.45196 0.487725 3
      vertex 2.39235 0.725711 0
      vertex 2.39235 0.725711 3
    endloop
  endfacet
  facet normal 0.970034 0.242971 0
    outer loop
      vertex 2.39235 0.725711 0
      vertex 2.45196 0.487725 3
      vertex 2.45196 0.487725 0
    endloop
  endfacet
  facet normal 0.857734 0.514094 0
    outer loop
      vertex 2.2048 1.17849 3
      vertex 2.07867 1.38893 0
      vertex 2.07867 1.38893 3
    endloop
  endfacet
  facet normal 0.857734 0.514094 0
    outer loop
      vertex 2.07867 1.38893 0
      vertex 2.2048 1.17849 3
      vertex 2.2048 1.17849 0
    endloop
  endfacet
  facet normal -0.970034 -0.242971 0
    outer loop
      vertex -2.39235 -0.725711 0
      vertex -2.45196 -0.487725 3
      vertex -2.45196 -0.487725 0
    endloop
  endfacet
  facet normal -0.970034 -0.242971 0
    outer loop
      vertex -2.45196 -0.487725 3
      vertex -2.39235 -0.725711 0
      vertex -2.39235 -0.725711 3
    endloop
  endfacet
  facet normal 0.941547 -0.336882 0
    outer loop
      vertex 2.3097 -0.956708 3
      vertex 2.39235 -0.725711 0
      vertex 2.39235 -0.725711 3
    endloop
  endfacet
  facet normal 0.941547 -0.336882 0
    outer loop
      vertex 2.39235 -0.725711 0
      vertex 2.3097 -0.956708 3
      vertex 2.3097 -0.956708 0
    endloop
  endfacet
  facet normal 0.803212 -0.595693 0
    outer loop
      vertex 1.93253 -1.58598 3
      vertex 2.07867 -1.38893 0
      vertex 2.07867 -1.38893 3
    endloop
  endfacet
  facet normal 0.803212 -0.595693 0
    outer loop
      vertex 2.07867 -1.38893 0
      vertex 1.93253 -1.58598 3
      vertex 1.93253 -1.58598 0
    endloop
  endfacet
  facet normal -0.941547 0.336882 0
    outer loop
      vertex -2.39235 0.725711 0
      vertex -2.3097 0.956708 3
      vertex -2.3097 0.956708 0
    endloop
  endfacet
  facet normal -0.941547 0.336882 0
    outer loop
      vertex -2.3097 0.956708 3
      vertex -2.39235 0.725711 0
      vertex -2.39235 0.725711 3
    endloop
  endfacet
  facet normal 0.671548 0.740961 -0
    outer loop
      vertex 1.76777 1.76777 0
      vertex 1.58598 1.93253 3
      vertex 1.76777 1.76777 3
    endloop
  endfacet
  facet normal 0.671548 0.740961 0
    outer loop
      vertex 1.58598 1.93253 3
      vertex 1.76777 1.76777 0
      vertex 1.58598 1.93253 0
    endloop
  endfacet
  facet normal 0.740961 0.671548 0
    outer loop
      vertex 1.93253 1.58598 3
      vertex 1.76777 1.76777 0
      vertex 1.76777 1.76777 3
    endloop
  endfacet
  facet normal 0.740961 0.671548 0
    outer loop
      vertex 1.76777 1.76777 0
      vertex 1.93253 1.58598 3
      vertex 1.93253 1.58598 0
    endloop
  endfacet
  facet normal -0.903982 0.427572 0
    outer loop
      vertex -2.3097 0.956708 0
      vertex -2.2048 1.17849 3
      vertex -2.2048 1.17849 0
    endloop
  endfacet
  facet normal -0.903982 0.427572 0
    outer loop
      vertex -2.2048 1.17849 3
      vertex -2.3097 0.956708 0
      vertex -2.3097 0.956708 3
    endloop
  endfacet
  facet normal -0.671548 0.740961 0
    outer loop
      vertex -1.58598 1.93253 0
      vertex -1.76777 1.76777 3
      vertex -1.58598 1.93253 3
    endloop
  endfacet
  facet normal -0.671548 0.740961 0
    outer loop
      vertex -1.76777 1.76777 3
      vertex -1.58598 1.93253 0
      vertex -1.76777 1.76777 0
    endloop
  endfacet
  facet normal 0.514094 0.857734 -0
    outer loop
      vertex 1.38893 2.07867 0
      vertex 1.17849 2.2048 3
      vertex 1.38893 2.07867 3
    endloop
  endfacet
  facet normal 0.514094 0.857734 0
    outer loop
      vertex 1.17849 2.2048 3
      vertex 1.38893 2.07867 0
      vertex 1.17849 2.2048 0
    endloop
  endfacet
  facet normal 0.595693 0.803212 -0
    outer loop
      vertex 1.58598 1.93253 0
      vertex 1.38893 2.07867 3
      vertex 1.58598 1.93253 3
    endloop
  endfacet
  facet normal 0.595693 0.803212 0
    outer loop
      vertex 1.38893 2.07867 3
      vertex 1.58598 1.93253 0
      vertex 1.38893 2.07867 0
    endloop
  endfacet
  facet normal 0.336882 -0.941547 0
    outer loop
      vertex 0.725711 -2.39235 0
      vertex 0.956708 -2.3097 3
      vertex 0.725711 -2.39235 3
    endloop
  endfacet
  facet normal 0.336882 -0.941547 0
    outer loop
      vertex 0.956708 -2.3097 3
      vertex 0.725711 -2.39235 0
      vertex 0.956708 -2.3097 0
    endloop
  endfacet
  facet normal -0.146737 -0.989176 0
    outer loop
      vertex -0.487725 -2.45196 0
      vertex -0.245043 -2.48796 3
      vertex -0.487725 -2.45196 3
    endloop
  endfacet
  facet normal -0.146737 -0.989176 -0
    outer loop
      vertex -0.245043 -2.48796 3
      vertex -0.487725 -2.45196 0
      vertex -0.245043 -2.48796 0
    endloop
  endfacet
  facet normal 0.049075 0.998795 -0
    outer loop
      vertex 0.245043 2.48796 0
      vertex 0 2.5 3
      vertex 0.245043 2.48796 3
    endloop
  endfacet
  facet normal 0.049075 0.998795 0
    outer loop
      vertex 0 2.5 3
      vertex 0.245043 2.48796 0
      vertex 0 2.5 0
    endloop
  endfacet
  facet normal -0.857734 0.514094 0
    outer loop
      vertex -2.2048 1.17849 0
      vertex -2.07867 1.38893 3
      vertex -2.07867 1.38893 0
    endloop
  endfacet
  facet normal -0.857734 0.514094 0
    outer loop
      vertex -2.07867 1.38893 3
      vertex -2.2048 1.17849 0
      vertex -2.2048 1.17849 3
    endloop
  endfacet
  facet normal -0.049075 -0.998795 0
    outer loop
      vertex -0.245043 -2.48796 0
      vertex 0 -2.5 3
      vertex -0.245043 -2.48796 3
    endloop
  endfacet
  facet normal -0.049075 -0.998795 -0
    outer loop
      vertex 0 -2.5 3
      vertex -0.245043 -2.48796 0
      vertex 0 -2.5 0
    endloop
  endfacet
  facet normal -0.989176 0.146737 0
    outer loop
      vertex -2.48796 0.245043 0
      vertex -2.45196 0.487725 3
      vertex -2.45196 0.487725 0
    endloop
  endfacet
  facet normal -0.989176 0.146737 0
    outer loop
      vertex -2.45196 0.487725 3
      vertex -2.48796 0.245043 0
      vertex -2.48796 0.245043 3
    endloop
  endfacet
  facet normal 0.998795 -0.049075 0
    outer loop
      vertex 2.48796 -0.245043 3
      vertex 2.5 0 0
      vertex 2.5 0 3
    endloop
  endfacet
  facet normal 0.998795 -0.049075 0
    outer loop
      vertex 2.5 0 0
      vertex 2.48796 -0.245043 3
      vertex 2.48796 -0.245043 0
    endloop
  endfacet
  facet normal -0.903982 -0.427572 0
    outer loop
      vertex -2.2048 -1.17849 0
      vertex -2.3097 -0.956708 3
      vertex -2.3097 -0.956708 0
    endloop
  endfacet
  facet normal -0.903982 -0.427572 0
    outer loop
      vertex -2.3097 -0.956708 3
      vertex -2.2048 -1.17849 0
      vertex -2.2048 -1.17849 3
    endloop
  endfacet
  facet normal -0.998795 -0.049075 0
    outer loop
      vertex -2.48796 -0.245043 0
      vertex -2.5 0 3
      vertex -2.5 0 0
    endloop
  endfacet
  facet normal -0.998795 -0.049075 0
    outer loop
      vertex -2.5 0 3
      vertex -2.48796 -0.245043 0
      vertex -2.48796 -0.245043 3
    endloop
  endfacet
  facet normal 0.514094 -0.857734 0
    outer loop
      vertex 1.17849 -2.2048 0
      vertex 1.38893 -2.07867 3
      vertex 1.17849 -2.2048 3
    endloop
  endfacet
  facet normal 0.514094 -0.857734 0
    outer loop
      vertex 1.38893 -2.07867 3
      vertex 1.17849 -2.2048 0
      vertex 1.38893 -2.07867 0
    endloop
  endfacet
  facet normal -0.427572 -0.903982 0
    outer loop
      vertex -1.17849 -2.2048 0
      vertex -0.956708 -2.3097 3
      vertex -1.17849 -2.2048 3
    endloop
  endfacet
  facet normal -0.427572 -0.903982 -0
    outer loop
      vertex -0.956708 -2.3097 3
      vertex -1.17849 -2.2048 0
      vertex -0.956708 -2.3097 0
    endloop
  endfacet
  facet normal 0.903982 0.427572 0
    outer loop
      vertex 2.3097 0.956708 3
      vertex 2.2048 1.17849 0
      vertex 2.2048 1.17849 3
    endloop
  endfacet
  facet normal 0.903982 0.427572 0
    outer loop
      vertex 2.2048 1.17849 0
      vertex 2.3097 0.956708 3
      vertex 2.3097 0.956708 0
    endloop
  endfacet
  facet normal -0.427572 0.903982 0
    outer loop
      vertex -0.956708 2.3097 0
      vertex -1.17849 2.2048 3
      vertex -0.956708 2.3097 3
    endloop
  endfacet
  facet normal -0.427572 0.903982 0
    outer loop
      vertex -1.17849 2.2048 3
      vertex -0.956708 2.3097 0
      vertex -1.17849 2.2048 0
    endloop
  endfacet
  facet normal -0.242971 0.970034 0
    outer loop
      vertex -0.487725 2.45196 0
      vertex -0.725711 2.39235 3
      vertex -0.487725 2.45196 3
    endloop
  endfacet
  facet normal -0.242971 0.970034 0
    outer loop
      vertex -0.725711 2.39235 3
      vertex -0.487725 2.45196 0
      vertex -0.725711 2.39235 0
    endloop
  endfacet
  facet normal -0.595693 0.803212 0
    outer loop
      vertex -1.38893 2.07867 0
      vertex -1.58598 1.93253 3
      vertex -1.38893 2.07867 3
    endloop
  endfacet
  facet normal -0.595693 0.803212 0
    outer loop
      vertex -1.58598 1.93253 3
      vertex -1.38893 2.07867 0
      vertex -1.58598 1.93253 0
    endloop
  endfacet
  facet normal 0.146737 -0.989176 0
    outer loop
      vertex 0.245043 -2.48796 0
      vertex 0.487725 -2.45196 3
      vertex 0.245043 -2.48796 3
    endloop
  endfacet
  facet normal 0.146737 -0.989176 0
    outer loop
      vertex 0.487725 -2.45196 3
      vertex 0.245043 -2.48796 0
      vertex 0.487725 -2.45196 0
    endloop
  endfacet
  facet normal -0.941547 -0.336882 0
    outer loop
      vertex -2.3097 -0.956708 0
      vertex -2.39235 -0.725711 3
      vertex -2.39235 -0.725711 0
    endloop
  endfacet
  facet normal -0.941547 -0.336882 0
    outer loop
      vertex -2.39235 -0.725711 3
      vertex -2.3097 -0.956708 0
      vertex -2.3097 -0.956708 3
    endloop
  endfacet
  facet normal 0.740961 -0.671548 0
    outer loop
      vertex 1.76777 -1.76777 3
      vertex 1.93253 -1.58598 0
      vertex 1.93253 -1.58598 3
    endloop
  endfacet
  facet normal 0.740961 -0.671548 0
    outer loop
      vertex 1.93253 -1.58598 0
      vertex 1.76777 -1.76777 3
      vertex 1.76777 -1.76777 0
    endloop
  endfacet
  facet normal 0.989176 -0.146737 0
    outer loop
      vertex 2.45196 -0.487725 3
      vertex 2.48796 -0.245043 0
      vertex 2.48796 -0.245043 3
    endloop
  endfacet
  facet normal 0.989176 -0.146737 0
    outer loop
      vertex 2.48796 -0.245043 0
      vertex 2.45196 -0.487725 3
      vertex 2.45196 -0.487725 0
    endloop
  endfacet
  facet normal 0.427572 -0.903982 0
    outer loop
      vertex 0.956708 -2.3097 0
      vertex 1.17849 -2.2048 3
      vertex 0.956708 -2.3097 3
    endloop
  endfacet
  facet normal 0.427572 -0.903982 0
    outer loop
      vertex 1.17849 -2.2048 3
      vertex 0.956708 -2.3097 0
      vertex 1.17849 -2.2048 0
    endloop
  endfacet
  facet normal -0.336882 -0.941547 0
    outer loop
      vertex -0.956708 -2.3097 0
      vertex -0.725711 -2.39235 3
      vertex -0.956708 -2.3097 3
    endloop
  endfacet
  facet normal -0.336882 -0.941547 -0
    outer loop
      vertex -0.725711 -2.39235 3
      vertex -0.956708 -2.3097 0
      vertex -0.725711 -2.39235 0
    endloop
  endfacet
  facet normal -0.336882 0.941547 0
    outer loop
      vertex -0.725711 2.39235 0
      vertex -0.956708 2.3097 3
      vertex -0.725711 2.39235 3
    endloop
  endfacet
  facet normal -0.336882 0.941547 0
    outer loop
      vertex -0.956708 2.3097 3
      vertex -0.725711 2.39235 0
      vertex -0.956708 2.3097 0
    endloop
  endfacet
  facet normal 0.803212 0.595693 0
    outer loop
      vertex 2.07867 1.38893 3
      vertex 1.93253 1.58598 0
      vertex 1.93253 1.58598 3
    endloop
  endfacet
  facet normal 0.803212 0.595693 0
    outer loop
      vertex 1.93253 1.58598 0
      vertex 2.07867 1.38893 3
      vertex 2.07867 1.38893 0
    endloop
  endfacet
  facet normal -0.970034 0.242971 0
    outer loop
      vertex -2.45196 0.487725 0
      vertex -2.39235 0.725711 3
      vertex -2.39235 0.725711 0
    endloop
  endfacet
  facet normal -0.970034 0.242971 0
    outer loop
      vertex -2.39235 0.725711 3
      vertex -2.45196 0.487725 0
      vertex -2.45196 0.487725 3
    endloop
  endfacet
  facet normal 0.049075 -0.998795 0
    outer loop
      vertex 0 -2.5 0
      vertex 0.245043 -2.48796 3
      vertex 0 -2.5 3
    endloop
  endfacet
  facet normal 0.049075 -0.998795 0
    outer loop
      vertex 0.245043 -2.48796 3
      vertex 0 -2.5 0
      vertex 0.245043 -2.48796 0
    endloop
  endfacet
  facet normal 0.242971 0.970034 -0
    outer loop
      vertex 0.725711 2.39235 0
      vertex 0.487725 2.45196 3
      vertex 0.725711 2.39235 3
    endloop
  endfacet
  facet normal 0.242971 0.970034 0
    outer loop
      vertex 0.487725 2.45196 3
      vertex 0.725711 2.39235 0
      vertex 0.487725 2.45196 0
    endloop
  endfacet
  facet normal -0.595693 -0.803212 0
    outer loop
      vertex -1.58598 -1.93253 0
      vertex -1.38893 -2.07867 3
      vertex -1.58598 -1.93253 3
    endloop
  endfacet
  facet normal -0.595693 -0.803212 -0
    outer loop
      vertex -1.38893 -2.07867 3
      vertex -1.58598 -1.93253 0
      vertex -1.38893 -2.07867 0
    endloop
  endfacet
  facet normal 0.146737 0.989176 -0
    outer loop
      vertex 0.487725 2.45196 0
      vertex 0.245043 2.48796 3
      vertex 0.487725 2.45196 3
    endloop
  endfacet
  facet normal 0.146737 0.989176 0
    outer loop
      vertex 0.245043 2.48796 3
      vertex 0.487725 2.45196 0
      vertex 0.245043 2.48796 0
    endloop
  endfacet
  facet normal 0.427572 0.903982 -0
    outer loop
      vertex 1.17849 2.2048 0
      vertex 0.956708 2.3097 3
      vertex 1.17849 2.2048 3
    endloop
  endfacet
  facet normal 0.427572 0.903982 0
    outer loop
      vertex 0.956708 2.3097 3
      vertex 1.17849 2.2048 0
      vertex 0.956708 2.3097 0
    endloop
  endfacet
  facet normal -0.803212 0.595693 0
    outer loop
      vertex -2.07867 1.38893 0
      vertex -1.93253 1.58598 3
      vertex -1.93253 1.58598 0
    endloop
  endfacet
  facet normal -0.803212 0.595693 0
    outer loop
      vertex -1.93253 1.58598 3
      vertex -2.07867 1.38893 0
      vertex -2.07867 1.38893 3
    endloop
  endfacet
  facet normal 0.903982 -0.427572 0
    outer loop
      vertex 2.2048 -1.17849 3
      vertex 2.3097 -0.956708 0
      vertex 2.3097 -0.956708 3
    endloop
  endfacet
  facet normal 0.903982 -0.427572 0
    outer loop
      vertex 2.3097 -0.956708 0
      vertex 2.2048 -1.17849 3
      vertex 2.2048 -1.17849 0
    endloop
  endfacet
  facet normal 0.941547 0.336882 0
    outer loop
      vertex 2.39235 0.725711 3
      vertex 2.3097 0.956708 0
      vertex 2.3097 0.956708 3
    endloop
  endfacet
  facet normal 0.941547 0.336882 0
    outer loop
      vertex 2.3097 0.956708 0
      vertex 2.39235 0.725711 3
      vertex 2.39235 0.725711 0
    endloop
  endfacet
  facet normal -0.803212 -0.595693 0
    outer loop
      vertex -1.93253 -1.58598 0
      vertex -2.07867 -1.38893 3
      vertex -2.07867 -1.38893 0
    endloop
  endfacet
  facet normal -0.803212 -0.595693 0
    outer loop
      vertex -2.07867 -1.38893 3
      vertex -1.93253 -1.58598 0
      vertex -1.93253 -1.58598 3
    endloop
  endfacet
  facet normal -0.514094 0.857734 0
    outer loop
      vertex -1.17849 2.2048 0
      vertex -1.38893 2.07867 3
      vertex -1.17849 2.2048 3
    endloop
  endfacet
  facet normal -0.514094 0.857734 0
    outer loop
      vertex -1.38893 2.07867 3
      vertex -1.17849 2.2048 0
      vertex -1.38893 2.07867 0
    endloop
  endfacet
  facet normal 0.595693 -0.803212 0
    outer loop
      vertex 1.38893 -2.07867 0
      vertex 1.58598 -1.93253 3
      vertex 1.38893 -2.07867 3
    endloop
  endfacet
  facet normal 0.595693 -0.803212 0
    outer loop
      vertex 1.58598 -1.93253 3
      vertex 1.38893 -2.07867 0
      vertex 1.58598 -1.93253 0
    endloop
  endfacet
  facet normal -0.049075 0.998795 0
    outer loop
      vertex 0 2.5 0
      vertex -0.245043 2.48796 3
      vertex 0 2.5 3
    endloop
  endfacet
  facet normal -0.049075 0.998795 0
    outer loop
      vertex -0.245043 2.48796 3
      vertex 0 2.5 0
      vertex -0.245043 2.48796 0
    endloop
  endfacet
  facet normal 0.336882 0.941547 -0
    outer loop
      vertex 0.956708 2.3097 0
      vertex 0.725711 2.39235 3
      vertex 0.956708 2.3097 3
    endloop
  endfacet
  facet normal 0.336882 0.941547 0
    outer loop
      vertex 0.725711 2.39235 3
      vertex 0.956708 2.3097 0
      vertex 0.725711 2.39235 0
    endloop
  endfacet
  facet normal -0.998795 0.049075 0
    outer loop
      vertex -2.5 0 0
      vertex -2.48796 0.245043 3
      vertex -2.48796 0.245043 0
    endloop
  endfacet
  facet normal -0.998795 0.049075 0
    outer loop
      vertex -2.48796 0.245043 3
      vertex -2.5 0 0
      vertex -2.5 0 3
    endloop
  endfacet
  facet normal -0.146737 0.989176 0
    outer loop
      vertex -0.245043 2.48796 0
      vertex -0.487725 2.45196 3
      vertex -0.245043 2.48796 3
    endloop
  endfacet
  facet normal -0.146737 0.989176 0
    outer loop
      vertex -0.487725 2.45196 3
      vertex -0.245043 2.48796 0
      vertex -0.487725 2.45196 0
    endloop
  endfacet
  facet normal 0 0 -1
    outer loop
      vertex 2.48796 -0.245043 0
      vertex 2.48796 0.245043 0
      vertex 2.5 0 0
    endloop
  endfacet
  facet normal 0 0 -1
    outer loop
      vertex 2.45196 -0.487725 0
      vertex 2.48796 0.245043 0
      vertex 2.48796 -0.245043 0
    endloop
  endfacet
  facet normal 0 0 -1
    outer loop
      vertex 2.45196 -0.487725 0
      vertex 2.45196 0.487725 0
      vertex 2.48796 0.245043 0
    endloop
  endfacet
  facet normal 0 0 -1
    outer loop
      vertex 2.39235 -0.725711 0
      vertex 2.45196 0.487725 0
      vertex 2.45196 -0.487725 0
    endloop
  endfacet
  facet normal 0 0 -1
    outer loop
      vertex 2.39235 -0.725711 0
      vertex 2.39235 0.725711 0
      vertex 2.45196 0.487725 0
    endloop
  endfacet
  facet normal 0 0 -1
    outer loop
      vertex 2.3097 -0.956708 0
      vertex 2.39235 0.725711 0
      vertex 2.39235 -0.725711 0
    endloop
  endfacet
  facet normal 0 0 -1
    outer loop
      vertex 2.3097 -0.956708 0
      vertex 2.3097 0.956708 0
      vertex 2.39235 0.725711 0
    endloop
  endfacet
  facet normal 0 0 -1
    outer loop
      vertex 2.2048 -1.17849 0
      vertex 2.3097 0.956708 0
      vertex 2.3097 -0.956708 0
    endloop
  endfacet
  facet normal 0 0 -1
    outer loop
      vertex 2.2048 -1.17849 0
      vertex 2.2048 1.17849 0
      vertex 2.3097 0.956708 0
    endloop
  endfacet
  facet normal 0 0 -1
    outer loop
      vertex 2.07867 -1.38893 0
      vertex 2.2048 1.17849 0
      vertex 2.2048 -1.17849 0
    endloop
  endfacet
  facet normal 0 0 -1
    outer loop
      vertex 2.07867 -1.38893 0
      vertex 2.07867 1.38893 0
      vertex 2.2048 1.17849 0
    endloop
  endfacet
  facet normal 0 0 -1
    outer loop
      vertex 1.93253 -1.58598 0
      vertex 2.07867 1.38893 0
      vertex 2.07867 -1.38893 0
    endloop
  endfacet
  facet normal 0 0 -1
    outer loop
      vertex 1.93253 -1.58598 0
      vertex 1.93253 1.58598 0
      vertex 2.07867 1.38893 0
    endloop
  endfacet
  facet normal 0 0 -1
    outer loop
      vertex 1.76777 -1.76777 0
      vertex 1.93253 1.58598 0
      vertex 1.93253 -1.58598 0
    endloop
  endfacet
  facet normal 0 0 -1
    outer loop
      vertex 1.76777 -1.76777 0
      vertex 1.76777 1.76777 0
      vertex 1.93253 1.58598 0
    endloop
  endfacet
  facet normal 0 0 -1
    outer loop
      vertex 1.58598 -1.93253 0
      vertex 1.76777 1.76777 0
      vertex 1.76777 -1.76777 0
    endloop
  endfacet
  facet normal 0 0 -1
    outer loop
      vertex 1.58598 -1.93253 0
      vertex 1.58598 1.93253 0
      vertex 1.76777 1.76777 0
    endloop
  endfacet
  facet normal 0 0 -1
    outer loop
      vertex 1.38893 -2.07867 0
      vertex 1.58598 1.93253 0
      vertex 1.58598 -1.93253 0
    endloop
  endfacet
  facet normal 0 0 -1
    outer loop
      vertex 1.38893 -2.07867 0
      vertex 1.38893 2.07867 0
      vertex 1.58598 1.93253 0
    endloop
  endfacet
  facet normal 0 0 -1
    outer loop
      vertex 1.17849 -2.2048 0
      vertex 1.38893 2.07867 0
      vertex 1.38893 -2.07867 0
    endloop
  endfacet
  facet normal 0 0 -1
    outer loop
      vertex 1.17849 -2.2048 0
      vertex 1.17849 2.2048 0
      vertex 1.38893 2.07867 0
    endloop
  endfacet
  facet normal 0 0 -1
    outer loop
      vertex 0.956708 -2.3097 0
      vertex 1.17849 2.2048 0
      vertex 1.17849 -2.2048 0
    endloop
  endfacet
  facet normal 0 0 -1
    outer loop
      vertex 0.956708 -2.3097 0
      vertex 0.956708 2.3097 0
      vertex 1.17849 2.2048 0
    endloop
  endfacet
  facet normal 0 0 -1
    outer loop
      vertex 0.725711 -2.39235 0
      vertex 0.956708 2.3097 0
      vertex 0.956708 -2.3097 0
    endloop
  endfacet
  facet normal 0 0 -1
    outer loop
      vertex 0.725711 -2.39235 0
      vertex 0.725711 2.39235 0
      vertex 0.956708 2.3097 0
    endloop
  endfacet
  facet normal 0 0 -1
    outer loop
      vertex 0.487725 -2.45196 0
      vertex 0.725711 2.39235 0
      vertex 0.725711 -2.39235 0
    endloop
  endfacet
  facet normal 0 0 -1
    outer loop
      vertex 0.487725 -2.45196 0
      vertex 0.487725 2.45196 0
      vertex 0.725711 2.39235 0
    endloop
  endfacet
  facet normal 0 0 -1
    outer loop
      vertex 0.245043 -2.48796 0
      vertex 0.487725 2.45196 0
      vertex 0.487725 -2.45196 0
    endloop
  endfacet
  facet normal 0 0 -1
    outer loop
      vertex 0.245043 -2.48796 0
      vertex 0.245043 2.48796 0
      vertex 0.487725 2.45196 0
    endloop
  endfacet
  facet normal 0 0 -1
    outer loop
      vertex 0 -2.5 0
      vertex 0.245043 2.48796 0
      vertex 0.245043 -2.48796 0
    endloop
  endfacet
  facet normal 0 0 -1
    outer loop
      vertex 0 -2.5 0
      vertex 0 2.5 0
      vertex 0.245043 2.48796 0
    endloop
  endfacet
  facet normal 0 0 -1
    outer loop
      vertex -0.245043 -2.48796 0
      vertex 0 2.5 0
      vertex 0 -2.5 0
    endloop
  endfacet
  facet normal 0 0 -1
    outer loop
      vertex -0.245043 -2.48796 0
      vertex -0.245043 2.48796 0
      vertex 0 2.5 0
    endloop
  endfacet
  facet normal 0 0 -1
    outer loop
      vertex -0.487725 -2.45196 0
      vertex -0.245043 2.48796 0
      vertex -0.245043 -2.48796 0
    endloop
  endfacet
  facet normal 0 0 -1
    outer loop
      vertex -0.487725 -2.45196 0
      vertex -0.487725 2.45196 0
      vertex -0.245043 2.48796 0
    endloop
  endfacet
  facet normal 0 0 -1
    outer loop
      vertex -0.725711 -2.39235 0
      vertex -0.487725 2.45196 0
      vertex -0.487725 -2.45196 0
    endloop
  endfacet
  facet normal 0 0 -1
    outer loop
      vertex -0.725711 -2.39235 0
      vertex -0.725711 2.39235 0
      vertex -0.487725 2.45196 0
    endloop
  endfacet
  facet normal 0 0 -1
    outer loop
      vertex -0.956708 -2.3097 0
      vertex -0.725711 2.39235 0
      vertex -0.725711 -2.39235 0
    endloop
  endfacet
  facet normal 0 0 -1
    outer loop
      vertex -0.956708 -2.3097 0
      vertex -0.956708 2.3097 0
      vertex -0.725711 2.39235 0
    endloop
  endfacet
  facet normal 0 0 -1
    outer loop
      vertex -1.17849 -2.2048 0
      vertex -0.956708 2.3097 0
      vertex -0.956708 -2.3097 0
    endloop
  endfacet
  facet normal 0 0 -1
    outer loop
      vertex -1.17849 -2.2048 0
      vertex -1.17849 2.2048 0
      vertex -0.956708 2.3097 0
    endloop
  endfacet
  facet normal 0 0 -1
    outer loop
      vertex -1.38893 -2.07867 0
      vertex -1.17849 2.2048 0
      vertex -1.17849 -2.2048 0
    endloop
  endfacet
  facet normal 0 0 -1
    outer loop
      vertex -1.38893 -2.07867 0
      vertex -1.38893 2.07867 0
      vertex -1.17849 2.2048 0
    endloop
  endfacet
  facet normal 0 0 -1
    outer loop
      vertex -1.58598 -1.93253 0
      vertex -1.38893 2.07867 0
      vertex -1.38893 -2.07867 0
    endloop
  endfacet
  facet normal 0 0 -1
    outer loop
      vertex -1.58598 -1.93253 0
      vertex -1.58598 1.93253 0
      vertex -1.38893 2.07867 0
    endloop
  endfacet
  facet normal 0 0 -1
    outer loop
      vertex -1.76777 -1.76777 0
      vertex -1.58598 1.93253 0
      vertex -1.58598 -1.93253 0
    endloop
  endfacet
  facet normal 0 0 -1
    outer loop
      vertex -1.76777 -1.76777 0
      vertex -1.76777 1.76777 0
      vertex -1.58598 1.93253 0
    endloop
  endfacet
  facet normal 0 0 -1
    outer loop
      vertex -1.93253 -1.58598 0
      vertex -1.76777 1.76777 0
      vertex -1.76777 -1.76777 0
    endloop
  endfacet
  facet normal 0 0 -1
    outer loop
      vertex -1.93253 -1.58598 0
      vertex -1.93253 1.58598 0
      vertex -1.76777 1.76777 0
    endloop
  endfacet
  facet normal 0 0 -1
    outer loop
      vertex -2.07867 -1.38893 0
      vertex -1.93253 1.58598 0
      vertex -1.93253 -1.58598 0
    endloop
  endfacet
  facet normal 0 0 -1
    outer loop
      vertex -2.07867 -1.38893 0
      vertex -2.07867 1.38893 0
      vertex -1.93253 1.58598 0
    endloop
  endfacet
  facet normal 0 0 -1
    outer loop
      vertex -2.2048 -1.17849 0
      vertex -2.07867 1.38893 0
      vertex -2.07867 -1.38893 0
    endloop
  endfacet
  facet normal 0 0 -1
    outer loop
      vertex -2.2048 -1.17849 0
      vertex -2.2048 1.17849 0
      vertex -2.07867 1.38893 0
    endloop
  endfacet
  facet normal 0 0 -1
    outer loop
      vertex -2.3097 -0.956708 0
      vertex -2.2048 1.17849 0
      vertex -2.2048 -1.17849 0
    endloop
  endfacet
  facet normal 0 0 -1
    outer loop
      vertex -2.3097 -0.956708 0
      vertex -2.3097 0.956708 0
      vertex -2.2048 1.17849 0
    endloop
  endfacet
  facet normal 0 0 -1
    outer loop
      vertex -2.39235 -0.725711 0
      vertex -2.3097 0.956708 0
      vertex -2.3097 -0.956708 0
    endloop
  endfacet
  facet normal 0 0 -1
    outer loop
      vertex -2.39235 -0.725711 0
      vertex -2.39235 0.725711 0
      vertex -2.3097 0.956708 0
    endloop
  endfacet
  facet normal 0 0 -1
    outer loop
      vertex -2.45196 -0.487725 0
      vertex -2.39235 0.725711 0
      vertex -2.39235 -0.725711 0
    endloop
  endfacet
  facet normal 0 0 -1
    outer loop
      vertex -2.45196 -0.487725 0
      vertex -2.45196 0.487725 0
      vertex -2.39235 0.725711 0
    endloop
  endfacet
  facet normal 0 0 -1
    outer loop
      vertex -2.48796 -0.245043 0
      vertex -2.45196 0.487725 0
      vertex -2.45196 -0.487725 0
    endloop
  endfacet
  facet normal 0 0 -1
    outer loop
      vertex -2.48796 -0.245043 0
      vertex -2.48796 0.245043 0
      vertex -2.45196 0.487725 0
    endloop
  endfacet
  facet normal 0 -0 -1
    outer loop
      vertex -2.48796 0.245043 0
      vertex -2.48796 -0.245043 0
      vertex -2.5 0 0
    endloop
  endfacet
  facet normal -0.989176 -0.146737 0
    outer loop
      vertex -2.45196 -0.487725 0
      vertex -2.48796 -0.245043 3
      vertex -2.48796 -0.245043 0
    endloop
  endfacet
  facet normal -0.989176 -0.146737 0
    outer loop
      vertex -2.48796 -0.245043 3
      vertex -2.45196 -0.487725 0
      vertex -2.45196 -0.487725 3
    endloop
  endfacet
  facet normal 0.242971 -0.970034 0
    outer loop
      vertex 0.487725 -2.45196 0
      vertex 0.725711 -2.39235 3
      vertex 0.487725 -2.45196 3
    endloop
  endfacet
  facet normal 0.242971 -0.970034 0
    outer loop
      vertex 0.725711 -2.39235 3
      vertex 0.487725 -2.45196 0
      vertex 0.725711 -2.39235 0
    endloop
  endfacet
  facet normal -0.740961 -0.671548 0
    outer loop
      vertex -1.76777 -1.76777 0
      vertex -1.93253 -1.58598 3
      vertex -1.93253 -1.58598 0
    endloop
  endfacet
  facet normal -0.740961 -0.671548 0
    outer loop
      vertex -1.93253 -1.58598 3
      vertex -1.76777 -1.76777 0
      vertex -1.76777 -1.76777 3
    endloop
  endfacet
  facet normal 0.970034 -0.242971 0
    outer loop
      vertex 2.39235 -0.725711 3
      vertex 2.45196 -0.487725 0
      vertex 2.45196 -0.487725 3
    endloop
  endfacet
  facet normal 0.970034 -0.242971 0
    outer loop
      vertex 2.45196 -0.487725 0
      vertex 2.39235 -0.725711 3
      vertex 2.39235 -0.725711 0
    endloop
  endfacet
  facet normal -0.671548 -0.740961 0
    outer loop
      vertex -1.76777 -1.76777 0
      vertex -1.58598 -1.93253 3
      vertex -1.76777 -1.76777 3
    endloop
  endfacet
  facet normal -0.671548 -0.740961 -0
    outer loop
      vertex -1.58598 -1.93253 3
      vertex -1.76777 -1.76777 0
      vertex -1.58598 -1.93253 0
    endloop
  endfacet
  facet normal -0.740961 0.671548 0
    outer loop
      vertex -1.93253 1.58598 0
      vertex -1.76777 1.76777 3
      vertex -1.76777 1.76777 0
    endloop
  endfacet
  facet normal -0.740961 0.671548 0
    outer loop
      vertex -1.76777 1.76777 3
      vertex -1.93253 1.58598 0
      vertex -1.93253 1.58598 3
    endloop
  endfacet
  facet normal -0.514094 -0.857734 0
    outer loop
      vertex -1.38893 -2.07867 0
      vertex -1.17849 -2.2048 3
      vertex -1.38893 -2.07867 3
    endloop
  endfacet
  facet normal -0.514094 -0.857734 -0
    outer loop
      vertex -1.17849 -2.2048 3
      vertex -1.38893 -2.07867 0
      vertex -1.17849 -2.2048 0
    endloop
  endfacet
  facet normal -0.242971 -0.970034 0
    outer loop
      vertex -0.725711 -2.39235 0
      vertex -0.487725 -2.45196 3
      vertex -0.725711 -2.39235 3
    endloop
  endfacet
  facet normal -0.242971 -0.970034 -0
    outer loop
      vertex -0.487725 -2.45196 3
      vertex -0.725711 -2.39235 0
      vertex -0.487725 -2.45196 0
    endloop
  endfacet
  facet normal -0.857734 -0.514094 0
    outer loop
      vertex -2.07867 -1.38893 0
      vertex -2.2048 -1.17849 3
      vertex -2.2048 -1.17849 0
    endloop
  endfacet
  facet normal -0.857734 -0.514094 0
    outer loop
      vertex -2.2048 -1.17849 3
      vertex -2.07867 -1.38893 0
      vertex -2.07867 -1.38893 3
    endloop
  endfacet
  facet normal 0.671548 -0.740961 0
    outer loop
      vertex 1.58598 -1.93253 0
      vertex 1.76777 -1.76777 3
      vertex 1.58598 -1.93253 3
    endloop
  endfacet
  facet normal 0.671548 -0.740961 0
    outer loop
      vertex 1.76777 -1.76777 3
      vertex 1.58598 -1.93253 0
      vertex 1.76777 -1.76777 0
    endloop
  endfacet
endsolid OpenSCAD_Model
